prioridad,tipo,columna,presentacion_key,valor,motivo,filas,en_alcance,ejemplo_producto,sugerencia_unidad,sugerencia_contenido
1,presentacion,presentacion,CAJA,Caja,sin_cantidad,141491,True,Tinte para el Cabello,,
2,presentacion,presentacion,PAQUETE 10 CAJAS. 50 PIEZAS C/U,Paquete 10 Cajas. 50 Piezas C/U,conteo_por_unidad_de_empaque,38141,True,Cerillos,pieza,50.0
3,presentacion,presentacion,BOTE 305 GR./400 ML. BASE DE AGUA,Bote 305 Gr./400 Ml. Base de Agua,cantidades_alternativas,30522,True,Insecticida Aerosol,l,0.305
4,presentacion,presentacion,BOTE 338 GR./400 ML,Bote 338 Gr./400 Ml.,cantidades_alternativas,29448,True,Insecticida Aerosol,l,0.338
5,presentacion,presentacion,BOTE 309 GR. (SIN PROMOCION) O BOTE 372 GR. (CON PROMOCION),Bote 309 Gr. (Sin Promoción) o Bote 372 Gr. (con Promoción),multiples_cantidades,25267,True,Insecticida Aerosol,kg,0.309
6,presentacion,presentacion,BOTE 351 GR./460 ML. O 305 GR./400 ML. BASE AGUA,Bote 351 Gr./460 Ml. o 305 Gr./400 Ml. Base Agua,cantidades_alternativas,24803,True,Insecticida Aerosol,l,0.351
7,presentacion,presentacion,BOTE 400 ML./475 GR. ANTIBACTERIAL,Bote 400 Ml./475 Gr. Antibacterial,cantidades_alternativas,24460,True,Spray Desinfectante,kg,0.4
8,presentacion,presentacion,PAQUETE 40 O 44 PIEZAS. GRANDE,Paquete 40 o 44 Piezas. Grande,cantidades_alternativas,24235,True,Pañales Desechables,pieza,40.0
9,presentacion,presentacion,CAJA 84 GR. (50 GR CARAMELO). CON CARAMELO. SABOR VAINILLA,Caja 84 Gr. (50 Gr Caramelo). con Caramelo. Sabor Vainilla,multiples_cantidades,24169,True,Flan,kg,0.084
10,presentacion,presentacion,BOTE 338 GR./400 ML. CUCARACHAS Y ESCOPRIONES,Bote 338 Gr./400 Ml. Cucarachas y Escopriones,cantidades_alternativas,23165,True,Insecticida Aerosol,l,0.338
11,presentacion,presentacion,BOTE 285 GR. (SIN PROMOCION) O BOTE 342 GR. (CON PROMOCION),Bote 285 Gr. (Sin Promoción) o Bote 342 Gr. (con Promoción),multiples_cantidades,21621,True,Insecticida Aerosol,kg,0.285
12,presentacion,presentacion,PAQUETE 60 O 66 PIEZAS. GRANDE,Paquete 60 o 66 Piezas. Grande,cantidades_alternativas,18750,True,Pañales Desechables,pieza,60.0
13,presentacion,presentacion,BOTE 302 GR./460 ML. (CON PROMOCION) O BOTE 305 GR./400 ML,Bote 302 Gr./460 Ml. (con Promoci?n) o Bote 305 Gr./400 Ml.,cantidades_alternativas,18649,True,Insecticida Aerosol,l,0.302
14,presentacion,presentacion,BOLSA. CAMBRAY,Bolsa. Cambray,sin_cantidad,17053,True,Rábano,,
15,presentacion,presentacion,BOTE 175GR./179 ML. SENSITIVE,Bote 175gr./179 Ml. Sensitive,cantidades_alternativas,14175,True,Espuma de Afeitar,l,0.175
16,presentacion,presentacion,ESTUCHE CON 2. MACH 3. SENSITIVE,Estuche con 2. Mach 3. Sensitive,sin_cantidad,11013,True,Repuestos de Navajas,,
17,presentacion,presentacion,PAQUETE CON 4. COMFORT 3. ADVANCE,Paquete con 4. Comfort 3. Advance,sin_cantidad,10742,True,Rastrillos Desechables,,
18,presentacion,presentacion,BOTE 517 GR. (1 LT.) SABOR NAPOLITANO,Bote 517 Gr. (1 Lt.) Sabor Napolitano,dimensiones_mixtas,10682,True,Helado,kg,0.517
19,presentacion,presentacion,PAQUETE 800 O 880 GR,Paquete 800 ? 880 Gr.,cantidades_alternativas,9433,True,Harina de Trigo,kg,0.8
20,presentacion,presentacion,PAQUETE 1 KG. O 1.1 KG,Paquete 1 Kg. ? 1.1 Kg.,cantidades_alternativas,9419,True,Harina de Trigo,kg,1.0
21,presentacion,presentacion,BOTE 480 GR. (900 ML.) SABOR NAPOLITANO,Bote 480 Gr. (900 Ml.) Sabor Napolitano,dimensiones_mixtas,8977,True,Helado,kg,0.48
22,presentacion,presentacion,ESTUCHE CON 2. MACH 3,Estuche con 2. Mach 3,sin_cantidad,6284,True,Repuestos de Navajas,,
23,correccion_texto,presentacion,,Botella 750 Ml. Especialidades. Reparación (néctar de Miel?),sin_candidato_unico,3146,True,Shampoo,,
24,presentacion,presentacion,BOTELLA 3.785 LT. ENTERA,Botella 3.785 Lt. Entera,separador_ambiguo,1448,True,Leche Pasteurizada,l,3.785
25,correccion_texto,marca,,Mazat?n,sin_candidato_unico,1395,True,At?n,,
26,presentacion,presentacion,BOTE 624 GR. (1.17 LT.) SABOR NAPOLITANO,Bote 624 Gr. (1.17 Lt.) Sabor Napolitano,dimensiones_mixtas,1243,True,Helado,kg,0.624
27,presentacion,presentacion,BOTE 693 GR. (1.3 LT.) SABOR NAPOLITANO,Bote 693 Gr. (1.3 Lt.) Sabor Napolitano,dimensiones_mixtas,1002,True,Helado,kg,0.693
28,presentacion,presentacion,BOTE 672 GR. (1.3 LT.) SABOR NAPOLITANO,Bote 672 Gr. (1.3 Lt.) Sabor Napolitano,dimensiones_mixtas,412,True,Helado,kg,0.672
29,presentacion,presentacion,PAQUETE 1 KG. A 1.1 KG,Paquete 1 Kg. a 1.1 Kg.,multiples_cantidades,278,True,Harina de Trigo,kg,1.0
30,presentacion,presentacion,BOTE 673 GR. (1.3 LT.) SABOR NAPOLITANO,Bote 673 Gr. (1.3 Lt.) Sabor Napolitano,dimensiones_mixtas,87,True,Helado,kg,0.673
31,correccion_texto,marca,,El Duende Frijol?n,sin_candidato_unico,40,True,Frijol,,
32,correccion_texto,nombre_comercial,,Tortiller?a D?tais,sin_candidato_unico,4,True,Tortilla de Ma?z,,
33,presentacion,presentacion,BOTELLA 1.892 LT. ENTERA,Botella 1.892 Lt. Entera,separador_ambiguo,1,True,Leche Pasteurizada,l,1.892
34,presentacion,presentacion,"FRASCO GOTERO 24 ML. 1.000 G., SOLUCION GOTAS","Frasco Gotero 24 Ml. 1.000 G., Soluci?n Gotas",dimensiones_mixtas,22506,False,A.s.cor,l,0.024
35,presentacion,presentacion,CAJA CON TUBO CON 20 GR. 1 GR./100 GR,Caja con Tubo con 20 Gr. 1 Gr./100 Gr.,cantidades_alternativas,22497,False,Unesia,kg,0.001
36,presentacion,presentacion,CAJA CON UNA AMPOLLETA NO. 1 Y UNA AMPOLLETA NO. 2,Caja con Una Ampolleta No. 1 y Una Ampolleta No. 2,sin_cantidad,22138,False,Neuralin,,
37,presentacion,presentacion,CAJA CON FRASCO 120 DISPAROS. SUSPENSION 27.5 ΜG./50 ΜL,Caja con Frasco 120 Disparos. Suspensi?n 27.5 Μg./50 Μl.,sin_cantidad,21524,False,Avamys 2a,,
38,presentacion,presentacion,CAJA CON FRASCO AMPULA DE 10 ML. Y CINCO JERINGAS DE 3 ML. ESTERILIZADAS DESECHABLES. 50 000,Caja con Frasco ?mpula de 10 Ml. y Cinco Jeringas de 3 Ml. Esterilizadas Desechables. 50 000,multiples_cantidades,20534,False,Tiaminal B12,l,0.01
39,presentacion,presentacion,2 CAJAS CON 14 CAPSULAS DE 20 MG. C/U,2 Cajas con 14 C?psulas de 20 Mg. C/u,conteo_por_unidad_de_empaque,20107,False,Ulsen,pieza,14.0
40,presentacion,presentacion,CAJA CON 1 FRASCO AMPULA CON 1 GR. DE POLVO Y AMPOLLETA CON 3.5 ML. DE DILUYENTE,Caja con 1 Frasco ?mpula con 1 Gr. de Polvo y Ampolleta con 3.5 Ml. de Diluyente,dimensiones_mixtas,19505,False,Cefaxona I.m.,kg,0.001
41,presentacion,presentacion,EMH 7602 JBS0B O JBS0A O JBS0C. 30 PLGS. 6 QUEMADORES. ENCENDIDO ELECTRONICO. COLOR NEGRO,Emh 7602 Jbs0b o Jbs0a o Jbs0c. 30 Plgs. 6 Quemadores. Encendido Electr?nico. Color Negro,sin_cantidad,19105,False,Estufas,,
42,presentacion,presentacion,"CAJA CON 1 FRASCO AMPULA CON 1 GR. DE POLVO, 1 AMPOLLETA CON 3.5 ML. DE DISOLVENTE","Caja con 1 Frasco ?mpula con 1 Gr. de Polvo, 1 Ampolleta con 3.5 Ml. de Disolvente",dimensiones_mixtas,18570,False,Ceftrex Im,kg,0.001
43,presentacion,presentacion,CAJA CON FRASCO AMPULA CON POLVO Y AMPOLLETA CON 3.5 ML. DE DILUYENTE. SOLUCION 1.0 GR,Caja con Frasco ?mpula con Polvo y Ampolleta con 3.5 Ml. de Diluyente. Soluci?n 1.0 Gr.,dimensiones_mixtas,17166,False,Ceftriaxona,l,0.0035
44,presentacion,presentacion,BVSTDC05 O BVSTDC05-013. CAPACIDAD 5 TAZAS,Bvstdc05 o Bvstdc05-013. Capacidad 5 Tazas,sin_cantidad,16864,False,Cafeteras,,
45,presentacion,presentacion,2 CAJAS CON 30 TABLETAS DE 10 MG. C/U,2 Cajas con 30 Tabletas de 10 Mg. C/U,conteo_por_unidad_de_empaque,16672,False,Lipitor,pieza,30.0
46,presentacion,presentacion,BLSTPEG-RPB O BLSTPEG-RPB-013. VELOCIDADES 6 + 1. BASE PLASTICO. VASO VIDRIO. COLOR ROJA,Blstpeg-rpb o Blstpeg-rpb-013. Velocidades 6 + 1. Base Pl?stico. Vaso Vidrio. Color Roja,sin_cantidad,16660,False,Licuadoras,,
47,presentacion,presentacion,"LT 57 BPSX (PLATA). 572 DM3. 2 PUERTAS, HORIZONTAL Y VERTICAL. DESHIELO AUTOMATICO AJUSTABLE","Lt 57 Bpsx (Plata). 572 Dm3. 2 Puertas, Horizontal y Vertical. Deshielo Automático Ajustable",sin_cantidad,16186,False,Refrigeradores,,
48,presentacion,presentacion,2 CAJAS CON 30 TABLETAS DE 20 MG. C/U,2 Cajas con 30 Tabletas de 20 Mg. C/U,conteo_por_unidad_de_empaque,15929,False,Lipitor,pieza,30.0
49,presentacion,presentacion,MS3032JAS. 1.05 PIES CUBICOS. COLOR NEGRO/ESPEJO,Ms3032jas. 1.05 Pies C?bicos. Color Negro/espejo,sin_cantidad,14727,False,Horno de Microondas,,
50,presentacion,presentacion,X BOX. SERIE S. POWER YOUR DREAMS. 512 GB SSD. SIN JUEGO INCLUIDO,X Box. Serie S. Power Your Dreams. 512 Gb Ssd. Sin Juego Incluido,sin_cantidad,14487,False,Electrónicos de Video,,
51,presentacion,presentacion,STREAMING STICK 4K O 3820MX,Streaming Stick 4k o 3820mx,sin_cantidad,14140,False,Reproductores Streaming,,
52,presentacion,presentacion,SM1000W,Sm1000w,sin_cantidad,13785,False,Sandwicheras,,
53,presentacion,presentacion,TSSTTR500 O TSSTTR500-013,Tssttr500 o Tssttr500-013,sin_cantidad,13514,False,Tostadores de Pan,,
54,presentacion,presentacion,FPSTHM3532 O FPSTHM3532-013. MANUAL. 6 VELOCIDADES. SIN TAZON,Fpsthm3532 o Fpsthm3532-013. Manual. 6 Velocidades. Sin Taz?n,sin_cantidad,13104,False,Batidoras,,
55,presentacion,presentacion,CM1408MX. CAPACIDAD 12 TAZAS,Cm1408mx. Capacidad 12 Tazas,sin_cantidad,13044,False,Cafeteras,,
56,presentacion,presentacion,"WFR 3400 D00. 30 PLGS. 6 QUEMADORES, ENCENDIDO ELECTRONICO. COLOR ACERO","Wfr 3400 D00. 30 Plgs. 6 Quemadores, Encendido Electr?nico. Color Acero",sin_cantidad,12863,False,Estufas,,
57,presentacion,presentacion,EXPRESS 4K O ROK3940MX,Express 4k o Rok3940mx,sin_cantidad,12834,False,Reproductores Streaming,,
58,presentacion,presentacion,FPSTJU407B O FPSTJU407B-013. EXPRIMIDOR,Fpstju407b o Fpstju407b-013. Exprimidor,sin_cantidad,11928,False,Extractores de Jugos y Exprimidores,,
59,presentacion,presentacion,TSSTTV7030-1MX,Tssttv7030-1mx,sin_cantidad,11443,False,Horno Eléctrico,,
60,presentacion,presentacion,BLSTBPST O BLSTBPST-013. VELOCIDADES 1. BASE METAL. VASO VIDRIO. COLOR NEGRA,Blstbpst o Blstbpst-013. Velocidades 1. Base Metal. Vaso Vidrio. Color Negra,sin_cantidad,11382,False,Licuadoras,,
61,presentacion,presentacion,BLSTKAP-RPB O BLSTKAP-RPB-013. VELOCIDADES 2. BASE PLASTICO. VASO PLASTICO. COLOR ROJA,Blstkap-rpb o Blstkap-rpb-013. Velocidades 2. Base Pl?stico. Vaso Pl?stico. Color Roja,sin_cantidad,11321,False,Licuadoras,,
62,presentacion,presentacion,IR1920. VAPOR. SUELA CERAMIC GLIDE,Ir1920. Vapor. Suela Ceramic Glide,sin_cantidad,11142,False,Planchas,,
63,presentacion,presentacion,BLSTBESTE O BLSTBESTE-013. VELOCIDADES 1 + 1 PULSO. BASE METAL. VASO VIDRIO. COLOR METAL,Blstbeste o Blstbeste-013. Velocidades 1 + 1 Pulso. Base Metal. Vaso Vidrio. Color Metal,sin_cantidad,10816,False,Licuadoras,,
64,presentacion,presentacion,CAJA CON 2 CARTERAS. 4 TABLETAS C/U,Caja con 2 Carteras. 4 Tabletas C/u,conteo_por_unidad_de_empaque,10816,False,Xl-3,pieza,4.0
65,presentacion,presentacion,EMH 7602 JS0A. JS0B. JS0C. 30 PLGS. 6 QUEMADORES. ENCENCIDO ELECTRONICO. COLOR GRIS/ACERO,Emh 7602 Js0a. Js0b. Js0c. 30 Plgs. 6 Quemadores. Encencido Electrónico. Color Gris/acero,sin_cantidad,10760,False,Estufas,,
66,presentacion,presentacion,64650. PEDESTAL Y MANUAL. 6 VELOCIDADES. TAZON ACERO INOXIDABLE,64650. Pedestal y Manual. 6 Velocidades. Taz?n Acero Inoxidable,sin_cantidad,10680,False,Batidoras,,
67,presentacion,presentacion,RNC7. USB Y BLUETOOTH. POTENCIA 1000 W (PMPO),Rnc7. USB y Bluetooth. Potencia 1000 W (pmpo),sin_cantidad,10677,False,Bocinas Portátiles,,
68,presentacion,presentacion,BLSTPEG-CPB O BLSTPEG-CPB-013. VELOCIDAD 6 + 1. BASE PLASTICO. VASO VIDRIO. COLOR ROJA,Blstpeg-cpb o Blstpeg-cpb-013. Velocidad 6 + 1. Base Pl?stico. Vaso Vidrio. Color Roja,sin_cantidad,10564,False,Licuadoras,,
69,presentacion,presentacion,CAJA CON TUBO CON 25 GR. 0.05 GR./1.00 GR./0.10 GR,Caja con Tubo con 25 Gr. 0.05 Gr./1.00 Gr./0.10 Gr.,cantidades_alternativas,10533,False,Betametasona/ Clotrimazol/ Gentamicina,kg,5e-05
70,presentacion,presentacion,BVSTDC12 O BVSTDC12-013. CAPACIDAD 12 TAZAS,Bvstdc12 o Bvstdc12-013. Capacidad 12 Tazas,sin_cantidad,10482,False,Cafeteras,,
71,presentacion,presentacion,ZE3708MX. EXTRACTOR,Ze3708mx. Extractor,sin_cantidad,10478,False,Extractores de Jugos y Exprimidores,,
72,presentacion,presentacion,CAJA CON FRASCO AMPULA CON POLVO Y AMPOLLETA CON DILUYENTE DE 4 ML. SOLUCION INYECTABLE 1 G. I.M,Caja con Frasco ?mpula con Polvo y Ampolleta con Diluyente de 4 Ml. Soluci?n Inyectable 1 G. I.m,dimensiones_mixtas,10456,False,Cefotaxima,l,0.004
73,presentacion,presentacion,43 UR 7800 PSB. 43 PLGS. LED. PUERTO USB. SMART TV,43 Ur 7800 Psb. 43 Plgs. LED. Puerto USB. Smart TV.,sin_cantidad,10353,False,Pantallas,,
74,presentacion,presentacion,POLVO CON 400 GR. DE 49.70 G. SABOR NATURAL,Polvo con 400 Gr. de 49.70 G. Sabor Natural,multiples_cantidades,10190,False,Plantago Psyllium,kg,0.4
75,presentacion,presentacion,RNC9. USB Y BLUETOOTH. POTENCIA 1800 W (PMPO),Rnc9. USB y Bluetooth. Potencia 1800 W (pmpo),sin_cantidad,10181,False,Bocinas Portátiles,,
76,presentacion,presentacion,FV2833 O FV2833XO. VAPOR. SUELA CERILIUM,Fv2833 o Fv2833xo. Vapor. Suela Cerilium,sin_cantidad,10167,False,Planchas,,
77,presentacion,presentacion,"HT-S100F. BLUETOOTH, USB. POTENCIA 120 W. SONIDO 2.1","Ht-s100f. Bluetooth, USB. Potencia 120 W. Sonido 2.1",sin_cantidad,10080,False,Barra de Sonido,,
78,presentacion,presentacion,EM 7620 BAIS2A. 30 PLGS. 6 QUEMADORES. ENCENCIDO MANUAL. GRIS/ACERO,Em 7620 Bais2a. 30 Plgs. 6 Quemadores. Encencido Manual. Gris/acero,sin_cantidad,9979,False,Estufas,,
79,presentacion,presentacion,31193 O 31193 G,31193 o 31193 G,cantidades_alternativas,9895,False,Horno Eléctrico,kg,31.193
80,presentacion,presentacion,FRASCO CON 120 ML. Y VASO DOSIFICADOR DE 20 ML. SUSPENSION 2 G./100 ML,Frasco con 120 Ml. y Vaso Dosificador de 20 Ml. Suspensi?n 2 G./100 Ml.,cantidades_alternativas,9703,False,Ibuprofeno,l,0.002
81,presentacion,presentacion,GCSTBS5051 O GCSTBS5051-013. VAPOR . SUELA CERAMICA,Gcstbs5051 o Gcstbs5051-013. Vapor . Suela Cer?mica,sin_cantidad,9672,False,Planchas,,
82,presentacion,presentacion,ZP520DMX. EXPRIMIDOR,Zp520dmx. Exprimidor,sin_cantidad,9649,False,Extractores de Jugos y Exprimidores,,
83,presentacion,presentacion,CAJA 12 CERAS. JUMBO. C.B. 201423,Caja 12 Ceras. Jumbo. C.b. 201423,sin_cantidad,9634,False,Crayones,,
84,presentacion,presentacion,YCA-1300. POTENCIA 1300 WATTS,Yca-1300. Potencia 1300 Watts,sin_cantidad,9560,False,Aspiradoras,,
85,presentacion,presentacion,BLSTPEG-BPB O BLSTPEG-BPB-013. VELOCIDAD 6 + 1. BASE PLASTICO. VASO VIDRIO. COLOR NEGRA,Blstpeg-bpb o Blstpeg-bpb-013. Velocidad 6 + 1. Base Pl?stico. Vaso Vidrio. Color Negra,sin_cantidad,9539,False,Licuadoras,,
86,presentacion,presentacion,RR 63D6 WGX (SILVER). 173 DM3. 1 PUERTAVERTICAL. DESHIELO SEMIAUTOMATICO,Rr 63d6 Wgx (Silver). 173 Dm3. 1 Puertavertical. Deshielo Semiautomático,sin_cantidad,9370,False,Refrigeradores,,
87,presentacion,presentacion,GCSTCS-412 O GCSTCS-412-013. VAPOR. SUELA CERAMICA,Gcstcs-412 o Gcstcs-412-013. Vapor. Suela Cer?mica,sin_cantidad,9335,False,Planchas,,
88,presentacion,presentacion,CM1110B-LA. CAPACIDAD 12 TAZAS,Cm1110b-la. Capacidad 12 Tazas,sin_cantidad,9295,False,Cafeteras,,
89,presentacion,presentacion,PS5. RETURNAL-RATCHET & CLANK. CFI-2015. 1 TB. RETURNAL- RATCHET & CLANK. INCLUYE LECTOR DE DISCO,Ps5. Returnal-ratchet & Clank. Cfi-2015. 1 TB. Returnal- Ratchet & Clank. Incluye Lector de Disco,sin_cantidad,9282,False,Electrónicos de Video,,
90,presentacion,presentacion,SWITCH OLED. WHITE. MARIO KART 8. 64 GB. MARIO KART 8 (DESCARGA),Switch OLED. White. Mario Kart 8. 64 GB. Mario Kart 8 (descarga),sin_cantidad,9242,False,Electrónicos de Video,,
91,presentacion,presentacion,GALAXY TAB A9. SM-X110. 8.7 PLGS. MEMORIA INTERNA 64 GB. MEMORIA RAM 4 GB,Galaxy Tab A9. Sm-x110. 8.7 Plgs. Memoria Interna 64 GB. Memoria RAM 4 GB.,sin_cantidad,9202,False,Tablet,,
92,presentacion,presentacion,"VT 40 WP (SILVER). 395 DM3. 2 PUERTAS, HORIZONTAL Y VERTICAL. DESHIELO AUTOMATICO AJUSTABLE","Vt 40 Wp (Silver). 395 Dm3. 2 Puertas, Horizontal y Vertical. Deshielo Automático Ajustable",sin_cantidad,9165,False,Refrigeradores,,
93,presentacion,presentacion,CAJA CON 3 AMPOLLETAS NO. 1 DE 1 ML. Y 3 AMPOLLETAS NO. 2 DE 2 ML . SOLUCION INYECTABLE DE 75 MG./100 MG./1 MG,Caja con 3 Ampolletas No. 1 de 1 Ml. y 3 Ampolletas No. 2 de 2 Ml . Soluci?n Inyectable de 75 Mg./100 Mg./1 Mg.,multiples_cantidades,9151,False,"Diclofenaco. Vitaminas B1, B6 y B13",l,0.001
94,presentacion,presentacion,BLSTKAP-WPB O BLSTKAP-WPB-013. VELOCIDADES 2 + 1 PULSO. BASE PLASTICO. VASO VIDRIO. COLOR BLANCA,Blstkap-wpb o Blstkap-wpb-013. Velocidades 2 + 1 Pulso. Base Pl?stico. Vaso Vidrio. Color Blanca,sin_cantidad,9147,False,Licuadoras,,
95,presentacion,presentacion,CAJA 24 CERAS. ESTANDAR. C.B. 201058,Caja 24 Ceras. Est?ndar. C.b. 201058,sin_cantidad,9146,False,Crayones,,
96,presentacion,presentacion,CAJA CON TUBO CON 15 GR. 1% 1GR./10 MG,Caja con Tubo con 15 Gr. 1% 1gr./10 Mg.,multiples_cantidades,9057,False,Terbinafina,kg,0.015
97,presentacion,presentacion,CAJA 12 CERAS. ESTANDAR. C.B. 201034,Caja 12 Ceras. Est?ndar. C.b. 201034,sin_cantidad,9036,False,Crayones,,
98,presentacion,presentacion,BVSTDC4403 O BVSTDC4403-013. CAPACIDAD 12 TAZAS,Bvstdc4403 o Bvstdc4403-013. Capacidad 12 Tazas,sin_cantidad,8947,False,Cafeteras,,
99,presentacion,presentacion,SWITCH. LITE. 32 GB. SIN JUEGO INCLUIDO,Switch. Lite. 32 GB. Sin Juego Incluido,sin_cantidad,8940,False,Electrónicos de Video,,
100,presentacion,presentacion,LN328DMX. VELOCIDADES 8. BASE ACERO INOXIDABLE. VASO VIDRIO. COLOR ACERO INOXIDABLE,Ln328dmx. Velocidades 8. Base Acero Inoxidable. Vaso Vidrio. Color Acero Inoxidable,sin_cantidad,8894,False,Licuadoras,,
101,presentacion,presentacion,55 UR 7800 PSB. 55 PLGS. LED. PUERTO USB. SMART TV,55 Ur 7800 Psb. 55 Plgs. LED. Puerto USB. Smart TV.,sin_cantidad,8728,False,Pantallas,,
102,presentacion,presentacion,TT1A18MX,Tt1a18mx,sin_cantidad,8701,False,Tostadores de Pan,,
103,presentacion,presentacion,GCSTAC6901 O GCSTAC6901-013. VAPOR. SUELA AEROCERAMICA,Gcstac6901 o Gcstac6901-013. Vapor. Suela AeroCerámica,sin_cantidad,8681,False,Planchas,,
104,presentacion,presentacion,AW 5300 D01. 20 PLGS. 4 QUEMADORES. ENCENDIDO MANUAL. COLOR GRIS/ACERO,Aw 5300 D01. 20 Plgs. 4 Quemadores. Encendido Manual. Color Gris/acero,sin_cantidad,8658,False,Estufas,,
105,presentacion,presentacion,ECHO POP. COLOR BLANCA O NEGRA,Echo Pop. Color Blanca o Negra,sin_cantidad,8585,False,Asistentes de Voz,,
106,presentacion,presentacion,CAJA 12 CERAS. JUMBO. TRIANGULAR C.B. 243126,Caja 12 Ceras. Jumbo. Triangular C.b. 243126,sin_cantidad,8551,False,Crayones,,
107,presentacion,presentacion,CAJA CON TUBO CON 40 GR. 0.05 GR./1.00 GR./0.10 GR,Caja con Tubo con 40 Gr. 0.05 Gr./1.00 Gr./0.10 Gr.,cantidades_alternativas,8498,False,Betametasona/ Clotrimazol/ Gentamicina,kg,5e-05
108,presentacion,presentacion,FV6811 O FV6811XO. VAPOR. SUELA DURILIUM AIRGLIDE,Fv6811 o Fv6811xo. Vapor. Suela Durilium Airglide,sin_cantidad,8471,False,Planchas,,
109,presentacion,presentacion,50 UR 7800 PSB. 50 PLGS. LED. PUERTO USB. SMART TV,50 Ur 7800 Psb. 50 Plgs. LED. Puerto USB. Smart TV.,sin_cantidad,8398,False,Pantallas,,
110,presentacion,presentacion,STANDARD O ESTANDAR. EXTRACTOR,Standard o Est?ndar. Extractor,sin_cantidad,8387,False,Extractores de Jugos y Exprimidores,,
111,presentacion,presentacion,ZE420DMX. EXTRACTOR,Ze420dmx. Extractor,sin_cantidad,8382,False,Extractores de Jugos y Exprimidores,,
112,presentacion,presentacion,SWITCH. NEON. MARIO KART 8. 32 GB. MARIO KART 8 (DESCARGA),Switch. Neon. Mario Kart 8. 32 GB. Mario Kart 8 (descarga),sin_cantidad,8274,False,Electrónicos de Video,,
113,presentacion,presentacion,TT330DMX,Tt330dmx,sin_cantidad,8266,False,Tostadores de Pan,,
114,presentacion,presentacion,LN8248NX. VELOCIDADES 14. BASE PLASTICO. VASO VIDRIO. COLOR NEGRA,Ln8248nx. Velocidades 14. Base Pl?stico. Vaso Vidrio. Color Negra,sin_cantidad,8231,False,Licuadoras,,
115,presentacion,presentacion,CKSTSM2885 O CKSTSM2885-013,Ckstsm2885 o Ckstsm2885-013,sin_cantidad,8213,False,Sandwicheras,,
116,presentacion,presentacion,CAJA 24 CERAS. JUMBO. C.B.201430,Caja 24 Ceras. Jumbo. C.b.201430,sin_cantidad,8111,False,Crayones,,
117,presentacion,presentacion,CJ650 O CJ650W (BLANCO). EXPRIMIDOR,Cj650 o Cj650w (Blanco). Exprimidor,sin_cantidad,8081,False,Extractores de Jugos y Exprimidores,,
118,presentacion,presentacion,FV2860 O FV2860X0. VAPOR. SUELA CERILIUM,Fv2860 o Fv2860x0. Vapor. Suela Cerilium,sin_cantidad,8018,False,Planchas,,
119,presentacion,presentacion,BL1000BG. VELOCIDADES 10 + 1 PULSO. BASE PLASTICO. VASO VIDRIO. COLOR NEGRA,Bl1000bg. Velocidades 10 + 1 Pulso. Base Pl?stico. Vaso Vidrio. Color Negra,sin_cantidad,7962,False,Licuadoras,,
120,presentacion,presentacion,65 UR 7800 PSB. 65 PLGS. LED. PUERTO USB. SMART TV,65 Ur 7800 Psb. 65 Plgs. LED. Puerto USB. Smart TV.,sin_cantidad,7894,False,Pantallas,,
121,presentacion,presentacion,CM0915BK-LA. CAPACIDAD 12 TAZAS,Cm0915bk-la. Capacidad 12 Tazas,sin_cantidad,7889,False,Cafeteras,,
122,presentacion,presentacion,"GT 24 BS (SILVER). 2 PUERTAS, 1 VERTICAL Y 1 HORIZONTAL. DESHIELO AUTOMATICO AJUSTABLE","Gt 24 Bs (Silver). 2 Puertas, 1 Vertical y 1 Horizontal. Deshielo Automático Ajustable",sin_cantidad,7875,False,Refrigeradores,,
123,presentacion,presentacion,XL5S. USB Y BLUETOOTH. POTENCIA 200 W RMS,Xl5s. USB y Bluetooth. Potencia 200 W Rms,sin_cantidad,7813,False,Bocinas Portátiles,,
124,presentacion,presentacion,WM 1807 D. 0.7 PIES CUBICOS. COLOR GRIS,Wm 1807 D. 0.7 Pies C?bicos. Color Gris,sin_cantidad,7774,False,Horno de Microondas,,
125,presentacion,presentacion,MS2032GAS. 0.7 PIES CUBICOS. COLOR NEGRO,Ms2032gas. 0.7 Pies C?bicos. Color Negro,sin_cantidad,7753,False,Horno de Microondas,,
126,presentacion,presentacion,CAJA 12 CERAS. EXTRA JUMBO O EXTRA GRUESOS,Caja 12 Ceras. Extra Jumbo o Extra Gruesos,sin_cantidad,7715,False,Crayones,,
127,presentacion,presentacion,INSTAX MINI 12. LENTE ZOOM 60 MM (FIJO),Instax Mini 12. Lente Zoom 60 Mm (Fijo),sin_cantidad,7708,False,Cámaras Digitales,,
128,presentacion,presentacion,BVSTDC10SS O BVSTDC10SS-013. CAPACIDAD 8 TAZAS,Bvstdc10ss o Bvstdc10ss-013. Capacidad 8 Tazas,sin_cantidad,7618,False,Cafeteras,,
129,presentacion,presentacion,ECHO SHOW 5. COLOR BLANCA O NEGRA,Echo Show 5. Color Blanca o Negra,sin_cantidad,7613,False,Asistentes de Voz,,
130,presentacion,presentacion,FV2808X0. VAPOR. SUELA DURILIUM,Fv2808x0. Vapor. Suela Durilium,sin_cantidad,7565,False,Planchas,,
131,presentacion,presentacion,GCSTBS6051 O GCSTBS6051-013. VAPOR . SUELA CERAMICA,Gcstbs6051 o Gcstbs6051-013. Vapor . Suela Cer?mica,sin_cantidad,7505,False,Planchas,,
132,presentacion,presentacion,UN 50DU7000F. 50 PLGS. CRYSTAL. PUERTO USB. SMART TV,Un 50du7000f. 50 Plgs. Crystal. Puerto USB. Smart TV.,sin_cantidad,7444,False,Pantallas,,
133,presentacion,presentacion,FV6843 O FV6843X0. VAPOR. SUELA DURILIUM AIRGLIDE,Fv6843 o Fv6843x0. Vapor. Suela Durilium Airglide,sin_cantidad,7428,False,Planchas,,
134,presentacion,presentacion,USO RUDO. EXTRACTOR,Uso Rudo. Extractor,sin_cantidad,7413,False,Extractores de Jugos y Exprimidores,,
135,presentacion,presentacion,EXPRESS O 3930X,Express o 3930x,sin_cantidad,7308,False,Reproductores Streaming,,
136,presentacion,presentacion,BOTE PLASTICO 28 CERAS. JUMBO. C.B. 201539,Bote Pl?stico 28 Ceras. Jumbo. C.b. 201539,sin_cantidad,7227,False,Crayones,,
137,presentacion,presentacion,FPSTJU407W O FPSTJU407W-013. EXPRIMIDOR,Fpstju407w o Fpstju407w-013. Exprimidor,sin_cantidad,7217,False,Extractores de Jugos y Exprimidores,,
138,presentacion,presentacion,PS5. RETURNAL-RATCHET & CLANK. DIGITAL. CFI-2015. 1 TB. RETURNAL- RATCHET & CLANK (DESCARGA),Ps5. Returnal-ratchet & Clank. Digital. Cfi-2015. 1 TB. Returnal- Ratchet & Clank (descarga).,sin_cantidad,7202,False,Electrónicos de Video,,
139,presentacion,presentacion,FV2864 O FV2864X0. VAPOR . SUELA CERAMICA,Fv2864 o Fv2864x0. Vapor . Suela Cer?mica,sin_cantidad,7131,False,Planchas,,
140,presentacion,presentacion,"HT-S20R. BLUETOOTH, USB. POTENCIA 400 W. SONIDO 5.1","Ht-s20r. Bluetooth, USB. Potencia 400 W. Sonido 5.1",sin_cantidad,7108,False,Barra de Sonido,,
141,presentacion,presentacion,"RF 22 A4010 S9. 628 DM3. 3 PUERTAS, 2 VERTICALES Y 1 HORIZONTAL. DESHIELO AUTOMATICO DE DURACION LARGA","Rf 22 A4010 S9. 628 Dm3. 3 Puertas, 2 Verticales y 1 Horizontal. Deshielo Autom?tico de Duraci?n Larga",sin_cantidad,7104,False,Refrigeradores,,
142,presentacion,presentacion,FPSTHB2610W O FPSTHB2610W-013. DE INMERSION. 1 VELOCIDAD. SIN TAZON,Fpsthb2610w o Fpsthb2610w-013. de Inmersi?n. 1 Velocidad. Sin Taz?n,sin_cantidad,7097,False,Batidoras,,
143,presentacion,presentacion,WM 1811 D. 1.1 PIES CUBICOS. COLOR GRIS/ESPEJO,Wm 1811 D. 1.1 Pies C?bicos. Color Gris/espejo,sin_cantidad,7038,False,Horno de Microondas,,
144,presentacion,presentacion,70 UR 8750 PSA. 70 PLGS. LED. PUERTO USB. SMART TV,70 Ur 8750 Psa. 70 Plgs. LED. Puerto USB. Smart TV.,sin_cantidad,7004,False,Pantallas,,
145,presentacion,presentacion,FV6822 O FV 6822X0. VAPOR. SUELA DURILIUM AIRGLIDE,Fv6822 o Fv 6822x0. Vapor. Suela Durilium Airglide,sin_cantidad,6994,False,Planchas,,
146,presentacion,presentacion,GALAXY A 24. ANDROID 13/128 GB. CAMARA 5 MP + 5 MP + 2 MP/FRONTAL 13 MP. 6.5 PLGS. MICRO SD HASTA 1 TB,Galaxy a 24. Android 13/128 GB. Cámara 5 MP + 5 MP + 2 MP/frontal 13 MP. 6.5 Plgs. Micro Sd Hasta 1 TB,sin_cantidad,6979,False,Celulares,,
147,presentacion,presentacion,RM2. USB Y BLUETOOTH. POTENCIA 25 W RMS,Rm2. USB y Bluetooth. Potencia 25 W Rms,sin_cantidad,6936,False,Bocinas Portátiles,,
148,presentacion,presentacion,WFR 3200 D00. FRENTE 30 PLGS. 6 QUEMADORES. ENCENDIDO ELECTRONICO. COLOR ACERO,Wfr 3200 D00. Frente 30 Plgs. 6 Quemadores. Encendido Electr?nico. Color Acero,sin_cantidad,6908,False,Estufas,,
149,presentacion,presentacion,FRASCO CON 120 ML. SOLUCION 0.040 G./0.150 G./100 ML,Frasco con 120 Ml. Soluci?n 0.040 G./0.150 G./100 Ml.,cantidades_alternativas,6862,False,Ambroxol Salbutamol,kg,0.04
150,presentacion,presentacion,"CJ 45. CD S 1 (MP3, USB, BLUETOOTH). POTENCIA 8100 W (PMPO)","Cj 45. Cd?s 1 (mp3, Usb, Bluetooth). Potencia 8100 W (pmpo)",sin_cantidad,6835,False,Componentes de Audio,,
151,presentacion,presentacion,RNC5. USB Y BLUETOOTH. POTENCIA 500 W RMS,Rnc5. USB y Bluetooth. Potencia 500 W Rms,sin_cantidad,6814,False,Bocinas Portátiles,,
152,presentacion,presentacion,DT7111 O DT7111 X1,Dt7111 o Dt7111 X1,sin_cantidad,6743,False,Planchas de Vapor Vertical,,
153,presentacion,presentacion,60 UQ 8000PSB. 60 PLGS. LED. PUERTO USB. SMART TV,60 Uq 8000psb. 60 Plgs. LED. Puerto USB. Smart TV.,sin_cantidad,6720,False,Pantallas,,
154,presentacion,presentacion,"MHC-V73D. CD S 1. MP3, DVD, USB Y BLUETOOTH","Mhc-v73d. Cd?s 1. Mp3, Dvd, Usb y Bluetooth",sin_cantidad,6661,False,Bocinas Port?tiles,,
155,presentacion,presentacion,HMM111BS. 1.1 PIES CUBICOS. COLOR GRIS/ESPEJO,Hmm111bs. 1.1 Pies C?bicos. Color Gris/espejo,sin_cantidad,6569,False,Horno de Microondas,,
156,presentacion,presentacion,CM3218MX. CAPACIDAD 6 TAZAS,Cm3218mx. Capacidad 6 Tazas,sin_cantidad,6548,False,Cafeteras,,
157,presentacion,presentacion,FPSTHS3611 O FPSTHS3611-013. PEDESTAL. 6 VELOCIDADES. TAZON VIDRIO,Fpsths3611 o Fpsths3611-013. Pedestal. 6 Velocidades. Taz?n Vidrio,sin_cantidad,6506,False,Batidoras,,
158,presentacion,presentacion,BLST4125 O BLST4125-013. VELOCIDADES 1 + 1 PULSO. BASE METAL. VASO VIDRIO. COLOR GRIS,Blst4125 o Blst4125-013. Velocidades 1 + 1 Pulso. Base Metal. Vaso Vidrio. Color Gris,sin_cantidad,6422,False,Licuadoras,,
159,presentacion,presentacion,19803R. VAPOR. DURATHON ANTIADHERENTE,19803r. Vapor. Durathon Antiadherente,sin_cantidad,6410,False,Planchas,,
160,presentacion,presentacion,EM 5030 BAIS1A. 20 PLGS. 4 QUEMADORES. ENCENDIDO MANUAL. COLOR GRIS/ACERO,Em 5030 Bais1a. 20 Plgs. 4 Quemadores. Encendido Manual. Color Gris/acero,sin_cantidad,6389,False,Estufas,,
161,presentacion,presentacion,CAJA CON 12 TABLETAS. 6 SOBRES CON 2 TABLETAS C/U. THERAPILLS,Caja con 12 Tabletas. 6 Sobres con 2 Tabletas C/u. Therapills,conteo_por_unidad_de_empaque,6317,False,Theraflu,pieza,12.0
162,presentacion,presentacion,EKE-506. FRENTE 30 PLGS. 6 QUEMADORES. ENCENDIDO ELECTRONICO. COLOR ACERO,Eke-506. Frente 30 Plgs. 6 Quemadores. Encendido Electr?nico. Color Acero,sin_cantidad,6291,False,Estufas,,
163,presentacion,presentacion,TO3250XSB,To3250xsb,sin_cantidad,6253,False,Horno Eléctrico,,
164,presentacion,presentacion,"RME 360 FG (MRE0) (GRAFITO). 368.82 DM3. 2 PUERTAS, HORIZONTAL Y VERTICAL. DESHIELO AUTOMATICO AJUSTABLE","Rme 360 Fg (Mre0) (Grafito). 368.82 Dm3. 2 Puertas, Horizontal y Vertical. Deshielo Automático Ajustable",sin_cantidad,6238,False,Refrigeradores,,
165,presentacion,presentacion,2 CAJAS CON FRASCO CON 30 CAPSULAS C/U,2 Cajas con Frasco con 30 C?psulas C/u,conteo_por_unidad_de_empaque,6196,False,Biometrix,pieza,30.0
166,presentacion,presentacion,ZP200855/MCO. EXPRIMIDOR,Zp200855/mco. Exprimidor,sin_cantidad,6179,False,Extractores de Jugos y Exprimidores,,
167,presentacion,presentacion,"CK 43. CD S 1 (MP3, USB Y BLUETOOTH). POTENCIA 3300 W (PMPO)","Ck 43. Cd?s 1 (mp3, Usb y Bluetooth). Potencia 3300 W (pmpo)",sin_cantidad,6160,False,Componentes de Audio,,
168,presentacion,presentacion,GCSTBS3803 O GCSTBS3803-013. VAPOR. SUELA ANTIADHERENTE,Gcstbs3803 o Gcstbs3803-013. Vapor. Suela Antiadherente,sin_cantidad,6153,False,Planchas,,
169,presentacion,presentacion,EK-501 FNM. 30 PLGS. 6 QUEMADORES. ENCENDIDO ELECTRONICO. COLOR NEGRA,Ek-501 Fnm. 30 Plgs. 6 Quemadores. Encendido Electr?nico. Color Negra,sin_cantidad,6152,False,Estufas,,
170,presentacion,presentacion,TSSTVV7118 O TSSTVV7118-1MX,Tsstvv7118 o Tsstvv7118-1mx,sin_cantidad,6066,False,Horno Eléctrico,,
171,presentacion,presentacion,32 LR 650 BPSA. 32 PLGS. LED. PUERTO USB. SMART TV,32 Lr 650 Bpsa. 32 Plgs. LED. Puerto USB. Smart TV.,sin_cantidad,6057,False,Pantallas,,
172,presentacion,presentacion,MOTO E 13. ANDROID 13/MEMORIA INTERNA 64 GB. CAMARA 13 MP/FRONTAL 8 MP. 6.5 PLGS. MICRO SD HASTA 1 TB,Moto e 13. Android 13/memoria Interna 64 Gb. Cámara 13 Mp/frontal 8 Mp. 6.5 Plgs. Micro Sd Hasta 1 Tb,sin_cantidad,6043,False,Celulares,,
173,presentacion,presentacion,WM 1811 B. 1.1 PIES CUBICOS. COLOR NEGRO,Wm 1811 B. 1.1 Pies C?bicos. Color Negro,sin_cantidad,6027,False,Horno de Microondas,,
174,presentacion,presentacion,2 CAJAS CON 8 TABLETAS DE 20 MG. C/U,2 Cajas con 8 Tabletas de 20 Mg. C/U,conteo_por_unidad_de_empaque,6011,False,Cialis,pieza,8.0
175,presentacion,presentacion,PB2004G. VELOCIDADES 2+1 PULSO. BASE ACERO. VASO PLASTICO. COLOR PLATA,Pb2004g. Velocidades 2+1 Pulso. Base Acero. Vaso Pl?stico. Color Plata,sin_cantidad,5986,False,Licuadoras,,
176,presentacion,presentacion,WM 1211 D. 1.1 PIES CUBICOS. COLOR SILVER/ESPEJO,Wm 1211 D. 1.1 Pies C?bicos. Color Silver/espejo,sin_cantidad,5947,False,Horno de Microondas,,
177,presentacion,presentacion,UN 55DU7000F. 55 PLGS. CRYSTAL. PUERTO USB. SMART TV,Un 55du7000f. 55 Plgs. Crystal. Puerto USB. Smart TV.,sin_cantidad,5941,False,Pantallas,,
178,presentacion,presentacion,"MHC-V13. CD S 1. MP3, USB Y BLUETOOTH","Mhc-v13. Cd?s 1. Mp3, Usb y Bluetooth",sin_cantidad,5910,False,Bocinas Port?tiles,,
179,presentacion,presentacion,FIRE TV STICK LITE,Fire TV Stick Lite,sin_cantidad,5890,False,Reproductores Streaming,,
180,presentacion,presentacion,"GM 29 BP (SILVER).816 L. 3 PUERTAS, 2 VERTICALES Y 1 HORIZONTAL. DESHIELO AUTOMATICO AJUSTABLE","Gm 29 Bp (Silver).816 L. 3 Puertas, 2 Verticales y 1 Horizontal. Deshielo Automático Ajustable",sin_cantidad,5861,False,Refrigeradores,,
181,presentacion,presentacion,EM 7654 BFIS3A. 30 PLGS. 6 QUEMADORES ENCENDIDO ELECTRONICO. COLOR GRIS/ACERO,Em 7654 Bfis3a. 30 Plgs. 6 Quemadores Encendido Electr?nico. Color Gris/acero,sin_cantidad,5848,False,Estufas,,
182,presentacion,presentacion,SWITCH OLED. NEON O WHITE. 64 GB. SIN JUEGO INCLUIDO,Switch Oled. Neon o White. 64 Gb. Sin Juego Incluido,sin_cantidad,5843,False,Electrónicos de Video,,
183,presentacion,presentacion,HW-C450. BLUETOOTH. USB. POTENCIA 300 W. SONIDO 2.1,Hw-c450. Bluetooth. USB. Potencia 300 W. Sonido 2.1,sin_cantidad,5812,False,Barra de Sonido,,
184,presentacion,presentacion,MOTO G15. ANDROID 15/MEMORIA INTERNA 256 GB. CAMARA 50 MP + 5 MP/FRONTAL 8 MP. 6.6 PLGS. MICRO SD HASTA 1 TB,Moto G15. Android 15/memoria Interna 256 GB. Cámara 50 MP + 5 MP/frontal 8 MP. 6.6 Plgs. Micro Sd Hasta 1 TB,sin_cantidad,5809,False,Celulares,,
185,presentacion,presentacion,CM223DMX. CAPACIDAD 7 TAZAS,Cm223dmx. Capacidad 7 Tazas,sin_cantidad,5791,False,Cafeteras,,
186,presentacion,presentacion,"RMA 250 PVMRM0 (SILVER). 251.2 DM3. 2 PUERTAS, HORIZONTAL Y VERTICAL. DESHIELO AUTOMATICO AJUSTABLE","Rma 250 Pvmrm0 (Silver). 251.2 Dm3. 2 Puertas, Horizontal y Vertical. Deshielo Automático Ajustable",sin_cantidad,5771,False,Refrigeradores,,
187,presentacion,presentacion,MS 1597 DIS. 1.5 PIES CUBICOS. COLOR NEGRO/ESPEJO,Ms 1597 Dis. 1.5 Pies C?bicos. Color Negro/espejo,sin_cantidad,5758,False,Horno de Microondas,,
188,presentacion,presentacion,CM0916B. CAPACIDAD 12 TAZAS,Cm0916b. Capacidad 12 Tazas,sin_cantidad,5730,False,Cafeteras,,
189,presentacion,presentacion,ECHO DOT. SIN RELOJ. COLOR BLANCA O NEGRA,Echo Dot. Sin Reloj. Color Blanca o Negra,sin_cantidad,5682,False,Asistentes de Voz,,
190,presentacion,presentacion,"RMA 250 PVMR (E0) (GRAFITO). 251.2 DM3. 2 PUERTAS, HORIZONTAL Y VERTICAL. DESHIELO AUTOMATICO AJUSTABLE","Rma 250 Pvmr (E0) (Grafito). 251.2 Dm3. 2 Puertas, Horizontal y Vertical. Deshielo Automático Ajustable",sin_cantidad,5672,False,Refrigeradores,,
191,presentacion,presentacion,FPSTHM360R O FPSTHM360R-013. MANUAL. 7 VELOCIDADES. SIN TAZON,Fpsthm360r o Fpsthm360r-013. Manual. 7 Velocidades. Sin Taz?n,sin_cantidad,5620,False,Batidoras,,
192,presentacion,presentacion,CFN-2020. 20 PLGS. PISO CON OPCION DE PARED. 3 VELOCIDADES,Cfn-2020. 20 Plgs. Piso con Opci?n de Pared. 3 Velocidades,sin_cantidad,5554,False,Ventiladores,,
193,presentacion,presentacion,58A6NV. 58 PLGS. ULED. PUERTO USB. SMART TV,58a6nv. 58 Plgs. Uled. Puerto USB. Smart TV.,sin_cantidad,5416,False,Pantallas,,
194,presentacion,presentacion,HT-S400. S-400. BLUETOOTH. USB. POTENCIA 330 W. SONIDO 2.1,Ht-s400. S-400. Bluetooth. USB. Potencia 330 W. Sonido 2.1,sin_cantidad,5407,False,Barra de Sonido,,
195,presentacion,presentacion,SWITCH. NEON 1.1. 32 GB. SIN JUEGO INCLUIDO,Switch. Neon 1.1. 32 Gb. Sin Juego Incluido,sin_cantidad,5358,False,Electrónicos de Video,,
196,presentacion,presentacion,MOTO G 24. ANDROID 14. MEMORIA INTERNA 256 GB. CAMARA 50 MP + 2 MP/FRONTAL 8 MP. 6.5 PLGS. MICRO SD HASTA 1 TB,Moto G 24. Android 14. Memoria Interna 256 GB. Cámara 50 MP + 2 MP/frontal 8 MP. 6.5 Plgs. Micro Sd Hasta 1 TB,sin_cantidad,5346,False,Celulares,,
197,presentacion,presentacion,A 40. ANDROID 14. MEMORIA INTERNA 256 GB. CAMARA 50 MP/FRONTAL 5 MP. 6.6 PLGS. MICRO SD HASTA 1 TB,A 40. Android 14. Memoria Interna 256 GB. Cámara 50 MP/frontal 5 MP. 6.6 Plgs. Micro Sd Hasta 1 TB,sin_cantidad,5340,False,Celulares,,
198,presentacion,presentacion,WEM 7659 CFS1A O CFS1B O CFIS1D. 30 PLGS. 6 QUEMADORES. ENCENDIDO ELECTRONICO. COLOR GRIS/ACERO,Wem 7659 Cfs1a o Cfs1b o Cfis1d. 30 Plgs. 6 Quemadores. Encendido Electr?nico. Color Gris/acero,sin_cantidad,5287,False,Estufas,,
199,presentacion,presentacion,FV2880 O FV2880X0. VAPOR. DURILIUM AIRGLIDE,Fv2880 o Fv2880x0. Vapor. Durilium Airglide,sin_cantidad,5215,False,Planchas,,
200,presentacion,presentacion,BLSTPEG-NPB O BLSTPEG-NPB-013. VELOCIDAD 6 + 1 PULSO. BASE METAL. VASO VIDRIO. COLOR PLATA,Blstpeg-npb o Blstpeg-npb-013. Velocidad 6 + 1 Pulso. Base Metal. Vaso Vidrio. Color Plata,sin_cantidad,5167,False,Licuadoras,,
201,presentacion,presentacion,FPSTJE316P O FPSTJE316P-013. EXTRACTOR,Fpstje316p o Fpstje316p-013. Extractor,sin_cantidad,5156,False,Extractores de Jugos y Exprimidores,,
202,presentacion,presentacion,NN-SB656B. 1.3 PIES CUBICOS. COLOR NEGRO/ESPEJO,Nn-sb656b. 1.3 Pies C?bicos. Color Negro/espejo,sin_cantidad,5102,False,Horno de Microondas,,
203,presentacion,presentacion,EM 7620 BAIS2A. 30 PLGS. 6 QUEMADORES. ENCENDIDO MANUAL. GRIS/ACERO,Em 7620 Bais2a. 30 Plgs. 6 Quemadores. Encendido Manual. Gris/acero,sin_cantidad,5090,False,Estufas,,
204,presentacion,presentacion,TAB M9.TB310FU. 9 PLGS. MEMORIA INTERNA 64 GB. MEMORIA RAM 4 GB,Tab M9.tb310fu. 9 Plgs. Memoria Interna 64 GB. Memoria RAM 4 GB.,sin_cantidad,5070,False,Tablet,,
205,presentacion,presentacion,FIRE TV STICK,Fire TV Stick,sin_cantidad,5057,False,Reproductores Streaming,,
206,presentacion,presentacion,WFR 5000 D00. FRENTE 30 PLGS. 6 QUEMADORES. ENCENDIDO ELECTRONICO. COLOR ACERO,Wfr 5000 D00. Frente 30 Plgs. 6 Quemadores. Encendido Electrónico. Color Acero,sin_cantidad,5054,False,Estufas,,
207,presentacion,presentacion,"MHC-V43D. CD S 1. MP3, DVD, USB Y BLUETOOTH","Mhc-v43d. Cd?s 1. Mp3, Dvd, Usb y Bluetooth",sin_cantidad,5047,False,Bocinas Port?tiles,,
208,presentacion,presentacion,GCSTAC6952 O GCSTAC6952-013. VAPOR. SUELA AEROCERAMICA,Gcstac6952 o Gcstac6952-013. Vapor. Suela AeroCerámica,sin_cantidad,5009,False,Planchas,,
209,presentacion,presentacion,XL7S. USB Y BLUETOOTH. POTENCIA 250 W RMS,Xl7s. USB y Bluetooth. Potencia 250 W Rms,sin_cantidad,4986,False,Bocinas Portátiles,,
210,presentacion,presentacion,PS5. ASTRO BOT-GRAN TURISMO 7. 1 TB. ASTRO BOT-GRAN TURISMO 7. CON LECTOR DE DISCO,Ps5. Astro Bot-gran Turismo 7. 1 TB. Astro Bot-gran Turismo 7. con Lector de Disco,sin_cantidad,4970,False,Electrónicos de Video,,
211,presentacion,presentacion,75 UR 7800 PSB. 75 PLGS. LED. PUERTO USB. SMART TV,75 Ur 7800 Psb. 75 Plgs. LED. Puerto USB. Smart TV.,sin_cantidad,4914,False,Pantallas,,
212,presentacion,presentacion,"GT 32 BDC (SILVER). 315 DM3. 2 PUERTAS, HORIZONTAL Y VERTICAL. DESHIELO AUTOMATICO AJUSTABLE","Gt 32 Bdc (silver). 315 Dm3. 2 Puertas, Horizontal y Vertical. Deshielo Automático Ajustable",sin_cantidad,4884,False,Refrigeradores,,
213,presentacion,presentacion,CAJA CON 2 FRASCOS CON 30 CAPSULAS C/U,Caja con 2 Frascos con 30 C?psulas C/u,conteo_por_unidad_de_empaque,4857,False,Pharmaton. con Gingeng G115,pieza,30.0
214,presentacion,presentacion,EM 5030 BAIS0A O BAIS0B O BAIS0C. 20 PLGS. 4 QUEMADORES. ENCENDIDO MANUAL. COLOR GRIS/ACERO,Em 5030 Bais0a o Bais0b o Bais0c. 20 Plgs. 4 Quemadores. Encendido Manual. Color Gris/acero,sin_cantidad,4840,False,Estufas,,
215,presentacion,presentacion,"GT 29 WDC (SILVER). 255 DM3. 2 PUERTAS, HORIZONTAL Y VERTICAL. DESHIELO AUTOMATICO AJUSTABLE","Gt 29 Wdc (silver). 255 Dm3. 2 Puertas, Horizontal y Vertical. Deshielo Automático Ajustable",sin_cantidad,4819,False,Refrigeradores,,
216,presentacion,presentacion,EMH 7602 JS0A. JS0B. JS0C. 30 PLGS. 6 QUEMADORES. ENCENDIDO ELECTRONICO. COLOR GRIS/ACERO,Emh 7602 Js0a. Js0b. Js0c. 30 Plgs. 6 Quemadores. Encendido Electr?nico. Color Gris/acero,sin_cantidad,4795,False,Estufas,,
217,presentacion,presentacion,MOTO E 22 I. ANDROID 12.0 (S) GO/MEMORIA INTERNA 64 GB. CAMARA 13 MP + 2 MP/FRONTAL 5 MP. 6.5 PLGS. MICRO SD HASTA 1 TB,Moto e 22 I. Android 12.0 (s) Go/memoria Interna 64 Gb. Cámara 13 Mp + 2 Mp/frontal 5 Mp. 6.5 Plgs. Micro Sd Hasta 1 Tb,sin_cantidad,4787,False,Celulares,,
218,presentacion,presentacion,SWITCH 2. MARIO KART WORLD BUNDLE. 256 GB. MARIO KART WORLD. DESCARGA DIGITAL,Switch 2. Mario Kart World Bundle. 256 GB. Mario Kart World. Descarga Digital,sin_cantidad,4787,False,Electrónicos de Video,,
219,presentacion,presentacion,FPSTHMAMR O FPSTHMAMR-013. MANUAL. 5 VELOCIDADES. SIN TAZON,Fpsthmamr o Fpsthmamr-013. Manual. 5 Velocidades. Sin Taz?n,sin_cantidad,4770,False,Batidoras,,
220,presentacion,presentacion,55A6NV. 55 PLGS. LED. PUERTO USB. SMART TV,55a6nv. 55 Plgs. LED. Puerto USB. Smart TV.,sin_cantidad,4761,False,Pantallas,,
221,presentacion,presentacion,WM 1514 D. 1.4 PIES CUBICOS. COLOR GRIS/ESPEJO,Wm 1514 D. 1.4 Pies Cúbicos. Color Gris/espejo,sin_cantidad,4760,False,Horno de Microondas,,
222,presentacion,presentacion,X BOX. SERIES S. POWER YOUR DREAMS. 512 GB SSD. SIN JUEGO INCLUIDO,X Box. Series S. Power Your Dreams. 512 GB SSD. Sin Juego Incluido,sin_cantidad,4751,False,Electrónicos de Video,,
223,presentacion,presentacion,CAJA 18 CERAS. EXTRA JUMBO O EXTRA GRUESOS,Caja 18 Ceras. Extra Jumbo o Extra Gruesos,sin_cantidad,4734,False,Crayones,,
224,presentacion,presentacion,WFR 5200 D00. 30 PLGS. 6 QUEMADORES ENCENDIDO ELECTRONICO. COLOR ACERO,Wfr 5200 D00. 30 Plgs. 6 Quemadores Encendido Electr?nico. Color Acero,sin_cantidad,4671,False,Estufas,,
225,presentacion,presentacion,CAJA 24 CERAS. JUMBO. TRIANGULAR. 52-4324,Caja 24 Ceras. Jumbo. Triangular. 52-4324,sin_cantidad,4653,False,Crayones,,
226,presentacion,presentacion,SRS-XP700. USB Y BLUETOOTH,Srs-xp700. USB y Bluetooth,sin_cantidad,4637,False,Bocinas Portátiles,,
227,presentacion,presentacion,NN-ST34HM. 0.9 PIES CUBICOS. COLOR GRIS,Nn-st34hm. 0.9 Pies Cúbicos. Color Gris,sin_cantidad,4624,False,Horno de Microondas,,
228,presentacion,presentacion,"RMS 400 IA (MRX0) (GRIS). 399.95 DM3. 2 PUERTAS, HORIZONTAL Y VERTICAL. DESHIELO AUTOMATICO AJUSTABLE","Rms 400 Ia (Mrx0) (Gris). 399.95 Dm3. 2 Puertas, Horizontal y Vertical. Deshielo Automático Ajustable",sin_cantidad,4624,False,Refrigeradores,,
229,presentacion,presentacion,EM 5032 BAPS0A O BAPS1A O BAPS0B. FRENTE 20 PLGS. 4 QUEMADORES. ENCENDIDO MANUAL. COLOR GRIS/ACERO,Em 5032 Baps0a o Baps1a o Baps0b. Frente 20 Plgs. 4 Quemadores. Encendido Manual. Color Gris/acero,sin_cantidad,4606,False,Estufas,,
230,presentacion,presentacion,FREAL 2020 O 2020N. 20 PLGS. PISO. 3 VELOCIDADES,Freal 2020 o 2020n. 20 Plgs. Piso. 3 Velocidades,sin_cantidad,4583,False,Ventiladores,,
231,presentacion,presentacion,GCSTBS3801 O GCSTBS3801-013. VAPOR. SUELA ANTIADHERENTE,Gcstbs3801 o Gcstbs3801-013. Vapor. Suela Antiadherente,sin_cantidad,4560,False,Planchas,,
232,presentacion,presentacion,32A4KV. 32 PLGS. LED. PUERTO USB. SMART TV,32a4kv. 32 Plgs. LED. Puerto USB. Smart TV.,sin_cantidad,4518,False,Pantallas,,
233,presentacion,presentacion,BLSTSOGS5661W O BLSTSOG5661W-013. VELOCIDADES 6+1 PULSO. BASE PLASTICO. VASO VIDRIO. COLOR BLANCA,Blstsogs5661w o Blstsog5661w-013. Velocidades 6+1 Pulso. Base Pl?stico. Vaso Vidrio. Color Blanca,sin_cantidad,4517,False,Licuadoras,,
234,presentacion,presentacion,NX 52 D 3000 MV/AX. FRENTE 30 PLGS. 6 QUEMADORES. ENCENDIDO ELECTRONICO. COLOR GRIS/ACERO,Nx 52 D 3000 Mv/ax. Frente 30 Plgs. 6 Quemadores. Encendido Electr?nico. Color Gris/acero,sin_cantidad,4487,False,Estufas,,
235,presentacion,presentacion,"BLST4126 O BLST4126-013. VELOCIDADES 1+1 PULSO. BASE METAL. VASO VIDRIO, COLOR ROJA","Blst4126 o Blst4126-013. Velocidades 1+1 Pulso. Base Metal. Vaso Vidrio, Color Roja",sin_cantidad,4480,False,Licuadoras,,
236,presentacion,presentacion,UN 65DU7000F. 65 PLGS. CRYSTAL. PUERTO USB. SMART TV,Un 65du7000f. 65 Plgs. Crystal. Puerto USB. Smart TV.,sin_cantidad,4445,False,Pantallas,,
237,presentacion,presentacion,"S40 Q. BLUETOOTH, USB. POTENCIA 300 W. SONIDO 2.1","S40 Q. Bluetooth, Usb. Potencia 300 W. Sonido 2.1",sin_cantidad,4434,False,Barra de Sonido,,
238,presentacion,presentacion,A 57. ANDROID 12 (S)/MEMORIA INTERNA 128 GB. CAMARA 13 MP + 2 MP/FRONTAL 8 MP .6.6 PLGS. MICRO SD HASTA 1 TB,A 57. Android 12 (s)/memoria Interna 128 Gb. Cámara 13 Mp + 2 Mp/frontal 8 Mp .6.6 Plgs. Micro Sd Hasta 1 Tb,sin_cantidad,4425,False,Celulares,,
239,presentacion,presentacion,A 5 PRO. ANDROID 15/MEMORIA INTERNA 256 GB. CAMARA 50 MP + 2 MP + 2 MP/FRONTAL 8 MP. 6.6 PLGS. MICRO SD HASTA 1 TB,A 5 Pro. Android 15/memoria Interna 256 GB. Cámara 50 MP + 2 MP + 2 MP/frontal 8 MP. 6.6 Plgs. Micro Sd Hasta 1 TB,sin_cantidad,4415,False,Celulares,,
240,presentacion,presentacion,WD 12 WVC4S6. 12/7 KG. TAMBOR. CENTRIFUGADO Y SECADO. COLOR BLANCO,Wd 12 Wvc4s6. 12/7 Kg. Tambor. Centrifugado y Secado. Color Blanco,cantidades_alternativas,4399,False,Lavadoras,kg,12.0
241,presentacion,presentacion,SM2118MX,Sm2118mx,sin_cantidad,4384,False,Sandwicheras,,
242,presentacion,presentacion,EM 5045 CAIS1A. 20 PLGS. 4 QUEMADORES. ENCENDIDO ELECTRONICO. COLOR GRIS/ACERO,Em 5045 Cais1a. 20 Plgs. 4 Quemadores. Encendido Electr?nico. Color Gris/acero,sin_cantidad,4382,False,Estufas,,
243,presentacion,presentacion,IRBD302. VAPOR. SUELA ANTIADHERENTE,Irbd302. Vapor. Suela Antiadherente,sin_cantidad,4338,False,Planchas,,
244,presentacion,presentacion,CAJA PLASTICO 12 CERAS. 52-0784,Caja Pl?stico 12 Ceras. 52-0784,sin_cantidad,4322,False,Crayones,,
245,presentacion,presentacion,PS5. ASTRO BOT-GRAN TURISMO 7. 1 TB. ASTRO BOT-GRAN TURISMO 7. DESCARGA DIGITAL,Ps5. Astro Bot-gran Turismo 7. 1 TB. Astro Bot-gran Turismo 7. Descarga Digital,sin_cantidad,4301,False,Electrónicos de Video,,
246,presentacion,presentacion,MX-T70. USB Y BLUETOOTH. POTENCIA 1500 W RMS,Mx-t70. USB y Bluetooth. Potencia 1500 W Rms,sin_cantidad,4297,False,Bocinas Portátiles,,
247,presentacion,presentacion,31390,31390,sin_cantidad,4288,False,Horno Eléctrico,,
248,presentacion,presentacion,BL1140MB-MX. VELOCIDADES 12 + 1 PULSO. BASE PLASTICO. VASO PLASTICO. COLOR NEGRA,Bl1140mb-mx. Velocidades 12 + 1 Pulso. Base Pl?stico. Vaso Pl?stico. Color Negra,sin_cantidad,4230,False,Licuadoras,,
249,presentacion,presentacion,NAW 1001 S00 O S01. FRENTE 20 PLGS. 4 QUEMADORES. ENCENDIDO MANUAL. COLOR NEGRO/ACERO,Naw 1001 S00 o S01. Frente 20 Plgs. 4 Quemadores. Encendido Manual. Color Negro/acero,sin_cantidad,4205,False,Estufas,,
250,presentacion,presentacion,"SNH5. BLUETOOTH, USB. POTENCIA 600 W. SONIDO 4.1","Snh5. Bluetooth, USB. Potencia 600 W. Sonido 4.1",sin_cantidad,4163,False,Barra de Sonido,,
251,presentacion,presentacion,LN8221MX. VELOCIDADES 12. BASE PLASTICO. VASO VIDRIO. COLOR BLANCA,Ln8221mx. Velocidades 12. Base Pl?stico. Vaso Vidrio. Color Blanca,sin_cantidad,4129,False,Licuadoras,,
252,presentacion,presentacion,VPG-0018. 18 PLGS. PEDESTAL. 3 VELOCIDADES,Vpg-0018. 18 Plgs. Pedestal. 3 Velocidades,sin_cantidad,4070,False,Ventiladores,,
253,presentacion,presentacion,UN 32T4310AF. 32 PLGS. LED. PUERTO USB. SMART TV,Un 32t4310af. 32 Plgs. Led. Puerto Usb. Smart Tv.,sin_cantidad,4021,False,Pantallas,,
254,presentacion,presentacion,55A65NV. 55 PLGS. LED. PUERTO USB. SMART TV,55a65nv. 55 Plgs. LED. Puerto USB. Smart TV.,sin_cantidad,4004,False,Pantallas,,
255,presentacion,presentacion,FPSTJE320S O FPSTJE320S-013. EXTRACTOR,Fpstje320s o Fpstje320s-013. Extractor,sin_cantidad,3964,False,Extractores de Jugos y Exprimidores,,
256,presentacion,presentacion,XBOOM GO XG 5QBK O XG 5. DURACION DE BATERIA 18 H. POTENCIA 30 W,Xboom Go Xg 5qbk o Xg 5. DuRación de Bateria 18 H. Potencia 30 W,sin_cantidad,3961,False,MiniBocinas Portátiles Bluetooth,,
257,presentacion,presentacion,T01755SBG O T01755SBG-LA,T01755sbg o T01755sbg-la,sin_cantidad,3909,False,Horno Eléctrico,,
258,presentacion,presentacion,50A6NV. 50 PLGS. LED. PUERTO USB. SMART TV,50a6nv. 50 Plgs. LED. Puerto USB. Smart TV.,sin_cantidad,3894,False,Pantallas,,
259,presentacion,presentacion,CAJA CON 2 AMPOLLETAS NO. 1 DE 1 ML. Y 2 AMPOLLETAS NO. 2 DE 2 ML. SOLUCION INYECTABLE,Caja con 2 Ampolletas No. 1 de 1 Ml. y 2 Ampolletas No. 2 de 2 Ml. Soluci?n Inyectable,multiples_cantidades,3893,False,Dexabion,l,0.001
260,presentacion,presentacion,SWITCH 2. AZUL CON ROJO. 256 GB. SIN JUEGO INCLUIDO,Switch 2. Azul con Rojo. 256 GB. Sin Juego Incluido,sin_cantidad,3866,False,Electrónicos de Video,,
261,presentacion,presentacion,BLSTPYG1309B O BLSTPYG1309B-013. VELOCIDADES 3+1 PULSO. BASE PLASTICO. VASO VIDRIO. COLOR NEGRA,Blstpyg1309b o Blstpyg1309b-013. Velocidades 3+1 Pulso. Base Pl?stico. Vaso Vidrio. Color Negra,sin_cantidad,3838,False,Licuadoras,,
262,presentacion,presentacion,BVSTDCP12B O BVSTDCP12B-013. CAPACIDAD 12 TAZAS,Bvstdcp12b o Bvstdcp12b-013. Capacidad 12 Tazas,sin_cantidad,3834,False,Cafeteras,,
263,presentacion,presentacion,SM155283,Sm155283,sin_cantidad,3815,False,Sandwicheras,,
264,presentacion,presentacion,KC-1500. POTENCIA 1400 WATTS,Kc-1500. Potencia 1400 Watts,sin_cantidad,3813,False,Aspiradoras,,
265,presentacion,presentacion,UN 75DU7000F. 75 PLGS. CRYSTAL. PUERTO USB. SMART TV,Un 75du7000f. 75 Plgs. Crystal. Puerto USB. Smart TV.,sin_cantidad,3813,False,Pantallas,,
266,presentacion,presentacion,BLST4127 O BLST4127-013. VELOCIDADES 1 + 1 PULSO. BASE METAL. VASO VIDRIO. COLOR ACERO INOXIDABLE,Blst4127 o Blst4127-013. Velocidades 1 + 1 Pulso. Base Metal. Vaso Vidrio. Color Acero Inoxidable,sin_cantidad,3789,False,Licuadoras,,
267,presentacion,presentacion,CAJA CON AMPOLLETA Y JERINGA DESECHABLE. SUSPENSION INYECTABLE DE 5 MG./2 MG,Caja con Ampolleta y Jeringa Desechable. Suspensi?n Inyectable de 5 Mg./2 Mg.,sin_cantidad,3772,False,Betametasona,,
268,presentacion,presentacion,X BOX. SERIE X. 1 TB. SIN JUEGO INCLUIDO,X Box. Serie X. 1 Tb. Sin Juego Incluido,sin_cantidad,3762,False,Electrónicos de Video,,
269,presentacion,presentacion,ECHO SHOW 8. COLOR BLANCA O NEGRA,Echo Show 8. Color Blanca o Negra,sin_cantidad,3730,False,Asistentes de Voz,,
270,presentacion,presentacion,NX 52 T 5411 MS/AX. 30 PLGS. 6 QUEMADORES. ENCENDIDO ELECTRONICO. COLOR ACERO,Nx 52 T 5411 Ms/ax. 30 Plgs. 6 Quemadores. Encendido Electr?nico. Color Acero,sin_cantidad,3710,False,Estufas,,
271,presentacion,presentacion,"HW-T420. BLUETOOTH, USB. POTENCIA 150 W. SONIDO 2.1","Hw-t420. Bluetooth, USB. Potencia 150 W. Sonido 2.1",sin_cantidad,3691,False,Barra de Sonido,,
272,presentacion,presentacion,"GT 32 WDC (SILVER). 315 DM3. 2 PUERTAS, HORIZONTAL Y VERTICAL. DESHIELO AUTOMATICO AJUSTABLE","Gt 32 Wdc (silver). 315 Dm3. 2 Puertas, Horizontal y Vertical. Deshielo Automático Ajustable",sin_cantidad,3674,False,Refrigeradores,,
273,presentacion,presentacion,SM602F-1BDLA,Sm602f-1bdla,sin_cantidad,3636,False,Sandwicheras,,
274,presentacion,presentacion,UN 65CU7000F. 65 PLGS. LED. PUERTO USB. SMART TV,Un 65cu7000f. 65 Plgs. Led. Puerto Usb. Smart Tv.,sin_cantidad,3592,False,Pantallas,,
275,presentacion,presentacion,REDMI 13 C. ANDROID 13/MEMORIA INTERNA 128 GB. CAMARA 50 MP + 50 MP + 2 MP/FRONTAL 8 MP. 6.7 PLGS. MICRO SD HASTA 1 TB,Redmi 13 C. Android 13/memoria Interna 128 Gb. Cámara 50 Mp + 50 Mp + 2 Mp/frontal 8 Mp. 6.7 Plgs. Micro Sd Hasta 1 Tb,sin_cantidad,3564,False,Celulares,,
276,presentacion,presentacion,WEM 7643 CFIS0A. FRENTE 30 PLGS. 6 QUEMADORES. ENCENDIDO ELECTRONICO. COLOR GRIS/ACERO,Wem 7643 Cfis0a. Frente 30 Plgs. 6 Quemadores. Encendido Electr?nico. Color Gris/acero,sin_cantidad,3559,False,Estufas,,
277,presentacion,presentacion,FPSTJE320R O FPSTJE320R-013. EXTRACTOR,Fpstje320r o Fpstje320r-013. Extractor,sin_cantidad,3555,False,Extractores de Jugos y Exprimidores,,
278,presentacion,presentacion,WD 12 VVC4S6S. 12/7 KG. TAMBOR. CENTRIFUGADO Y SECADO. COLOR GRIS,Wd 12 Vvc4s6s. 12/7 Kg. Tambor. Centrifugado y Secado. Color Gris,cantidades_alternativas,3547,False,Lavadoras,kg,12.0
279,presentacion,presentacion,WFR 3100 B00. FRENTE 30 PLGS. 6 QUEMADORES. ENCENDIDO ELECTRONICO. COLOR ACERO,Wfr 3100 B00. Frente 30 Plgs. 6 Quemadores. Encendido Electr?nico. Color Acero,sin_cantidad,3541,False,Estufas,,
280,presentacion,presentacion,EKE-6131 GC-MCHNL. FRENTE 30 PLGS. 6 QUEMADORES. ENCENDIDO ELECTRONICO. COLOR NEGRO,Eke-6131 Gc-mchnl. Frente 30 Plgs. 6 Quemadores. Encendido Electrónico. Color Negro,sin_cantidad,3508,False,Estufas,,
281,presentacion,presentacion,FV2853XO. VAPOR. SUELA CERAMICA ANTIADHERENTE,Fv2853xo. Vapor. Suela Cer?mica Antiadherente,sin_cantidad,3494,False,Planchas,,
282,presentacion,presentacion,86 UR 8750 PSA. 86 PLGS. LED. PUERTO USB. SMART TV,86 Ur 8750 Psa. 86 Plgs. LED. Puerto USB. Smart TV.,sin_cantidad,3491,False,Pantallas,,
283,presentacion,presentacion,HB2B18MX. DE INMERSION. 2 VELOCIDADES. SIN TAZON,Hb2b18mx. de Inmersi?n. 2 Velocidades. Sin Taz?n,sin_cantidad,3488,False,Batidoras,,
284,presentacion,presentacion,"S40T. BLUETOOTH, USB. POTENCIA 300 W. SONIDO 2.1","S40t. Bluetooth, USB. Potencia 300 W. Sonido 2.1",sin_cantidad,3481,False,Barra de Sonido,,
285,presentacion,presentacion,FV1742. VAPOR. SUELA CERAMICA,Fv1742. Vapor. Suela Cer?mica,sin_cantidad,3475,False,Planchas,,
286,presentacion,presentacion,EMH 7602 DSS0C. FRENTE 30 PLGS. 6 QUEMADORES. ENCENDIDO ELECTRONICO. COLOR ACERO,Emh 7602 Dss0c. Frente 30 Plgs. 6 Quemadores. Encendido Electr?nico. Color Acero,sin_cantidad,3470,False,Estufas,,
287,presentacion,presentacion,WM 2811 D. 1.1 PIES CUBICOS. DORADOR. COLOR GRIS,Wm 2811 D. 1.1 Pies C?bicos. Dorador. Color Gris,sin_cantidad,3467,False,Horno de Microondas,,
288,presentacion,presentacion,ECHO SPOT. CON RELOJ. COLOR BLANCA O NEGRA,Echo Spot. con Reloj. Color Blanca o Negra,sin_cantidad,3444,False,Asistentes de Voz,,
289,presentacion,presentacion,FV2830 O FV2830XO. VAPOR. SUELA TRUE CERAMIC GLIDE SOLEPLATE,Fv2830 o Fv2830xo. Vapor. Suela True Ceramic Glide Soleplate,sin_cantidad,3423,False,Planchas,,
290,presentacion,presentacion,MS 1536 GIS. 1.5 PIES CUBICOS. COLOR NEGRO,Ms 1536 Gis. 1.5 Pies C?bicos. Color Negro,sin_cantidad,3399,False,Horno de Microondas,,
291,presentacion,presentacion,MMDX11S2MG. 1.1 PIES CUBICOS. COLOR SILVER/ESPEJO,Mmdx11s2mg. 1.1 Pies Cúbicos. Color Silver/espejo,sin_cantidad,3376,False,Horno de Microondas,,
292,presentacion,presentacion,GALAXY TAB A9. SM-X210. 11 PLGS. MEMORIA INTERNA 128 GB. MEMORIA RAM 8 GB,Galaxy Tab A9. Sm-x210. 11 Plgs. Memoria Interna 128 Gb. Memoria Ram 8 Gb.,sin_cantidad,3359,False,Tablet,,
293,presentacion,presentacion,65A65NV. 65 PLGS. LED. PUERTO USB. SMART TV,65a65nv. 65 Plgs. LED. Puerto USB. Smart TV.,sin_cantidad,3356,False,Pantallas,,
294,presentacion,presentacion,UN 50CU7000F. 50 PLGS. LED. PUERTO USB. SMART TV,Un 50cu7000f. 50 Plgs. Led. Puerto Usb. Smart Tv.,sin_cantidad,3349,False,Pantallas,,
295,presentacion,presentacion,MOTO G05. ANDROID 15/MEMORIA INTERNA 128 GB. CAMARA 50 MP/FRONTAL 8 MP. 6.6 PLGS. MICRO SD HASTA 1 TB,Moto G05. Android 15/memoria Interna 128 GB. Cámara 50 MP/frontal 8 MP. 6.6 Plgs. Micro Sd Hasta 1 TB,sin_cantidad,3348,False,Celulares,,
296,presentacion,presentacion,BVSTRF100. CAPACIDAD 12 TAZAS,Bvstrf100. Capacidad 12 Tazas,sin_cantidad,3339,False,Cafeteras,,
297,presentacion,presentacion,AUSTROS. 16 PLGS. PEDESTAL. 3 VELOCIDADES,Austros. 16 Plgs. Pedestal. 3 Velocidades,sin_cantidad,3308,False,Ventiladores,,
298,presentacion,presentacion,A 17. ANDROID 12/MEMORIA INTERNA 64 GB. CAMARA 50 MP + 0.3 MP/FRONTAL 5 MP. 6.5 PLGS. MICRO SD HASTA 1 TB,A 17. Android 12/memoria Interna 64 Gb. Cámara 50 Mp + 0.3 Mp/frontal 5 Mp. 6.5 Plgs. Micro Sd Hasta 1 Tb,sin_cantidad,3300,False,Celulares,,
299,presentacion,presentacion,EMH 7612 JS0A O JS0C. 30 PLGS. 6 QUEMADORES. ENCENDIDO ELECTRONICO. GRIS/ACERO,Emh 7612 Js0a o Js0c. 30 Plgs. 6 Quemadores. Encendido Electr?nico. Gris/acero,sin_cantidad,3288,False,Estufas,,
300,presentacion,presentacion,"MHC-V02. CD'S 1, MP3, USB Y BLUETOOTH","Mhc-v02. Cd's 1, Mp3, Usb y Bluetooth",sin_cantidad,3286,False,Bocinas Portátiles,,
301,presentacion,presentacion,GCSTAC6951 O GCSTAC6951-013. VAPOR. SUELA AEROCERAMICA,Gcstac6951 o Gcstac6951-013. Vapor. Suela AeroCerámica,sin_cantidad,3274,False,Planchas,,
302,presentacion,presentacion,EM 7622 BAPS2A. FRENTE 30 PLGS. 6 QUEMADORES. ENCENDIDO MANUAL. COLOR GRIS/ NEGRO,Em 7622 Baps2a. Frente 30 Plgs. 6 Quemadores. Encendido Manual. Color Gris/ Negro,sin_cantidad,3272,False,Estufas,,
303,presentacion,presentacion,SRS-XP500. USB Y BLUETOOTH,Srs-xp500. Usb y Bluetooth,sin_cantidad,3262,False,Bocinas Portátiles,,
304,presentacion,presentacion,50 S 453 . 50 PLGS. LED. PUERTO USB. SMART TV,50 S 453 . 50 Plgs. Led. Puerto Usb. Smart Tv.,sin_cantidad,3258,False,Pantallas,,
305,presentacion,presentacion,EOS REBEL T7. MEGAPIXELES 24.1. LENTE ZOOM 18-55 MM,Eos Rebel T7. Megapixeles 24.1. Lente Zoom 18-55 Mm,sin_cantidad,3255,False,Cámaras Digitales,,
306,presentacion,presentacion,WDQY 1514. 15/10 KG. TAMBOR. CENTRIFUGADO Y SECADO. COLOR GRIS,Wdqy 1514. 15/10 Kg. Tambor. Centrifugado y Secado. Color Gris,cantidades_alternativas,3238,False,Lavadoras,kg,15.0
307,presentacion,presentacion,HS2100. BLUETOOTH. USB. POTENCIA 240 W. SONIDO 2.1,Hs2100. Bluetooth. USB. Potencia 240 W. Sonido 2.1,sin_cantidad,3232,False,Barra de Sonido,,
308,presentacion,presentacion,FIRE TV STICK 4K,Fire TV Stick 4k,sin_cantidad,3205,False,Reproductores Streaming,,
309,presentacion,presentacion,PARTYBOX. ENCORE ESSENTIAL. USB Y BLUETOOTH. POTENCIA 100 W RMS,Partybox. Encore Essential. USB y Bluetooth. Potencia 100 W Rms,sin_cantidad,3201,False,Bocinas Portátiles,,
310,presentacion,presentacion,FV1942 O FV1942XO. VAPOR. SUELA DURAGLIDE,Fv1942 o Fv1942xo. Vapor. Suela Duraglide,sin_cantidad,3200,False,Planchas,,
311,presentacion,presentacion,XL9T. USB Y BLUETOOTH. POTENCIA 1000 W (PMPO),Xl9t. USB y Bluetooth. Potencia 1000 W (pmpo),sin_cantidad,3172,False,Bocinas Portátiles,,
312,presentacion,presentacion,BLSTPEG-MRT O BLSTPEG-MRT-013. VELOCIDADES 3 + 1 PULSO. BASE PLASTICO. VASO VIDRIO. COLOR NEGRA,Blstpeg-mrt o Blstpeg-mrt-013. Velocidades 3 + 1 Pulso. Base Pl?stico. Vaso Vidrio. Color Negra,sin_cantidad,3163,False,Licuadoras,,
313,presentacion,presentacion,EM 7654 BFIS2A. 30 PLGS. 6 QUEMADORES. ENCENDIDO ELECTRONICO. GRIS/ACERO,Em 7654 Bfis2a. 30 Plgs. 6 Quemadores. Encendido Electrónico. Gris/acero,sin_cantidad,3163,False,Estufas,,
314,presentacion,presentacion,KC-1100. POTENCIA 1200 WATTS,Kc-1100. Potencia 1200 Watts,sin_cantidad,3158,False,Aspiradoras,,
315,presentacion,presentacion,A18. 18 PLGS. PEDESTAL. 3 VELOCIDADES,A18. 18 Plgs. Pedestal. 3 Velocidades,sin_cantidad,3147,False,Ventiladores,,
316,presentacion,presentacion,"CK 57. CD S 1 (MP3, USB Y BLUETOOTH). POTENCIA 13200 W (PMPO)","Ck 57. Cd´s 1 (mp3, USB y Bluetooth). Potencia 13200 W (pmpo)",sin_cantidad,3108,False,Componentes de Audio,,
317,presentacion,presentacion,FV1952 O FV1952XO. VAPOR. SUELA TRUE CERAMIC GLIDE SOLEPLATE,Fv1952 o Fv1952xo. Vapor. Suela True Ceramic Glide Soleplate,sin_cantidad,3099,False,Planchas,,
318,presentacion,presentacion,TSSTTV0045 O TSSTTV0045-1MX,Tssttv0045 o Tssttv0045-1mx,sin_cantidad,3098,False,Horno Eléctrico,,
319,presentacion,presentacion,CM771D55. CAPACIDAD 14 TAZAS,Cm771d55. Capacidad 14 Tazas,sin_cantidad,3089,False,Cafeteras,,
320,presentacion,presentacion,IRBD100. VAPOR. SUELA ANTIADHERENTE,Irbd100. Vapor. Suela Antiadherente,sin_cantidad,3087,False,Planchas,,
321,presentacion,presentacion,CR018P. 18 PLGS. PARED. 3 VELOCIDADES,Cr018p. 18 Plgs. Pared. 3 Velocidades,sin_cantidad,3068,False,Ventiladores,,
322,presentacion,presentacion,OF3108MX,Of3108mx,sin_cantidad,3020,False,Horno Eléctrico,,
323,presentacion,presentacion,REDMI NOTE 14 PRO. ANDROID 14/MEMORIA INTERNA 256 GB. CAMARA 200 MP + 8 MP + 2 MP/FRONTAL 32 MP. 6.6 PLGS. MICRO SD HASTA 1 TB,Redmi Note 14 Pro. Android 14/memoria Interna 256 GB. Cámara 200 MP + 8 MP + 2 MP/frontal 32 MP. 6.6 Plgs. Micro Sd Hasta 1 TB,sin_cantidad,3010,False,Celulares,,
324,presentacion,presentacion,CKSTSM400 O CKSTSM400-013,Ckstsm400 o Ckstsm400-013,sin_cantidad,2983,False,Sandwicheras,,
325,presentacion,presentacion,PS4. GOD OF WAR RAGNAROK O CUH-2215B. 1 TB. GOD OF WAR RAGNAROK,Ps4. God Of War Ragnarok o Cuh-2215b. 1 Tb. God Of War Ragnarok,sin_cantidad,2945,False,Electrónicos de Video,,
326,presentacion,presentacion,XBOOM GO XG 7QBK O XG 7. DURACION DE BATERIA 24 H. POTENCIA 30 W,Xboom Go Xg 7qbk o Xg 7. DuRación de Bateria 24 H. Potencia 30 W,sin_cantidad,2943,False,MiniBocinas Portátiles Bluetooth,,
327,presentacion,presentacion,MH1536 GIR. 1.5 PIES CUBICOS. DORADOR. COLOR NEGRO/ESPEJO,Mh1536 Gir. 1.5 Pies Cúbicos. Dorador. Color Negro/espejo,sin_cantidad,2922,False,Horno de Microondas,,
328,presentacion,presentacion,UN 55CU7000F. 55 PLGS. LED. PUERTO USB. SMART TV,Un 55cu7000f. 55 Plgs. Led. Puerto Usb. Smart Tv.,sin_cantidad,2919,False,Pantallas,,
329,presentacion,presentacion,"EK- 3131 ND- ICHIC, 30 PLGS. 6 QUEMADORES, ENCENDIDO ELECTRONICO. COLOR NEGRO","Ek- 3131 Nd- Ichic, 30 Plgs. 6 Quemadores, Encendido Electr?nico. Color Negro",sin_cantidad,2905,False,Estufas,,
330,presentacion,presentacion,AXON 50 LITE. ANDROID 13/MEMORIA INTERNA 256 GB. CAMARA 50 MP + 2 MP + 2 MP/FRONTAL 8 MP. 6.6 PLGS. MICRO SD HASTA 1 TB,Axon 50 Lite. Android 13/memoria Interna 256 Gb. Cámara 50 Mp + 2 Mp + 2 Mp/frontal 8 Mp. 6.6 Plgs. Micro Sd Hasta 1 Tb,sin_cantidad,2869,False,Celulares,,
331,presentacion,presentacion,FPSTSM2711 O FPSTSM2711-013. PEDESTAL. 8 VELOCIDADES. TAZON ACERO INOXIDABLE,Fpstsm2711 o Fpstsm2711-013. Pedestal. 8 Velocidades. Tazón Acero Inoxidable,sin_cantidad,2867,False,Batidoras,,
332,presentacion,presentacion,SRS-XV900. USB Y BLUETOOTH. POTENCIA,Srs-xv900. USB y Bluetooth. Potencia,sin_cantidad,2785,False,Bocinas Portátiles,,
333,presentacion,presentacion,GALAXY TAB S6 LITE. SM-P620. 10.4 PLGS. MEMORIA INTERNA 128 GB. MEMORIA RAM 4 GB,Galaxy Tab S6 Lite. Sm-p620. 10.4 Plgs. Memoria Interna 128 GB. Memoria RAM 4 GB.,sin_cantidad,2781,False,Tablet,,
334,presentacion,presentacion,A 60. ANDROID 14/MEMORIA INTERNA 256 GB. CAMARA 50 MP/FRONTAL 5 MP. 6.7 PLGS. MICRO SD HASTA 1 TB,A 60. Android 14/memoria Interna 256 GB. Cámara 50 MP/frontal 5 MP. 6.7 Plgs. Micro Sd Hasta 1 TB,sin_cantidad,2777,False,Celulares,,
335,presentacion,presentacion,BVSTDC4401 O BVSTDC4401-013. CAPACIDAD 12 TAZAS,Bvstdc4401 o Bvstdc4401-013. Capacidad 12 Tazas,sin_cantidad,2722,False,Cafeteras,,
336,presentacion,presentacion,32 LQ 630 BPSA. 32 PLGS. LED. PUERTO USB. SMART TV,32 Lq 630 Bpsa. 32 Plgs. Led. Puerto Usb. Smart Tv.,sin_cantidad,2701,False,Pantallas,,
337,presentacion,presentacion,EK-3131 FD-IIRLE. 30 PLGS. 6 QUEMADORES. ENCENDIDO ELECTRONICO. COLOR ACERO,Ek-3131 Fd-iirle. 30 Plgs. 6 Quemadores. Encendido Electr?nico. Color Acero,sin_cantidad,2700,False,Estufas,,
338,presentacion,presentacion,MX-T50. USB Y BLUETOOTH. POTENCIA 500 W RMS,Mx-t50. Usb y Bluetooth. Potencia 500 W Rms,sin_cantidad,2693,False,Bocinas Portátiles,,
339,presentacion,presentacion,ZE550DMX. EXTRACTOR,Ze550dmx. Extractor,sin_cantidad,2693,False,Extractores de Jugos y Exprimidores,,
340,presentacion,presentacion,CAJA PLASTICO 12 CERAS. 52-0712,Caja Pl?stico 12 Ceras. 52-0712,sin_cantidad,2641,False,Crayones,,
341,presentacion,presentacion,FPSTJU4200 O FPSTJU4200-013. EXPRIMIDOR,Fpstju4200 o Fpstju4200-013. Exprimidor,sin_cantidad,2636,False,Extractores de Jugos y Exprimidores,,
342,presentacion,presentacion,NN-SB646S. 1.3 PIES CUBICOS. COLOR ACERO,Nn-sb646s. 1.3 Pies Cúbicos. Color Acero,sin_cantidad,2636,False,Horno de Microondas,,
343,presentacion,presentacion,SRS-XB 100. DURACION DE BATERIA 16 H,Srs-xb 100. DuRación de Bateria 16 H.,sin_cantidad,2601,False,MiniBocinas Portátiles Bluetooth,,
344,presentacion,presentacion,TAB M10. 10 PLGS. MEMORIA INTERNA 64 GB. MEMORIA RAM 4 GB,Tab M10. 10 Plgs. Memoria Interna 64 Gb. Memoria Ram 4 Gb.,sin_cantidad,2563,False,Tablet,,
345,presentacion,presentacion,BLADE V 50 SMART. ANDROID 13/MEMORIA INTERNA 128 GB. CAMARA 50 MP + 2 MP/FRONTAL 5 MP. 6.6 PLGS. MICRO SD HASTA 1 TB,Blade V 50 Smart. Android 13/memoria Interna 128 Gb. Cámara 50 Mp + 2 Mp/frontal 5 Mp. 6.6 Plgs. Micro Sd Hasta 1 Tb,sin_cantidad,2562,False,Celulares,,
346,presentacion,presentacion,GALAXY A06. ANDROID 14/MEMORIA INTERNA 64 GB. CAMARA 50 MP + 2 MP/FRONTAL 8 MP. 6.7 PLGS. MICRO SD HASTA 1 TB,Galaxy A06. Android 14/memoria Interna 64 GB. Cámara 50 MP + 2 MP/frontal 8 MP. 6.7 Plgs. Micro Sd Hasta 1 TB,sin_cantidad,2559,False,Celulares,,
347,presentacion,presentacion,"RS 28 T5 B00B1 (NEGRO). 798 DM3. 2 PUERTAS, VERTICALES. DESHIELO AUTOMATICO DE DURACION LARGA","Rs 28 T5 B00b1 (Negro). 798 Dm3. 2 Puertas, Verticales. Deshielo Automático de Duración Larga",sin_cantidad,2554,False,Refrigeradores,,
348,presentacion,presentacion,"LM 65 BGS (ACERO). 712 DM3. 3 PUERTAS, 2 VERTICALES Y 1 HORIZONTAL. DESHIELO AUTOMATICO AJUSABLE","Lm 65 Bgs (acero). 712 Dm3. 3 Puertas, 2 Verticales y 1 Horizontal. Deshielo Automático Ajusable",sin_cantidad,2530,False,Refrigeradores,,
349,presentacion,presentacion,FPSTHB2615R O FPSTHB2615R-013. DE INMERSION. VELOCIDAD VARIABLE. SIN TAZON,Fpsthb2615r o Fpsthb2615r-013. de Inmersi?n. Velocidad Variable. Sin Taz?n,sin_cantidad,2502,False,Batidoras,,
350,presentacion,presentacion,EOS REBEL SL3. MEGAPIXELES 24.1. LENTE ZOOM 18-55 MM,Eos Rebel Sl3. Megapixeles 24.1. Lente Zoom 18-55 Mm,sin_cantidad,2482,False,Cámaras Digitales,,
351,presentacion,presentacion,MX9125-OWDLA. VERTICAL Y MANUAL 5 VELOCIDADES + 1 TURBO. TAZON PLASTICO,Mx9125-owdla. Vertical y Manual 5 Velocidades + 1 Turbo. Taz?n Pl?stico,sin_cantidad,2480,False,Batidoras,,
352,presentacion,presentacion,AME8114ST. 1.1 PIES CUBICOS. COLOR NEGRO/GRIS ACERO,Ame8114st. 1.1 Pies Cúbicos. Color Negro/gris Acero,sin_cantidad,2476,False,Horno de Microondas,,
353,presentacion,presentacion,SKM-900 NI. KITCHEN MAGIC COLLECTION,Skm-900 Ni. Kitchen Magic Collection,sin_cantidad,2464,False,Sandwicheras,,
354,presentacion,presentacion,EM 5045 CAIS0A O CAIS0B. 20 PLGS. 4 QUEMADORES. ENCENDIDO ELECTRONICO. COLOR GRIS/ACERO,Em 5045 Cais0a o Cais0b. 20 Plgs. 4 Quemadores. Encendido Electrónico. Color Gris/acero,sin_cantidad,2463,False,Estufas,,
355,presentacion,presentacion,AZUL LISO. TALLA 6-10 (BOXER. RESORTE EN PRETINA),Azul Liso. Talla 6-10 (Boxer. Resorte en Pretina),sin_cantidad,2453,False,Pantalón Escuela Oficial,,
356,presentacion,presentacion,SM24530,Sm24530,sin_cantidad,2413,False,Sandwicheras,,
357,presentacion,presentacion,EM 5022 BAPN1A. FRENTE 20 PLGS. 4 QUEMADORES. ENCENDIDO MANUAL. COLOR NEGRO,Em 5022 Bapn1a. Frente 20 Plgs. 4 Quemadores. Encendido Manual. Color Negro,sin_cantidad,2412,False,Estufas,,
358,presentacion,presentacion,N 0663 O N 0662 O C.B. 63898. MI PRIMERA MUNECA,N 0663 o N 0662 o C.b. 63898. Mi Primera Muñeca,sin_cantidad,2389,False,Muñecas,,
359,presentacion,presentacion,75 UR 8750 PSA. 75 PLGS. LED. PUERTO USB. SMART TV,75 Ur 8750 Psa. 75 Plgs. Led. Puerto Usb. Smart Tv.,sin_cantidad,2385,False,Pantallas,,
360,presentacion,presentacion,LRGL 5841 S. FRENTE 30 PLGS. 5 QUEMADORES. ENCENDIDO ELECTRONICO. COLOR ACERO,Lrgl 5841 S. Frente 30 Plgs. 5 Quemadores. Encendido Electr?nico. Color Acero,sin_cantidad,2376,False,Estufas,,
361,presentacion,presentacion,H9447. PEQUENO SNOOPY,H9447. Pequeño Snoopy,sin_cantidad,2364,False,Juguetes de Destreza,,
362,presentacion,presentacion,AZUL LISO. TALLA 12-16 (BOXER. RESORTE EN PRETINA),Azul Liso. Talla 12-16 (Boxer. Resorte en Pretina),sin_cantidad,2361,False,Pantalón Escuela Oficial,,
363,presentacion,presentacion,DPN22. TELEFONO PARLANCHIN,Dpn22. Teléfono Parlanchín,sin_cantidad,2359,False,Juguetes de Destreza,,
364,presentacion,presentacion,BLST3A-R2G O BLST3A-R2G-013. VELOCIDADES 2 (AUTOMATICO) 3+2 PULSO (MANUAL). BASE PLASTICO. VASO VIDRIO. COLOR ROJA,Blst3a-r2g o Blst3a-r2g-013. Velocidades 2 (automatico) 3+2 Pulso (manual). Base Plástico. Vaso Vidrio. Color Roja,sin_cantidad,2338,False,Licuadoras,,
365,presentacion,presentacion,HERO 13 BLACK. CHDHX-131-RW. FORMATO MICRO SD. PUERTO USB,Hero 13 Black. Chdhx-131-rw. Formato Micro Sd. Puerto USB,sin_cantidad,2326,False,Videocámaras,,
366,presentacion,presentacion,UN 75CU7000F. 75 PLGS. LED. PUERTO USB. SMART TV,Un 75cu7000f. 75 Plgs. LED. Puerto USB. Smart TV.,sin_cantidad,2323,False,Pantallas,,
367,presentacion,presentacion,98831. TWISTER ¡EL JUEGO CLASICO AHORA TIENE 2 NUEVOS MOVIMIENTOS! O ¡EL LOCO JUEGO QUE TE RETUERCE!,98831. Twister ¡el Juego Clásico Ahora Tiene 2 Nuevos Movimientos! o ¡el Loco Juego Que Te Retuerce!,sin_cantidad,2320,False,Juegos de Mesa,,
368,presentacion,presentacion,TKM-800 IN,Tkm-800 In,sin_cantidad,2315,False,Tostadores de Pan,,
369,presentacion,presentacion,75A65NV. 75 PLGS. LED. PUERTO USB. SMART TV,75a65nv. 75 Plgs. LED. Puerto USB. Smart TV.,sin_cantidad,2309,False,Pantallas,,
370,presentacion,presentacion,HERO 12 BLACK. CHDHX-121-RW. FORMATO MICRO SD. PUERTO USB,Hero 12 Black. Chdhx-121-rw. Formato Micro Sd. Puerto USB,sin_cantidad,2307,False,Videocámaras,,
371,presentacion,presentacion,14-EM0017LA. LAPTOP (GRIS). AMD RYZEN 5/WINDOWS 11. DISCO DURO 512 GB SSD/MEMORIA RAM 8 GB. 14 PLGS,14-em0017la. Laptop (Gris). Amd Ryzen 5/windows 11. Disco Duro 512 Gb Ssd/memoria Ram 8 Gb. 14 Plgs.,sin_cantidad,2265,False,Computadoras Portátiles,,
372,presentacion,presentacion,CMY09. XILOFONO CLASICO,Cmy09. Xilófono Clásico,sin_cantidad,2262,False,Juguetes de Destreza,,
373,presentacion,presentacion,F7697. DESTREZA,F7697. Destreza,sin_cantidad,2257,False,Juegos de Mesa,,
374,presentacion,presentacion,GALAXY A 04. ANDROID 12/MEMORIA INTERNA 32 GB. CAMARA 50 MP + 2 MP/FRONTAL 5 MP. 6.5 PLGS. MICRO SD HASTA 1 TB,Galaxy a 04. Android 12/memoria Interna 32 Gb. Cámara 50 Mp + 2 Mp/frontal 5 Mp. 6.5 Plgs. Micro Sd Hasta 1 Tb,sin_cantidad,2246,False,Celulares,,
375,presentacion,presentacion,BLSTXPG-BW O BLSTXPG-BW-013. VELOCIDADES 3+2 PULSO. BASE METAL. VASO VIDRIO. COLOR GRIS,Blstxpg-bw o Blstxpg-bw-013. Velocidades 3+2 Pulso. Base Metal. Vaso Vidrio. Color Gris,sin_cantidad,2240,False,Licuadoras,,
376,presentacion,presentacion,EM 7647 BSIS1A O BSI2A. 30 PLGS. 6 QUEMADORES. ENCENDIDO MANUAL. ACERO,Em 7647 Bsis1a o Bsi2a. 30 Plgs. 6 Quemadores. Encendido Manual. Acero,sin_cantidad,2200,False,Estufas,,
377,presentacion,presentacion,TIPO POLO. TALLA 4-10 (100% ALGODON),Tipo Polo. Talla 4-10 (100% Algodón),sin_cantidad,2189,False,Playera Blanca,,
378,presentacion,presentacion,HB2B38MX. DE INMERSION. 2 VELOCIDADES. SIN TAZON,Hb2b38mx. de Inmersi?n. 2 Velocidades. Sin Taz?n,sin_cantidad,2180,False,Batidoras,,
379,presentacion,presentacion,GCSTEP2501 O GCSTEP2501-013. VAPOR. SUELA CERAMICA,Gcstep2501 o Gcstep2501-013. Vapor. Suela Cerámica,sin_cantidad,2161,False,Planchas,,
380,presentacion,presentacion,SW610052 O 8711 S1,Sw610052 o 8711 S1,sin_cantidad,2155,False,Sandwicheras,,
381,presentacion,presentacion,56208. 5 FUNCIONES. BASE ACERO INOXIDABLE. VASO VIDRIO. COLOR GRIS,56208. 5 Funciones. Base Acero Inoxidable. Vaso Vidrio. Color Gris,sin_cantidad,2147,False,Licuadoras,,
382,presentacion,presentacion,X BOX. SERIES S. 1 TB SSD. SIN JUEGO INCLUIDO,X Box. Series S. 1 TB SSD. Sin Juego Incluido,sin_cantidad,2143,False,Electrónicos de Video,,
383,presentacion,presentacion,TIPO POLO. TALLA 12-18 (100% ALGODON),Tipo Polo. Talla 12-18 (100% Algodón),sin_cantidad,2138,False,Playera Blanca,,
384,presentacion,presentacion,EK-6131 GC-MCHNL. FRENTE 30 PLGS. 6 QUEMADORES. ENCENDIDO ELECTRONICO. COLOR NEGRO,Ek-6131 Gc-mchnl. Frente 30 Plgs. 6 Quemadores. Encendido Electr?nico. Color Negro,sin_cantidad,2129,False,Estufas,,
385,presentacion,presentacion,"SK1D. BLUETOOTH, USB. POTENCIA 100 W. SONIDO 2.1","Sk1d. Bluetooth, Usb. Potencia 100 W. Sonido 2.1",sin_cantidad,2126,False,Barra de Sonido,,
386,presentacion,presentacion,SMART TAB M8 O M8 TB-8505FS. 8 PLGS. MEMORIA INTERNA 32 GB. MEMORIA RAM 2 GB,Smart Tab M8 o M8 Tb-8505fs. 8 Plgs. Memoria Interna 32 Gb. Memoria Ram 2 Gb.,sin_cantidad,2125,False,Tablet,,
387,presentacion,presentacion,"GT 35 BP (SILVER). 315 DM3. 2 PUERTAS, HORIZONTAL Y VERTICAL. DESHIELO AUTOMATICO AJUSTABLE","Gt 35 Bp (Silver). 315 Dm3. 2 Puertas, Horizontal y Vertical. Deshielo Automático Ajustable",sin_cantidad,2111,False,Refrigeradores,,
388,presentacion,presentacion,DRB23. TAMBOR CANTA CONMIGO,Drb23. Tambor Canta Conmigo,sin_cantidad,2110,False,Juguetes Educativos,,
389,presentacion,presentacion,EK-501 FN. 30 PLGS. 6 QUEMADORES. ENCENDIDO ELECTRONICO. COLOR NEGRO/ACERO,Ek-501 Fn. 30 Plgs. 6 Quemadores. Encendido Electrónico. Color Negro/acero,sin_cantidad,2109,False,Estufas,,
390,presentacion,presentacion,WFR 3300 D00. FRENTE 30 PLGS. 6 QUEMADORES. ENCENDIDO ELECTRONICO. COLOR ACERO,Wfr 3300 D00. Frente 30 Plgs. 6 Quemadores. Encendido Electrónico. Color Acero,sin_cantidad,2099,False,Estufas,,
391,presentacion,presentacion,50A6KV. 50 PLGS. LED. PUERTO USB. SMART TV,50a6kv. 50 Plgs. Led. Puerto Usb. Smart Tv.,sin_cantidad,2091,False,Pantallas,,
392,presentacion,presentacion,DRG16. MONSTRUO PRESIONA Y PERSIGUE,Drg16. Monstruo Presiona y Persigue,sin_cantidad,2089,False,Juguetes de Destreza,,
393,presentacion,presentacion,C1009. MONOPOLY,C1009. Monopoly,sin_cantidad,2087,False,Juegos de Mesa,,
394,presentacion,presentacion,C.B. 006600. EL ORIGINAL TURISTA MUNDIAL,C.b. 006600. el Original Turista Mundial,sin_cantidad,2084,False,Juegos de Mesa,,
395,presentacion,presentacion,IDEAPAD SLIM 3 15IAN8. 82XB0007LM. LAPTOP (AZUL). INTEL CORE I3/WINDOWS 11. DISCO DURO 256 GB SSD/MEMORIA RAM 8 GB. 15.6 PLGS,Ideapad Slim 3 15ian8. 82xb0007lm. Laptop (Azul). Intel Core I3/windows 11. Disco Duro 256 Gb Ssd/memoria Ram 8 Gb. 15.6 Plgs.,sin_cantidad,2071,False,Computadoras Portátiles,,
396,presentacion,presentacion,"LM 65 BGSK (ACERO). 712 DM3. 3 PUERTAS, 2 VERTICALES Y 1 HORIZONTAL. DESHIELO AUTOMATICO AJUSTABLE","Lm 65 Bgsk (acero). 712 Dm3. 3 Puertas, 2 Verticales y 1 Horizontal. Deshielo Automático Ajustable",sin_cantidad,2068,False,Refrigeradores,,
397,presentacion,presentacion,EOS REBEL T8I. MEGAPIXELES 24.1. LENTE ZOOM 18-55 MM,Eos Rebel T8i. Megapixeles 24.1. Lente Zoom 18-55 Mm,sin_cantidad,2044,False,Cámaras Digitales,,
398,presentacion,presentacion,SRS-XV500. USB Y BLUETOOTH,Srs-xv500. USB y Bluetooth,sin_cantidad,2026,False,Bocinas Portátiles,,
399,presentacion,presentacion,"GB 22 BGS (ACERO). 617.3 DM3. 2 PUERTAS, HORIZONTAL Y VERTICAL. DESHIELO AUTOMATICO AJUSTABLE","GB 22 Bgs (acero). 617.3 Dm3. 2 Puertas, Horizontal y Vertical. Deshielo Automático Ajustable",sin_cantidad,2024,False,Refrigeradores,,
400,presentacion,presentacion,CM1231S-LA. CAPACIDAD 12 TAZAS,Cm1231s-la. Capacidad 12 Tazas,sin_cantidad,2020,False,Cafeteras,,
401,presentacion,presentacion,AME0114MB. 1.1 PIES CUBICOS. DORADOR. COLOR NEGRO/ESPEJO,Ame0114mb. 1.1 Pies Cúbicos. Dorador. Color Negro/espejo,sin_cantidad,2015,False,Horno de Microondas,,
402,presentacion,presentacion,HT3121MX. PEDESTAL Y MANUAL. 5+TURBO VELOCIDADES. TAZON ACERO INOXIDABLE,Ht3121mx. Pedestal y Manual. 5+turbo Velocidades. Tazón Acero Inoxidable,sin_cantidad,2012,False,Batidoras,,
403,presentacion,presentacion,A 2120. JENGA CLASICO,A 2120. Jenga Clásico,sin_cantidad,1999,False,Juegos de Mesa,,
404,presentacion,presentacion,PS5. ASTRO BOT-GRAN TURISMO 7. 825 GB. ASTRO BOT-GRAN TURISMO 7. DESCARGA DIGITAL,Ps5. Astro Bot-gran Turismo 7. 825 GB. Astro Bot-gran Turismo 7. Descarga Digital,sin_cantidad,1979,False,Electrónicos de Video,,
405,presentacion,presentacion,43 UA 7500 PSA. 43 PLGS. LED. PUERTO USB. SMART TV,43 Ua 7500 Psa. 43 Plgs. LED. Puerto USB. Smart TV.,sin_cantidad,1963,False,Pantallas,,
406,presentacion,presentacion,EM 7620 BAIS0A O BAIS0B O BAIS1A. 30 PLGS. 6 QUEMADORES. ENCENDIDO MANUAL. COLOR GRIS/ACERO,Em 7620 Bais0a o Bais0b o Bais1a. 30 Plgs. 6 Quemadores. Encendido Manual. Color Gris/acero,sin_cantidad,1960,False,Estufas,,
407,presentacion,presentacion,UN 43DU7000F. 43 PLGS. CRYSTAL. PUERTO USB. SMART TV,Un 43du7000f. 43 Plgs. Crystal. Puerto USB. Smart TV.,sin_cantidad,1960,False,Pantallas,,
408,presentacion,presentacion,MH 1596 DIR. 1.5 PIES CUBICOS. DORADOR. COLOR NEGRO/ESPEJO,Mh 1596 Dir. 1.5 Pies C?bicos. Dorador. Color Negro/espejo,sin_cantidad,1953,False,Horno de Microondas,,
409,presentacion,presentacion,E0884. PULGAS LOCAS,E0884. Pulgas Locas,sin_cantidad,1952,False,Juegos de Mesa,,
410,presentacion,presentacion,XBOOM GRAB. DURACION DE BATERIA 20 H. POTENCIA 30 W,Xboom Grab. DuRación de Bateria 20 H. Potencia 30 W,sin_cantidad,1942,False,MiniBocinas Portátiles Bluetooth,,
411,presentacion,presentacion,PS5. SLIM. O CFI-2015. 1 TB. SIN JUEGO INCLUIDO. INCLUYE LECTOR DE DISCO,Ps5. Slim. o Cfi-2015. 1 Tb. Sin Juego Incluido. Incluye Lector de Disco,sin_cantidad,1938,False,Electrónicos de Video,,
412,presentacion,presentacion,CAJA 6 CERAS. ESTANDAR. 52-3006,Caja 6 Ceras. Estandar. 52-3006,sin_cantidad,1912,False,Crayones,,
413,presentacion,presentacion,AFR 4010 B00. 30 PLGS. 6 QUEMADORES. ENCENDIDO MANUAL. COLOR NEGRO/ACERO,Afr 4010 B00. 30 Plgs. 6 Quemadores. Encendido Manual. Color Negro/acero,sin_cantidad,1907,False,Estufas,,
414,presentacion,presentacion,KOS-1N1WW. 1.1 PIES CUBICOS. COLOR BLANCO,Kos-1n1ww. 1.1 Pies Cúbicos. Color Blanco,sin_cantidad,1879,False,Horno de Microondas,,
415,presentacion,presentacion,"RS 27 T5200 S9 (SILVER). 778 DM3. 2 PUERTAS, VERTICALES. DESHIELO AUTOMATICO AJUSTABLE","Rs 27 T5200 S9 (silver). 778 Dm3. 2 Puertas, Verticales. Deshielo Automático Ajustable",sin_cantidad,1875,False,Refrigeradores,,
416,presentacion,presentacion,ASST. E 8716. BABY ALIVE. BEBE CHAPOTEOS Y ABRAZOS,Asst. e 8716. Baby Alive. Bebé Chapoteos y Abrazos,sin_cantidad,1872,False,Muñecas,,
417,presentacion,presentacion,55U6H. 55 PLGS. ULED. PUERTO USB. SMART TV,55u6h. 55 Plgs. Uled. Puerto Usb. Smart Tv.,sin_cantidad,1860,False,Pantallas,,
418,presentacion,presentacion,FV 1950 O FV 1950 X0. VAPOR. SUELA CERAMICA,Fv 1950 o Fv 1950 X0. Vapor. Suela Cerámica,sin_cantidad,1858,False,Planchas,,
419,presentacion,presentacion,WD 16 SG2S6. 16/8 KG. TAMBOR. CENTRIFUGADO Y SECADO. COLOR PLATA,Wd 16 Sg2s6. 16/8 Kg. Tambor. Centrifugado y Secado. Color Plata,cantidades_alternativas,1856,False,Lavadoras,kg,16.0
420,presentacion,presentacion,DLH 74. LIBRO ABC DE PERRITO,Dlh 74. Libro Abc de Perrito,sin_cantidad,1852,False,Juguetes Educativos,,
421,presentacion,presentacion,HERO 4K. CHDHF-131-AT. FORMATO MICRO SD. PUERTO USB,Hero 4k. Chdhf-131-at. Formato Micro Sd. Puerto USB,sin_cantidad,1852,False,Videocámaras,,
422,presentacion,presentacion,CDC22. CLASIFICADOR DE BLOQUES DE MARIPOSA,Cdc22. Clasificador de Bloques de Mariposa,sin_cantidad,1848,False,Juguetes de Destreza,,
423,presentacion,presentacion,GFX 33. PERRITO. PIANO SONIDOS DIVERTIDOS,Gfx 33. Perrito. Piano Sonidos Divertidos,sin_cantidad,1848,False,Juguetes Educativos,,
424,presentacion,presentacion,FREAL 0013. 13 PLGS. PISO. 3 VELOCIDADES,Freal 0013. 13 Plgs. Piso. 3 Velocidades,sin_cantidad,1844,False,Ventiladores,,
425,presentacion,presentacion,FLIP 7. DURACION DE BATERIA 16 H. POTENCIA 35 W,Flip 7. DuRación de Bateria 16 H. Potencia 35 W,sin_cantidad,1831,False,MiniBocinas Portátiles Bluetooth,,
426,presentacion,presentacion,MS 32DG4504 AT. 1.1 PIES CUBICOS. COLOR NEGRO/ACERO,Ms 32dg4504 At. 1.1 Pies Cúbicos. Color Negro/acero,sin_cantidad,1828,False,Horno de Microondas,,
427,presentacion,presentacion,FPSTSM3711 O FPSTSM3711-013. PEDESTAL. 12 VELOCIDADES. TAZON ACERO INOXIDABLE,Fpstsm3711 o Fpstsm3711-013. Pedestal. 12 Velocidades. Tazón Acero Inoxidable,sin_cantidad,1823,False,Batidoras,,
428,presentacion,presentacion,C.B. 06501. 100 MEXICANOS DIJERON,C.b. 06501. 100 Mexicanos Dijeron,sin_cantidad,1794,False,Juegos de Mesa,,
429,presentacion,presentacion,FFC84. PRIMEROS BLOQUES DEL BEBE,Ffc84. Primeros Bloques del Bebé,sin_cantidad,1783,False,Juguetes de Destreza,,
430,presentacion,presentacion,ART. 700013573. NENUCO. (2 FUNCIONES),Art. 700013573. Nenuco. (2 Funciones),sin_cantidad,1757,False,Muñecas Eléctricas,,
431,presentacion,presentacion,43 S 454. 43 PLGS. LED. PUERTO USB. SMART TV,43 S 454. 43 Plgs. Led. Puerto Usb. Smart Tv.,sin_cantidad,1753,False,Pantallas,,
432,presentacion,presentacion,W4472. TAZAS DE ACTIVIDADES,W4472. Tazas de Actividades,sin_cantidad,1750,False,Juguetes Educativos,,
433,presentacion,presentacion,C.B. 00658. RUMMY,C.b. 00658. Rummy,sin_cantidad,1744,False,Juegos de Mesa,,
434,presentacion,presentacion,TAB M11. TB330FU. 11 PLGS. MEMORIA INTERNA 128 GB. MEMORIA RAM 8 GB,Tab M11. Tb330fu. 11 Plgs. Memoria Interna 128 GB. Memoria RAM 8 GB.,sin_cantidad,1739,False,Tablet,,
435,presentacion,presentacion,55 S 454. 55 PLGS. LED. PUERTO USB. SMART TV,55 S 454. 55 Plgs. Led. Puerto Usb. Smart Tv.,sin_cantidad,1722,False,Pantallas,,
436,presentacion,presentacion,BHT35. LLAVES APRENDE CONMIGO,Bht35. Llaves Aprende Conmigo,sin_cantidad,1720,False,Juguetes Educativos,,
437,presentacion,presentacion,CGN63. CEBRA BLOQUES DE ACTIVIDADES,Cgn63. Cebra Bloques de Actividades,sin_cantidad,1711,False,Juguetes de Destreza,,
438,presentacion,presentacion,F1259. PLAY-DOH. EL DENTISTA BROMISTA,F1259. Play-doh. el Dentista Bromista,sin_cantidad,1706,False,Varios,,
439,presentacion,presentacion,43A6KV. 43 PLGS. LED. PUERTO USB. SMART TV,43a6kv. 43 Plgs. Led. Puerto Usb. Smart Tv.,sin_cantidad,1705,False,Pantallas,,
440,presentacion,presentacion,GF 22 WGS (ACERO). 612 DM3. 3 PUERTAS 1 HORIZONTAL Y 2 VERTICALES. DESHIELO AUTOMATICO AJUSTABLE,Gf 22 Wgs (acero). 612 Dm3. 3 Puertas 1 Horizontal y 2 Verticales. Deshielo Automático Ajustable,sin_cantidad,1694,False,Refrigeradores,,
441,presentacion,presentacion,WM2000S-LA,Wm2000s-la,sin_cantidad,1688,False,Sandwicheras,,
442,presentacion,presentacion,REDMI NOTE 13. ANDROID 13/MEMORIA INTERNA 256 GB. CAMARA 108 MP + 8 MP + 2 MP/FRONTAL 16 MP. 6.6 PLGS. MICRO SD HASTA 1 TB,Redmi Note 13. Android 13/memoria Interna 256 Gb. Cámara 108 Mp + 8 Mp + 2 Mp/frontal 16 Mp. 6.6 Plgs. Micro Sd Hasta 1 Tb,sin_cantidad,1685,False,Celulares,,
443,presentacion,presentacion,1 PLIEGO. CARTULINA,1 Pliego. Cartulina,sin_cantidad,1674,False,Pliegos de Papel,,
444,presentacion,presentacion,BLSTPBTG O BLSTPBTG-013. VELOCIDADES 1 + 1 PULSO. BASE METAL. VASO VIDRIO. COLOR ACERO INOXIDABLE,Blstpbtg o Blstpbtg-013. Velocidades 1 + 1 Pulso. Base Metal. Vaso Vidrio. Color Acero Inoxidable,sin_cantidad,1668,False,Licuadoras,,
445,presentacion,presentacion,SILENT POWER. 18 PLGS. PEDESTAL. 3 VELOCIDADES,Silent Power. 18 Plgs. Pedestal. 3 Velocidades,sin_cantidad,1658,False,Ventiladores,,
446,presentacion,presentacion,85A6N. 85 PLGS. LED. PUERTO USB. SMART TV,85a6n. 85 Plgs. LED. Puerto USB. Smart TV.,sin_cantidad,1642,False,Pantallas,,
447,presentacion,presentacion,Y8652. TORTUGA DE APRENDIZAJE,Y8652. Tortuga de Aprendizaje,sin_cantidad,1642,False,Juguetes Educativos,,
448,presentacion,presentacion,F5820 O F5817 AST. BABY ALIVE. SUENO Y ABRAZOS,F5820 o F5817 Ast. Baby Alive. Sueño y Abrazos,sin_cantidad,1638,False,Muñecas,,
449,presentacion,presentacion,62695V. MANUAL. 6 VELOCIDADES. SIN TAZON,62695v. Manual. 6 Velocidades. Sin Tazón,sin_cantidad,1631,False,Batidoras,,
450,presentacion,presentacion,HTN81. CITY. PIZZA SLAM. ATAQUE DE COBRA,Htn81. City. Pizza Slam. Ataque de Cobra,sin_cantidad,1628,False,Autopistas,,
451,presentacion,presentacion,DCH55. BIG BUILDING BAG 60 BLOCKS (AZUL),Dch55. Big Building Bag 60 Blocks (azul),sin_cantidad,1625,False,Juguetes Armables,,
452,presentacion,presentacion,HGW97. MI PRIMERA LAPTOP DE APRENDIZAJE,Hgw97. Mi Primera Laptop de Aprendizaje,sin_cantidad,1614,False,Juguetes Educativos,,
453,presentacion,presentacion,MX9125-1BDLA. VERTICAL Y MANUAL 5 VELOCIDADES + 1 TURBO. TAZON ACERO INOXIDABLE,Mx9125-1bdla. Vertical y Manual 5 Velocidades + 1 Turbo. Taz?n Acero Inoxidable,sin_cantidad,1614,False,Batidoras,,
454,presentacion,presentacion,MMDHF16S2SS. 1.6 PIES CUBICOS. COLOR NEGRO/ACERO,Mmdhf16s2ss. 1.6 Pies C?bicos. Color Negro/acero,sin_cantidad,1613,False,Horno de Microondas,,
455,presentacion,presentacion,FHP38. BI BOT O BEL BOT. BAILA CONMIGO,Fhp38. Bi Bot o Bel Bot. Baila Conmigo,sin_cantidad,1610,False,Juguetes de Destreza,,
456,presentacion,presentacion,TO4315SS-LA,To4315ss-la,sin_cantidad,1603,False,Horno Eléctrico,,
457,presentacion,presentacion,CCP76. LABORATORIO CIENTIFICO,Ccp76. Laboratorio Científico,sin_cantidad,1598,False,Autopistas,,
458,presentacion,presentacion,JES 14 W. 1.4 PIES CUBICOS. COLOR BLANCO/ESPEJO,Jes 14 W. 1.4 Pies C?bicos. Color Blanco/espejo,sin_cantidad,1586,False,Horno de Microondas,,
459,presentacion,presentacion,"GF 22 BGSK (SILVER). 618 DM3. 3 PUERTAS, 2 VERTICALES Y 1 HORIZONTAL. DESHIELO AUTOMATICO AJUSTABLE","Gf 22 Bgsk (Silver). 618 Dm3. 3 Puertas, 2 Verticales y 1 Horizontal. Deshielo Automático Ajustable",sin_cantidad,1583,False,Refrigeradores,,
460,presentacion,presentacion,PARTYBOX 110. USB Y BLUETOOTH. POTENCIA 160 W RMS,Partybox 110. Usb y Bluetooth. Potencia 160 W Rms,sin_cantidad,1583,False,Bocinas Portátiles,,
461,presentacion,presentacion,SRS-XE 200. DURACION DE BATERIA 16 H,Srs-xe 200. Duración de Bateria 16 H,sin_cantidad,1575,False,Minibocinas Portátiles Bluetooth,,
462,presentacion,presentacion,TABLEADA CON BOTON Y CIERRE. AZUL MARINO. TALLA 6-10,Tableada con Boton y Cierre. Azul Marino. Talla 6-10,sin_cantidad,1572,False,Falda Escuela Oficial,,
463,presentacion,presentacion,UN 70DU7000F. 70 PLGS. CRYSTAL. PUERTO USB. SMART TV,Un 70du7000f. 70 Plgs. Crystal. Puerto Usb. Smart Tv.,sin_cantidad,1569,False,Pantallas,,
464,presentacion,presentacion,F6420. CLUE. EL CLASICO JUEGO DE MISTERIO,F6420. Clue. el Clásico Juego de Misterio,sin_cantidad,1566,False,Juegos de Mesa,,
465,presentacion,presentacion,VE7752XO. 18 PLGS. PEDESTAL. 4 VELOCIDADES,Ve7752xo. 18 Plgs. Pedestal. 4 Velocidades,sin_cantidad,1563,False,Ventiladores,,
466,presentacion,presentacion,DMC44. TREN ANIMALES DIVERTIDOS,Dmc44. Tren Animales Divertidos,sin_cantidad,1554,False,Juguetes de Destreza,,
467,presentacion,presentacion,55 UA 7500 PSA. 55 PLGS. LED. PUERTO USB. SMART TV,55 Ua 7500 Psa. 55 Plgs. LED. Puerto USB. Smart TV.,sin_cantidad,1548,False,Pantallas,,
468,presentacion,presentacion,GKW58. PILA DE ARITOS,Gkw58. Pila de Aritos,sin_cantidad,1532,False,Juguetes de Destreza,,
469,presentacion,presentacion,TABLEADA CON BOTON Y CIERRE. AZUL MARINO. TALLA 12-16,Tableada con Boton y Cierre. Azul Marino. Talla 12-16,sin_cantidad,1528,False,Falda Escuela Oficial,,
470,presentacion,presentacion,MX1500W. MANUAL. 5 VELOCIDADES. SIN TAZON,Mx1500w. Manual. 5 Velocidades. Sin Tazon,sin_cantidad,1526,False,Batidoras,,
471,presentacion,presentacion,CHARGE ESSENTIAL 2. DURACION DE BATERIA 20 H. POTENCIA 40 W,Charge Essential 2. DuRación de Bateria 20 H. Potencia 40 W,sin_cantidad,1524,False,MiniBocinas Portátiles Bluetooth,,
472,presentacion,presentacion,B2176. OPERANDO,B2176. Operando,sin_cantidad,1520,False,Juegos de Mesa,,
473,presentacion,presentacion,E 7333. MARVEL. SPIDERMAN,E 7333. Marvel. Spiderman,sin_cantidad,1511,False,Muñecos,,
474,presentacion,presentacion,EM 7657 CSIS1A O CSIS2A O CSIS1C O CSIS1C. 30 PLGS. 6 QUEMADORES. ENCENDIDO ELECTRONICO. COLOR GRIS/ACERO,Em 7657 Csis1a o Csis2a o Csis1c o Csis1c. 30 Plgs. 6 Quemadores. Encendido Electrónico. Color Gris/acero,sin_cantidad,1508,False,Estufas,,
475,presentacion,presentacion,"RMT 510 RX (MRX0) (ACERO). 513.12 DM3. 2 PUERTAS, HORIZONTAL Y VERTICAL. DESHIELO AUTOMATICO AJUSTABLE","Rmt 510 Rx (mrx0) (acero). 513.12 Dm3. 2 Puertas, Horizontal y Vertical. Deshielo Automático Ajustable",sin_cantidad,1499,False,Refrigeradores,,
476,presentacion,presentacion,HKT92. BARBIE. BANO DE CONFETI,Hkt92. Barbie. Baño de Confeti,sin_cantidad,1489,False,Muñecas,,
477,presentacion,presentacion,15-FD0026LA. LAPTOP (GRIS). INTEL CORE I3/WINDOWS 11. DISCO DURO 512 GB SSD/MEMORIA RAM 8 GB. 15.6 PLGS,15-fd0026la. Laptop (gris). Intel Core I3/windows 11. Disco Duro 512 GB SSD/memoria RAM 8 GB. 15.6 Plgs.,sin_cantidad,1488,False,Computadoras Portátiles,,
478,presentacion,presentacion,MOTO E 32. ANDROID 11.0/MEMORIA INTERNA 64 GB. CAMARA 12 MP + 2 MP + 2 MP/ FRONTAL 8 MP. 6.5 PLGS. MICRO SD HASTA 1 TB,Moto e 32. Android 11.0/memoria Interna 64 Gb. Camara 12 Mp + 2 Mp + 2 Mp/ Frontal 8 Mp. 6.5 Plgs. Micro Sd Hasta 1 Tb,sin_cantidad,1452,False,Celulares,,
479,presentacion,presentacion,VE2910XO. 18 PLGS. PEDESTAL. 3 VELOCIDADES,Ve2910xo. 18 Plgs. Pedestal. 3 Velocidades,sin_cantidad,1452,False,Ventiladores,,
480,presentacion,presentacion,PLIEGO. PAPEL LUSTRE. VARIOS COLORES,Pliego. Papel Lustre. Varios Colores,sin_cantidad,1447,False,Pliegos de Papel,,
481,presentacion,presentacion,TAB M10 PLUS. 10.1 PLGS. MEMORIA INTERNA 128 GB. MEMORIA RAM 4 GB,Tab M10 Plus. 10.1 Plgs. Memoria Interna 128 Gb. Memoria Ram 4 Gb.,sin_cantidad,1420,False,Tablet,,
482,presentacion,presentacion,GALAXY TAB A9+. SM-X210. 11 PLGS. MEMORIA INTERNA 128 GB. MEMORIA RAM 8 GB,Galaxy Tab A9+. Sm-x210. 11 Plgs. Memoria Interna 128 GB. Memoria RAM 8 GB.,sin_cantidad,1417,False,Tablet,,
483,presentacion,presentacion,MH 1536 GIR. 1.5 PIES CUBICOS. DORADOR. COLOR NEGRO/ESPEJO,Mh 1536 Gir. 1.5 Pies C?bicos. Dorador. Color Negro/espejo,sin_cantidad,1411,False,Horno de Microondas,,
484,presentacion,presentacion,DPM82. CEBRA ANDADERA DE APRENDIZAJE,Dpm82. Cebra Andadera de Aprendizaje,sin_cantidad,1410,False,Juguetes Educativos,,
485,presentacion,presentacion,IR23972 O IR23972-CP. VAPOR. SUELA CERAMICA,Ir23972 o Ir23972-cp. Vapor. Suela Cerámica,sin_cantidad,1407,False,Planchas,,
486,presentacion,presentacion,HTW65. MONOS LOCOS. FIESTA EN LA PLAYA,Htw65. Monos Locos. Fiesta en la Playa,sin_cantidad,1405,False,Juegos de Mesa,,
487,presentacion,presentacion,ART. 700012835 O C.B. 021229. NENUCO. (5 FUNCIONES),Art. 700012835 o C.b. 021229. Nenuco. (5 Funciones),sin_cantidad,1404,False,Muñecas Eléctricas,,
488,presentacion,presentacion,W9834. ORUGA CADENA DE COLORES,W9834. Oruga Cadena de Colores,sin_cantidad,1404,False,Juguetes de Destreza,,
489,presentacion,presentacion,PS5. O CFI-1015A. 825 GB SSD. SIN JUEGO INCLUIDO. INCLUYE LECTOR DE DISCO (CAJA BLANCA),Ps5. o Cfi-1015a. 825 Gb Ssd. Sin Juego Incluido. Incluye Lector de Disco (caja Blanca),sin_cantidad,1400,False,Electrónicos de Video,,
490,presentacion,presentacion,C.B. 06525. TURISTA MEXICANO,C.b. 06525. Turista Mexicano,sin_cantidad,1398,False,Juegos de Mesa,,
491,presentacion,presentacion,TO3265XSS-LA,To3265xss-la,sin_cantidad,1383,False,Horno Eléctrico,,
492,presentacion,presentacion,B4253. JIRAFA BLOQUES DIVERTIDOS,B4253. Jirafa Bloques Divertidos,sin_cantidad,1379,False,Juguetes de Destreza,,
493,presentacion,presentacion,W9790. PERRITO CAMINA CONMIGO,W9790. Perrito Camina Conmigo,sin_cantidad,1379,False,Juguetes Educativos,,
494,presentacion,presentacion,CAJA 12 CERAS. EXTRAGRUESO,Caja 12 Ceras. Extragrueso,sin_cantidad,1357,False,Crayones,,
495,presentacion,presentacion,14-EM0002LA. LAPTOP (GRIS). AMD RYZEN 5/WINDOWS 11. DISCO DURO 512 GB SSD/MEMORIA RAM 8 GB. 14 PLGS,14-em0002la. Laptop (gris). Amd Ryzen 5/windows 11. Disco Duro 512 GB SSD/memoria RAM 8 GB. 14 Plgs.,sin_cantidad,1351,False,Computadoras Portátiles,,
496,presentacion,presentacion,MX-T40. USB Y BLUETOOTH. POTENCIA 300 W RMS,Mx-t40. Usb y Bluetooth. Potencia 300 W Rms,sin_cantidad,1341,False,Bocinas Portátiles,,
497,presentacion,presentacion,NINTENDO SWITCH. SUPER MARIO PARTY SUPERSTAR,Nintendo Switch. Super Mario Party Superstar,sin_cantidad,1338,False,Videojuegos,,
498,presentacion,presentacion,FSGG 8660 SRX. FRENTE 30 PLGS. 6 QUEMADORES. ENCENDIDO ELECTRONICO. COLOR ACERO,Fsgg 8660 Srx. Frente 30 Plgs. 6 Quemadores. Encendido Electr?nico. Color Acero,sin_cantidad,1337,False,Estufas,,
499,presentacion,presentacion,EK- 1131 MB-ICHIC. 30 PLGS. 6 QUEMADORES. ENCENDIDO ELECTRONICO. COLOR NEGRO/ACERO,Ek- 1131 Mb-ichic. 30 Plgs. 6 Quemadores. Encendido Electr?nico. Color Negro/acero,sin_cantidad,1334,False,Estufas,,
500,presentacion,presentacion,FV8064 O FV8064X0. VAPOR. SUELA DURILIUM AUTOCLEAN,Fv8064 o Fv8064x0. Vapor. Suela Durilium Autoclean,sin_cantidad,1332,False,Planchas,,
501,presentacion,presentacion,40 S310R-MX. 40 PLGS. LED. PUERTO USB. SMART TV,40 S310r-mx. 40 Plgs. LED. Puerto USB. Smart TV.,sin_cantidad,1330,False,Pantallas,,
502,presentacion,presentacion,"BDP-S3500. DOLBY TRUE HD, DTS-HD MASTER AUDIO, BLU-RAY, DVD, CD, MP3, JPEG, USB, WI FI","Bdp-s3500. Dolby True Hd, Dts-hd Master Audio, Blu-ray, Dvd, Cd, Mp3, Jpeg, Usb, Wi Fi",sin_cantidad,1328,False,Dvd / Blu Ray,,
503,presentacion,presentacion,Y8651. ELEFANTE CAMINA CONMIGO,Y8651. Elefante Camina Conmigo,sin_cantidad,1328,False,Juguetes de Destreza,,
504,presentacion,presentacion,F3639. PLAY-DOH. KIT VETERINARIO,F3639. Play-doh. Kit Veterinario,sin_cantidad,1325,False,Varios,,
505,presentacion,presentacion,F4984. MARVEL. SPIDER-MAN. VENOM,F4984. Marvel. Spider-man. Venom,sin_cantidad,1323,False,Muñecos,,
506,presentacion,presentacion,MOTO G06. ANDROID 15/MEMORIA INTERNA 128 GB. CAMARA 50 MP/FRONTAL 8 MP. 6.8 PLGS. MICRO SD HASTA 1 TB,Moto G06. Android 15/memoria Interna 128 GB. Cámara 50 MP/frontal 8 MP. 6.8 Plgs. Micro Sd Hasta 1 TB,sin_cantidad,1322,False,Celulares,,
507,presentacion,presentacion,TAB M8. TB300FU. 8 PLGS. MEMORIA INTERNA 32 GB. MEMORIA RAM 3 GB,Tab M8. Tb300fu. 8 Plgs. Memoria Interna 32 GB. Memoria RAM 3 GB.,sin_cantidad,1318,False,Tablet,,
508,presentacion,presentacion,MS 2097 HST. 2.0 PIES CUBICOS. COLOR NEGRO,Ms 2097 Hst. 2.0 Pies C?bicos. Color Negro,sin_cantidad,1312,False,Horno de Microondas,,
509,presentacion,presentacion,CGN03. ROMPECABEZAS SONIDOS DE ANIMALES GRANJA O DEL ZOOLOGICO,Cgn03. Rompecabezas Sonidos de Animales Granja o del Zoológico,sin_cantidad,1309,False,Juguetes Educativos,,
510,presentacion,presentacion,IT2461Q1,It2461q1,sin_cantidad,1302,False,Planchas de Vapor Vertical,,
511,presentacion,presentacion,E6393. BOP IT!,E6393. Bop It!,sin_cantidad,1295,False,Juegos de Mesa,,
512,presentacion,presentacion,PARTYBOX. 1000. USB Y BLUETOOTH. POTENCIA 1100 W (PMPO),Partybox. 1000. USB y Bluetooth. Potencia 1100 W (pmpo),sin_cantidad,1284,False,Bocinas Portátiles,,
513,presentacion,presentacion,50 UR 8750 PSA. 50 PLGS. LED. PUERTO USB. SMART TV,50 Ur 8750 Psa. 50 Plgs. Led. Puerto Usb. Smart Tv.,sin_cantidad,1283,False,Pantallas,,
514,presentacion,presentacion,"HW-T400. BLUETOOTH, USB. POTENCIA 40 W. SONIDO 2.1","Hw-t400. Bluetooth, Usb. Potencia 40 W. Sonido 2.1",sin_cantidad,1281,False,Barra de Sonido,,
515,presentacion,presentacion,43A6NV. 43 PLGS. LED. PUERTO USB. SMART TV,43a6nv. 43 Plgs. LED. Puerto USB. Smart TV.,sin_cantidad,1278,False,Pantallas,,
516,presentacion,presentacion,EM 7654 BFIS1B O BFIS1A. 30 PLGS. 6 QUEMADORES. ENCENDIDO ELECTRONICO. COLOR GRIS/ACERO,Em 7654 Bfis1b o Bfis1a. 30 Plgs. 6 Quemadores. Encendido Electrónico. Color Gris/acero,sin_cantidad,1274,False,Estufas,,
517,presentacion,presentacion,MF200D150WB/W. 15/8 KG. TAMBOR. CENTRIFUGADO Y SECADO. COLOR BLANCO,Mf200d150wb/w. 15/8 Kg. Tambor. Centrifugado y Secado. Color Blanco,cantidades_alternativas,1273,False,Lavadoras,kg,15.0
518,presentacion,presentacion,SRS-XB 13. DURACION DE BATERIA 15 H,Srs-xb 13. Duración de Bateria 15 H.,sin_cantidad,1273,False,Minibocinas Portátiles Bluetooth,,
519,presentacion,presentacion,EXPRESS O 3960MX,Express o 3960mx,sin_cantidad,1264,False,Reproductores Streaming,,
520,presentacion,presentacion,A7 O GTA BAA7WF. 7 PLGS. MEMORIA INTERNA 16 GB. MEMORIA RAM 1 GB,A7 o Gta Baa7wf. 7 Plgs. Memoria Interna 16 Gb. Memoria Ram 1 Gb.,sin_cantidad,1258,False,Tablet,,
521,presentacion,presentacion,A5640. EL CLASICO JUEGO. CONNECT 4,A5640. el Clásico Juego. Connect 4,sin_cantidad,1245,False,Juegos de Mesa,,
522,presentacion,presentacion,HGB73. BARBIE. YOU CAN BE ANYTHING. PASTELERIA,Hgb73. Barbie. You Can Be Anything. Pastelería,sin_cantidad,1243,False,Muñecas,,
523,presentacion,presentacion,"BDP-S1500. DOLBY TRUE HD, DTS 2.0 + DIGITAL OUT. BLU-RAY, DVD, CD, MP3, USB. . REGION 4","Bdp-s1500. Dolby True Hd, Dts 2.0 + Digital Out. Blu-ray, Dvd, Cd, Mp3, Usb. . Region 4",sin_cantidad,1228,False,Dvd / Blu Ray,,
524,presentacion,presentacion,GJL12. ROBO TIBURON,Gjl12. Robo Tiburón,sin_cantidad,1228,False,Autopistas,,
525,presentacion,presentacion,JCA-1662. DRINKOPOLY,Jca-1662. Drinkopoly,sin_cantidad,1223,False,Juegos de Mesa,,
526,presentacion,presentacion,IDEAPAD SLIM 3 15AMN8. 82XQ0009LM. LAPTOP (AZUL). AMD RYZEN 5/WINDOWS 11. DISCO DURO 512 GB SSD/MEMORIA RAM 8 GB. 15.6 PLGS,Ideapad Slim 3 15amn8. 82xq0009lm. Laptop (Azul). Amd Ryzen 5/windows 11. Disco Duro 512 Gb Ssd/memoria Ram 8 Gb. 15.6 Plgs.,sin_cantidad,1219,False,Computadoras Portátiles,,
527,presentacion,presentacion,GALAXY TAB A11. SM-X133. 8.7 PLGS. MEMORIA INTERNA 128 GB. MEMORIA RAM 6 GB,Galaxy Tab A11. Sm-x133. 8.7 Plgs. Memoria Interna 128 GB. Memoria RAM 6 GB.,sin_cantidad,1218,False,Tablet,,
528,presentacion,presentacion,HTN82. LAVADO DE AUTOS. MEGA TIBURON,Htn82. Lavado de Autos. Mega Tiburón,sin_cantidad,1213,False,Autopistas,,
529,presentacion,presentacion,"VE34W0X0. 18 PLGS. PISO, MESA O PARED. 4 VELOCIDADES","Ve34w0x0. 18 Plgs. Piso, Mesa o Pared. 4 Velocidades",sin_cantidad,1199,False,Ventiladores,,
530,presentacion,presentacion,GRG30. BARBIE. LANCHA,Grg30. Barbie. Lancha,sin_cantidad,1197,False,Muñecas,,
531,presentacion,presentacion,MH 1596 CIR. 1.5 PIES CUBICOS. COLOR SILVER/ESPEJO,Mh 1596 Cir. 1.5 Pies C?bicos. Color Silver/espejo,sin_cantidad,1197,False,Horno de Microondas,,
532,presentacion,presentacion,CAJA 12 CERAS. REDONDO,Caja 12 Ceras. Redondo,sin_cantidad,1196,False,Crayones,,
533,presentacion,presentacion,DPM74. LEON CAMINA CONMIGO,Dpm74. León Camina Conmigo,sin_cantidad,1190,False,Juguetes Educativos,,
534,presentacion,presentacion,50 QNED 80 TSA. 50 PLGS. QNED. PUERTO USB. SMART TV,50 Qned 80 Tsa. 50 Plgs. Qned. Puerto USB. Smart TV.,sin_cantidad,1189,False,Pantallas,,
535,presentacion,presentacion,F8815. HIPPOS GLOTONES,F8815. Hippos Glotones,sin_cantidad,1186,False,Juegos de Mesa,,
536,presentacion,presentacion,BLADE L 220. ANDROID 10 GO/MEMORIA INTERNA 32 GB. CAMARA 8 MP/FRONTAL 5 MP. 6.0 PLGS. MICRO SD HASTA 128 GB,Blade L 220. Android 10 Go/memoria Interna 32 Gb. Camara 8 Mp/frontal 5 Mp. 6.0 Plgs. Micro Sd Hasta 128 Gb,sin_cantidad,1185,False,Celulares,,
537,presentacion,presentacion,GNL70. GARAGE EXTREMO,Gnl70. Garage Extremo,sin_cantidad,1185,False,Autopistas,,
538,presentacion,presentacion,HJP93. DJ. BOUNCY. SALTA Y APRENDE,Hjp93. Dj. Bouncy. Salta y Aprende,sin_cantidad,1184,False,Juguetes Educativos,,
539,presentacion,presentacion,"PZA. PASTA FLEXIBLE. ESPANOL/INGLES. 80,000 TRADUCCIONES C.B. 073587","Pza. Pasta Flexible. Español/ingles. 80,000 Traducciones C.b. 073587",sin_cantidad,1184,False,Diccionario,,
540,presentacion,presentacion,ECHO DOT. CON RELOJ. COLOR BLANCA O NEGRA,Echo Dot. con Reloj. Color Blanca o Negra,sin_cantidad,1183,False,Asistentes de Voz,,
541,presentacion,presentacion,IDEAPAD 1 15AMN7 O 82VG0044LM. LAPTOP (GRIS). AMD RYZEN 3/WINDOWS 11. DISCO DURO 256 GB SSD/MEMORIA RAM 8 GB. 15.6 PLGS,Ideapad 1 15amn7 o 82vg0044lm. Laptop (gris). Amd Ryzen 3/windows 11. Disco Duro 256 Gb Ssd/memoria Ram 8 Gb. 15.6 Plgs.,sin_cantidad,1181,False,Computadoras Portátiles,,
542,presentacion,presentacion,67970. EXTRACTOR,67970. Extractor,sin_cantidad,1180,False,Extractores de Jugos y Exprimidores,,
543,presentacion,presentacion,C.B. 013196. EL CLASICO AHORCADO,C.b. 013196. el Clásico Ahorcado,sin_cantidad,1180,False,Juegos de Mesa,,
544,presentacion,presentacion,KOS-1N1SS. 1.1 PIES CUBICOS. COLOR ACERO/ESPEJO,Kos-1n1ss. 1.1 Pies Cúbicos. Color Acero/espejo,sin_cantidad,1179,False,Horno de Microondas,,
545,presentacion,presentacion,SV6115 O SV6115X0,Sv6115 o Sv6115x0,sin_cantidad,1177,False,Planchas de Vapor Vertical,,
546,presentacion,presentacion,TSSTTVLS35NS O TSSTTVLS35NS-1MX,Tssttvls35ns ? Tssttvls35ns-1mx,sin_cantidad,1174,False,Horno Eléctrico,,
547,presentacion,presentacion,PLIEGO. PAPEL CHINA. VARIOS COLORES,Pliego. Papel China. Varios Colores,sin_cantidad,1172,False,Pliegos de Papel,,
548,presentacion,presentacion,65A6KV. 65 PLGS. LED. PUERTO USB. SMART TV,65a6kv. 65 Plgs. Led. Puerto Usb. Smart Tv.,sin_cantidad,1171,False,Pantallas,,
549,presentacion,presentacion,BLSTKAG-BPB O BLSTKAG-BPB-013. VELOCIDADES 2+1 PULSO. BASE METAL. VASO VIDRIO. COLOR NEGRA,Blstkag-bpb o Blstkag-bpb-013. Velocidades 2+1 Pulso. Base Metal. Vaso Vidrio. Color Negra,sin_cantidad,1165,False,Licuadoras,,
550,presentacion,presentacion,HTW92. GATITO PELOTITAS RODANTES,Htw92. Gatito Pelotitas Rodantes,sin_cantidad,1165,False,Juguetes de Destreza,,
551,presentacion,presentacion,TIPO POLO. TALLA 4-10 (50% ALGODON 50% POLIESTER),Tipo Polo. Talla 4-10 (50% Algodón 50% Poliester),sin_cantidad,1165,False,Playera Blanca,,
552,presentacion,presentacion,UN 55AU7000F. 55 PLGS. LED. PUERTO USB. SMART TV,Un 55au7000f. 55 Plgs. Led. Puerto Usb. Smart Tv.,sin_cantidad,1164,False,Pantallas,,
553,presentacion,presentacion,55 QNED 80 TSA. 55 PLGS. QNED. PUERTO USB. SMART TV,55 Qned 80 Tsa. 55 Plgs. Qned. Puerto USB. Smart TV.,sin_cantidad,1155,False,Pantallas,,
554,presentacion,presentacion,X7C. ANDROID 14/MEMORIA INTERNA 256 GB. CAMARA 10 MP + 2 MP/FRONTAL 8 MP. 6.7 PLGS. MICRO SD HASTA 1 TB,X7c. Android 14/memoria Interna 256 GB. Cámara 10 MP + 2 MP/frontal 8 MP. 6.7 Plgs. Micro Sd Hasta 1 TB,sin_cantidad,1155,False,Celulares,,
555,presentacion,presentacion,SRS-ULT1000. USB Y BLUETOOTH,Srs-ult1000. USB y Bluetooth,sin_cantidad,1149,False,Bocinas Portátiles,,
556,presentacion,presentacion,DGH82. CABALLITO DE MAR. DULCES SUENOS,Dgh82. Caballito de Mar. Dulces Sueños,sin_cantidad,1147,False,Juguetes Educativos,,
557,presentacion,presentacion,MOTO E 22. ANDROID 12.0 (S)/32 GB. CAMARA 16 MP + 2 MP/5 MP. 6.5 PLGS. MICRO SD HASTA 1 TB,Moto e 22. Android 12.0 (s)/32 Gb. Cámara 16 Mp + 2 Mp/5 Mp. 6.5 Plgs. Micro Sd Hasta 1 Tb,sin_cantidad,1146,False,Celulares,,
558,presentacion,presentacion,TIPO POLO. TALLA 12-18 (50% ALGODON 50% POLIESTER),Tipo Polo. Talla 12-18 (50% Algodón 50% Poliester),sin_cantidad,1139,False,Playera Blanca,,
559,presentacion,presentacion,PZA. PASTA FLEXIBLE. ELEMENTAL. C.B. 400414,Pza. Pasta Flexible. Elemental. C.b. 400414,sin_cantidad,1134,False,Diccionario,,
560,presentacion,presentacion,HW-C400. BLUETOOTH. USB. POTENCIA 20 W. SONIDO 2.1,Hw-c400. Bluetooth. USB. Potencia 20 W. Sonido 2.1,sin_cantidad,1131,False,Barra de Sonido,,
561,presentacion,presentacion,HXM54. SCRABBLE.CLASICO,Hxm54. Scrabble.clásico,sin_cantidad,1131,False,Juegos de Mesa,,
562,presentacion,presentacion,PLAYSTATION PORTAL. REPRODUCTOR REMOTO,Playstation Portal. Reproductor Remoto,sin_cantidad,1129,False,Electrónicos de Video,,
563,presentacion,presentacion,TAB ONE. TB305FU. 8.7 PLGS. MEMORIA INTERNA 128 GB. MEMORIA RAM 4 GB,Tab One. Tb305fu. 8.7 Plgs. Memoria Interna 128 GB. Memoria RAM 4 GB.,sin_cantidad,1129,False,Tablet,,
564,presentacion,presentacion,HBP42. ERIZO. ESTIMULOS Y JUEGO,Hbp42. Erizo. Estimulos y Juego,sin_cantidad,1123,False,Juguetes de Destreza,,
565,presentacion,presentacion,HMX10. BARBIE. DREAMHOUSE,Hmx10. Barbie. Dreamhouse,sin_cantidad,1122,False,Varios,,
566,presentacion,presentacion,SWITCH OLED WHITE. SUPER MARIO MARIO BROS. WONDER. 64 GB. SUPER MARIO MARIO BROS. WONDER. DESCARGA DIGITAL,Switch OLED White. Super Mario Mario Bros. Wonder. 64 GB. Super Mario Mario Bros. Wonder. Descarga Digital,sin_cantidad,1119,False,Electrónicos de Video,,
567,presentacion,presentacion,TO3217SS O TO3217SS-LA,To3217ss o To3217ss-la,sin_cantidad,1118,False,Horno Eléctrico,,
568,presentacion,presentacion,C.B. 03883. TURISTA DISNEYLAND,C.b. 03883. Turista Disneyland,sin_cantidad,1115,False,Juegos de Mesa,,
569,presentacion,presentacion,HRJ74. BARBIE. ALBERCA,Hrj74. Barbie. Alberca,sin_cantidad,1115,False,Muñecas,,
570,presentacion,presentacion,65U6H. 65 PLGS. ULED. PUERTO USB. SMART TV,65u6h. 65 Plgs. Uled. Puerto Usb. Smart Tv.,sin_cantidad,1112,False,Pantallas,,
571,presentacion,presentacion,GVG37. HOT WHEELS. SPEEDWAY HAULER,Gvg37. Hot Wheels. Speedway Hauler,sin_cantidad,1112,False,Motos y Carros Mecánicos,,
572,presentacion,presentacion,VE77A0X0. 18 PLGS. PEDESTAL. 3 VELOCIDADES,Ve77a0x0. 18 Plgs. Pedestal. 3 Velocidades,sin_cantidad,1102,False,Ventiladores,,
573,presentacion,presentacion,C.B. 10850. TRIVIA. CHAVOS VS RUCOS,C.b. 10850. Trivia. Chavos Vs Rucos,sin_cantidad,1098,False,Juegos de Mesa,,
574,presentacion,presentacion,GCSTFS-200-013,Gcstfs-200-013,sin_cantidad,1093,False,Planchas de Vapor Vertical,,
575,presentacion,presentacion,F6421. GESTOS,F6421. Gestos,sin_cantidad,1091,False,Juegos de Mesa,,
576,presentacion,presentacion,ART. 700012087 O ART. 700012764 O C.B. 001009 O C.B. 020369. NENUCO. CON BIBERON SONAJERO,Art. 700012087 Ó Art. 700012764 o C.b. 001009 Ó C.b. 020369. Nenuco. con Biberón Sonajero,sin_cantidad,1088,False,Muñecas,,
577,presentacion,presentacion,#6056778. DC. SUPERMAN,#6056778. Dc. Superman,sin_cantidad,1083,False,Muñecos,,
578,presentacion,presentacion,GCM80. ORUGA DE ACTIVIDADES,Gcm80. Oruga de Actividades,sin_cantidad,1073,False,Juguetes de Destreza,,
579,presentacion,presentacion,86 UT 8050 PSB. 86 PLGS. LED. PUERTO USB. SMART TV,86 Ut 8050 Psb. 86 Plgs. LED. Puerto USB. Smart TV.,sin_cantidad,1069,False,Pantallas,,
580,presentacion,presentacion,15-FC0000LA. LAPTOP (GRIS). AMD RYZEN 3/WINDOWS 11. DISCO DURO 512 GB SSD/MEMORIA RAM 8 GB. 15.6 PLGS,15-fc0000la. Laptop (gris). Amd Ryzen 3/windows 11. Disco Duro 512 Gb Ssd/memoria Ram 8 Gb. 15.6 Plgs.,sin_cantidad,1067,False,Computadoras Portátiles,,
581,presentacion,presentacion,UN 43CU8000F. 43 PLGS. LED. PUERTO USB. SMART TV,Un 43cu8000f. 43 Plgs. Led. Puerto Usb. Smart Tv.,sin_cantidad,1067,False,Pantallas,,
582,presentacion,presentacion,A 77. ANDROID 12 (S)/ 128 GB. 50 MP + 2 MP/FRONTAL 8 MP. 6.6 PLGS. MICRO SD HASTA 1 TB,A 77. Android 12 (s)/ 128 Gb. 50 Mp + 2 Mp/frontal 8 Mp. 6.6 Plgs. Micro Sd Hasta 1 Tb,sin_cantidad,1066,False,Celulares,,
583,presentacion,presentacion,MOTO G17. ANDROID 15 (V)/MEMORIA INTERNA 256 GB. CAMARA 50 MP + 5 MP/FRONTAL 32 MP. 6.7 PLGS. MICRO SD HASTA 1 TB,Moto G17. Android 15 (V)/memoria Interna 256 Gb. Cámara 50 Mp + 5 Mp/frontal 32 Mp. 6.7 Plgs. Micro Sd Hasta 1 Tb,sin_cantidad,1064,False,Celulares,,
584,presentacion,presentacion,CHROMECAST O GA00439-LA,Chromecast o Ga00439-la,sin_cantidad,1058,False,Reproductores Streaming,,
585,presentacion,presentacion,HJV37. BARBIE. DREAM BOAT. BOTE DE LOS SUENOS,Hjv37. Barbie. Dream Boat. Bote de los Sueños,sin_cantidad,1055,False,Varios,,
586,presentacion,presentacion,DKD48. PICTIONARY,Dkd48. Pictionary,sin_cantidad,1048,False,Juegos de Mesa,,
587,presentacion,presentacion,HFY 25. DISNEY. PIXAR. TOY STORY. BUZZ LIGHTYEAR O WOODY. ARTICULADO,Hfy 25. Disney. Pixar. Toy Story. Buzz Lightyear Ó Woody. Articulado,sin_cantidad,1045,False,Muñecos,,
588,presentacion,presentacion,EK- 501 FNN . 30 PLGS. 6 QUEMADORES. ENCENDIDO ELECTRONICO. COLOR NEGRO/ACERO,Ek- 501 Fnn . 30 Plgs. 6 Quemadores. Encendido Electr?nico. Color Negro/acero,sin_cantidad,1043,False,Estufas,,
589,presentacion,presentacion,MANGA LARGA/BOLSAS FRONTALES/CON CINTA DE SUJECION. TALLA CHICA (50% POLIESTER - 50% ALGODON),Manga Larga/bolsas Frontales/con Cinta de Sujecion. Talla Chica (50% Poliester - 50% Algodón),sin_cantidad,1037,False,Bata Escuela Oficial,,
590,presentacion,presentacion,EK-501 F. 30 PLGS. 6 QUEMADORES. ENCENDIDO ELECTRONICO. COLOR ACERO,Ek-501 F. 30 Plgs. 6 Quemadores. Encendido Electrónico. Color Acero,sin_cantidad,1036,False,Estufas,,
591,presentacion,presentacion,HERO 13 BLACK. ACCESORY BUNBLE. CHDRB-131-RW. FORMATO MICRO SD. PUERTO USB,Hero 13 Black. Accesory Bunble. Chdrb-131-rw. Formato Micro Sd. Puerto USB,sin_cantidad,1036,False,Videocámaras,,
592,presentacion,presentacion,AFR 2110 B00. 30 PLGS. 6 QUEMADORES. ENCENDIDO ELECTRONICO. COLOR GRIS/ACERO,Afr 2110 B00. 30 Plgs. 6 Quemadores. Encendido Electr?nico. Color Gris/acero,sin_cantidad,1035,False,Estufas,,
593,presentacion,presentacion,NINTENDO SWITCH. MARIO KART 8 DE LUXE,Nintendo Switch. Mario Kart 8 de Luxe,sin_cantidad,1035,False,Videojuegos,,
594,presentacion,presentacion,BLSTPYG1311NBG O BLSTPYG1311NBG-013. VELOCIDADES 3 + 1 PULSO. BASE PLASTICO. VASO VIDRIO. COLOR GRIS,Blstpyg1311nbg o Blstpyg1311nbg-013. Velocidades 3 + 1 Pulso. Base Plástico. Vaso Vidrio. Color Gris,sin_cantidad,1033,False,Licuadoras,,
595,presentacion,presentacion,GALAXY TAB A11+. SM-X230. 11 PLGS. MEMORIA INTERNA 128 GB. MEMORIA RAM 6 GB,Galaxy Tab A11+. Sm-x230. 11 Plgs. Memoria Interna 128 GB. Memoria RAM 6 GB.,sin_cantidad,1033,False,Tablet,,
596,presentacion,presentacion,MANGA LARGA/BOLSAS FRONTALES/CON CINTA DE SUJECION. TALLA MEDIANA (50% POLIESTER - 50% ALGODON),Manga Larga/bolsas Frontales/con Cinta de Sujecion. Talla Mediana (50% Poliester - 50% Algodón),sin_cantidad,1030,False,Bata Escuela Oficial,,
597,presentacion,presentacion,AXON 70. ANDROID 14/MEMORIA INTERNA 256 GB. CAMARA 102 MP + 2 MP/FRONTAL 16 MP. 6.7 PLGS. MICRO SD HASTA 1 TB,Axon 70. Android 14/memoria Interna 256 GB. Cámara 102 MP + 2 MP/frontal 16 MP. 6.7 Plgs. Micro Sd Hasta 1 TB,sin_cantidad,1020,False,Celulares,,
598,presentacion,presentacion,C.B. 014308. ¡BASTA! ELECTRONICO 2.0,C.b. 014308. ¡basta! Electrónico 2.0,sin_cantidad,1016,False,Juegos de Mesa,,
599,presentacion,presentacion,GVD47. WHAC-A-MOLE,Gvd47. Whac-a-mole,sin_cantidad,1014,False,Juegos de Mesa,,
600,presentacion,presentacion,EMH 7612 DSS0A. 30 PLGS. 6 QUEMADORES. ENCENDIDO ELECTRONICO. COLOR ACERO,Emh 7612 Dss0a. 30 Plgs. 6 Quemadores. Encendido Electrónico. Color Acero,sin_cantidad,1012,False,Estufas,,
601,presentacion,presentacion,F0423. NERF. ELITE EAGLEPOINT RD8,F0423. Nerf. Elite Eaglepoint Rd8,sin_cantidad,1007,False,Varios,,
602,presentacion,presentacion,HCH50. BARBIE. CASA DE VACACIONES,Hch50. Barbie. Casa de Vacaciones,sin_cantidad,1007,False,Varios,,
603,presentacion,presentacion,HJV36. BARBIE. COCHE (MORADO),Hjv36. Barbie. Coche (morado),sin_cantidad,1007,False,Motos y Carros Mecánicos,,
604,presentacion,presentacion,EM 5041 BAIS0A O BAIS0B. FRENTE 20 PLGS. 4 QUEMADORES. ENCENDIDO ELECTRONICO. COLOR GRIS/ACERO,Em 5041 Bais0a o Bais0b. Frente 20 Plgs. 4 Quemadores. Encendido Electrónico. Color Gris/acero,sin_cantidad,1006,False,Estufas,,
605,presentacion,presentacion,MANGA LARGA/BOLSAS FRONTALES/CON CINTA DE SUJECION. TALLA GRANDE (50% POLIESTER - 50% ALGODON),Manga Larga/bolsas Frontales/con Cinta de Sujecion. Talla Grande (50% Poliester - 50% Algodón),sin_cantidad,1005,False,Bata Escuela Oficial,,
606,presentacion,presentacion,VE3171X0. 16 PLGS. PEDESTAL. 3 VELOCIDADES,Ve3171x0. 16 Plgs. Pedestal. 3 Velocidades,sin_cantidad,998,False,Ventiladores,,
607,presentacion,presentacion,MGE 11 SEJ. 1.1 PIES CUBICOS. COLOR GRIS/ESPEJO,Mge 11 Sej. 1.1 Pies Cúbicos. Color Gris/espejo,sin_cantidad,995,False,Horno de Microondas,,
608,presentacion,presentacion,GRIS OXFORD. TALLA 6-10 (BOXER. RESORTE EN PRETINA),Gris Oxford. Talla 6-10 (Boxer. Resorte en Pretina),sin_cantidad,991,False,Pantalón Escuela Oficial,,
609,presentacion,presentacion,C.B. 006983. MULTIJUEGOS. EXTRA,C.b. 006983. Multijuegos. Extra,sin_cantidad,990,False,Juegos de Mesa,,
610,presentacion,presentacion,TSSTTVLS25 O TSSTTVLS25-1MX,Tssttvls25 o Tssttvls25-1mx,sin_cantidad,988,False,Horno Eléctrico,,
611,presentacion,presentacion,6056902. DC. WONDER WOMAN,6056902. Dc. Wonder Woman,sin_cantidad,985,False,Muñecas,,
612,presentacion,presentacion,GALAXY TAB S9 FE O SM-X510. 10.9 PLGS. MEMORIA INTERNA 256 GB. MEMORIA RAM 8 GB,Galaxy Tab S9 Fe o Sm-x510. 10.9 Plgs. Memoria Interna 256 Gb. Memoria Ram 8 Gb.,sin_cantidad,985,False,Tablet,,
613,presentacion,presentacion,SWITCH. SUPER MARIO MARIO BROS. WONDER. AZUL CON ROJO. 32 GB. SUPER MARIO MARIO BROS. WONDER. DESCARGA DIGITAL,Switch. Super Mario Mario Bros. Wonder. Azul con Rojo. 32 GB. Super Mario Mario Bros. Wonder. Descarga Digital,sin_cantidad,984,False,Electrónicos de Video,,
614,presentacion,presentacion,71084. LLAVERO DE ACTIVIDADES,71084. Llavero de Actividades,sin_cantidad,982,False,Juguetes Educativos,,
615,presentacion,presentacion,F6722. SPIDEY AND HIS AMAZING FRIENDS. SPIDEY BAILA Y GATEA,F6722. Spidey And His Amazing Friends. Spidey Baila y Gatea,sin_cantidad,980,False,Muñecos Eléctricos,,
616,presentacion,presentacion,F8621. NERF. N SERIES PINPOINT,F8621. Nerf. N Series Pinpoint,sin_cantidad,978,False,Varios,,
617,presentacion,presentacion,70A6NV. 70 PLGS. LED. PUERTO USB. SMART TV,70a6nv. 70 Plgs. LED. Puerto USB. Smart TV.,sin_cantidad,973,False,Pantallas,,
618,presentacion,presentacion,ASST. HCK74. BARBIE. CACHORRITOS RECIEN NACIDOS,Asst. Hck74. Barbie. Cachorritos Recién Nacidos,sin_cantidad,970,False,Muñecas,,
619,presentacion,presentacion,FPSBHM4000 O FPSBHM4000-013. MANUAL. 5 VELOCIDADES. SIN TAZON,Fpsbhm4000 o Fpsbhm4000-013. Manual. 5 Velocidades. Sin Tazón,sin_cantidad,970,False,Batidoras,,
620,presentacion,presentacion,C.B. 012694. ME CAIGO DE RISA,C.b. 012694. Me Caigo de Risa,sin_cantidad,967,False,Juegos de Mesa,,
621,presentacion,presentacion,31108 D,31108 D,sin_cantidad,963,False,Horno Eléctrico,,
622,presentacion,presentacion,F3711 ASST. MARVEL. SPIDEY AND HIS AMAZING FRIENDS. MILES MORALES. SPIDER MAN,F3711 Asst. Marvel. Spidey And His Amazing Friends. Miles Morales. Spider Man,sin_cantidad,961,False,Muñecos,,
623,presentacion,presentacion,K2784. UNO SPIN,K2784. Uno Spin,sin_cantidad,959,False,Juegos de Mesa,,
624,presentacion,presentacion,MANGA LARGA/BOLSAS FRONTALES/CON CINTA DE SUJECION. TALLA 32-36. (100% ALGODON),Manga Larga/bolsas Frontales/con Cinta de Sujecion. Talla 32-36. (100% Algodon),sin_cantidad,959,False,Bata Escuela Oficial,,
625,presentacion,presentacion,GRIS OXFORD. TALLA 12-16 (BOXER. RESORTE EN PRETINA),Gris Oxford. Talla 12-16 (Boxer. Resorte en Pretina),sin_cantidad,958,False,Pantalón Escuela Oficial,,
626,presentacion,presentacion,15-FD0000LA. LAPTOP (GRIS). INTEL CORE I3/WINDOWS 11. DISCO DURO 512 GB SSD/MEMORIA RAM 8 GB. 15.6 PLGS,15-fd0000la. Laptop (gris). Intel Core I3/windows 11. Disco Duro 512 Gb Ssd/memoria Ram 8 Gb. 15.6 Plgs.,sin_cantidad,953,False,Computadoras Portátiles,,
627,presentacion,presentacion,DCH54. BIG BUILDING BAG 60 BLOCKS (ROSA),Dch54. Big Building Bag 60 Blocks (rosa),sin_cantidad,943,False,Juguetes Armables,,
628,presentacion,presentacion,FTN30. PERRITO APRENDE CONMIGO,Ftn30. Perrito Aprende Conmigo,sin_cantidad,939,False,Juguetes Educativos,,
629,presentacion,presentacion,ART. 700011261 O C.B. 312617. NENUCO. MI PEQUENO NENUCO,Art. 700011261 o C.b. 312617. Nenuco. Mi Pequeño Nenuco,sin_cantidad,935,False,Muñecas,,
630,presentacion,presentacion,HMM11XPO. 1.1 PIES CUBICOS. COLOR SILVER/ESPEJO,Hmm11xpo. 1.1 Pies C?bicos. Color Silver/espejo,sin_cantidad,932,False,Horno de Microondas,,
631,presentacion,presentacion,C.B. 008468. ¡BASTA!,C.b. 008468. ¡basta!,sin_cantidad,920,False,Juegos de Mesa,,
632,presentacion,presentacion,E7877. MARVEL. AVENGERS. CAPTAIN AMERICA,E7877. Marvel. Avengers. Captain America,sin_cantidad,911,False,Muñecos,,
633,presentacion,presentacion,FRP01. BARBIE. SUPERMERCADO DE BARBIE,Frp01. Barbie. Supermercado de Barbie,sin_cantidad,910,False,Muñecas,,
634,presentacion,presentacion,31105D,31105d,sin_cantidad,906,False,Horno Eléctrico,,
635,presentacion,presentacion,RM1. USB Y BLUETOOTH. POTENCIA 25 W RMS,Rm1. Usb y Bluetooth. Potencia 25 W Rms,sin_cantidad,906,False,Bocinas Portátiles,,
636,presentacion,presentacion,HPF82. UNO. QUATRO,Hpf82. Uno. Quatro,sin_cantidad,905,False,Juegos de Mesa,,
637,presentacion,presentacion,MS 1536 GIR. 1.5 PIES CUBICOS. COLOR NEGRO/ESPEJO,Ms 1536 Gir. 1.5 Pies C?bicos. Color Negro/espejo,sin_cantidad,905,False,Horno de Microondas,,
638,presentacion,presentacion,EM 7622 BAPS1A O BAPS1B. 30 PLGS. 6 QUEMADORES. ENCENDIDO MANUAL. COLOR GRIS/NEGRO,Em 7622 Baps1a o Baps1b. 30 Plgs. 6 Quemadores. Encendido Manual. Color Gris/negro,sin_cantidad,903,False,Estufas,,
639,presentacion,presentacion,32A4NV. 32 PLGS. LED. PUERTO USB. SMART TV,32a4nv. 32 Plgs. LED. Puerto USB. Smart TV.,sin_cantidad,900,False,Pantallas,,
640,presentacion,presentacion,50 Q 6 K. 50 PLGS. QLED. PUERTO USB. SMART TV,50 Q 6 K. 50 Plgs. QLED. Puerto USB. Smart TV.,sin_cantidad,900,False,Pantallas,,
641,presentacion,presentacion,86 UA 8050 PSA. 86 PLGS. LED. PUERTO USB. SMART TV,86 Ua 8050 Psa. 86 Plgs. LED. Puerto USB. Smart TV.,sin_cantidad,897,False,Pantallas,,
642,presentacion,presentacion,E7873. MARVEL. AVENGERS. IRON MAN,E7873. Marvel. Avengers. Iron Man,sin_cantidad,888,False,Muñecos,,
643,presentacion,presentacion,FBC20. MICROFONO GRABA Y CANTA,Fbc20. Micrófono Graba y Canta,sin_cantidad,885,False,Juguetes de Destreza,,
644,presentacion,presentacion,MMDR07S2MG. 0.7 PIES CUBICOS. COLOR GRIS/ESPEJO,Mmdr07s2mg. 0.7 Pies Cúbicos. Color Gris/espejo,sin_cantidad,885,False,Horno de Microondas,,
645,presentacion,presentacion,FTN31. HERMANITA APRENDE CONMIGO,Ftn31. Hermanita Aprende Conmigo,sin_cantidad,876,False,Juguetes Educativos,,
646,presentacion,presentacion,"WT 1333 A (ACERO). 364 DM3. 2 PUERTAS, HORIZONTAL Y VERTICAL. DESHIELO AUTOMATICO","Wt 1333 a (acero). 364 Dm3. 2 Puertas, Horizontal y Vertical. Deshielo Automático",sin_cantidad,875,False,Refrigeradores,,
647,presentacion,presentacion,NEST AUDIO. COLOR BLANCA O NEGRA,Nest Audio. Color Blanca o Negra,sin_cantidad,874,False,Asistentes de Voz,,
648,presentacion,presentacion,GHR48. HOT WHEELS. MEGAREMOLQUE,Ghr48. Hot Wheels. Megaremolque,sin_cantidad,873,False,Motos y Carros Mecánicos,,
649,presentacion,presentacion,HRC50. DJ BELLE SALTA Y APRENDE,Hrc50. Dj Belle Salta y Aprende,sin_cantidad,871,False,Juguetes Educativos,,
650,presentacion,presentacion,UN 75DU8000F. 75 PLGS. CRYSTAL. PUERTO USB. SMART TV,Un 75du8000f. 75 Plgs. Crystal. Puerto USB. Smart TV.,sin_cantidad,871,False,Pantallas,,
651,presentacion,presentacion,EM 7641 BAIN0A O BAIN1A. 30 PLGS. 6 QUEMADORES. ENCENDIDO MANUAL. COLOR NEGRO/ACERO,Em 7641 Bain0a o Bain1a. 30 Plgs. 6 Quemadores. Encendido Manual. Color Negro/acero,sin_cantidad,865,False,Estufas,,
652,presentacion,presentacion,F 7572. MARVEL. SPIDEY AND HIS AMAZING FRIENDS. HULK,F 7572. Marvel. Spidey And His Amazing Friends. Hulk,sin_cantidad,853,False,Muñecos,,
653,presentacion,presentacion,C.B. 011536. LA TROCA LOCA,C.b. 011536. la Troca Loca,sin_cantidad,850,False,Juegos de Mesa,,
654,presentacion,presentacion,6063461. PAW PATROL. HEDBANZ JUNIOR,6063461. Paw Patrol. Hedbanz Junior.,sin_cantidad,849,False,Juegos de Mesa,,
655,presentacion,presentacion,75 UA 7500 PSA. 75 PLGS. LED. PUERTO USB. SMART TV,75 Ua 7500 Psa. 75 Plgs. LED. Puerto USB. Smart TV.,sin_cantidad,845,False,Pantallas,,
656,presentacion,presentacion,E1870. MONOPOLY. GAMER (MARIOKART),E1870. Monopoly. Gamer (mariokart),sin_cantidad,844,False,Juegos de Mesa,,
657,presentacion,presentacion,SW383DX0. 3 EN 1,Sw383dx0. 3 en 1,sin_cantidad,844,False,Sandwicheras,,
658,presentacion,presentacion,NINTENDO SWITCH. SUPER SMASH BROS ULTIMATE,Nintendo Switch. Super Smash Bros Ultimate,sin_cantidad,842,False,Videojuegos,,
659,presentacion,presentacion,CM482DMX. CAPACIDAD 12 TAZAS,Cm482dmx. Capacidad 12 Tazas,sin_cantidad,841,False,Cafeteras,,
660,presentacion,presentacion,65A6NV. 65 PLGS. LED. PUERTO USB. SMART TV,65a6nv. 65 Plgs. LED. Puerto USB. Smart TV.,sin_cantidad,835,False,Pantallas,,
661,presentacion,presentacion,55U6K. 55 PLGS. ULED. PUERTO USB. SMART TV,55u6k. 55 Plgs. Uled. Puerto Usb. Smart Tv.,sin_cantidad,834,False,Pantallas,,
662,presentacion,presentacion,HKD86. BARBIE. PUP ADOPTION,Hkd86. Barbie. Pup Adoption,sin_cantidad,832,False,Muñecas,,
663,presentacion,presentacion,HRJ77. BARBIE. GETAWAY HOUSE,Hrj77. Barbie. Getaway House,sin_cantidad,824,False,Muñecas,,
664,presentacion,presentacion,GCSTBS5052 O GCSTBS5052-013. VAPOR . SUELA CERAMICA,Gcstbs5052 o Gcstbs5052-013. Vapor . Suela Cer?mica,sin_cantidad,817,False,Planchas,,
665,presentacion,presentacion,UNIVERSE. 16 PLGS. PEDESTAL. 3 VELOCIDADES,Universe. 16 Plgs. Pedestal. 3 Velocidades,sin_cantidad,815,False,Ventiladores,,
666,presentacion,presentacion,WM2000S-LA. (ESTACION DE DESAYUNOS 3 EN 1),Wm2000s-la. (Estación de Desayunos 3 en 1),sin_cantidad,814,False,Sandwicheras,,
667,presentacion,presentacion,F1272 O F1268 AST. BABY ALIVE. BEBE DULCE BAILARINA,F1272 o F1268 Ast. Baby Alive. Bebé Dulce Bailarina,sin_cantidad,808,False,Muñecas,,
668,presentacion,presentacion,MANGA LARGA/BOLSAS FRONTALES/CON CINTA DE SUJECION. TALLA EXTRA GRANDE (50% POLIESTER - 50% ALGODON),Manga Larga/bolsas Frontales/con Cinta de Sujecion. Talla Extra Grande (50% Poliester - 50% Algodón),sin_cantidad,808,False,Bata Escuela Oficial,,
669,presentacion,presentacion,#36730. DRAGON BALL. BLUE GOKU O SUPER SAIYAN O VEGETA O,#36730. Dragon Ball. Blue Goku o Super Saiyan o Vegeta o...,sin_cantidad,807,False,Muñecos,,
670,presentacion,presentacion,UN 55CU8000F. 55 PLGS. LED. PUERTO USB. SMART TV,Un 55cu8000f. 55 Plgs. Led. Puerto Usb. Smart Tv.,sin_cantidad,807,False,Pantallas,,
671,presentacion,presentacion,TSSTTV10LTB O TSSTTV10LTB-1MX,Tssttv10ltb o Tssttv10ltb-1mx,sin_cantidad,805,False,Horno Eléctrico,,
672,presentacion,presentacion,FV1953 O FV1953XO. VAPOR. SUELA CERAMICA,Fv1953 o Fv1953xo. Vapor. Suela Cer?mica,sin_cantidad,804,False,Planchas,,
673,presentacion,presentacion,CAJA 12 CERAS. JUMBO. 204498,Caja 12 Ceras. Jumbo. 204498,sin_cantidad,803,False,Crayones,,
674,presentacion,presentacion,F4527. BATTLESHIP,F4527. Battleship,sin_cantidad,797,False,Juegos de Mesa,,
675,presentacion,presentacion,OLED 65 C5 PSA. 65 PLGS. OLED. PUERTO USB. SMART TV,OLED 65 C5 Psa. 65 Plgs. OLED. Puerto USB. Smart TV.,sin_cantidad,797,False,Pantallas,,
676,presentacion,presentacion,DCH40. ¡CONSTRUYELO!/VAMOS A CONSTRUIR!,Dch40. ¡constrúyelo!/vamos a Construir!,sin_cantidad,792,False,Juguetes Armables,,
677,presentacion,presentacion,QN 55QN85DBF. 55 PLGS. QLED. PUERTO USB. SMART TV,Qn 55qn85dbf. 55 Plgs. QLED. Puerto USB. Smart TV.,sin_cantidad,787,False,Pantallas,,
678,presentacion,presentacion,F4718. PLAY-DOH. KITCHEN CREATION. BATIDORA MAGICA,F4718. Play-doh. Kitchen Creation. Batidora Mágica,sin_cantidad,786,False,Varios,,
679,presentacion,presentacion,TABLEADA CON BOTON Y CIERRE. BLANCA TALLA 6-10,Tableada con Boton y Cierre. Blanca Talla 6-10,sin_cantidad,781,False,Falda Escuela Oficial,,
680,presentacion,presentacion,X6A PLUS. ANDROID 13. MEMORIA INTERNA 256 GB. CAMARA 50 MP + 2 MP/FRONTAL 5 MP. 6.5 PLGS. MICRO SD HASTA 1 TB,X6a Plus. Android 13. Memoria Interna 256 Gb. Cámara 50 Mp + 2 Mp/frontal 5 Mp. 6.5 Plgs. Micro Sd Hasta 1 Tb,sin_cantidad,780,False,Celulares,,
681,presentacion,presentacion,B7404. RISK. EL JUEGO ESTRATEGICO DE CONQUISTA,B7404. Risk. el Juego Estratégico de Conquista,sin_cantidad,773,False,Juegos de Mesa,,
682,presentacion,presentacion,KG. NATURAL,Kg. Natural,sin_cantidad,768,False,Pavo,,
683,presentacion,presentacion,BLST3A-CPG O BLST3A-CPG-013. VELOCIDADES 3+1 PULSO. BASE PLASTICO. VASO VIDRIO. COLOR GRIS,Blst3a-cpg o Blst3a-cpg-013. Velocidades 3+1 Pulso. Base Plástico. Vaso Vidrio. Color Gris,sin_cantidad,763,False,Licuadoras,,
684,presentacion,presentacion,65 NANO 77 SRA. 65 PLGS. LED. PUERTO USB. SMART TV,65 Nano 77 Sra. 65 Plgs. Led. Puerto Usb. Smart Tv.,sin_cantidad,756,False,Pantallas,,
685,presentacion,presentacion,GCSTPX4070 O GCSTPX4070-013. VAPOR . SUELA CERAMICA,Gcstpx4070 o Gcstpx4070-013. Vapor . Suela Cerámica,sin_cantidad,756,False,Planchas,,
686,presentacion,presentacion,C.B. 006907. MULTIJUEGOS. CLASICOS,C.b. 006907. Multijuegos. Clásicos,sin_cantidad,750,False,Juegos de Mesa,,
687,presentacion,presentacion,HXN94. BARBIE. YOU CAN BE ANYTHING. CAFETERIA,Hxn94. Barbie. You Can Be Anything. Cafetería,sin_cantidad,749,False,Muñecas,,
688,presentacion,presentacion,GFR04. POLLY POCKET. HOSPITAL MOVIL DE ANIMALITOS,Gfr04. Polly Pocket. Hospital Movil de Animalitos,sin_cantidad,748,False,Motos y Carros Mecánicos,,
689,presentacion,presentacion,HBY28. BARBIE. PASEO EN BICICLETA,Hby28. Barbie. Paseo en Bicicleta,sin_cantidad,747,False,Muñecas,,
690,presentacion,presentacion,19910. VAPOR. SUELA ANTIADHERENTE,19910. Vapor. Suela Antiadherente,sin_cantidad,746,False,Planchas,,
691,presentacion,presentacion,C2124. ADIVINA QUIEN? ¡ EL JUEGO ORIGINAL DE ADIVINAR AL PERSONAJE!,C2124. Adivina Quién? ¡ el Juego Original de Adivinar al Personaje!,sin_cantidad,746,False,Juegos de Mesa,,
692,presentacion,presentacion,VX122C3. 11000 BTU S. TIPO MINISPLIT. DUAL INVERTER,Vx122c3. 11000 Btu?s. Tipo Minisplit. Dual Inverter,sin_cantidad,746,False,Aires Acondicionados,,
693,correccion_texto,presentacion,,C2124. Adivina Quién? ¡ el Juego Original de Adivinar al Personaje!,sin_candidato_unico,746,False,Juegos de Mesa,,
694,presentacion,presentacion,TABLEADA CON BOTON Y CIERRE. BLANCA TALLA 12-16,Tableada con Boton y Cierre. Blanca Talla 12-16,sin_cantidad,742,False,Falda Escuela Oficial,,
695,presentacion,presentacion,KOS-81HS. 0.7 PIES CUBICOS. COLOR GRIS/ESPEJO,Kos-81hs. 0.7 Pies Cúbicos. Color Gris/espejo,sin_cantidad,735,False,Horno de Microondas,,
696,presentacion,presentacion,86 UA 7500 PSA. 86 PLGS. LED. PUERTO USB. SMART TV,86 Ua 7500 Psa. 86 Plgs. LED. Puerto USB. Smart TV.,sin_cantidad,728,False,Pantallas,,
697,presentacion,presentacion,NINTENDO SWITCH. LUIGI S MANSION,Nintendo Switch. Luigi´s Mansion,sin_cantidad,727,False,Videojuegos,,
698,presentacion,presentacion,BLANCA MANGA CORTA CUELLO SPORT CON BOLSA. TALLA 6-10. (65% POLIESTER-35% ALGODON),Blanca Manga Corta Cuello Sport con Bolsa. Talla 6-10. (65% Poliester-35% Algodon),sin_cantidad,724,False,Camisa Escuela Oficial,,
699,presentacion,presentacion,FLIP ESSENTIAL 2. DURACION DE BATERIA 10 H. POTENCIA 20 W,Flip Essential 2. Duración de Bateria 10 H. Potencia 20 W,sin_cantidad,721,False,Minibocinas Portátiles Bluetooth,,
700,presentacion,presentacion,HJR17. ANDADERA DE DOS LADOS. PRIMEROS PASOS,Hjr17. Andadera de Dos Lados. Primeros Pasos,sin_cantidad,720,False,Juguetes de Destreza,,
701,presentacion,presentacion,HXJ10. BARBIE. DANCE AND FLUTTER,Hxj10. Barbie. Dance And Flutter,sin_cantidad,719,False,Muñecas,,
702,presentacion,presentacion,GNL70. CITY. GARAGE EXTREMO,Gnl70. City. Garage Extremo,sin_cantidad,718,False,Autopistas,,
703,presentacion,presentacion,B9197. PLAY DOH. MONTANA DE COLORES,B9197. Play Doh. Montaña de Colores,sin_cantidad,716,False,Varios,,
704,presentacion,presentacion,KOS-1N1BB. 1.1 PIES CUBICOS. COLOR NEGRO,Kos-1n1bb. 1.1 Pies Cúbicos. Color Negro,sin_cantidad,713,False,Horno de Microondas,,
705,presentacion,presentacion,75QD6QV. 75 PLGS. QLED. PUERTO USB. SMART TV,75qd6qv. 75 Plgs. QLED. Puerto USB. Smart TV.,sin_cantidad,712,False,Pantallas,,
706,presentacion,presentacion,BLANCA MANGA CORTA CUELLO SPORT CON BOLSA. TALLA 12-16. (65% POLIESTER-35% ALGODON),Blanca Manga Corta Cuello Sport con Bolsa. Talla 12-16. (65% Poliester-35% Algodon),sin_cantidad,712,False,Camisa Escuela Oficial,,
707,presentacion,presentacion,BLANCA MANGA CORTA CUELLO SPORT. TALLA 6-10. (65% POLIESTER-35% ALGODON),Blanca Manga Corta Cuello Sport. Talla 6-10. (65% Poliester-35% Algodon),sin_cantidad,708,False,Blusa Escuela Oficial,,
708,presentacion,presentacion,AZUL LISO. TALLA 12-16 (PRETINA PARA CINTURON),Azul Liso. Talla 12-16 (Pretina para Cinturón),sin_cantidad,707,False,Pantalón Escuela Oficial,,
709,presentacion,presentacion,X6C. ANDROID 15/MEMORIA INTERNA 256 GB. CAMARA 50 MP/FRONTAL 5 MP. 6.6 PLGS. MICRO SD HASTA 1 TB,X6c. Android 15/memoria Interna 256 GB. Cámara 50 MP/frontal 5 MP. 6.6 Plgs. Micro Sd Hasta 1 TB,sin_cantidad,704,False,Celulares,,
710,presentacion,presentacion,UN 75CU8000F. 75 PLGS. LED. PUERTO USB. SMART TV,Un 75cu8000f. 75 Plgs. Led. Puerto Usb. Smart Tv.,sin_cantidad,703,False,Pantallas,,
711,presentacion,presentacion,HHN00. VAGON. GIRATORIO DE BLOQUES,Hhn00. Vagón. Giratorio de Bloques,sin_cantidad,702,False,Juguetes Armables,,
712,presentacion,presentacion,HYL16. PANDA CONTEMOS JUNTOS,Hyl16. Panda Contemos Juntos,sin_cantidad,700,False,Juguetes de Destreza,,
713,presentacion,presentacion,QN 55Q65CAF. 55 PLGS. QLED. PUERTO USB. SMART TV,Qn 55q65caf. 55 Plgs. Qled. Puerto Usb. Smart Tv.,sin_cantidad,699,False,Pantallas,,
714,presentacion,presentacion,HXJ42. BARBIE. MYSTERIES. DANCE AND SHOW HORSE,Hxj42. Barbie. Mysteries. Dance And Show Horse,sin_cantidad,696,False,Varios,,
715,presentacion,presentacion,HKX39. NEMESIS COCODRILO,Hkx39. Nemesis Cocodrilo,sin_cantidad,692,False,Autopistas,,
716,presentacion,presentacion,C.B. 00846. ¡BASTA!,C.b. 00846. ¡basta!,sin_cantidad,690,False,Juegos de Mesa,,
717,presentacion,presentacion,GNM22. MARIO KART. CASTILLO DE BOWSER,Gnm22. Mario Kart. Castillo de Bowser,sin_cantidad,687,False,Autopistas,,
718,presentacion,presentacion,C.B. 010959. TRIVIA DISNEY,C.b. 010959. Trivia Disney,sin_cantidad,684,False,Juegos de Mesa,,
719,presentacion,presentacion,MS 32DG4504 ATAX. 1.1 PIES CUBICOS. COLOR NEGRO/ACERO,Ms 32dg4504 Atax. 1.1 Pies C?bicos. Color Negro/acero,sin_cantidad,683,False,Horno de Microondas,,
720,presentacion,presentacion,BLANCA MANGA CORTA CUELLO SPORT. TALLA 12-16. (65% POLIESTER-35% ALGODON),Blanca Manga Corta Cuello Sport. Talla 12-16. (65% Poliester-35% Algodon),sin_cantidad,670,False,Blusa Escuela Oficial,,
721,presentacion,presentacion,G0028. PLAY-DOH. HELADERIA MULTICOLOR,G0028. Play-doh. Heladería Multicolor,sin_cantidad,668,False,Varios,,
722,presentacion,presentacion,HERO 10 BLACK. FORMATO MICRO SD. SIN ZOOM. PUERTO USB,Hero 10 Black. Formato Micro Sd. Sin Zoom. Puerto Usb,sin_cantidad,663,False,Videocámaras,,
723,presentacion,presentacion,REDMI NOTE 11. ANDROID 11/MEMORIA INTERNA 128 GB. CAMARA 50 MP + 8 MP + 2 MP+ 2 MP/ FRONTAL 13 MP. 6.43 PLGS. MICRO SD HASTA 1024 GB,Redmi Note 11. Android 11/memoria Interna 128 Gb. Camara 50 Mp + 8 Mp + 2 Mp+ 2 Mp/ Frontal 13 Mp. 6.43 Plgs. Micro Sd Hasta 1024 Gb,sin_cantidad,663,False,Celulares,,
724,presentacion,presentacion,EOS R50. MEGA PIXELES 24.2. LENTE ZOOM 18-45 MM,Eos R50. Mega Pixeles 24.2. Lente Zoom 18-45 Mm,sin_cantidad,660,False,Cámaras Digitales,,
725,presentacion,presentacion,HYL18. CAMALEON GATEA CONMIGO,Hyl18. Camaleón Gatea Conmigo,sin_cantidad,658,False,Juguetes de Destreza,,
726,presentacion,presentacion,HW-B450. BLUETOOTH. USB. POTENCIA 200 W. SONIDO 2.1,Hw-b450. Bluetooth. Usb. Potencia 200 W. Sonido 2.1,sin_cantidad,655,False,Barra de Sonido,,
727,presentacion,presentacion,HXJ40. BARBIE. MYSTERIES. THE GREAT HORSE CHASE. CUIDADO CABALLO,Hxj40. Barbie. Mysteries. The Great Horse Chase. Cuidado Caballo,sin_cantidad,655,False,Muñecas,,
728,presentacion,presentacion,NINTENDO SWITCH. SUPER MARIO BROS. U DE LUXE,Nintendo Switch. Super Mario Bros. u de Luxe,sin_cantidad,655,False,Videojuegos,,
729,presentacion,presentacion,VM122H9. 12000 BTU S. TIPO MINISPLIT. DUAL INVERTER,Vm122h9. 12000 Btu?s. Tipo Minisplit. Dual Inverter,sin_cantidad,655,False,Aires Acondicionados,,
730,presentacion,presentacion,UN 85CU7000F. 85 PLGS. LED. PUERTO USB. SMART TV,Un 85cu7000f. 85 Plgs. Led. Puerto Usb. Smart Tv.,sin_cantidad,651,False,Pantallas,,
731,presentacion,presentacion,RT 38 DG 6224 S9 (SILVER). 387 DM3. 2 PUERTAS. HORIZONTAL Y VERTICAL. DESHIELO AUTOMATICO DE DURACION LARGA,Rt 38 Dg 6224 S9 (Silver). 387 Dm3. 2 Puertas. Horizontal y Vertical. Deshielo Automático de Duración Larga,sin_cantidad,649,False,Refrigeradores,,
732,presentacion,presentacion,MS 23K3513 AW. 0.8 PIES CUBICOS. COLOR BLANCO/NEGRO,Ms 23k3513 Aw. 0.8 Pies Cúbicos. Color Blanco/negro,sin_cantidad,648,False,Horno de Microondas,,
733,presentacion,presentacion,CKV15. MONITO. BRILLOS LUMINOSOS,Ckv15. Monito. Brillos Luminosos,sin_cantidad,646,False,Juguetes Educativos,,
734,presentacion,presentacion,"RMA 1130 JMF (E0) (GRAFITO). 302.33 DM3. 2 PUERTAS, HORIZONTAL Y VERTICAL. DESHIELO AUTOMATICO","Rma 1130 Jmf (e0) (grafito). 302.33 Dm3. 2 Puertas, Horizontal y Vertical. Deshielo Automático",sin_cantidad,644,False,Refrigeradores,,
735,presentacion,presentacion,HKX43. CITY. TORRE DE CARRERAS TRANSFORMABLE,Hkx43. City. Torre de Carreras Transformable,sin_cantidad,643,False,Autopistas,,
736,presentacion,presentacion,HNR49. DINO PELOTITAS DIVERTIDAS,Hnr49. Dino Pelotitas Divertidas,sin_cantidad,643,False,Juguetes Educativos,,
737,presentacion,presentacion,CAJA 24 CERAS. EXTRAGRUESO,Caja 24 Ceras. Extragrueso,sin_cantidad,642,False,Crayones,,
738,presentacion,presentacion,6062371. JUMANJI,6062371. Jumanji,sin_cantidad,640,False,Juegos de Mesa,,
739,presentacion,presentacion,FWF45. MI MUNECA DE APRENDIZAJE,Fwf45. Mi Muñeca de Aprendizaje,sin_cantidad,639,False,Juguetes Educativos,,
740,presentacion,presentacion,MGE 07 SEJ. 0.7 PIES CUBICOS. COLOR GRIS/ESPEJO,Mge 07 Sej. 0.7 Pies Cúbicos. Color Gris/espejo,sin_cantidad,638,False,Horno de Microondas,,
741,presentacion,presentacion,A 54. ANDROID 11/MEMORIA INTERNA 128 GB. CAMARA 13 MP + 2 MP + 2 MP/ FRONTAL 16 MP. 6.52 PLGS. MICRO SD HASTA 256 GB,A 54. Android 11/memoria Interna 128 Gb. Camara 13 Mp + 2 Mp + 2 Mp/ Frontal 16 Mp. 6.52 Plgs. Micro Sd Hasta 256 Gb,sin_cantidad,637,False,Celulares,,
742,presentacion,presentacion,CM133852. CAPACIDAD 10 TAZAS. (CON JARRA TERMICA),Cm133852. Capacidad 10 Tazas. (con Jarra Térmica),sin_cantidad,636,False,Cafeteras,,
743,presentacion,presentacion,HKT79. BARBIE AMBULANCIA,Hkt79. Barbie Ambulancia,sin_cantidad,634,False,Motos y Carros Eléctricos,,
744,presentacion,presentacion,F6105. ADIVINA QUIEN? ¡ EL JUEGO ORIGINAL DE ADIVINAR AL PERSONAJE!,F6105. Adivina Quién? ¡ el Juego Original de Adivinar al Personaje!,sin_cantidad,631,False,Juegos de Mesa,,
745,correccion_texto,presentacion,,F6105. Adivina Quién? ¡ el Juego Original de Adivinar al Personaje!,sin_candidato_unico,631,False,Juegos de Mesa,,
746,presentacion,presentacion,KD-65X80K. 65 PLGS. LED. PUERTO USB. SMART TV,Kd-65x80k. 65 Plgs. Led. Puerto Usb. Smart Tv.,sin_cantidad,628,False,Pantallas,,
747,presentacion,presentacion,F6916. PLAY-DOH. PRIMERAS CREACIONES PARA EL PICNIC,F6916. Play-doh. Primeras Creaciones para el Picnic,sin_cantidad,624,False,Varios,,
748,presentacion,presentacion,HCK77. BARBIE. CHELSEA CASA DE MUNECAS,Hck77. Barbie. Chelsea Casa de Muñecas,sin_cantidad,622,False,Varios,,
749,presentacion,presentacion,BL439D56. VELOCIDADES 5 VEL.. BASE METAL. VASO VIDRIO. COLOR GRIS,Bl439d56. Velocidades 5 Vel.. Base Metal. Vaso Vidrio. Color Gris,sin_cantidad,619,False,Licuadoras,,
750,presentacion,presentacion,ART. NFN 42000. NENUCO. MERIENDITAS,Art. Nfn 42000. Nenuco. Merienditas,sin_cantidad,617,False,Muñecas,,
751,presentacion,presentacion,CITRIX. EXPRIMIDOR,Citrix. Exprimidor,sin_cantidad,617,False,Extractores de Jugos y Exprimidores,,
752,presentacion,presentacion,32 S210R-MX. 32 PLGS. LED. PUERTO USB. SMART TV,32 S210r-mx. 32 Plgs. Led. Puerto Usb. Smart Tv.,sin_cantidad,614,False,Pantallas,,
753,presentacion,presentacion,HKY11. JURASSIC WORLD. DINO TRACKERS. INDORAPTOR. RASTREA Y ATACA,Hky11. Jurassic World. Dino Trackers. Indoraptor. Rastrea y Ataca,sin_cantidad,614,False,Varios,,
754,presentacion,presentacion,KPB-109. ABREMENTE. EL JUEGO,Kpb-109. Abremente. el Juego,sin_cantidad,612,False,Juegos de Mesa,,
755,presentacion,presentacion,HNH90. BARBIE. CHELSEA 2 EN 1 CAMPER,Hnh90. Barbie. Chelsea 2 en 1 Camper,sin_cantidad,610,False,Motos y Carros Mecánicos,,
756,presentacion,presentacion,HFC04. IMAGINEXT. JURASSIC WORLD. T REX ACCION DE COMBATE,Hfc04. Imaginext. Jurassic World. T Rex Acción de Combate,sin_cantidad,609,False,Varios,,
757,presentacion,presentacion,ZV-IF. MEGAPIXELES 20.1. ZOOM OPTICO 8X. SIN LENTE ZOOM,Zv-if. Megapixeles 20.1. Zoom Óptico 8x. Sin Lente Zoom,sin_cantidad,601,False,Cámaras Digitales,,
758,presentacion,presentacion,65 QNED 80 TSA. 65 PLGS. QNED. PUERTO USB. SMART TV,65 Qned 80 Tsa. 65 Plgs. Qned. Puerto Usb. Smart Tv.,sin_cantidad,600,False,Pantallas,,
759,presentacion,presentacion,MG 32DG4524 CGAX. 1.1 PIES CUBICOS. DORADOR. COLOR NEGRO,Mg 32dg4524 Cgax. 1.1 Pies C?bicos. Dorador. Color Negro,sin_cantidad,599,False,Horno de Microondas,,
760,presentacion,presentacion,55 QM 6 K. 55 PLGS. QM MINILED. PUERTO USB. SMART TV,55 Qm 6 K. 55 Plgs. Qm Miniled. Puerto USB. Smart TV.,sin_cantidad,597,False,Pantallas,,
761,presentacion,presentacion,AZUL LISO. TALLA 28-32 (PRETINA PARA CINTURON),Azul Liso. Talla 28-32 (Pretina para Cinturón),sin_cantidad,597,False,Pantalón Escuela Oficial,,
762,presentacion,presentacion,HYC21. BARBIE. DREAM BESTIES. BARBIE MALIBU,Hyc21. Barbie. Dream Besties. Barbie Malibu,sin_cantidad,594,False,Muñecas,,
763,presentacion,presentacion,CAJA 24 CERAS. REDONDO,Caja 24 Ceras. Redondo,sin_cantidad,592,False,Crayones,,
764,presentacion,presentacion,50QD6N. 50 PLGS. QLED. PUERTO USB. SMART TV,50qd6n. 50 Plgs. QLED. Puerto USB. Smart TV.,sin_cantidad,591,False,Pantallas,,
765,presentacion,presentacion,OLED 55 B3 PSA. 55 PLGS. OLED. PUERTO USB. SMART TV,Oled 55 B3 Psa. 55 Plgs. Oled. Puerto Usb. Smart Tv.,sin_cantidad,588,False,Pantallas,,
766,presentacion,presentacion,UN 65CU8000F. 65 PLGS. LED. PUERTO USB. SMART TV,Un 65cu8000f. 65 Plgs. Led. Puerto Usb. Smart Tv.,sin_cantidad,584,False,Pantallas,,
767,presentacion,presentacion,INSTAX MINI 11. LENTE ZOOM 60 MM (FIJO),Instax Mini 11. Lente Zoom 60 Mm (fijo),sin_cantidad,581,False,Cámaras Digitales,,
768,presentacion,presentacion,#6054195. PAW PATROL. R/C. MARSHALL RC FIRE TRUCK O CHASE RC POLICE CRUISER,#6054195. Paw Patrol. R/c. Marshall Rc Fire Truck o Chase Rc Police Cruiser,sin_cantidad,580,False,Motos y Carros Eléctricos,,
769,presentacion,presentacion,V70 MAX. ANDROID 15 (V)/MEMORIA INTERNA 256 GB. CAMARA 50 MP + 2 MP/FRONTAL 8 MP. 6.9 PLGS. MICRO SD HASTA 1 TB,V70 Max. Android 15 (V)/memoria Interna 256 Gb. Cámara 50 Mp + 2 Mp/frontal 8 Mp. 6.9 Plgs. Micro Sd Hasta 1 Tb,sin_cantidad,577,False,Celulares,,
770,presentacion,presentacion,GDM20. POLLY POCKET. CAMION DE LICUADOS,Gdm20. Polly Pocket. Camión de Licuados,sin_cantidad,576,False,Motos y Carros Mecánicos,,
771,presentacion,presentacion,HBT92. BARBIE. COCHE 2 LUGARES!,Hbt92. Barbie. Coche 2 Lugares!,sin_cantidad,576,False,Motos y Carros Mecánicos,,
772,presentacion,presentacion,X BOX. SERIE S. 1 TB SSD. SIN JUEGO INCLUIDO,X Box. Serie S. 1 Tb Ssd. Sin Juego Incluido,sin_cantidad,575,False,Electrónicos de Video,,
773,presentacion,presentacion,ART. 700012836. NENUCO. (3 FUNCIONES),Art. 700012836. Nenuco. (3 Funciones),sin_cantidad,570,False,Muñecas Eléctricas,,
774,presentacion,presentacion,MULTI TURMIX. EXTRACTOR,Multi Turmix. Extractor,sin_cantidad,570,False,Extractores de Jugos y Exprimidores,,
775,presentacion,presentacion,E8525. TITAN HERO SERIES. SPIDER-MAN. MILES MORALES,E8525. Titan Hero Series. Spider-man. Miles Morales,sin_cantidad,569,False,Muñecos,,
776,presentacion,presentacion,GPT41 . DC. SUPER FRIENDS. BATMAN XL O SUPERMAN XL O,Gpt41 . Dc. Super Friends. Batman Xl o Superman Xl Ó,sin_cantidad,569,False,Muñecos,,
777,presentacion,presentacion,HDP05. CITY. LAVADO DE VEHICULOS MEGATORRE,Hdp05. City. Lavado de Vehículos Megatorre,sin_cantidad,569,False,Autopistas,,
778,presentacion,presentacion,OF533855. HORNO TOSTADOR,Of533855. Horno Tostador,sin_cantidad,569,False,Horno Eléctrico,,
779,presentacion,presentacion,HTK17. ACTION. CIRCUITO CON DOBLE PISTA,Htk17. Action. Circuito con Doble Pista,sin_cantidad,568,False,Autopistas,,
780,presentacion,presentacion,#83. FABRICA DE CHOCOLATES,#83. Fábrica de Chocolates,sin_cantidad,567,False,Varios,,
781,presentacion,presentacion,E 8523. TITAN HERO SERIES. SPIDER-MAN. BLACK SUIT,E 8523. Titan Hero Series. Spider-man. Black Suit,sin_cantidad,566,False,Muñecos,,
782,presentacion,presentacion,GRW39. DESAFIO DE ALTURA,Grw39. Desafío de Altura,sin_cantidad,566,False,Autopistas,,
783,presentacion,presentacion,HRC41. MI PRIMER DJ BOUNCY,Hrc41. Mi Primer Dj Bouncy,sin_cantidad,566,False,Juguetes Educativos,,
784,presentacion,presentacion,HRG55-4LB. BARBIE. YOU CAN BE ANYTHING. SET JUEGO DE BOMBERA,Hrg55-4lb. Barbie. You Can Be Anything. Set Juego de Bombera,sin_cantidad,565,False,Muñecas,,
785,presentacion,presentacion,MANGA LARGA/BOLSAS FRONTALES/CON CINTA DE SUJECION. TALLA 38-42. (100% ALGODON),Manga Larga/bolsas Frontales/con Cinta de Sujecion. Talla 38-42. (100% Algodon),sin_cantidad,564,False,Bata Escuela Oficial,,
786,presentacion,presentacion,IDEAPAD SLIM 3. 15ABR8. 82XM00LWLM. LAPTOP (AZUL). AMD RYZEN 7/WINDOWS 11. DISCO DURO 1 TB SSD/MEMORIA RAM 16 GB. 15.6 PLGS,Ideapad Slim 3. 15abr8. 82xm00lwlm. Laptop (Azul). Amd Ryzen 7/windows 11. Disco Duro 1 Tb Ssd/memoria Ram 16 Gb. 15.6 Plgs.,sin_cantidad,563,False,Computadoras Portátiles,,
787,presentacion,presentacion,DHB63. BARBIE. YOU CAN BE ANYTHING. DENTISTA O MAESTRA O PEDIATRA O?,Dhb63. Barbie. You Can Be Anything. Dentista o Maestra o Pediatra o?,sin_cantidad,560,False,Muñecas,,
788,presentacion,presentacion,F 7356. BABY ALIVE. BEBIDAS DE FRUTAS,F 7356. Baby Alive. Bebidas de Frutas,sin_cantidad,560,False,Muñecas,,
789,correccion_texto,presentacion,,Dhb63. Barbie. You Can Be Anything. Dentista o Maestra o Pediatra o?,sin_candidato_unico,560,False,Muñecas,,
790,presentacion,presentacion,HRR52. CAJA DE BLOQUES GRANDE,Hrr52. Caja de Bloques Grande,sin_cantidad,559,False,Juguetes Armables,,
791,presentacion,presentacion,75A6NV. 75 PLGS. LED. PUERTO USB. SMART TV,75a6nv. 75 Plgs. LED. Puerto USB. Smart TV.,sin_cantidad,558,False,Pantallas,,
792,presentacion,presentacion,GALAXY TAB S10 LITE. SM-X400. 10.9 PLGS. MEMORIA INTERNA 128 GB. MEMORIA RAM 6 GB,Galaxy Tab S10 Lite. Sm-x400. 10.9 Plgs. Memoria Interna 128 GB. Memoria RAM 6 GB.,sin_cantidad,558,False,Tablet,,
793,presentacion,presentacion,F8646. NERF. WILD LION FURY,F8646. Nerf. Wild Lion Fury,sin_cantidad,556,False,Varios,,
794,presentacion,presentacion,BOTE 28 CERAS. JUMBO. TRIANGULAR C.B. 216347,Bote 28 Ceras. Jumbo. Triangular C.b. 216347,sin_cantidad,555,False,Crayones,,
795,presentacion,presentacion,55Q5K. 55 PLGS. QLED. PUERTO USB. SMART TV,55q5k. 55 Plgs. QLED. Puerto USB. Smart TV.,sin_cantidad,554,False,Pantallas,,
796,presentacion,presentacion,C.B. 011888. 15 JUEGOS CLASICOS. SILVER LINE,C.b. 011888. 15 Juegos Clásicos. Silver Line,sin_cantidad,553,False,Juegos de Mesa,,
797,presentacion,presentacion,MG 40DG5525 AGAX. 1.4 PIES CUBICOS. DORADOR. COLOR NEGRO,Mg 40dg5525 Agax. 1.4 Pies C?bicos. Dorador. Color Negro,sin_cantidad,551,False,Horno de Microondas,,
798,presentacion,presentacion,UN 65AU7000F. 65 PLGS. LED. PUERTO USB. SMART TV,Un 65au7000f. 65 Plgs. Led. Puerto Usb. Smart Tv.,sin_cantidad,551,False,Pantallas,,
799,presentacion,presentacion,VM182C9. 18000 BTU S. TIPO MINISPLIT. DUAL COOL INVERTER,Vm182c9. 18000 Btu?s. Tipo Minisplit. Dual Cool Inverter,sin_cantidad,550,False,Aires Acondicionados,,
800,presentacion,presentacion,HPG37. PIXAR TOY STORY. REX RUGIDOS Y RISAS,Hpg37. Pixar Toy Story. Rex Rugidos y Risas,sin_cantidad,548,False,Muñecos Eléctricos,,
801,presentacion,presentacion,BLANCO. TALLA 6-10 (BOXER. RESORTE EN PRETINA),Blanco. Talla 6-10 (Boxer. Resorte en Pretina),sin_cantidad,547,False,Pantalón Escuela Oficial,,
802,presentacion,presentacion,F2184. PEPPA PIG. EL AUTO ROJO DE LA FAMILIA DE PEPPA,F2184. Peppa Pig. el Auto Rojo de la Familia de Peppa,sin_cantidad,541,False,Motos y Carros Mecánicos,,
803,presentacion,presentacion,F9141. PLAY-DOH. MESA DE HERRAMIENTAS COLORIDAS,F9141. Play-doh. Mesa de Herramientas Coloridas,sin_cantidad,541,False,Varios,,
804,presentacion,presentacion,G0038. MONOPOLY. BARBIE,G0038. Monopoly. Barbie,sin_cantidad,539,False,Juegos de Mesa,,
805,presentacion,presentacion,HYL15. BUFALO PRIMERAS PALABRAS,Hyl15. Búfalo Primeras Palabras,sin_cantidad,538,False,Juguetes de Destreza,,
806,presentacion,presentacion,PS5. RETURNAL-RATCHET & CLANK O CFI-2015. 1 TB. RETURNAL- RATCHET & CLANK. INCLUYE LECTOR DE DISCO,Ps5. Returnal-ratchet & Clank o Cfi-2015. 1 Tb. Returnal- Ratchet & Clank. Incluye Lector de Disco,sin_cantidad,538,False,Electrónicos de Video,,
807,presentacion,presentacion,XBOX SERIES X. XBOX ONE. EA SPORTS. FC 24,Xbox Series X. Xbox One. Ea Sports. Fc 24,sin_cantidad,538,False,Videojuegos,,
808,presentacion,presentacion,DT8221 O DT8221 X1,Dt8221 o Dt8221 X1,sin_cantidad,537,False,Planchas de Vapor Vertical,,
809,presentacion,presentacion,BLANCO. TALLA 12-16 (BOXER. RESORTE EN PRETINA),Blanco. Talla 12-16 (Boxer. Resorte en Pretina),sin_cantidad,536,False,Pantalón Escuela Oficial,,
810,presentacion,presentacion,AZUL LISO. TALLA 34-38 (PRETINA PARA CINTURON),Azul Liso. Talla 34-38 (Pretina para Cinturón),sin_cantidad,534,False,Pantalón Escuela Oficial,,
811,presentacion,presentacion,GWF96. EL CONVERTIBLE DE MINNIE,Gwf96. el Convertible de Minnie,sin_cantidad,532,False,Juguetes Armables,,
812,presentacion,presentacion,F9140. PLAY-DOH. AVENTURAS EN LA ESCUELA,F9140. Play-doh. Aventuras en la Escuela,sin_cantidad,529,False,Varios,,
813,presentacion,presentacion,HERO MAX O CHDHZ-202. FORMATO MICRO SD. SIN ZOOM. PUERTO USB,Hero Max o Chdhz-202. Formato Micro Sd. Sin Zoom. Puerto Usb,sin_cantidad,529,False,Videocámaras,,
814,presentacion,presentacion,HTK37. BARBIE. PASEO CON PERRITO EN SILLA DE RUEDAS,Htk37. Barbie. Paseo con Perrito en Silla de Ruedas,sin_cantidad,529,False,Muñecas,,
815,presentacion,presentacion,VE3199XO. 16 PLGS. PEDESTAL. 3 VELOCIDADES,Ve3199xo. 16 Plgs. Pedestal. 3 Velocidades,sin_cantidad,529,False,Ventiladores,,
816,presentacion,presentacion,F 3986. MARVEL. SPIDEY AND HIS AMAZING FRIENDS. SPIDEY,F 3986. Marvel. Spidey And His Amazing Friends. Spidey,sin_cantidad,528,False,Muñecos,,
817,presentacion,presentacion,F9709. BABY ALIVE. GATEA Y JUEGA,F9709. Baby Alive. Gatea y Juega,sin_cantidad,526,False,Muñecas Eléctricas,,
818,presentacion,presentacion,HXF53. JURASSIC WORLD. EPIC EVOLUTION. ATAQUE TOTAL. TYRANNOSAURUS REX,Hxf53. Jurassic World. Epic Evolution. Ataque Total. Tyrannosaurus Rex,sin_cantidad,526,False,Varios,,
819,presentacion,presentacion,HMK49. THE SUPER MARIO BROS. MOVIE. CARRERA EN LA SELVA,Hmk49. The Super Mario Bros. Movie. Carrera en la Selva,sin_cantidad,524,False,Autopistas,,
820,presentacion,presentacion,F2562. KA-BLAB!,F2562. Ka-blab!,sin_cantidad,523,False,Juegos de Mesa,,
821,presentacion,presentacion,HNM90. LLAMA ACTIVIDADES DIVERTIDAS,Hnm90. Llama Actividades Divertidas,sin_cantidad,523,False,Juguetes Educativos,,
822,presentacion,presentacion,75 Q 6 K. 75 PLGS. QLED. PUERTO USB. SMART TV,75 Q 6 K. 75 Plgs. QLED. Puerto USB. Smart TV.,sin_cantidad,522,False,Pantallas,,
823,presentacion,presentacion,43 NANO 77 SRA. 43 PLGS. LED. PUERTO USB. SMART TV,43 Nano 77 Sra. 43 Plgs. Led. Puerto Usb. Smart Tv.,sin_cantidad,519,False,Pantallas,,
824,presentacion,presentacion,F8645. NERF. WILD SHARKFIRE,F8645. Nerf. Wild Sharkfire,sin_cantidad,518,False,Varios,,
825,presentacion,presentacion,HPB50. BOTE DE MICKEY,Hpb50. Bote de Mickey,sin_cantidad,517,False,Juguetes Armables,,
826,presentacion,presentacion,XBOOM BOUNCE. DURACION DE BATERIA 30 H. POTENCIA 30 W,Xboom Bounce. DuRación de Bateria 30 H. Potencia 30 W,sin_cantidad,517,False,MiniBocinas Portátiles Bluetooth,,
827,presentacion,presentacion,65U6K. 65 PLGS. LED. PUERTO USB. SMART TV,65u6k. 65 Plgs. Led. Puerto Usb. Smart Tv.,sin_cantidad,515,False,Pantallas,,
828,presentacion,presentacion,JFD19. PERRITO APRENDE CONMIGO,Jfd19. Perrito Aprende Conmigo,sin_cantidad,514,False,Juguetes Educativos,,
829,presentacion,presentacion,HTK16. DESAFIO DEL CICLON,Htk16. Desafío del Ciclón,sin_cantidad,510,False,Autopistas,,
830,presentacion,presentacion,LANCHE MAX 2,Lanche Max 2,sin_cantidad,510,False,Sandwicheras,,
831,presentacion,presentacion,HXP08. BLOCK DE CONSTRUCCION DE MICKEY,Hxp08. Block de Construcción de Mickey,sin_cantidad,506,False,Juguetes Armables,,
832,presentacion,presentacion,KD-55X80K. 55 PLGS. LED. PUERTO USB. SMART TV,Kd-55x80k. 55 Plgs. Led. Puerto Usb. Smart Tv.,sin_cantidad,505,False,Pantallas,,
833,presentacion,presentacion,86 QNED 80 TSA. 86 PLGS. QNED. PUERTO USB. SMART TV,86 Qned 80 Tsa. 86 Plgs. Qned. Puerto USB. Smart TV.,sin_cantidad,503,False,Pantallas,,
834,presentacion,presentacion,CGR38. HIPO. HORA DE DORMIR,Cgr38. Hipo. Hora de Dormir,sin_cantidad,503,False,Juguetes Educativos,,
835,presentacion,presentacion,IDEAPAD 3 14IGL05. LAPTOP (GRIS). INTEL PENTIUM GOLD/WINDOWS 10. DISCO DURO 256 GB SSD/MEMORIA RAM 8 GB. 14 PLGS,Ideapad 3 14igl05. Laptop (gris). Intel Pentium Gold/windows 10. Disco Duro 256 Gb Ssd/memoria Ram 8 Gb. 14 Plgs.,sin_cantidad,502,False,Computadoras Portátiles,,
836,presentacion,presentacion,JHC58. PICTIONARY. PIC TATO,Jhc58. Pictionary. Pic Tato,sin_cantidad,501,False,Juegos de Mesa,,
837,presentacion,presentacion,PS5. SLIM. DIGITAL O CFI-2015. 1 TB. SIN JUEGO INCLUIDO,Ps5. Slim. Digital o Cfi-2015. 1 Tb. Sin Juego Incluido.,sin_cantidad,501,False,Electrónicos de Video,,
838,presentacion,presentacion,KD-75X80K. 75 PLGS. LED. PUERTO USB. SMART TV,Kd-75x80k. 75 Plgs. Led. Puerto Usb. Smart Tv.,sin_cantidad,499,False,Pantallas,,
839,presentacion,presentacion,NN-SD985S. 2.2 PIES CUBICOS. COLOR SILVER,Nn-sd985s. 2.2 Pies Cúbicos. Color Silver,sin_cantidad,498,False,Horno de Microondas,,
840,presentacion,presentacion,F4817. MONOPOLY. JUNIOR. SUPER MARIO,F4817. Monopoly. Junior. Super Mario,sin_cantidad,496,False,Juegos de Mesa,,
841,presentacion,presentacion,PS5. GOD OF WAR RAGNAROK O CFI1215A. 825 GB SSD. GOD OF WAR RAGNAROK (DESCARGA). INCLUYE LECTOR DE DISCO (CAJA BLANCA),Ps5. God Of War Ragnarok o Cfi1215a. 825 Gb Ssd. God Of War Ragnarok (descarga). Incluye Lector de Disco (caja Blanca),sin_cantidad,495,False,Electrónicos de Video,,
842,presentacion,presentacion,GKC04. UNO SHOW DOWN,Gkc04. Uno Show Down,sin_cantidad,493,False,Juegos de Mesa,,
843,presentacion,presentacion,QN 55Q65DAF. 55 PLGS. QLED. PUERTO USB. SMART TV,Qn 55q65daf. 55 Plgs. QLED. Puerto USB. Smart TV.,sin_cantidad,493,False,Pantallas,,
844,presentacion,presentacion,F8734. MARVEL SPIDER MAN. LANZADOR ARACNIDO SUPREMO,F8734. Marvel Spider Man. Lanzador Arácnido Supremo,sin_cantidad,491,False,Varios,,
845,presentacion,presentacion,#6071115. DC. BATMAN. THE DARK KNIGHT. BATMAN,#6071115. Dc. Batman. The Dark Knight. Batman,sin_cantidad,489,False,Muñecos,,
846,presentacion,presentacion,FPSTSMPL2B O FPSTSMPL2B-013. PLANETARIA. PEDESTAL. 12 VELOCIDADES. TAZON ACERO INOXIDABLE,Fpstsmpl2b o Fpstsmpl2b-013. Planetaria. Pedestal. 12 Velocidades. Taz?n Acero Inoxidable,sin_cantidad,487,False,Batidoras,,
847,presentacion,presentacion,GND67. DESTAPA Y ATRAPA. DESBORDADO,Gnd67. Destapa y Atrapa. Desbordado,sin_cantidad,484,False,Juegos de Mesa,,
848,presentacion,presentacion,MANGA LARGA/BOLSAS FRONTALES/CON CINTA DE SUJECION. TALLA 12-18. (100% ALGODON),Manga Larga/bolsas Frontales/con Cinta de Sujecion. Talla 12-18. (100% Algodon),sin_cantidad,484,False,Bata Escuela Oficial,,
849,presentacion,presentacion,"RT 44 A6304 S9 (SILVER). 439 DM3. 2 PUERTAS, HORIZONTAL Y VERTICAL. DESHIELO AUTOMATICO DE DURACION LARGA","Rt 44 A6304 S9 (silver). 439 Dm3. 2 Puertas, Horizontal y Vertical. Deshielo Automático de Duración Larga",sin_cantidad,484,False,Refrigeradores,,
850,presentacion,presentacion,JDX97. PICTIONARY,Jdx97. Pictionary,sin_cantidad,483,False,Juegos de Mesa,,
851,presentacion,presentacion,STREAM BAR O 9102X,Stream Bar o 9102x,sin_cantidad,482,False,Reproductores Streaming,,
852,presentacion,presentacion,GYX00. IMAGINEXT. FORTALEZA DEL GORILA,Gyx00. Imaginext. Fortaleza del Gorila,sin_cantidad,481,False,Varios,,
853,presentacion,presentacion,MH 1596 CIR. 1.5 PIES CUBICOS. COLOR SILVER,Mh 1596 Cir. 1.5 Pies Cúbicos. Color Silver,sin_cantidad,478,False,Horno de Microondas,,
854,presentacion,presentacion,E 7475. MARVEL. AVENGERS. HULK,E 7475. Marvel. Avengers. Hulk,sin_cantidad,477,False,Muñecos,,
855,presentacion,presentacion,HYP36. RIE Y APRENDE. SILLA DE APRENDIZAJE MUSICAL,Hyp36. Ríe y Aprende. Silla de Aprendizaje Musical,sin_cantidad,476,False,Juguetes Educativos,,
856,presentacion,presentacion,UN 55DU8000F. 55 PLGS. CRYSTAL. PUERTO USB. SMART TV,Un 55du8000f. 55 Plgs. Crystal. Puerto USB. Smart TV.,sin_cantidad,476,False,Pantallas,,
857,presentacion,presentacion,XBOX SERIES X. XBOX ONE. EA SPORTS. FC 25,Xbox Series X. Xbox One. Ea Sports. Fc 25,sin_cantidad,476,False,Videojuegos,,
858,presentacion,presentacion,F6397. NERF. SUPER SOAKER WAVE SPRAY,F6397. Nerf. Super Soaker Wave Spray,sin_cantidad,474,False,Varios,,
859,presentacion,presentacion,GKL62. POLLY POCKET. JET AVENTURAS FABULOSAS,Gkl62. Polly Pocket. Jet Aventuras Fabulosas,sin_cantidad,473,False,Varios,,
860,presentacion,presentacion,OLED 77 C5 PSA. 77 PLGS. OLED. PUERTO USB. SMART TV,OLED 77 C5 Psa. 77 Plgs. OLED. Puerto USB. Smart TV.,sin_cantidad,473,False,Pantallas,,
861,presentacion,presentacion,SONY PS4. EA SPORTS. FC 25,Sony Ps4. Ea Sports. Fc 25,sin_cantidad,473,False,Videojuegos,,
862,presentacion,presentacion,"WT 1818 A (SILVER). 504 DM3. 2 PUERTAS, HORIZONTAL Y VERTICAL. DESHIELO AUTOMATICO AJUSTABLE","Wt 1818 a (Silver). 504 Dm3. 2 Puertas, Horizontal y Vertical. Deshielo Automático Ajustable",sin_cantidad,473,False,Refrigeradores,,
863,presentacion,presentacion,#6044952. MONSTER JAM. MEGALODON R/C (ESCALA 1:24),#6044952. Monster Jam. Megalodon R/c (escala 1:24),sin_cantidad,471,False,Motos y Carros Eléctricos,,
864,presentacion,presentacion,E6688. PLAY-DOH. KITCHEN CREATION. HELADERIA CREATIVA,E6688. Play-doh. Kitchen Creation. Heladería Creativa,sin_cantidad,471,False,Varios,,
865,presentacion,presentacion,HTP18. MONSTER TRUCKS. RETO EN LA SELVA. (CHARGIN CHALLENGE),Htp18. Monster Trucks. Reto en la Selva. (chargin´ Challenge),sin_cantidad,471,False,Autopistas,,
866,presentacion,presentacion,JFD30. HERMANITA APRENDE CONMIGO,Jfd30. Hermanita Aprende Conmigo,sin_cantidad,471,False,Juguetes Educativos,,
867,presentacion,presentacion,TR0011SS,Tr0011ss,sin_cantidad,471,False,Tostadores de Pan,,
868,presentacion,presentacion,CAJA 12 CERAS. JUMBO. TRIANGULAR. C.B. 214480,Caja 12 Ceras. Jumbo. Triangular. C.b. 214480,sin_cantidad,468,False,Crayones,,
869,presentacion,presentacion,HXJ44. BARBIE. MYSTERIES. THE GREAT HORSE CHASE. ULTIMATE STABLE,Hxj44. Barbie. Mysteries. The Great Horse Chase. Ultimate Stable,sin_cantidad,468,False,Muñecas,,
870,presentacion,presentacion,GRIS OXFORD. TALLA 28-32 (PRETINA PARA CINTURON),Gris Oxford. Talla 28-32 (Pretina para Cinturón),sin_cantidad,467,False,Pantalón Escuela Oficial,,
871,presentacion,presentacion,HRB84. TRACTOR DE APRENDIZAJE 4 EN 1,Hrb84. Tractor de Aprendizaje 4 en 1,sin_cantidad,466,False,Juguetes Educativos,,
872,presentacion,presentacion,HYP38. RIE Y APRENDE. MI PRIMERA MAQUINA DE CAFE,Hyp38. Ríe y Aprende. Mi Primera Máquina de Café,sin_cantidad,466,False,Juguetes Educativos,,
873,presentacion,presentacion,50QD6QV. 50 PLGS. QLED. PUERTO USB. SMART TV,50qd6qv. 50 Plgs. QLED. Puerto USB. Smart TV.,sin_cantidad,465,False,Pantallas,,
874,presentacion,presentacion,WEM 7661 CFIX1D O CFIX1A O CFIX1E. 30 PLGS. 6 QUEMADORES. ENCENDIDO ELECTRONICO. COLOR ACERO,Wem 7661 Cfix1d o Cfix1a o Cfix1e. 30 Plgs. 6 Quemadores. Encendido Electrónico. Color Acero,sin_cantidad,465,False,Estufas,,
875,presentacion,presentacion,4108-13 O 4108. VELOCIDADES 7 + 3 PULSOS. BASE PLASTICO. VASO PLASTICO. COLOR BLANCA,4108-13 o 4108. Velocidades 7 + 3 Pulsos. Base Plástico. Vaso Plástico. Color Blanca,sin_cantidad,464,False,Licuadoras,,
876,presentacion,presentacion,ART. NFN 22000. NENUCO. SIRENITA,Art. Nfn 22000. Nenuco. Sirenita,sin_cantidad,464,False,Muñecas,,
877,presentacion,presentacion,HERO 12 BLACK CREATOR EDITION. FORMATO MICRO SD. PUERTO USB,Hero 12 Black Creator Edition. Formato Micro Sd. Puerto Usb,sin_cantidad,464,False,Videocámaras,,
878,presentacion,presentacion,EMH 7612 DTSS0A. FRENTE 30 PLGS. 6 QUEMADORES. ENCENDIDO ELECTRONICO. COLOR ACERO,Emh 7612 Dtss0a. Frente 30 Plgs. 6 Quemadores. Encendido Electr?nico. Color Acero,sin_cantidad,463,False,Estufas,,
879,presentacion,presentacion,HDR30. VENCE AL GORILLA ATTACK,Hdr30. Vence al Gorilla Attack,sin_cantidad,462,False,Autopistas,,
880,presentacion,presentacion,100% ACRILICO. TALLA 6-10. ABIERTO CON BOTONES,100% Acrilico. Talla 6-10. Abierto con Botones,sin_cantidad,461,False,Suéter Escuela Oficial,,
881,presentacion,presentacion,ART. NFN 33000. NENUCO. DISFRACES,Art. Nfn 33000. Nenuco. Disfraces,sin_cantidad,459,False,Muñecas,,
882,presentacion,presentacion,HJK34. XILOFONO GIGANTE,Hjk34. Xilófono Gigante,sin_cantidad,459,False,Juguetes de Destreza,,
883,presentacion,presentacion,MS 40DG5505 ATAX. 1.4 PIES CUBICOS. COLOR NEGRO/ACERO,Ms 40dg5505 Atax. 1.4 Pies C?bicos. Color Negro/acero,sin_cantidad,455,False,Horno de Microondas,,
884,presentacion,presentacion,ART. NFN99000. NENUCO. ¿JUGAMOS A ADIVINAR?,Art. Nfn99000. Nenuco. ¿jugamos a Adivinar?,sin_cantidad,454,False,Muñecas Eléctricas,,
885,correccion_texto,presentacion,,Art. Nfn99000. Nenuco. ¿jugamos a Adivinar?,sin_candidato_unico,454,False,Muñecas Eléctricas,,
886,presentacion,presentacion,XL7T. USB Y BLUETOOTH. POTENCIA 250 W RMS,Xl7t. USB y Bluetooth. Potencia 250 W Rms,sin_cantidad,451,False,Bocinas Portátiles,,
887,presentacion,presentacion,F8995. MONOPOLY. KNOCK OUT,F8995. Monopoly. Knock Out,sin_cantidad,450,False,Juegos de Mesa,,
888,presentacion,presentacion,KG. AHUMADO,Kg. Ahumado,sin_cantidad,450,False,Pavo,,
889,presentacion,presentacion,BLANCA MANGA CORTA CUELLO SPORT CON BOLSA. TALLA 6-10. (80% POLIESTER-20% ALGODON),Blanca Manga Corta Cuello Sport con Bolsa. Talla 6-10. (80% Poliester-20% Algodon),sin_cantidad,449,False,Camisa Escuela Oficial,,
890,presentacion,presentacion,HIN53. BARBIE. LITTLE PEOPLE. CONVERTIBLE,Hin53. Barbie. Little People. Convertible,sin_cantidad,448,False,Motos y Carros Mecánicos,,
891,presentacion,presentacion,MH 7032 JAS. 1.1 PIES CUBICOS. DORADOR. COLOR NEGRO,Mh 7032 Jas. 1.1 Pies C?bicos. Dorador. Color Negro,sin_cantidad,448,False,Horno de Microondas,,
892,presentacion,presentacion,GRW 70. SMART HUB DE APRENDIZAJE,Grw 70. Smart Hub de Aprendizaje,sin_cantidad,447,False,Juguetes Educativos,,
893,presentacion,presentacion,HWP26. POLLY POCKET. UNICORN DREAM CRUISE,Hwp26. Polly Pocket. Unicorn Dream Cruise,sin_cantidad,447,False,Varios,,
894,presentacion,presentacion,RECTA CON TABLONES AL FRENTE. AZUL MARINO. TALLA 12-16,Recta con Tablones al Frente. Azul Marino. Talla 12-16,sin_cantidad,447,False,Falda Escuela Oficial,,
895,presentacion,presentacion,"SH7Q. BLUETOOTH, USB. POTENCIA 800 W. SONIDO 5.1","Sh7q. Bluetooth, USB. Potencia 800 W. Sonido 5.1",sin_cantidad,446,False,Barra de Sonido,,
896,presentacion,presentacion,HNN76. PAVO REAL. PLUMAS COLORIDAS,Hnn76. Pavo Real. Plumas Coloridas,sin_cantidad,445,False,Juguetes Educativos,,
897,presentacion,presentacion,50U6QV. 50 PLGS. ULED. PUERTO USB. SMART TV,50u6qv. 50 Plgs. Uled. Puerto USB. Smart TV.,sin_cantidad,444,False,Pantallas,,
898,presentacion,presentacion,AXON 60 LITE. ANDROID 13/MEMORIA INTERNA 256 GB. CAMARA 50 MP + 2 MP/FRONTAL 8 MP. 6.6 PLGS. MICRO SD HASTA 1 TB,Axon 60 Lite. Android 13/memoria Interna 256 Gb. Cámara 50 Mp + 2 Mp/frontal 8 Mp. 6.6 Plgs. Micro Sd Hasta 1 Tb,sin_cantidad,443,False,Celulares,,
899,presentacion,presentacion,BLANCA MANGA CORTA CUELLO SPORT CON BOLSA. TALLA 12-16. (80% POLIESTER-20% ALGODON),Blanca Manga Corta Cuello Sport con Bolsa. Talla 12-16. (80% Poliester-20% Algodon),sin_cantidad,443,False,Camisa Escuela Oficial,,
900,presentacion,presentacion,C.B. 00327. DISNEY 20 JUEGOS,C.b. 00327. Disney 20 Juegos,sin_cantidad,443,False,Juegos de Mesa,,
901,presentacion,presentacion,GT 32 WP (SILVER). 315 DM3. 2 PUERTAS. HORIZONTAL Y VERTICAL. DESHIELO AUTOMATICO AJUSTABLE,Gt 32 Wp (Silver). 315 Dm3. 2 Puertas. Horizontal y Vertical. Deshielo Automático Ajustable,sin_cantidad,442,False,Refrigeradores,,
902,presentacion,presentacion,HRG59. BARBIE. FIAT,Hrg59. Barbie. Fiat,sin_cantidad,441,False,Motos y Carros Mecánicos,,
903,presentacion,presentacion,F 9965. BABY ALIVE. FELICES SUENOS,F 9965. Baby Alive. Felices Sueños,sin_cantidad,440,False,Muñecas,,
904,presentacion,presentacion,GXV27. POLLY POCKET. AVENTURA SEA & SWIM,Gxv27. Polly Pocket. Aventura Sea & Swim.,sin_cantidad,436,False,Varios,,
905,presentacion,presentacion,HRJ78. BARBIE. DREAM CAMPER,Hrj78. Barbie. Dream Camper,sin_cantidad,436,False,Motos y Carros Mecánicos,,
906,presentacion,presentacion,RESORTE EN PRETINA TALLA 6-10,Resorte en Pretina Talla 6-10,sin_cantidad,436,False,Pantalón Corto Shorts Escuela,,
907,presentacion,presentacion,RECTA CON TABLONES AL FRENTE. AZUL MARINO. TALLA 6-10,Recta con Tablones al Frente. Azul Marino. Talla 6-10,sin_cantidad,433,False,Falda Escuela Oficial,,
908,presentacion,presentacion,HRM10. BARBIE AND STACIE. TO THE RESCUE. PERRITOS,Hrm10. Barbie And Stacie. To The Rescue. Perritos,sin_cantidad,430,False,Muñecas,,
909,presentacion,presentacion,PS5. RETURNAL-RATCHET & CLANK. DIGITAL O CFI-2015. 1 TB. RETURNAL- RATCHET & CLANK (DESCARGA),Ps5. Returnal-ratchet & Clank. Digital o Cfi-2015. 1 Tb. Returnal- Ratchet & Clank (descarga).,sin_cantidad,430,False,Electrónicos de Video,,
910,presentacion,presentacion,GRIS OXFORD. TALLA 34-38 (PRETINA PARA CINTURON),Gris Oxford. Talla 34-38 (Pretina para Cinturón),sin_cantidad,428,False,Pantalón Escuela Oficial,,
911,presentacion,presentacion,HKB06. BARBIE. JEEP CON BICICLETA,Hkb06. Barbie. Jeep con Bicicleta,sin_cantidad,427,False,Motos y Carros Mecánicos,,
912,presentacion,presentacion,HMM111SEJ. 1.1 PIES CUBICOS. COLOR GRIS/ESPEJO,Hmm111sej. 1.1 Pies Cúbicos. Color Gris/espejo,sin_cantidad,427,False,Horno de Microondas,,
913,presentacion,presentacion,HPL09. BARBIE. DANY HOYOS,Hpl09. Barbie. Dany Hoyos,sin_cantidad,427,False,Muñecas,,
914,presentacion,presentacion,ART. PNY 22000 TOY 36291. PINYPON. BEACH,Art. Pny 22000 Toy 36291. Pinypon. Beach,sin_cantidad,426,False,Varios,,
915,presentacion,presentacion,HDJ36. BARBIE. DREAMTOPIA. SIRENA TWINKLE LIGHTS,Hdj36. Barbie. Dreamtopia. Sirena Twinkle Lights,sin_cantidad,424,False,Muñecas,,
916,presentacion,presentacion,HKT77. BARBIE. YOU CAN BE ANYTHING. PANDA CARE & RESCUE,Hkt77. Barbie. You Can Be Anything. Panda Care & Rescue,sin_cantidad,424,False,Muñecas,,
917,presentacion,presentacion,KG. HORNEADO,Kg. Horneado,sin_cantidad,424,False,Pavo,,
918,presentacion,presentacion,BOTELLA750 ML. TINTO. CABERNET SAUVIGNON,Botella750 Ml. Tinto. Cabernet Sauvignon,sin_cantidad,423,False,Vino de Mesa,,
919,presentacion,presentacion,F7381. PLAY DOH. SET DE ANIMALES E IMAGINACION,F7381. Play Doh. Set de Animales e Imaginación,sin_cantidad,423,False,Varios,,
920,presentacion,presentacion,BLANCO. TALLA 28-32 (PRETINA PARA CINTURON),Blanco. Talla 28-32 (Pretina para Cinturón),sin_cantidad,422,False,Pantalón Escuela Oficial,,
921,presentacion,presentacion,CHARGE 6. DURACION DE BATERIA 28 H. POTENCIA 30 W,Charge 6. DuRación de Bateria 28 H. Potencia 30 W,sin_cantidad,421,False,MiniBocinas Portátiles Bluetooth,,
922,presentacion,presentacion,100% ACRILICO. TALLA 12-16. ABIERTO CON BOTONES,100% Acrilico. Talla 12-16. Abierto con Botones,sin_cantidad,419,False,Suéter Escuela Oficial,,
923,presentacion,presentacion,"RMB 400 IA (MRE0) (GRAFITO). 399.95 DM3. 2 PUERTAS, HORIZONTAL Y VERTICAL. DESHIELO AUTOMATICO AJUSTABLE","Rmb 400 Ia (mre0) (grafito). 399.95 Dm3. 2 Puertas, Horizontal y Vertical. Deshielo Automático Ajustable",sin_cantidad,419,False,Refrigeradores,,
924,presentacion,presentacion,HJY85. BARBIE. EN SILLA DE RUEDAS CON PERRO,Hjy85. Barbie. en Silla de Ruedas con Perro,sin_cantidad,418,False,Muñecas,,
925,presentacion,presentacion,HML42. IMAGINEXT. JURASSIC WORLD. CARNOTAURUS. SPIKE STRIKE,Hml42. Imaginext. Jurassic World. Carnotaurus. Spike Strike,sin_cantidad,417,False,Varios,,
926,presentacion,presentacion,#6056277. MONSTER JAM. MEGALODON R/C. STORM,#6056277. Monster Jam. Megalodon R/c. Storm,sin_cantidad,415,False,Motos y Carros Eléctricos,,
927,presentacion,presentacion,HTK38. BARBIE. CHELSEA. AVION,Htk38. Barbie. Chelsea. Avión,sin_cantidad,414,False,Varios,,
928,presentacion,presentacion,#6054190. PAW PATROL. CHASE RC POLICE CRUSIER O MARSHALL RC FIRETRUCK,#6054190. Paw Patrol. Chase Rc Police Crusier o Marshall Rc Firetruck,sin_cantidad,413,False,Motos y Carros Eléctricos,,
929,presentacion,presentacion,1716. ROLLER DINOSAURIO,1716. Roller Dinosaurio,sin_cantidad,413,False,Juguetes Montables,,
930,presentacion,presentacion,E7329 ASST. TITAN HERO SERIES. SPIDER-MAN. ARMORED,E7329 Asst. Titan Hero Series. Spider-man. Armored,sin_cantidad,412,False,Muñecos,,
931,presentacion,presentacion,HNW40. BARBIE. POP REVEAL . SERIE DE FRUTAS,Hnw40. Barbie. Pop Reveal . Serie de Frutas,sin_cantidad,412,False,Varios,,
932,presentacion,presentacion,F9182. TRANSFORMERS ONE. OPTIMUS PRIME. ORION PAX,F9182. Transformers One. Optimus Prime. Orion Pax,sin_cantidad,411,False,Varios,,
933,presentacion,presentacion,G0491. PLAY-DOH. DINOSAURIO FORMAS Y COLORES,G0491. Play-doh. Dinosaurio Formas y Colores,sin_cantidad,411,False,Varios,,
934,presentacion,presentacion,F6787. NERF. ELITE 2.0 CONTENDER,F6787. Nerf. Elite 2.0 Contender,sin_cantidad,410,False,Varios,,
935,presentacion,presentacion,HLW46. DISNEY FROZEN. ELSA O ANNA,Hlw46. Disney Frozen. Elsa o Anna,sin_cantidad,410,False,Muñecas,,
936,presentacion,presentacion,HRR20. MONSTER TRUCKS. 5-ALARM RC O HW TIGGER SHARK RC,Hrr20. Monster Trucks. 5-alarm Rc o Hw Tigger Shark Rc,sin_cantidad,409,False,Motos y Carros Eléctricos,,
937,presentacion,presentacion,TABLEADA CON BOTON Y CIERRE. AZUL MARINO. TALLA 28-32,Tableada con Boton y Cierre. Azul Marino. Talla 28-32,sin_cantidad,409,False,Falda Escuela Oficial,,
938,presentacion,presentacion,F9480. SPIDEY AND HIS AMAZING FRIENDS. DINO-WEBS. DINO GRUA ARACNIDA,F9480. Spidey And His Amazing Friends. Dino-webs. Dino Grúa Arácnida,sin_cantidad,408,False,Motos y Carros Mecánicos,,
939,presentacion,presentacion,GRIS OXFORD. TALLA 12-16 (PRETINA PARA CINTURON),Gris Oxford. Talla 12-16 (Pretina para Cinturón),sin_cantidad,408,False,Pantalón Escuela Oficial,,
940,presentacion,presentacion,GYX01. IMAGINEXT. GORILA SAMURAI,Gyx01. Imaginext. Gorila Samurai,sin_cantidad,407,False,Varios,,
941,presentacion,presentacion,UN 75AU7000F. 75 PLGS. LED. PUERTO USB. SMART TV,Un 75au7000f. 75 Plgs. Led. Puerto Usb. Smart Tv.,sin_cantidad,405,False,Pantallas,,
942,presentacion,presentacion,"VT 40 BJB (BEIGE). 395 DM3. 2 PUERTAS, HORIZONTAL Y VERTICAL. DESHIELO AUTOMATICO AJUSTABLE","Vt 40 Bjb (Beige). 395 Dm3. 2 Puertas, Horizontal y Vertical. Deshielo Automático Ajustable",sin_cantidad,404,False,Refrigeradores,,
943,presentacion,presentacion,HRX50. JURASSIC WORLD. EPIC EVOLUTION. ALLOSAURUS,Hrx50. Jurassic World. Epic Evolution. Allosaurus,sin_cantidad,402,False,Varios,,
944,presentacion,presentacion,KOS-1N5HSS. 1.5 PIES CUBICOS. COLOR GRIS/ESPEJO,Kos-1n5hss. 1.5 Pies Cúbicos. Color Gris/espejo,sin_cantidad,402,False,Horno de Microondas,,
945,presentacion,presentacion,75 UQ 9050 PSC. 75 PLGS. LED. PUERTO USB. SMART TV,75 Uq 9050 Psc. 75 Plgs. Led. Puerto Usb. Smart Tv.,sin_cantidad,400,False,Pantallas,,
946,presentacion,presentacion,HWY63. GRUA APRENDE A CONTAR,Hwy63. Grúa Aprende a Contar,sin_cantidad,400,False,Juguetes Educativos,,
947,presentacion,presentacion,JGR00. UNO SPIN,Jgr00. Uno Spin,sin_cantidad,399,False,Juegos de Mesa,,
948,presentacion,presentacion,43A65NV. 43 PLGS. LED. PUERTO USB. SMART TV,43a65nv. 43 Plgs. LED. Puerto USB. Smart TV.,sin_cantidad,398,False,Pantallas,,
949,presentacion,presentacion,X6A PLUS. ANDROID 13. MEMORIA INTERNA 128 GB. CAMARA 50 MP + 2 MP + 2 MP/FRONTAL 16 MP. 6.5 PLGS. MICRO SD HASTA 1 TB,X6a Plus. Android 13. Memoria Interna 128 Gb. Cámara 50 Mp + 2 Mp + 2 Mp/frontal 16 Mp. 6.5 Plgs. Micro Sd Hasta 1 Tb,sin_cantidad,398,False,Celulares,,
950,presentacion,presentacion,C.B. 00641. NUEVO TURISTA MUNDIAL,C.b. 00641. Nuevo Turista Mundial,sin_cantidad,397,False,Juegos de Mesa,,
951,presentacion,presentacion,BLANCO. TALLA 34-38 (PRETINA PARA CINTURON),Blanco. Talla 34-38 (Pretina para Cinturón),sin_cantidad,396,False,Pantalón Escuela Oficial,,
952,presentacion,presentacion,HTN34. THOMAS & FRIENDS. CONJUNTO DE ENTREGA DE PINTURAS,Htn34. Thomas & Friends. Conjunto de Entrega de Pinturas,sin_cantidad,395,False,Varios,,
953,presentacion,presentacion,F 6164. MARVEL. SPIDEY AND HIS AMAZING FRIENDS. IRON MAN,F 6164. Marvel. Spidey And His Amazing Friends. Iron Man,sin_cantidad,393,False,Muñecos,,
954,presentacion,presentacion,HXT54. UNO FLIP. ATTACK,Hxt54. Uno Flip. Attack,sin_cantidad,392,False,Juegos de Mesa,,
955,presentacion,presentacion,JFP01. BARBIE. DREAM POOL,Jfp01. Barbie. Dream Pool,sin_cantidad,392,False,Varios,,
956,presentacion,presentacion,HBB57. RIE Y APRENDE. RADIO PORTATIL. BAILA Y APRENDE,Hbb57. Ríe y Aprende. Radio Portátil. Baila y Aprende,sin_cantidad,390,False,Juguetes Educativos,,
957,presentacion,presentacion,31418J,31418j,sin_cantidad,389,False,Horno Eléctrico,,
958,presentacion,presentacion,ASST. HPL72. BARBIE. DIA DE PLAYA,Asst. Hpl72. Barbie. Día de Playa,sin_cantidad,389,False,Muñecas,,
959,presentacion,presentacion,55 QNED 80 SRA. 55 PLGS. QNED. PUERTO USB. SMART TV,55 Qned 80 Sra. 55 Plgs. Qned. Puerto Usb. Smart Tv.,sin_cantidad,385,False,Pantallas,,
960,presentacion,presentacion,#6044955. MONSTER JAM. GRAVE DIGGER R/C (ESCALA 1:24),#6044955. Monster Jam. Grave Digger R/c (escala 1:24),sin_cantidad,383,False,Motos y Carros Eléctricos,,
961,presentacion,presentacion,#6067621. DC. BATMAN,#6067621. Dc. Batman,sin_cantidad,383,False,Muñecos,,
962,presentacion,presentacion,EM 5042 BSIS0A O BSIS0B. 20 PLGS. 4 QUEMADORES. ENCENDIDO ELECTRONICO. COLOR GRIS/ ACERO,Em 5042 Bsis0a o Bsis0b. 20 Plgs. 4 Quemadores. Encendido Electrónico. Color Gris/ Acero,sin_cantidad,383,False,Estufas,,
963,presentacion,presentacion,G1428. REBOUNCE,G1428. Rebounce,sin_cantidad,383,False,Juegos de Mesa,,
964,presentacion,presentacion,E8199/E8551 ASST. BABY ALIVE. BABY GROWS UP!,E8199/e8551 Asst. Baby Alive. Baby Grows Up!,sin_cantidad,382,False,Muñecas Eléctricas,,
965,presentacion,presentacion,CERRADO CUELLO V. TALLA 4-10,Cerrado Cuello V. Talla 4-10,sin_cantidad,380,False,Chaleco,,
966,presentacion,presentacion,F9181. TRANSFORMERS ONE. BUMBLEBEE/B-127,F9181. Transformers One. Bumblebee/b-127,sin_cantidad,378,False,Varios,,
967,presentacion,presentacion,QN 65Q65CAF. 65 PLGS. QLED. PUERTO USB. SMART TV,Qn 65q65caf. 65 Plgs. Qled. Puerto Usb. Smart Tv.,sin_cantidad,378,False,Pantallas,,
968,presentacion,presentacion,65 UA 7500 PSA. 65 PLGS. LED. PUERTO USB. SMART TV,65 Ua 7500 Psa. 65 Plgs. LED. Puerto USB. Smart TV.,sin_cantidad,377,False,Pantallas,,
969,presentacion,presentacion,JGB92. JURASSIC WORLD. EOTRICERATOPS O TYRANNOTITAN,Jgb92. Jurassic World. Eotriceratops o Tyrannotitan,sin_cantidad,377,False,Varios,,
970,presentacion,presentacion,6067422. DC. BATMOBILE,6067422. Dc. Batmobile,sin_cantidad,375,False,Motos y Carros Mecánicos,,
971,presentacion,presentacion,HJB42. TOY STORY. WOODY DIVERSION DE RODEO,Hjb42. Toy Story. Woody Diversión de Rodeo,sin_cantidad,375,False,Muñecos Eléctricos,,
972,presentacion,presentacion,15-FC0080 LA. LAPTOP (GRIS). AMD RYZEN 7/WINDOWS 11. DISCO DURO 512 GB SSD/MEMORIA RAM 16 GB. 15.6 PLGS,15-fc0080 la. Laptop (Gris). Amd Ryzen 7/windows 11. Disco Duro 512 Gb Ssd/memoria Ram 16 Gb. 15.6 Plgs.,sin_cantidad,373,False,Computadoras Portátiles,,
973,presentacion,presentacion,F9332. MARVEL AVENGERS. HULK. SUPER PUNOS GAMMA,F9332. Marvel Avengers. Hulk. Súper Puños Gamma,sin_cantidad,373,False,Varios,,
974,presentacion,presentacion,100% ACRILICO. TALLA 6-10. CERRADO CUELLO V,100% Acrilico. Talla 6-10. Cerrado Cuello V,sin_cantidad,371,False,Suéter Escuela Oficial,,
975,presentacion,presentacion,G1444/G0874 ASST. BABY ALIVE. BABY GROWS UP!,G1444/g0874 Asst. Baby Alive. Baby Grows Up!,sin_cantidad,371,False,Muñecas Eléctricas,,
976,presentacion,presentacion,G1424. MONOPOLY. BANCO VIRTUAL,G1424. Monopoly. Banco Virtual,sin_cantidad,370,False,Juegos de Mesa,,
977,presentacion,presentacion,NINTENDO SWITCH. POKEMON. LEGENDS ARCEUS,Nintendo Switch. Pokémon. Legends Arceus,sin_cantidad,369,False,Videojuegos,,
978,presentacion,presentacion,100% ACRILICO. TALLA 12-16. CERRADO CUELLO V,100% Acrilico. Talla 12-16. Cerrado Cuello V,sin_cantidad,368,False,Suéter Escuela Oficial,,
979,presentacion,presentacion,65Q5K. 65 PLGS. QLED. PUERTO USB. SMART TV,65q5k. 65 Plgs. QLED. Puerto USB. Smart TV.,sin_cantidad,368,False,Pantallas,,
980,presentacion,presentacion,CAJA 12 CERAS. JUMBO. REDONDO,Caja 12 Ceras. Jumbo. Redondo,sin_cantidad,367,False,Crayones,,
981,presentacion,presentacion,RESORTE EN PRETINA TALLA 12-16,Resorte en Pretina Talla 12-16,sin_cantidad,367,False,Pantalón Corto Shorts Escuela,,
982,presentacion,presentacion,HTN78. CITY. ATAQUE DE MURCIELAGO,Htn78. City. Ataque de Murcielago,sin_cantidad,366,False,Autopistas,,
983,presentacion,presentacion,31101D,31101d,sin_cantidad,365,False,Horno Eléctrico,,
984,presentacion,presentacion,CERRADO CUELLO V. TALLA 12-16,Cerrado Cuello V. Talla 12-16,sin_cantidad,365,False,Chaleco,,
985,presentacion,presentacion,NFN78000. NENUCO. 7 IDIOMAS,Nfn78000. Nenuco. 7 Idiomas,sin_cantidad,364,False,Muñecas Eléctricas,,
986,presentacion,presentacion,UN 85DU8000F. 85 PLGS. CRYSTAL. PUERTO USB. SMART TV,Un 85du8000f. 85 Plgs. Crystal. Puerto USB. Smart TV.,sin_cantidad,364,False,Pantallas,,
987,presentacion,presentacion,CAJA 5000 GRAPAS. ESTANDAR. SBS191/4CP. C.B. 00712,Caja 5000 Grapas. Estandar. Sbs191/4cp. C.b. 00712,sin_cantidad,363,False,Grapas,,
988,presentacion,presentacion,HNT67. BARBIE A TOUCH OF MAGIC. BARBIE CHELSEA Y PEGASUS,Hnt67. Barbie a Touch Of Magic. Barbie Chelsea y Pegasus,sin_cantidad,363,False,Varios,,
989,presentacion,presentacion,NINTENDO SWITCH. EA SPORTS. FC 25,Nintendo Switch. Ea Sports. Fc 25,sin_cantidad,363,False,Videojuegos,,
990,presentacion,presentacion,C.B. 006419. NUEVO TURISTA MUNDIAL,C.b. 006419. Nuevo Turista Mundial,sin_cantidad,362,False,Juegos de Mesa,,
991,presentacion,presentacion,OLED 55 C3 PSA. 55 PLGS. OLED. PUERTO USB. SMART TV,Oled 55 C3 Psa. 55 Plgs. Oled. Puerto Usb. Smart Tv.,sin_cantidad,362,False,Pantallas,,
992,presentacion,presentacion,HWB37. LITTLE PEOPLE. PISTA DE CARRERAS Y CHOQUES,Hwb37. Little People. Pista de Carreras y Choques,sin_cantidad,359,False,Autopistas,,
993,presentacion,presentacion,JBM72. CITY. ULTIMATE DUAL. DRAGON TRANSPORTER,Jbm72. City. Ultimate Dual. Dragon Transporter,sin_cantidad,358,False,Autopistas,,
994,presentacion,presentacion,RENO 6 LITE. ANDROID 11/MEMORIA INTERNA 128 GB. CAMARA 48 MP + 2 MP + 2 MP/ FRONTAL 16 MP. 6.43 PLGS. MICRO SD HASTA 256 GB,Reno 6 Lite. Android 11/memoria Interna 128 Gb. Camara 48 Mp + 2 Mp + 2 Mp/ Frontal 16 Mp. 6.43 Plgs. Micro Sd Hasta 256 Gb,sin_cantidad,358,False,Celulares,,
995,presentacion,presentacion,BLANCO. TALLA 12-16 (PRETINA PARA CINTURON),Blanco. Talla 12-16 (Pretina para Cinturón),sin_cantidad,355,False,Pantalón Escuela Oficial,,
996,presentacion,presentacion,EOS R10. MEGA PIXELES 24.2. LENTE ZOOM 18-150 MM,Eos R10. Mega Pixeles 24.2. Lente Zoom 18-150 Mm,sin_cantidad,355,False,Cámaras Digitales,,
997,presentacion,presentacion,GALAXY TAB A7 LITE O SM-T220. 8.7 PLGS. MEMORIA INTERNA 32 GB. MEMORIA RAM 3 GB,Galaxy Tab A7 Lite o Sm-t220. 8.7 Plgs. Memoria Interna 32 Gb. Memoria Ram 3 Gb,sin_cantidad,354,False,Tablet,,
998,presentacion,presentacion,JFG68. BARBIE. PARTY. UNBOXED,Jfg68. Barbie. Party. Unboxed,sin_cantidad,354,False,Varios,,
999,presentacion,presentacion,HXH05. LITTLE PEOPLE. MI PRIMER KINDER,Hxh05. Little People. Mi Primer Kinder,sin_cantidad,353,False,Varios,,
1000,presentacion,presentacion,TO3250XSB O TO3250XSB-LA,To3250xsb o To3250xsb-la,sin_cantidad,353,False,Horno Eléctrico,,
1001,presentacion,presentacion,WEM 7643 CAIS1A O CAIS1B. 30 PLGS. 6 QUEMADORES. ENCENDIDO ENETRONICO. COLOR GRIS/ACERO,Wem 7643 Cais1a o Cais1b. 30 Plgs. 6 Quemadores. Encendido Enetrónico. Color Gris/acero,sin_cantidad,352,False,Estufas,,
1002,presentacion,presentacion,XL5T. USB Y BLUETOOTH. POTENCIA 200 W RMS,Xl5t. USB y Bluetooth. Potencia 200 W Rms,sin_cantidad,352,False,Bocinas Portátiles,,
1003,presentacion,presentacion,F9137. NERF. WILD VENOM PACK,F9137. Nerf. Wild Venom Pack,sin_cantidad,351,False,Varios,,
1004,presentacion,presentacion,HBJ60. LITTLE PEOPLE. GRANJA CUIDADO DE ANIMALES,Hbj60. Little People. Granja Cuidado de Animales,sin_cantidad,351,False,Varios,,
1005,presentacion,presentacion,HRB62. MESA MUSICAL APRENDE CONMIGO,Hrb62. Mesa Musical Aprende Conmigo,sin_cantidad,351,False,Juguetes de Destreza,,
1006,presentacion,presentacion,HXN01. BARBIE. PIJAMA Y PERRITOS,Hxn01. Barbie. Pijama y Perritos,sin_cantidad,351,False,Muñecas,,
1007,presentacion,presentacion,MANGA LARGA/BOLSAS FRONTALES/CON CINTA DE SUJECION. TALLA GRANDE (100% ALGODON),Manga Larga/bolsas Frontales/con Cinta de Sujecion. Talla Grande (100% Algodón),sin_cantidad,351,False,Bata Escuela Oficial,,
1008,presentacion,presentacion,"RF 25 C5551 S9 (SILVER). 694 DM3. 3 PUERTAS, 2 VERTICALES Y 1 HORIZONTAL. DESHIELO AUTOMATICO DE DURACION LARGA","Rf 25 C5551 S9 (silver). 694 Dm3. 3 Puertas, 2 Verticales y 1 Horizontal. Deshielo Automático de Duración Larga",sin_cantidad,351,False,Refrigeradores,,
1009,presentacion,presentacion,HNT93. POKEMON. AREA DE SERVICIO POKEMON EN EL BOSQUE,Hnt93. Pokémon. Área de Servicio Pokémon en el Bosque,sin_cantidad,350,False,Juguetes Armables,,
1010,presentacion,presentacion,IDEAPAD 1 15AMN7 O 82VG0044LM. LAPTOP (GRIS). AMD RYZEN 3/WINDOWS 11. DISCO DURO 512 GB SSD/MEMORIA RAM 8 GB. 15.6 PLGS,Ideapad 1 15amn7 o 82vg0044lm. Laptop (gris). Amd Ryzen 3/windows 11. Disco Duro 512 Gb Ssd/memoria Ram 8 Gb. 15.6 Plgs.,sin_cantidad,350,False,Computadoras Portátiles,,
1011,presentacion,presentacion,JCP74. BARBIE. (HADA Y SIRENA),Jcp74. Barbie. (hada y Sirena),sin_cantidad,350,False,Muñecas,,
1012,presentacion,presentacion,43535. UNO STACKO,43535. Uno Stacko,sin_cantidad,349,False,Juegos de Mesa,,
1013,presentacion,presentacion,F3884. NERF SUPER SOAKER. TWISTER,F3884. Nerf Super Soaker. Twister,sin_cantidad,347,False,Varios,,
1014,presentacion,presentacion,HWW14. TOY STORY. COHETE DE RESCATE BUZZ LIGHTYEAR,Hww14. Toy Story. Cohete de Rescate Buzz Lightyear,sin_cantidad,347,False,Muñecos Eléctricos,,
1015,presentacion,presentacion,HXB81. TABLET DE APRENDIZAJE. CRECE CONMIGO,Hxb81. Tablet de Aprendizaje. Crece Conmigo,sin_cantidad,347,False,Juguetes Educativos,,
1016,presentacion,presentacion,RECTA CON BOTON Y CIERRE. AZUL MARINO. TALLA 12-16,Recta con Boton y Cierre. Azul Marino. Talla 12-16,sin_cantidad,347,False,Falda Escuela Oficial,,
1017,presentacion,presentacion,E7876. MARVEL. AVENGERS. BLACK PANTHER,E7876. Marvel. Avengers. Black Panther,sin_cantidad,346,False,Muñecos,,
1018,presentacion,presentacion,F 3731 AST. TITAN HERO SERIES. SPIDER MAN. MILES MORALES,F 3731 Ast. Titan Hero Series. Spider Man. Miles Morales,sin_cantidad,346,False,Muñecos,,
1019,presentacion,presentacion,MANGA LARGA/BOLSAS FRONTALES/CON CINTA DE SUJECION. TALLA CHICA (100% ALGODON),Manga Larga/bolsas Frontales/con Cinta de Sujecion. Talla Chica (100% Algodón),sin_cantidad,346,False,Bata Escuela Oficial,,
1020,presentacion,presentacion,MANGA LARGA/BOLSAS FRONTALES/CON CINTA DE SUJECION. TALLA MEDIANA (100% ALGODON),Manga Larga/bolsas Frontales/con Cinta de Sujecion. Talla Mediana (100% Algodón),sin_cantidad,346,False,Bata Escuela Oficial,,
1021,presentacion,presentacion,FWK22. TREN MUSICAL ABC,Fwk22. Tren Musical Abc,sin_cantidad,345,False,Juguetes Armables,,
1022,presentacion,presentacion,JBT54. DISNEY MOANA 2. AVENTURA EN LA CANOA DE MOANA,Jbt54. Disney Moana 2. Aventura en la Canoa de Moana,sin_cantidad,345,False,Varios,,
1023,presentacion,presentacion,G1499. JENGA,G1499. Jenga,sin_cantidad,344,False,Juegos de Mesa,,
1024,presentacion,presentacion,HGY56. CACHORRO. GATEA CONMIGO,Hgy56. Cachorro. Gatea Conmigo,sin_cantidad,344,False,Juguetes Educativos,,
1025,presentacion,presentacion,VE3171XO. 16 PLGS. PEDESTAL. 3 VELOCIDADES,Ve3171xo. 16 Plgs. Pedestal. 3 Velocidades,sin_cantidad,344,False,Ventiladores,,
1026,presentacion,presentacion,C.B. 012601. TORRE MOVEDIZA,C.b. 012601. Torre Movediza,sin_cantidad,343,False,Juegos de Mesa,,
1027,presentacion,presentacion,6067399. DC. BATMAN ADVENTURES. BATMAN,6067399. Dc. Batman Adventures. Batman,sin_cantidad,342,False,Muñecos,,
1028,presentacion,presentacion,IDEAPAD 14ITL6. LAPTOP (GRIS). INTEL CORE I3/WINDOWS 10. DISCO DURO 256 GB SSD/MEMORIA RAM 8 GB. 14 PLGS,Ideapad 14itl6. Laptop (gris). Intel Core I3/windows 10. Disco Duro 256 Gb Ssd/memoria Ram 8 Gb. 14 Plgs.,sin_cantidad,342,False,Computadoras Portátiles,,
1029,presentacion,presentacion,"PZA. PASTA FLEXIBLE. ESPANOL/INGLES. MAS DE 80,000 TRADUCCIONES","Pza. Pasta Flexible. Español/ingles. M?s de 80,000 Traducciones",sin_cantidad,342,False,Diccionario,,
1030,presentacion,presentacion,50 QNED 75 SRA. 50 PLGS. QNED. PUERTO USB. SMART TV,50 Qned 75 Sra. 50 Plgs. Qned. Puerto Usb. Smart Tv.,sin_cantidad,341,False,Pantallas,,
1031,presentacion,presentacion,QN 55S90DAF. 55 PLGS. QLED. PUERTO USB. SMART TV,Qn 55s90daf. 55 Plgs. Qled. Puerto Usb. Smart Tv.,sin_cantidad,340,False,Pantallas,,
1032,presentacion,presentacion,F8317. MARVEL SPIDEY. TRAJE ELECTRONICO DE SPIDEY,F8317. Marvel Spidey. Traje Electrónico de Spidey,sin_cantidad,339,False,Muñecos Eléctricos,,
1033,presentacion,presentacion,65U6N. 65 PLGS. ULED. PUERTO USB. SMART TV,65u6n. 65 Plgs. Uled. Puerto Usb. Smart Tv.,sin_cantidad,337,False,Pantallas,,
1034,presentacion,presentacion,BLANCA MANGA CORTA CUELLO SPORT. TALLA 12-16. (80% POLIESTER-20% ALGODON),Blanca Manga Corta Cuello Sport. Talla 12-16. (80% Poliester-20% Algodon),sin_cantidad,337,False,Blusa Escuela Oficial,,
1035,presentacion,presentacion,BLANCA MANGA CORTA CUELLO SPORT. TALLA 6-10. (80% POLIESTER-20% ALGODON),Blanca Manga Corta Cuello Sport. Talla 6-10. (80% Poliester-20% Algodon),sin_cantidad,337,False,Blusa Escuela Oficial,,
1036,presentacion,presentacion,HKT21. POKEMON. MOLINO CAMPESTRE,Hkt21. Pokémon. Molino Campestre,sin_cantidad,337,False,Juguetes Armables,,
1037,presentacion,presentacion,ART. NFN 90000. NENUCO. CARE BEARS,Art. Nfn 90000. Nenuco. Care Bears,sin_cantidad,336,False,Muñecas,,
1038,presentacion,presentacion,F5350 AST. BABY ALIVE. BEBE SPA MULTICOLOR,F5350 Ast. Baby Alive. Bebé Spa Multicolor,sin_cantidad,333,False,Muñecas,,
1039,presentacion,presentacion,HPD53. MONSTER HIGH. LOOKS MONSTRUOSOS. DRACULAURA O FRANKIE STEIN O ?,Hpd53. Monster High. Looks Monstruosos. Draculaura Ó Frankie Stein Ó ?,sin_cantidad,332,False,Muñecas,,
1040,correccion_texto,presentacion,,Hpd53. Monster High. Looks Monstruosos. Draculaura Ó Frankie Stein Ó ?,sin_candidato_unico,332,False,Muñecas,,
1041,presentacion,presentacion,#6067878/#20143594. GABBY S DOLLHOUSE. PISCINA GATASTICA DE GABBY GIRL,#6067878/#20143594. Gabby´s Dollhouse. Piscina Gatástica de Gabby Girl,sin_cantidad,331,False,Varios,,
1042,presentacion,presentacion,GALAXY TAB S6 LITE O SM-P913. 10.4 PLGS. MEMORIA INTERNA 64 GB. MEMORIA RAM 4 GB,Galaxy Tab S6 Lite o Sm-p913. 10.4 Plgs. Memoria Interna 64 Gb. Memoria Ram 4 Gb.,sin_cantidad,331,False,Tablet,,
1043,presentacion,presentacion,HDN95. PAQUETE DE PISTA DE EXPANSION DE CIUDAD,Hdn95. Paquete de Pista de Expansión de Ciudad,sin_cantidad,331,False,Autopistas,,
1044,presentacion,presentacion,HVY04. IMAGINEXT DC. SUPER FRIENDS. BAT-TANK QUE SE TRANSFORMA,Hvy04. Imaginext Dc. Super Friends. Bat-tank Que Se Transforma,sin_cantidad,331,False,Motos y Carros Eléctricos,,
1045,presentacion,presentacion,JFW58. CAPIBARA. ESTIMULOS Y JUEGOS,Jfw58. Capíbara. Estímulos y Juegos,sin_cantidad,331,False,Juguetes de Destreza,,
1046,presentacion,presentacion,MMDDG11S2SS. 1.1 PIES CUBICOS. COLOR NEGRO/ACERO,Mmddg11s2ss. 1.1 Pies Cúbicos. Color Negro/acero,sin_cantidad,331,False,Horno de Microondas,,
1047,presentacion,presentacion,HCN46. BARBIE. YOU CAN BE ANYTHING. TIENDA DE HELADOS,Hcn46. Barbie. You Can Be Anything. Tienda de Helados,sin_cantidad,326,False,Muñecas,,
1048,presentacion,presentacion,PARTYBOX. STAGE 320. USB Y BLUETOOTH. POTENCIA 240 W RMS,Partybox. Stage 320. USB y Bluetooth. Potencia 240 W Rms,sin_cantidad,326,False,Bocinas Portátiles,,
1049,presentacion,presentacion,#6069959. MONSTER JAM. MARVEL. IRON MAN,#6069959. Monster Jam. Marvel. Iron Man,sin_cantidad,325,False,Motos y Carros Eléctricos,,
1050,presentacion,presentacion,EM 7641 BAIN2A. 30 PLGS. 6 QUEMADORES. ENCENDIDO MANUAL. NEGRO/ACERO,Em 7641 Bain2a. 30 Plgs. 6 Quemadores. Encendido Manual. Negro/acero,sin_cantidad,325,False,Estufas,,
1051,presentacion,presentacion,F9122/AST. F 9113. BABY ALIVE. PRINCESA BAILARINA,F9122/ast. F 9113. Baby Alive. Princesa Bailarina,sin_cantidad,325,False,Muñecas,,
1052,presentacion,presentacion,BLADE V60 SMART. ANDROID 13/MEMORIA INTERNA 128 GB. CAMARA 50 MP/FRONTAL 8 MP. 6.6 PLGS. MICRO SD HASTA 1 TB,Blade V60 Smart. Android 13/memoria Interna 128 Gb. Cámara 50 Mp/frontal 8 Mp. 6.6 Plgs. Micro Sd Hasta 1 Tb,sin_cantidad,324,False,Celulares,,
1053,presentacion,presentacion,BLISTER 2 PIEZAS. 8 GR/36GR. C.B. 415304,Blister 2 Piezas. 8 Gr/36gr. C.b. 415304,cantidades_alternativas,324,False,Lápiz Adhesivo,kg,0.008
1054,presentacion,presentacion,KG. TIERNO,Kg. Tierno,sin_cantidad,324,False,Pavo,,
1055,presentacion,presentacion,22614R,22614r,sin_cantidad,323,False,Tostadores de Pan,,
1056,presentacion,presentacion,F8631. NERF. N SERIES INFINITE,F8631. Nerf. N Series Infinite,sin_cantidad,322,False,Varios,,
1057,presentacion,presentacion,JBM73. T-REX BLAZE BATTLE,Jbm73. T-rex Blaze Battle,sin_cantidad,322,False,Autopistas,,
1058,presentacion,presentacion,UN 43DU8000F. 43 PLGS. CRYSTAL. PUERTO USB. SMART TV,Un 43du8000f. 43 Plgs. Crystal. Puerto USB. Smart TV.,sin_cantidad,322,False,Pantallas,,
1059,presentacion,presentacion,VE7741X0. 18 PLGS. PARED Y PEDESTAL. 3 VELOCIDADES,Ve7741x0. 18 Plgs. Pared y Pedestal. 3 Velocidades,sin_cantidad,322,False,Ventiladores,,
1060,presentacion,presentacion,F9209. TRANSFORMERS ONE. POWER FLIP OPTIMUS PRIME,F9209. Transformers One. Power Flip Optimus Prime,sin_cantidad,320,False,Varios,,
1061,presentacion,presentacion,#6071116. DC. BATMAN. THE DARK KNIGHT. THE JOKER,#6071116. Dc. Batman. The Dark Knight. The Joker,sin_cantidad,318,False,Muñecos,,
1062,presentacion,presentacion,EM 7660 CFIX2A. FRENTE 30 PLGS. 6 QUEMADORES. ENCENDIDO ELECTRONICO. COLOR NEGRO,Em 7660 Cfix2a. Frente 30 Plgs. 6 Quemadores. Encendido Electrónico. Color Negro,sin_cantidad,318,False,Estufas,,
1063,presentacion,presentacion,F 9120. BABY ALIVE. SOPHIA SPARKLE. BURBUJAS RELAJANTES,F 9120. Baby Alive. Sophia Sparkle. Burbujas Relajantes,sin_cantidad,318,False,Muñecas,,
1064,presentacion,presentacion,HXL16. HOT WHEELS. SKATE. HW SKATE SET BOWL DE INODORO,Hxl16. Hot Wheels. Skate. Hw Skate Set Bowl de Inodoro,sin_cantidad,318,False,Varios,,
1065,presentacion,presentacion,HWP19. POLLY POCKET. MUNDO SORPRESA AVION GATITO,Hwp19. Polly Pocket. Mundo Sorpresa Avión Gatito,sin_cantidad,317,False,Varios,,
1066,presentacion,presentacion,HJL88. LITTLE PEOPLE. BARBIE CASA DE LOS SUENOS,Hjl88. Little People. Barbie Casa de los Sueños,sin_cantidad,316,False,Varios,,
1067,presentacion,presentacion,HYV31. BARBIE. MASCARA FACIAL DIA DE SPA,Hyv31. Barbie. Máscara Facial Día de Spa,sin_cantidad,316,False,Muñecas,,
1068,presentacion,presentacion,ART. 700017110. NANCY. MAQUILLAJE DE ARCOIRIS,Art. 700017110. Nancy. Maquillaje de Arcoiris,sin_cantidad,315,False,Muñecas,,
1069,presentacion,presentacion,DCM-1897. CAPACIDAD 10 TAZAS,Dcm-1897. Capacidad 10 Tazas,sin_cantidad,315,False,Cafeteras,,
1070,presentacion,presentacion,HXR70. VUELTAS Y CHOQUES DESAFIANTES,Hxr70. Vueltas y Choques Desafiantes,sin_cantidad,315,False,Autopistas,,
1071,presentacion,presentacion,HKW09. POLLY POCKET. ESTUDIO DE ESTILO GLAMOROSO,Hkw09. Polly Pocket. Estudio de Estilo Glamoroso,sin_cantidad,313,False,Varios,,
1072,presentacion,presentacion,HTH70. POKEMON. MACHAMP,Hth70. Pokémon. Machamp,sin_cantidad,313,False,Juguetes Armables,,
1073,presentacion,presentacion,JCA-1665. MARVEL. TURISTA,Jca-1665. Marvel. Turista,sin_cantidad,313,False,Juegos de Mesa,,
1074,presentacion,presentacion,100% ACRILICO. TALLA 32-36. ABIERTO CON BOTONES,100% Acrilico. Talla 32-36. Abierto con Botones,sin_cantidad,311,False,Suéter Escuela Oficial,,
1075,presentacion,presentacion,42161. TECHNIC. LAMBORGHINI HURACAN TECNICA,42161. Technic. Lamborghini Huracán Tecnica,sin_cantidad,311,False,Juguetes Armables,,
1076,presentacion,presentacion,HNB92. MONSTER TRUCKS. DESAFIO GIRATORIO O DESAFIO EN SALTO DE VEHICULO,Hnb92. Monster Trucks. Desafío Giratorio o Desafío en Salto de Vehículo,sin_cantidad,308,False,Autopistas,,
1077,presentacion,presentacion,HTP09. HOT WHEELS. SKATE. TAZON CEREAL DE TONY HAWK,Htp09. Hot Wheels. Skate. Tazón Cereal de Tony Hawk,sin_cantidad,308,False,Varios,,
1078,presentacion,presentacion,PATA DE GALLO. TALLA 28-32 (PRETINA PARA CINTURON),Pata de Gallo. Talla 28-32 (Pretina para Cinturón),sin_cantidad,308,False,Pantalón Escuela Oficial,,
1079,presentacion,presentacion,TABLEADA CON BOTON Y CIERRE. AZUL MARINO. TALLA 34-38,Tableada con Boton y Cierre. Azul Marino. Talla 34-38,sin_cantidad,308,False,Falda Escuela Oficial,,
1080,presentacion,presentacion,UN 50AU7000F. 50 PLGS. LED. PUERTO USB. SMART TV,Un 50au7000f. 50 Plgs. Led. Puerto Usb. Smart Tv.,sin_cantidad,308,False,Pantallas,,
1081,presentacion,presentacion,55A6KV. 55 PLGS. LED. PUERTO USB. SMART TV,55a6kv. 55 Plgs. Led. Puerto Usb. Smart Tv.,sin_cantidad,307,False,Pantallas,,
1082,presentacion,presentacion,F8873. PEPPA PIG. PEPPA DIVERSION EN LOS CHARCOS,F8873. Peppa Pig. Peppa Diversión en los Charcos,sin_cantidad,307,False,Varios,,
1083,presentacion,presentacion,RECTA CON BOTON Y CIERRE. AZUL MARINO. TALLA 6-10,Recta con Boton y Cierre. Azul Marino. Talla 6-10,sin_cantidad,307,False,Falda Escuela Oficial,,
1084,presentacion,presentacion,VM122C9. 12000 BTU S. TIPO MINISPLIT. DUAL INVERTER,Vm122c9. 12000 Btu?s. Tipo Minisplit. Dual Inverter,sin_cantidad,307,False,Aires Acondicionados,,
1085,presentacion,presentacion,FVJ01. CAMION-¡CONSTRUYE Y CORRE!,Fvj01. Camión-¡construye y Corre!,sin_cantidad,306,False,Juguetes Armables,,
1086,presentacion,presentacion,C.B. 003272. DISNEY 20 JUEGOS,C.b. 003272. Disney 20 Juegos,sin_cantidad,304,False,Juegos de Mesa,,
1087,presentacion,presentacion,JFV68. BARBIE MYSTERIES. ULTIMATE BEACH BUGGY,Jfv68. Barbie Mysteries. Ultimate Beach Buggy,sin_cantidad,304,False,Motos y Carros Mecánicos,,
1088,presentacion,presentacion,TSSTTV7118 O TSSTTV7118-1MX,Tssttv7118 o Tssttv7118-1mx,sin_cantidad,304,False,Horno Eléctrico,,
1089,presentacion,presentacion,JCA-3618. NI SI NI NO,Jca-3618. Ni Sí Ni No,sin_cantidad,302,False,Juegos de Mesa,,
1090,presentacion,presentacion,6067880. MONSTER JAM. GRAVE DIGGER. TRAX,6067880. Monster Jam. Grave Digger. Trax,sin_cantidad,301,False,Motos y Carros Eléctricos,,
1091,presentacion,presentacion,F9422. MONOPOLY. HARRY POTTER,F9422. Monopoly. Harry Potter,sin_cantidad,297,False,Juegos de Mesa,,
1092,presentacion,presentacion,HBV67. IMAGINEXT. DC SUPER FRIENDS. BAT-TECH BATBOT,Hbv67. Imaginext. Dc Super Friends. Bat-tech Batbot,sin_cantidad,297,False,Varios,,
1093,presentacion,presentacion,PATA DE GALLO. TALLA 34-38 (PRETINA PARA CINTURON),Pata de Gallo. Talla 34-38 (Pretina para Cinturón),sin_cantidad,297,False,Pantalón Escuela Oficial,,
1094,presentacion,presentacion,#6060517. MONSTER JAM. RC EL TORO LOCO,#6060517. Monster Jam. Rc el Toro Loco,sin_cantidad,296,False,Motos y Carros Eléctricos,,
1095,presentacion,presentacion,HDR83. STUNT TRUCKS. CARRERA MULTILOOP,Hdr83. Stunt Trucks. Carrera Multiloop,sin_cantidad,296,False,Autopistas,,
1096,presentacion,presentacion,TABLEADA CON BOTON Y CIERRE. BLANCA TALLA 28-32,Tableada con Boton y Cierre. Blanca Talla 28-32,sin_cantidad,296,False,Falda Escuela Oficial,,
1097,presentacion,presentacion,G2782. CONECTA 4. ¡A REBOTAR!,G2782. Conecta 4. ¡a Rebotar!,sin_cantidad,295,False,Juegos de Mesa,,
1098,presentacion,presentacion,HERO 11 BLACK CREATOR EDITION. FORMATO MICRO SD. SIN ZOOM. PUERTO USB,Hero 11 Black Creator Edition. Formato Micro Sd. Sin Zoom. Puerto Usb,sin_cantidad,295,False,Videocámaras,,
1099,presentacion,presentacion,HML41. IMAGINEXT. JURASSIC WORLD. SPINOSAURUS,Hml41. Imaginext. Jurassic World. Spinosaurus,sin_cantidad,295,False,Varios,,
1100,presentacion,presentacion,PRINCIPE DE GALES. TALLA 28-32 (PRETINA PARA CINTURON),Principe de Gales. Talla 28-32 (Pretina para Cinturón),sin_cantidad,295,False,Pantalón Escuela Oficial,,
1101,presentacion,presentacion,HYD96. POLLY POCKET. UNICORNIO PARTYLAND,Hyd96. Polly Pocket. Unicornio Partyland,sin_cantidad,294,False,Varios,,
1102,presentacion,presentacion,IDEA TAB PRO. TB373FU. 12.7 PLGS. MEMORIA INTERNA 256 GB. MEMORIA RAM 8 GB,Idea Tab Pro. Tb373fu. 12.7 Plgs. Memoria Interna 256 GB. Memoria RAM 8 GB.,sin_cantidad,294,False,Tablet,,
1103,presentacion,presentacion,UN 43AU7000F. 43 PLGS. LED. PUERTO USB. SMART TV,Un 43au7000f. 43 Plgs. Led. Puerto Usb. Smart Tv.,sin_cantidad,294,False,Pantallas,,
1104,presentacion,presentacion,ART. NAC 70000. NANCY. SHINE,Art. Nac 70000. Nancy. Shine,sin_cantidad,292,False,Muñecas,,
1105,presentacion,presentacion,HRB73. MI PRIMER JUEGO DE MESA DE APRENDIZAJE,Hrb73. Mi Primer Juego de Mesa de Aprendizaje,sin_cantidad,291,False,Juguetes Educativos,,
1106,presentacion,presentacion,JCA-1944. 5 SEGUNDOS PARA GANAR,Jca-1944. 5 Segundos para Ganar,sin_cantidad,291,False,Juegos de Mesa,,
1107,presentacion,presentacion,SONY PS5. EA SPORTS. FC 26,Sony Ps5. Ea Sports. Fc 26,sin_cantidad,291,False,Videojuegos,,
1108,presentacion,presentacion,JFR06. MONSTER TRUCKS. DRAGON DEMOLITION. SHARKS VS DINOS,Jfr06. Monster Trucks. Dragon Demolition. Sharks Vs Dinos,sin_cantidad,290,False,Autopistas,,
1109,presentacion,presentacion,TIPO POLO. TRICOLOR (CON FRANJAS AZUL Y ROJO EN CUELLO Y MANGAS). TALLA 4-10 (50% ALGODON 50% POLIESTER),Tipo Polo. Tricolor (con Franjas Azul y Rojo en Cuello y Mangas). Talla 4-10 (50% Algodón 50% Poliester),sin_cantidad,288,False,Playera Blanca,,
1110,presentacion,presentacion,ART. NFN 97000. NENUCO. SMART SCHOOL,Art. Nfn 97000. Nenuco. Smart School,sin_cantidad,287,False,Muñecas,,
1111,presentacion,presentacion,HYL12. ESCUADRON MUSICAL. TIGRE CANTA CONMIGO,Hyl12. Escuadrón Musical. Tigre Canta Conmigo,sin_cantidad,287,False,Juguetes de Destreza,,
1112,presentacion,presentacion,E510 O E510M. LAPTOP (GRIS O NEGRO). INTEL CELERON/W10. DISCO DURO 128 GB/MEMORIA RAM 4 GB. 15.6 PLGS,E510 o E510m. Laptop (gris o Negro). Intel Celeron/w10. Disco Duro 128 Gb/memoria Ram 4 Gb. 15.6 Plgs.,sin_cantidad,286,False,Computadoras Portátiles,,
1113,presentacion,presentacion,JGW90. MONITO MORADO. PRIMEROS PASOS,Jgw90. Monito Morado. Primeros Pasos,sin_cantidad,286,False,Juguetes Educativos,,
1114,presentacion,presentacion,TIPO POLO. TRICOLOR (CON FRANJAS AZUL Y ROJO EN CUELLO Y MANGAS). TALLA 12-18 (50% ALGODON 50% POLIESTER),Tipo Polo. Tricolor (con Franjas Azul y Rojo en Cuello y Mangas). Talla 12-18 (50% Algodón 50% Poliester),sin_cantidad,286,False,Playera Blanca,,
1115,presentacion,presentacion,GBK85. BARBIE. MOTONETA DE BARBIE,Gbk85. Barbie. Motoneta de Barbie,sin_cantidad,285,False,Muñecas,,
1116,presentacion,presentacion,JBM74. CITY. MEGA LOOP GARAGE,Jbm74. City. Mega Loop Garage,sin_cantidad,285,False,Autopistas,,
1117,presentacion,presentacion,BLANCA MANGA CORTA CUELLO SPORT CON BOLSA. TALLA 6-10. (90% POLIESTER-10% ALGODON),Blanca Manga Corta Cuello Sport con Bolsa. Talla 6-10. (90% Poliester-10% Algodon),sin_cantidad,284,False,Camisa Escuela Oficial,,
1118,presentacion,presentacion,HVY16. IMAGINEXT. JURASSIC WORLD. DILOFOSAURIO,Hvy16. Imaginext. Jurassic World. Dilofosaurio,sin_cantidad,284,False,Varios,,
1119,presentacion,presentacion,100% ACRILICO. TALLA 32-36. CERRADO CUELLO V,100% Acrilico. Talla 32-36. Cerrado Cuello V,sin_cantidad,283,False,Suéter Escuela Oficial,,
1120,presentacion,presentacion,LH 43 BEFHVGFXZX O BE43FX-H. 43 PLGS. LED. PUERTO USB. SMART TV,Lh 43 Befhvgfxzx o Be43fx-h. 43 Plgs. LED. Puerto USB. Smart TV.,sin_cantidad,283,False,Pantallas,,
1121,presentacion,presentacion,NINTENDO SWITCH 2. EA SPORTS. FC 26,Nintendo Switch 2. Ea Sports. Fc 26,sin_cantidad,283,False,Videojuegos,,
1122,presentacion,presentacion,ART. NAC 25000. NANCY. GIRL PWR,Art. Nac 25000. Nancy. Girl Pwr,sin_cantidad,281,False,Muñecas,,
1123,presentacion,presentacion,"ST-S62183. USB Y BLUETOOTH. POTENCIA 20,000 W (PMPO)","St-s62183. Usb y Bluetooth. Potencia 20,000 W (pmpo)",sin_cantidad,281,False,Bocinas Portátiles,,
1124,presentacion,presentacion,UN 55U8200FF. 55 PLGS. CRYSTAL. PUERTO USB. SMART TV,Un 55u8200ff. 55 Plgs. Crystal. Puerto USB. Smart TV.,sin_cantidad,281,False,Pantallas,,
1125,presentacion,presentacion,50U6H. 50 PLGS. ULED. PUERTO USB. SMART TV,50u6h. 50 Plgs. Uled. Puerto Usb. Smart Tv.,sin_cantidad,278,False,Pantallas,,
1126,presentacion,presentacion,PATA DE GALLO. TALLA 12-16 (BOXER. RESORTE EN PRETINA),Pata de Gallo. Talla 12-16 (Boxer. Resorte en Pretina),sin_cantidad,278,False,Pantalón Escuela Oficial,,
1127,presentacion,presentacion,43Q5K. 43 PLGS. QLED. PUERTO USB. SMART TV,43q5k. 43 Plgs. QLED. Puerto USB. Smart TV.,sin_cantidad,277,False,Pantallas,,
1128,presentacion,presentacion,JFP32. JUEGO DE PISTA DE CHOQUES Y CHAPUZONES,Jfp32. Juego de Pista de Choques y Chapuzones,sin_cantidad,277,False,Autopistas,,
1129,presentacion,presentacion,C.B. 013073. LAS VISIONES DE JUAN CALACAS,C.b. 013073. las Visiones de Juan Calacas,sin_cantidad,276,False,Juegos de Mesa,,
1130,presentacion,presentacion,#2201. HORNITO MI ALEGRIA,#2201. Hornito Mi Alegría,sin_cantidad,275,False,Varios,,
1131,presentacion,presentacion,100% ACRILICO. TALLA 38-40. ABIERTO CON BOTONES,100% Acrilico. Talla 38-40. Abierto con Botones,sin_cantidad,275,False,Suéter Escuela Oficial,,
1132,presentacion,presentacion,NN-ST34QB. 0.9 PIES CUBICOS. COLOR NEGRO,Nn-st34qb. 0.9 Pies C?bicos. Color Negro,sin_cantidad,275,False,Horno de Microondas,,
1133,presentacion,presentacion,PRINCIPE DE GALES. TALLA 12-16 (BOXER. RESORTE EN PRETINA),Principe de Gales. Talla 12-16 (Boxer. Resorte en Pretina),sin_cantidad,275,False,Pantalón Escuela Oficial,,
1134,presentacion,presentacion,PRINCIPE DE GALES. TALLA 34-38 (PRETINA PARA CINTURON),Principe de Gales. Talla 34-38 (Pretina para Cinturón),sin_cantidad,275,False,Pantalón Escuela Oficial,,
1135,presentacion,presentacion,G0497. PLAY-DOH. MI HORNITO DE PASTELES PLAY DOH,G0497. Play-doh. Mi Hornito de Pasteles Play Doh,sin_cantidad,273,False,Varios,,
1136,presentacion,presentacion,HMM15XPO. 1.5 PIES CUBICOS. COLOR SILVER/ESPEJO,Hmm15xpo. 1.5 Pies C?bicos. Color Silver/espejo,sin_cantidad,273,False,Horno de Microondas,,
1137,presentacion,presentacion,B0638. CARAS Y GESTOS,B0638. Caras y Gestos,sin_cantidad,272,False,Juegos de Mesa,,
1138,presentacion,presentacion,HXF52. JURASSIC WORLD. EPIC EVOLUTION. BECKLESPINAX,Hxf52. Jurassic World. Epic Evolution. Becklespinax,sin_cantidad,272,False,Varios,,
1139,presentacion,presentacion,#6054418. HEDBANZ. ADULTING. PONTE SERIO,#6054418. Hedbanz. Adulting. Ponte Serio,sin_cantidad,271,False,Juegos de Mesa,,
1140,presentacion,presentacion,EK-501FB. 30 PLGS. 6 QUEMADORES. ENCENDIDO ELECTRONICO. COLOR ACERO,Ek-501fb. 30 Plgs. 6 Quemadores. Encendido Electrónico. Color Acero,sin_cantidad,271,False,Estufas,,
1141,presentacion,presentacion,G1580. NERF. LOADOUT. GALACTIC COMMANDER,G1580. Nerf. Loadout. Galactic Commander,sin_cantidad,271,False,Varios,,
1142,presentacion,presentacion,HYTAB PLUS. 8WB1. 8 PLGS. MEMORIA INTERNA 32 GB. MEMORIA RAM 3 GB,Hytab Plus. 8wb1. 8 Plgs. Memoria Interna 32 GB. Memoria RAM 3 GB.,sin_cantidad,271,False,Tablet,,
1143,presentacion,presentacion,100% ACRILICO. TALLA 38-40. CERRADO CUELLO V,100% Acrilico. Talla 38-40. Cerrado Cuello V,sin_cantidad,270,False,Suéter Escuela Oficial,,
1144,presentacion,presentacion,MANGA LARGA/BOLSAS FRONTALES/CON CINTA DE SUJECION. TALLA EXTRA GRANDE (100% ALGODON),Manga Larga/bolsas Frontales/con Cinta de Sujecion. Talla Extra Grande (100% Algodón),sin_cantidad,270,False,Bata Escuela Oficial,,
1145,presentacion,presentacion,BLANCA MANGA CORTA CUELLO SPORT CON BOLSA. TALLA 12-16. (90% POLIESTER-10% ALGODON),Blanca Manga Corta Cuello Sport con Bolsa. Talla 12-16. (90% Poliester-10% Algodon),sin_cantidad,269,False,Camisa Escuela Oficial,,
1146,presentacion,presentacion,HJY18. BARBIE MALIBU. FAMILY & FRIENDS. VIAJERA,Hjy18. Barbie Malibu. Family & Friends. Viajera,sin_cantidad,269,False,Muñecas,,
1147,presentacion,presentacion,HNN26. THOMAS & FRIENDS. CONJUNTO 6 EN 1 DE PERCY,Hnn26. Thomas & Friends. Conjunto 6 en 1 de Percy,sin_cantidad,269,False,Varios,,
1148,presentacion,presentacion,JDM72. BARBIE. FLOWER MAGIC MERMAID,Jdm72. Barbie. Flower Magic Mermaid,sin_cantidad,269,False,Muñecas,,
1149,presentacion,presentacion,PARTYBOX. 710. USB Y BLUETOOTH. POTENCIA 800 W RMS,Partybox. 710. USB y Bluetooth. Potencia 800 W Rms,sin_cantidad,269,False,Bocinas Portátiles,,
1150,presentacion,presentacion,BFH80. CUBO ANIMALITOS DE ACTIVIDADES,Bfh80. Cubo Animalitos de Actividades,sin_cantidad,268,False,Juguetes de Destreza,,
1151,presentacion,presentacion,D3501. VAPOR. SUELA CERAMICA,D3501. Vapor. Suela Cerámica,sin_cantidad,268,False,Planchas,,
1152,presentacion,presentacion,JBF35. BARBIE. FIESTA EN LA PISCINA CON PERRITOS,Jbf35. Barbie. Fiesta en la Piscina con Perritos,sin_cantidad,266,False,Muñecas,,
1153,presentacion,presentacion,JCA-4284. DISNEY. 44 JUEGOS PARA TODOS,Jca-4284. Disney. 44 Juegos para Todos,sin_cantidad,265,False,Juegos de Mesa,,
1154,presentacion,presentacion,JGG91. HOT WHEELS SKATE. VAN DE SKATE,Jgg91. Hot Wheels Skate. Van de Skate,sin_cantidad,265,False,Motos y Carros Mecánicos,,
1155,presentacion,presentacion,#6070508. DC. BATMAN. KILLER CROC,#6070508. Dc. Batman. Killer Croc,sin_cantidad,264,False,Muñecos,,
1156,presentacion,presentacion,NEST MINI. COLOR BLANCA O NEGRA,Nest Mini. Color Blanca o Negra,sin_cantidad,264,False,Asistentes de Voz,,
1157,presentacion,presentacion,#6069338. PAW PATROL. LAUCH & RESCUE PATROLLER,#6069338. Paw Patrol. Lauch & Rescue Patroller,sin_cantidad,263,False,Motos y Carros Eléctricos,,
1158,presentacion,presentacion,G0500. PLAY-DOH. PARRILLADA DIVERTIDA,G0500. Play-doh. Parrillada Divertida,sin_cantidad,263,False,Varios,,
1159,presentacion,presentacion,HDR83. CARRERA MULTILOOP,Hdr83. Carrera Multiloop,sin_cantidad,263,False,Autopistas,,
1160,presentacion,presentacion,JFM73. LLAVERO DE ACTIVIDADES,Jfm73. Llavero de Actividades,sin_cantidad,263,False,Juguetes Educativos,,
1161,presentacion,presentacion,SONY PS5. EA SPORTS. FC 25,Sony Ps5. Ea Sports. Fc 25,sin_cantidad,263,False,Videojuegos,,
1162,presentacion,presentacion,#6072667. DC. METAL FORCE. SUPERMAN,#6072667. Dc. Metal Force. Superman,sin_cantidad,261,False,Muñecos,,
1163,presentacion,presentacion,GTT95. MEGA GARAGE,Gtt95. Mega Garage,sin_cantidad,260,False,Autopistas,,
1164,presentacion,presentacion,JCA-1931. RUMMY SPEED,Jca-1931. Rummy Speed,sin_cantidad,260,False,Juegos de Mesa,,
1165,presentacion,presentacion,MF200D150WB/T. 15/8 KG. TAMBOR. CENTRIFUGADO Y SECADO. COLOR TITANIO,Mf200d150wb/t. 15/8 Kg. Tambor. Centrifugado y Secado. Color Titanio,cantidades_alternativas,260,False,Lavadoras,kg,15.0
1166,presentacion,presentacion,NINTENDO SWITCH. EA SPORTS. FC 26,Nintendo Switch. Ea Sports. Fc 26,sin_cantidad,260,False,Videojuegos,,
1167,presentacion,presentacion,G1637. PEPPA PIG. EVIE GRUNIDOS Y ABRAZOS,G1637. Peppa Pig. Evie Gruñidos y Abrazos,sin_cantidad,257,False,Varios,,
1168,presentacion,presentacion,HRG48. BARBIE. TERAPEUTA DE ARTE,Hrg48. Barbie. Terapeuta de Arte,sin_cantidad,257,False,Muñecas,,
1169,presentacion,presentacion,JCC22. POLLY POCKET. PET MOBILE ADVENTURE,Jcc22. Polly Pocket. Pet Mobile Adventure,sin_cantidad,257,False,Motos y Carros Mecánicos,,
1170,presentacion,presentacion,JCP78. BARBIE. UNICORNIO CON LUCES BRILLANTES,Jcp78. Barbie. Unicornio con Luces Brillantes,sin_cantidad,257,False,Varios,,
1171,presentacion,presentacion,JFT90. POLY POCKET. CELEBRACION DE GATITO,Jft90. Poly Pocket. Celebración de Gatito,sin_cantidad,257,False,Varios,,
1172,presentacion,presentacion,C.B. 013417. PRETEXTOS,C.b. 013417. Pretextos,sin_cantidad,256,False,Juegos de Mesa,,
1173,presentacion,presentacion,#2301. HELLO KITTY COLOR SPRAY,#2301. Hello Kitty Color Spray,sin_cantidad,255,False,Varios,,
1174,presentacion,presentacion,JFV67. BARBIE. MYSTERIES. BARBIE MALIBU. STAND DE JUEGOS Y PREMIOS,Jfv67. Barbie. Mysteries. Barbie Malibu. Stand de Juegos y Premios,sin_cantidad,255,False,Muñecas,,
1175,presentacion,presentacion,SONY PS5. ASTRO BOT,Sony Ps5. Astro Bot,sin_cantidad,255,False,Videojuegos,,
1176,presentacion,presentacion,HNT96. POKEMON. BULBASAUR JUMBO,Hnt96. Pokémon. Bulbasaur Jumbo,sin_cantidad,254,False,Juguetes Armables,,
1177,presentacion,presentacion,HRX52. JURASSIC WORLD. SET DE CAMIONES MISSION MAYHEM,Hrx52. Jurassic World. Set de Camiones Mission Mayhem,sin_cantidad,253,False,Motos y Carros Mecánicos,,
1178,presentacion,presentacion,GVV50. IMAGINEXT. JURASSIC WORLD DOMINION. THRASHING ACTION ¡MODO ATAQUE!,Gvv50. Imaginext. Jurassic World Dominion. Thrashing Action ¡modo Ataque!,sin_cantidad,252,False,Motos y Carros Mecánicos,,
1179,presentacion,presentacion,JBF16. MONSTER HIGH. BOO-TIQUE HOTEL,Jbf16. Monster High. Boo-tique Hotel,sin_cantidad,252,False,Varios,,
1180,presentacion,presentacion,JCA-2514. TURISTA FASHION,Jca-2514. Turista Fashion,sin_cantidad,252,False,Juegos de Mesa,,
1181,presentacion,presentacion,REDMI NOTE 15 PRO. ANDROID 15/MEMORIA INTERNA 256 GB. CAMARA 200 MP + 8 MP/FRONTAL 32 MP. 6.8 PLGS. MICRO SD HASTA 2 TB,Redmi Note 15 Pro. Android 15/memoria Interna 256 GB. Cámara 200 MP + 8 MP/frontal 32 MP. 6.8 Plgs. Micro Sd Hasta 2 TB,sin_cantidad,252,False,Celulares,,
1182,presentacion,presentacion,GTT95. CITY. MEGA GARAGE,Gtt95. City. Mega Garage,sin_cantidad,251,False,Autopistas,,
1183,presentacion,presentacion,HPD64. MATCHBOX. ACTION DRIVERS. TOW & REPAIR TRUCK,Hpd64. Matchbox. Action Drivers. Tow & Repair Truck,sin_cantidad,251,False,Motos y Carros Mecánicos,,
1184,presentacion,presentacion,#6067624. DC. NIGHTWING,#6067624. Dc. Nightwing,sin_cantidad,250,False,Muñecos,,
1185,presentacion,presentacion,43A6GV. 43 PLGS. LED. PUERTO USB. SMART TV,43a6gv. 43 Plgs. Led. Puerto Usb. Smart Tv.,sin_cantidad,250,False,Pantallas,,
1186,presentacion,presentacion,G0733. MARVEL. SPIDER MAN. VENOMSAURUS REX,G0733. Marvel. Spider Man. Venomsaurus Rex,sin_cantidad,250,False,Varios,,
1187,presentacion,presentacion,HRG83. BARBIE. I LOVE SCHOOL (CLASE DE TENIS),Hrg83. Barbie. I Love School (clase de Tenis),sin_cantidad,250,False,Muñecas,,
1188,presentacion,presentacion,CAJA 5000 GRAPAS. ESTANDAR. PUNTA CINCEL,Caja 5000 Grapas. Est?ndar. Punta Cincel,sin_cantidad,249,False,Grapas,,
1189,presentacion,presentacion,HWW14. TOY STORY. COHETE DE RESCATE BUZZ LIGHYEAR,Hww14. Toy Story. Cohete de Rescate Buzz Lighyear,sin_cantidad,249,False,Muñecos Eléctricos,,
1190,presentacion,presentacion,JDY15. RACING. FORMULA 1. CIRCUITO DE CARRERAS SPRINT,Jdy15. Racing. Fórmula 1. Circuito de Carreras Sprint,sin_cantidad,249,False,Autopistas,,
1191,presentacion,presentacion,TO4125-0SDLA,To4125-0sdla,sin_cantidad,249,False,Horno Eléctrico,,
1192,presentacion,presentacion,HYP34. RIE Y APRENDE. VOLANTE DE ACTIVIDADES INTERACTIVAS,Hyp34. Ríe y Aprende. Volante de Actividades Interactivas,sin_cantidad,248,False,Juguetes Educativos,,
1193,presentacion,presentacion,C.B. 015428. ¿QUIEN ES LA MASCARA? EL JUEGO,C.b. 015428. ¿quién Es la Máscara? el Juego,sin_cantidad,246,False,Juegos de Mesa,,
1194,presentacion,presentacion,IDEAPAD SLIM 3. 15AMN8. 82XQ00NLLM. LAPTOP (AZUL). AMD RYZEN 3/WINDOWS 11. DISCO DURO 512 GB SSD/MEMORIA RAM 8 GB. 15.6 PLGS,Ideapad Slim 3. 15amn8. 82xq00nllm. Laptop (Azul). Amd Ryzen 3/windows 11. Disco Duro 512 Gb Ssd/memoria Ram 8 Gb. 15.6 Plgs.,sin_cantidad,246,False,Computadoras Portátiles,,
1195,correccion_texto,presentacion,,C.b. 015428. ¿quién Es la Máscara? el Juego,sin_candidato_unico,246,False,Juegos de Mesa,,
1196,presentacion,presentacion,#6069338. PAW PATROL. LAUNCH & RESCUE PATROLLER,#6069338. Paw Patrol. Launch & Rescue Patroller,sin_cantidad,245,False,Motos y Carros Eléctricos,,
1197,presentacion,presentacion,32A4KR. 32 PLGS. LED. PUERTO USB. SMART TV,32a4kr. 32 Plgs. Led. Puerto Usb. Smart Tv.,sin_cantidad,245,False,Pantallas,,
1198,presentacion,presentacion,NINTENDO SWITCH 2. LEYENDAS POKEMON ZA,Nintendo Switch 2. Leyendas Pokémon Za,sin_cantidad,245,False,Videojuegos,,
1199,presentacion,presentacion,PATA DE GALLO. TALLA 12-16 (PRETINA PARA CINTURON),Pata de Gallo. Talla 12-16 (Pretina para Cinturón),sin_cantidad,245,False,Pantalón Escuela Oficial,,
1200,presentacion,presentacion,TABLEADA CON BOTON Y CIERRE. BLANCA TALLA 34-38,Tableada con Boton y Cierre. Blanca Talla 34-38,sin_cantidad,245,False,Falda Escuela Oficial,,
1201,presentacion,presentacion,IDEAPAD SLIM 3. 15AMN8. 82XQ00LTLM. LAPTOP (GRIS). AMD RYZEN 5/WINDOWS 11. DISCO DURO 512 GB SSD/MEMORIA RAM 8 GB. 15.6 PLGS,Ideapad Slim 3. 15amn8. 82xq00ltlm. Laptop (Gris). Amd Ryzen 5/windows 11. Disco Duro 512 Gb Ssd/memoria Ram 8 Gb. 15.6 Plgs.,sin_cantidad,243,False,Computadoras Portátiles,,
1202,presentacion,presentacion,G0716. MONOPOLY. POKEMON,G0716. Monopoly. Pokemón,sin_cantidad,242,False,Juegos de Mesa,,
1203,presentacion,presentacion,IDEAPAD 15AMN7. 82VG00HWLM. LAPTOP (AZUL). AMD RYZEN 3/WINDOWS 11. DISCO DURO 512 GB SSD/MEMORIA RAM 8 GB. 15.6 PLGS,Ideapad 15amn7. 82vg00hwlm. Laptop (azul). Amd Ryzen 3/windows 11. Disco Duro 512 GB SSD/memoria RAM 8 GB. 15.6 Plgs.,sin_cantidad,242,False,Computadoras Portátiles,,
1204,presentacion,presentacion,PRINCIPE DE GALES. TALLA 12-16 (PRETINA PARA CINTURON),Principe de Gales. Talla 12-16 (Pretina para Cinturón),sin_cantidad,242,False,Pantalón Escuela Oficial,,
1205,presentacion,presentacion,42169. TECHNIC. NEOM MC LAREN FORMULA E TEAM,42169. Technic. Neom Mc Laren Fórmula e Team,sin_cantidad,241,False,Juguetes Armables,,
1206,presentacion,presentacion,JCA-3626. MEJOR PEOR AMIG@,Jca-3626. Mejor Peor Amig@,sin_cantidad,240,False,Juegos de Mesa,,
1207,presentacion,presentacion,GXV25. POLLY POCKET. KIT DE MODA AQUATICA,Gxv25. Polly Pocket. Kit de Moda Aquática,sin_cantidad,239,False,Varios,,
1208,presentacion,presentacion,#6070507. DC. BATMAN. KING SHARK,#6070507. Dc. Batman. King Shark,sin_cantidad,238,False,Muñecos,,
1209,presentacion,presentacion,HRC36. LITTLE PEOPLE. BARBIE AVION DE LOS SUENOS,Hrc36. Little People. Barbie Avión de los Sueños,sin_cantidad,238,False,Varios,,
1210,presentacion,presentacion,"HYP44. THOMAS & FRIENDS. PISTA INTERACTIVA, BULSTRODE CON DOBLE PUENTE","Hyp44. Thomas & Friends. Pista Interactiva, Bulstrode con Doble Puente",sin_cantidad,236,False,Varios,,
1211,presentacion,presentacion,HFT91. POLY POCKET. CASA DE HELADOS,Hft91. Poly Pocket. Casa de Helados,sin_cantidad,235,False,Varios,,
1212,presentacion,presentacion,"RF 32 CG 5411 B1EM (NEGRO). 625 DM3. 2 PUERTAS, VERTICALES. DESHIELO AUTOMATICO DE DURACION LARGA","Rf 32 Cg 5411 B1em (Negro). 625 Dm3. 2 Puertas, Verticales. Deshielo Automático de Duración Larga",sin_cantidad,234,False,Refrigeradores,,
1213,presentacion,presentacion,G1477. BABY ALIVE. CHAPUZON DE SIRENA,G1477. Baby Alive. Chapuzón de Sirena,sin_cantidad,233,False,Muñecas,,
1214,presentacion,presentacion,55 UQ 8000 PSB. 55 PLGS. LED. PUERTO USB. SMART TV,55 Uq 8000 Psb. 55 Plgs. Led. Puerto Usb. Smart Tv.,sin_cantidad,232,False,Pantallas,,
1215,presentacion,presentacion,ART. NFN45000. NENUCO. SIENTE SU CORAZON,Art. Nfn45000. Nenuco. Siente Su Corazón,sin_cantidad,232,False,Muñecas Eléctricas,,
1216,presentacion,presentacion,ASST. HBD74 HNJ54. MATCHBOX. ACTION DRIVER. SUPER CLEAN CARS WASH,Asst. Hbd74 Hnj54. Matchbox. Action Driver. Super Clean Cars Wash,sin_cantidad,232,False,Varios,,
1217,presentacion,presentacion,HXJ83. SHARK SPEEDER RC,Hxj83. Shark Speeder Rc,sin_cantidad,232,False,Motos y Carros Eléctricos,,
1218,presentacion,presentacion,PATA DE GALLO. TALLA 6-10 (BOXER. RESORTE EN PRETINA),Pata de Gallo. Talla 6-10 (Boxer. Resorte en Pretina),sin_cantidad,232,False,Pantalón Escuela Oficial,,
1219,presentacion,presentacion,50 UA 7500 PSA. 50 PLGS. LED. PUERTO USB. SMART TV,50 Ua 7500 Psa. 50 Plgs. LED. Puerto USB. Smart TV.,sin_cantidad,231,False,Pantallas,,
1220,presentacion,presentacion,F9856. BABY ALIVE. BABY FELICES SUENOS,F9856. Baby Alive. Baby Felices Sueños,sin_cantidad,231,False,Muñecas,,
1221,presentacion,presentacion,G2226. MONOPOLY. DADOS Y TRAGOS,G2226. Monopoly. Dados y Tragos,sin_cantidad,231,False,Juegos de Mesa,,
1222,presentacion,presentacion,SWITCH. MARIO KART DE LUXE 8. 32 GB. MARIO KART DE LUXE 8 (DESCARGA),Switch. Mario Kart de Luxe 8. 32 Gb. Mario Kart de Luxe 8 (descarga),sin_cantidad,230,False,Electrónicos de Video,,
1223,presentacion,presentacion,HND55. LITTLE PEOPLE. DISNEY PRINCESS. CASTILLO DE LUCES MAGICAS Y BAILE,Hnd55. Little People. Disney Princess. Castillo de Luces Mágicas y Baile,sin_cantidad,229,False,Varios,,
1224,presentacion,presentacion,HXN01. BARBIE. PIJAMADA,Hxn01. Barbie. Pijamada,sin_cantidad,229,False,Muñecas,,
1225,presentacion,presentacion,PRINCIPE DE GALES. TALLA 6-10 (BOXER. RESORTE EN PRETINA),Principe de Gales. Talla 6-10 (Boxer. Resorte en Pretina),sin_cantidad,229,False,Pantalón Escuela Oficial,,
1226,presentacion,presentacion,C.B. 015411. LA CASA DE LOS FAMOSOS. MEXICO,C.b. 015411. la Casa de los Famosos. México,sin_cantidad,228,False,Juegos de Mesa,,
1227,presentacion,presentacion,"EK-501 GF. 30 PLGS. 6 QUEMADORES, ENCENDIDO ELECTRONICO. COLOR ACERO","Ek-501 Gf. 30 Plgs. 6 Quemadores, Encendido Electrónico. Color Acero",sin_cantidad,228,False,Estufas,,
1228,presentacion,presentacion,25430,25430,sin_cantidad,227,False,Sandwicheras,,
1229,presentacion,presentacion,31151. CREATOR. T-REX LE TYRANNOSAURE,31151. Creator. T-rex Le Tyrannosaure,sin_cantidad,227,False,Juguetes Armables,,
1230,presentacion,presentacion,HBY29. BARBIE. CONVERTIBLE (CON MUNECA),Hby29. Barbie. Convertible (con Muñeca),sin_cantidad,227,False,Motos y Carros Mecánicos,,
1231,presentacion,presentacion,F6818. MONOPOLY. LA PELICULA. SUPER MARIO BROS,F6818. Monopoly. la Película. Super Mario Bros.,sin_cantidad,226,False,Juegos de Mesa,,
1232,presentacion,presentacion,IDEAPAD 1I 15IGL7. LAPTOP (GRIS). INTEL CELERON/WINDOWS 11. DISCO DURO 256 GB SSD/MEMORIA RAM 8 GB. 15.6 PLGS,Ideapad 1i 15igl7. Laptop (gris). Intel Celeron/windows 11. Disco Duro 256 Gb Ssd/memoria Ram 8 Gb. 15.6 Plgs.,sin_cantidad,226,False,Computadoras Portátiles,,
1233,presentacion,presentacion,JFR24. IMAGINEXT. JURASSIC WORLD. SPIRANOSAURIO VELOZ,Jfr24. Imaginext. Jurassic World. Spiranosaurio Veloz,sin_cantidad,226,False,Varios,,
1234,presentacion,presentacion,CB: 016593. ¡CORRO CORRO ABEJORRO!,Cb: 016593. ¡corro Corro Abejorro!,sin_cantidad,225,False,Juegos de Mesa,,
1235,presentacion,presentacion,HKD80. BARBIE. SKIPPER FIRST JOBS. PARQUE ACUATICO,Hkd80. Barbie. Skipper First Jobs. Parque Acuático,sin_cantidad,225,False,Muñecas,,
1236,presentacion,presentacion,#6070503. DC. BATMAN. (GIGANTE),#6070503. Dc. Batman. (gigante),sin_cantidad,224,False,Muñecos,,
1237,presentacion,presentacion,55A65KV. 55 PLGS. LED. PUERTO USB. SMART TV,55a65kv. 55 Plgs. Led. Puerto Usb. Smart Tv.,sin_cantidad,224,False,Pantallas,,
1238,presentacion,presentacion,HNM32. IMAGINEXT. XL DC SUPER FRIENDS. BATIMOTO XL Y BATMAN,Hnm32. Imaginext. Xl Dc Super Friends. Batimoto Xl y Batman,sin_cantidad,224,False,Motos y Carros Mecánicos,,
1239,presentacion,presentacion,ASST. GKJ63 HRD40. POLLY POCKET. ESTUCHE DE BOLSO 2 EN 1. FAMILIA DE PEREZOSOS,Asst. Gkj63 Hrd40. Polly Pocket. Estuche de Bolso 2 en 1. Familia de Perezosos,sin_cantidad,223,False,Varios,,
1240,presentacion,presentacion,HRM09. BARBIE AND STACIE. TO THE RESCUE.STACIE Y BARBIE,Hrm09. Barbie And Stacie. To The Rescue.stacie y Barbie,sin_cantidad,223,False,Muñecas,,
1241,presentacion,presentacion,HWX17. DISNEY PRINCESS. CARRUAJE TRANSFORMACION MAGICA,Hwx17. Disney Princess. Carruaje Transformación Mágica,sin_cantidad,223,False,Varios,,
1242,presentacion,presentacion,RECTA CON BOTON Y CIERRE. AZUL MARINO. TALLA 28-32,Recta con Boton y Cierre. Azul Marino. Talla 28-32,sin_cantidad,223,False,Falda Escuela Oficial,,
1243,presentacion,presentacion,KG. ENTERO. SIN MENUDENCIAS,Kg. Entero. Sin Menudencias,sin_cantidad,221,False,Pavo,,
1244,presentacion,presentacion,#6071134. DC. BATMAN (RENACIMIENTO),#6071134. Dc. Batman (renacimiento),sin_cantidad,220,False,Muñecos,,
1245,presentacion,presentacion,46299. CAPACIDAD 12 TAZAS,46299. Capacidad 12 Tazas,sin_cantidad,220,False,Cafeteras,,
1246,presentacion,presentacion,NINTENDO SWITCH. LEYENDAS POKEMON ZA,Nintendo Switch. Leyendas Pokémon Za,sin_cantidad,220,False,Videojuegos,,
1247,presentacion,presentacion,#6074675. DC. NINJA STRIKE. THE JOKER,#6074675. Dc. Ninja Strike. The Joker,sin_cantidad,219,False,Muñecos,,
1248,presentacion,presentacion,62631. MANUAL. 6 VELOCIDADES,62631. Manual. 6 Velocidades,sin_cantidad,219,False,Batidoras,,
1249,presentacion,presentacion,MH 7032 JAS. 1.05 PIES CUBICOS. DORADOR. COLOR NEGRO/ESPEJO,Mh 7032 Jas. 1.05 Pies Cúbicos. Dorador. Color Negro/espejo,sin_cantidad,219,False,Horno de Microondas,,
1250,presentacion,presentacion,#6069755/#20146557. GABBY S DOLLHOUSE. GABBY S PARTY ROOM PLAY SET,#6069755/#20146557. Gabby´s Dollhouse. Gabby´s Party Room Play Set,sin_cantidad,218,False,Varios,,
1251,presentacion,presentacion,HYP45. THOMAS & FRIENDS. PISTA DE TRENES INTERACTIVOS DE THOMAS Y BRUNO,Hyp45. Thomas & Friends. Pista de Trenes Interactivos de Thomas y Bruno,sin_cantidad,218,False,Varios,,
1252,presentacion,presentacion,INSTAX MINI LIPLAY. MEGAPIXELES 5. LENTE ZOOM 28 MM (FIJO),Instax Mini Liplay. Megapixeles 5. Lente Zoom 28 Mm (fijo),sin_cantidad,218,False,Cámaras Digitales,,
1253,presentacion,presentacion,#6074338. GABBY S DOLLHOUSE. GABBY SIRENE CHANSON ET LUMIERES,#6074338. Gabby´s Dollhouse. Gabby´ Siréne Chanson Et Lumiéres,sin_cantidad,216,False,Muñecas Eléctricas,,
1254,presentacion,presentacion,E7879. MARVEL. AVENGERS. THOR,E7879. Marvel. Avengers. Thor,sin_cantidad,216,False,Muñecos,,
1255,presentacion,presentacion,GJM77. DESAFIO DE LA RULETA,Gjm77. Desafio de la Ruleta,sin_cantidad,216,False,Autopistas,,
1256,presentacion,presentacion,ART. NAC 68000. NANCY. ¿QUE HAY EN MI BOLSO?,Art. Nac 68000. Nancy. ¿qué Hay en Mi Bolso?,sin_cantidad,215,False,Muñecas,,
1257,presentacion,presentacion,HRK69. IMAGINEXT. JURASSIC WORLD ¡CAPTURA AL DINOSAURIO!,Hrk69. Imaginext. Jurassic World ¡captura al Dinosaurio!,sin_cantidad,215,False,Motos y Carros Mecánicos,,
1258,presentacion,presentacion,"HS205. BLUETOOTH, USB. POTENCIA 60 W. SONIDO 2","Hs205. Bluetooth, Usb. Potencia 60 W. Sonido 2",sin_cantidad,215,False,Barra de Sonido,,
1259,presentacion,presentacion,MOD. 7652 O M 7652 C. CHOCLO BLANCO NO. 27,Mod. 7652 o M 7652 C. Choclo Blanco No. 27,sin_cantidad,215,False,Tenis,,
1260,correccion_texto,presentacion,,Art. Nac 68000. Nancy. ¿qué Hay en Mi Bolso?,sin_candidato_unico,215,False,Muñecas,,
1261,presentacion,presentacion,#6074673. DC. NINJA STRIKE. BATMAN,#6074673. Dc. Ninja Strike. Batman,sin_cantidad,214,False,Muñecos,,
1262,presentacion,presentacion,74-7701. COLOR PETS. PINTA Y BANALOS. GUARDERIA,74-7701. Color Pets. Pinta y Bañalos. Guarderia,sin_cantidad,214,False,Varios,,
1263,presentacion,presentacion,G0518. PEPPA PIG. PEPPA MUSICAL,G0518. Peppa Pig. Peppa Músical,sin_cantidad,214,False,Varios,,
1264,presentacion,presentacion,JGB87. JURASSIC WORLD. UTAHRAPTOR O MAIASAURA O NASUTOCERAPTOPS,Jgb87. Jurassic World. Utahraptor o Maiasaura o Nasutoceraptops,sin_cantidad,214,False,Varios,,
1265,presentacion,presentacion,XBOX SERIES X. EA SPORTS. FC 26,Xbox Series X. Ea Sports. Fc 26,sin_cantidad,214,False,Videojuegos,,
1266,presentacion,presentacion,32A4HV. 32 PLGS. LED. PUERTO USB. SMART TV,32a4hv. 32 Plgs. Led. Puerto Usb. Smart Tv.,sin_cantidad,213,False,Pantallas,,
1267,presentacion,presentacion,G1726. CANDY LAND,G1726. Candy Land,sin_cantidad,213,False,Juegos de Mesa,,
1268,presentacion,presentacion,"GWD 85. DISNEY. STAR WARS. THE MANDALORIAN.""GROGU""","Gwd 85. Disney. Star Wars. The Mandalorian.""grogu""",sin_cantidad,213,False,Muñecos,,
1269,presentacion,presentacion,HHM99. MESA CONSTRUYE Y DERRIBA,Hhm99. Mesa Construye y Derriba,sin_cantidad,213,False,Juguetes Armables,,
1270,correccion_texto,presentacion,,Caja 8 Piezas. Efectos Met?licos. Mod. 58-8628,sin_candidato_unico,213,False,Plumones,,
1271,presentacion,presentacion,GO 3. DURACION DE BATERIA 5 H. POTENCIA 4.2 W,Go 3. Duración de Bateria 5 H. Potencia 4.2 W,sin_cantidad,212,False,Minibocinas Portátiles Bluetooth,,
1272,presentacion,presentacion,UN 75U8200FF. 75 PLGS. CRYSTAL. PUERTO USB. SMART TV,Un 75u8200ff. 75 Plgs. Crystal. Puerto USB. Smart TV.,sin_cantidad,211,False,Pantallas,,
1273,presentacion,presentacion,31418JN,31418jn,sin_cantidad,210,False,Horno Eléctrico,,
1274,presentacion,presentacion,F 0254 AST. MARVEL. AVENGERS. END GAME. IRON MAN,F 0254 Ast. Marvel. Avengers. End Game. Iron Man,sin_cantidad,210,False,Muñecos,,
1275,presentacion,presentacion,HGV87. MONSTER TRUCKS. HW UNSTOPPABLE TIGER SHARK,Hgv87. Monster Trucks. Hw Unstoppable Tiger Shark,sin_cantidad,210,False,Motos y Carros Eléctricos,,
1276,presentacion,presentacion,#6072600. PAW PATROL. RAPID RELOAD FIRE TRUCK,#6072600. Paw Patrol. Rapid Reload Fire Truck,sin_cantidad,209,False,Motos y Carros Eléctricos,,
1277,presentacion,presentacion,1372. TRICICLO. TRAX UNICORNIO,1372. Triciclo. Trax Unicornio,sin_cantidad,209,False,Juguetes Montables,,
1278,presentacion,presentacion,HVY26. IMAGINEXT. JURASSIC WORLD. SET DE JUEGO EVO SCANER,Hvy26. Imaginext. Jurassic World. Set de Juego Evo Scaner,sin_cantidad,209,False,Varios,,
1279,presentacion,presentacion,SONY PS5. BATTLEFIELD 6,Sony Ps5. Battlefield 6,sin_cantidad,209,False,Videojuegos,,
1280,presentacion,presentacion,58A6GR. 58 PLGS. LED. PUERTO USB. SMART TV,58a6gr. 58 Plgs. Led. Puerto Usb. Smart Tv.,sin_cantidad,208,False,Pantallas,,
1281,presentacion,presentacion,CB: 016579. TRIGGLE,Cb: 016579. Triggle,sin_cantidad,208,False,Juegos de Mesa,,
1282,presentacion,presentacion,LH 55 BEFHVGFXZX O BE55FX-H. 55 PLGS. LED. PUERTO USB. SMART TV,Lh 55 Befhvgfxzx o Be55fx-h. 55 Plgs. LED. Puerto USB. Smart TV.,sin_cantidad,208,False,Pantallas,,
1283,presentacion,presentacion,XBOX SERIES X. XBOX ONE. CALL OF DUTY BLACK OPS 6,Xbox Series X. Xbox One. Call Of Duty Black Ops 6,sin_cantidad,207,False,Videojuegos,,
1284,presentacion,presentacion,HJL66. BARBIE. CLOSET DE LUJO CON MUNECA,Hjl66. Barbie. Closet de Lujo con Muñeca,sin_cantidad,206,False,Varios,,
1285,presentacion,presentacion,"JCT47. IMAGINEXT. DC SUPER FRIENDS. SUPERMAN, INSIDER CON EXOTRAJE","Jct47. Imaginext. Dc Super Friends. Superman, Insider con Exotraje",sin_cantidad,206,False,Muñecos Eléctricos,,
1286,presentacion,presentacion,HMX55. IMAGINEXT. DC SUPER FRIENDS. LA CASA DE LA RISA DEL GUASON,Hmx55. Imaginext. Dc Super Friends. la Casa de la Risa del Guasón,sin_cantidad,205,False,Varios,,
1287,presentacion,presentacion,HPB52. CELEBRACION DEL CASTILLO DE DISNEY,Hpb52. Celebración del Castillo de Disney,sin_cantidad,205,False,Juguetes Armables,,
1288,presentacion,presentacion,JGX01. CAJA REGISTRADORA. ESCANEA Y APRENDE,Jgx01. Caja Registradora. Escanea y Aprende,sin_cantidad,205,False,Juguetes Educativos,,
1289,presentacion,presentacion,HXT77. WOODEN. ANILLOS APILABLES,Hxt77. Wooden. Anillos Apilables,sin_cantidad,204,False,Varios,,
1290,presentacion,presentacion,#6069913. TEEN TITANS GO! BOOTY SCOOTY ROBIN,#6069913. Teen Titans Go! Booty Scooty Robin,sin_cantidad,203,False,Muñecos Eléctricos,,
1291,presentacion,presentacion,HPN72. MONSTER TRUCKS. GUNKSTER. OOZE BATTLE,Hpn72. Monster Trucks. Gunkster. Ooze Battle,sin_cantidad,203,False,Autopistas,,
1292,presentacion,presentacion,JFD12. STUNT TRUCKS. CHOQUE EN EL AIRE,Jfd12. Stunt Trucks. Choque en el Aire,sin_cantidad,203,False,Autopistas,,
1293,presentacion,presentacion,#6074836. DORA. CANTA Y EXPLORA,#6074836. Dora. Canta y Explora,sin_cantidad,202,False,Muñecas Eléctricas,,
1294,presentacion,presentacion,HXP10. CELEBRACION DEL CASTILLO DE DISNEY (CAJA),Hxp10. Celebración del Castillo de Disney (caja),sin_cantidad,202,False,Juguetes Armables,,
1295,presentacion,presentacion,IDEAPAD SLIM 3 15IAH8. 83ER004NLM. LAPTOP (GRIS). INTEL CORE I5/WINDOWS 11. DISCO DURO 512 GB SSD/MEMORIA RAM 8 GB. 15.6 PLGS,Ideapad Slim 3 15iah8. 83er004nlm. Laptop (gris). Intel Core I5/windows 11. Disco Duro 512 GB SSD/memoria RAM 8 GB. 15.6 Plgs.,sin_cantidad,202,False,Computadoras Portátiles,,
1296,presentacion,presentacion,JFF08. DISNEY MOANA 2. TAUTAI MOANA NADADORA,Jff08. Disney Moana 2. Tautai Moana Nadadora,sin_cantidad,202,False,Muñecas,,
1297,presentacion,presentacion,VE7700X0. 18 PLGS. PEDESTAL. 3 VELOCIDADES. (POTENTE Y SILENCIOSO),Ve7700x0. 18 Plgs. Pedestal. 3 Velocidades. (Potente y Silencioso),sin_cantidad,202,False,Ventiladores,,
1298,presentacion,presentacion,ASST. HLP23 HTK79. JURASSIC WORLD. EPIC EVOLUTION. RASTREADORES GIGANTESCOS. TRICERAPTOS,Asst. Hlp23 Htk79. Jurassic World. Epic Evolution. Rastreadores Gigantescos. Triceraptos,sin_cantidad,201,False,Varios,,
1299,presentacion,presentacion,CCB70. GIMNASIO ETAPAS CRECE CONMIGO,Ccb70. Gimnasio Etapas Crece Conmigo,sin_cantidad,201,False,Juguetes de Destreza,,
1300,presentacion,presentacion,#6074334. DORA. MY ADVENTURE. BACKPACK,#6074334. Dora. My Adventure. Backpack,sin_cantidad,200,False,Varios,,
1301,presentacion,presentacion,ART. NAC 45000. NANCY. UN DIA DE LOOK BRILLANTE,Art. Nac 45000. Nancy. Un Día de Look Brillante,sin_cantidad,200,False,Muñecas,,
1302,presentacion,presentacion,MAX 5.6K 360. CHDHZ-203-RW. FORMATO MICRO SD. PUERTO USB,Max 5.6k 360. Chdhz-203-rw. Formato Micro Sd. Puerto USB,sin_cantidad,200,False,Videocámaras,,
1303,presentacion,presentacion,UN 85U8200FF. 85 PLGS. CRYSTAL. PUERTO USB. SMART TV,Un 85u8200ff. 85 Plgs. Crystal. Puerto USB. Smart TV.,sin_cantidad,200,False,Pantallas,,
1304,presentacion,presentacion,HHR60. SAC DE CONSTUCTION ABC. 30 BLOCKS,Hhr60. Sac de Constuction Abc. 30 Blocks,sin_cantidad,199,False,Juguetes Armables,,
1305,presentacion,presentacion,JPF39. BARBIE. TWINNING. LOOKS (RENEE Y PERRITO),Jpf39. Barbie. Twinning. Looks (renee y Perrito),sin_cantidad,199,False,Muñecas,,
1306,presentacion,presentacion,71597. ACTION HEROES. TRANSPORTADOR DE DINERO,71597. Action Heroes. Transportador de Dinero,sin_cantidad,198,False,Varios,,
1307,presentacion,presentacion,ASST. GKJ63 HWP03. POLLY POCKET. CARTERA DE CABALLITO DE MAR DADDY & ME,Asst. Gkj63 Hwp03. Polly Pocket. Cartera de Caballito de Mar Daddy & Me,sin_cantidad,198,False,Varios,,
1308,presentacion,presentacion,HVY42. LITTLE PEOPLE. CAMPER DE LOS SUENOS,Hvy42. Little People. Camper de los Sueños,sin_cantidad,198,False,Motos y Carros Eléctricos,,
1309,presentacion,presentacion,MOD. 7650 O M 7650 C. BOTA BLANCO NO. 27,Mod. 7650 o M 7650 C. Bota Blanco No. 27,sin_cantidad,198,False,Tenis,,
1310,presentacion,presentacion,MOD. 7652 O M 7652 C. CHOCLO BLANCO NO. 23,Mod. 7652 o M 7652 C. Choclo Blanco No. 23,sin_cantidad,198,False,Tenis,,
1311,presentacion,presentacion,MOD. 7652 O M 7652 C. CHOCLO BLANCO NO. 29,Mod. 7652 o M 7652 C. Choclo Blanco No. 29,sin_cantidad,198,False,Tenis,,
1312,presentacion,presentacion,RECTA CON BOTON Y CIERRE. AZUL MARINO. TALLA 34-38,Recta con Boton y Cierre. Azul Marino. Talla 34-38,sin_cantidad,198,False,Falda Escuela Oficial,,
1313,presentacion,presentacion,HTH71. POKEMON. EEVEE CON MOVIMIENTO,Hth71. Pokémon. Eevee con Movimiento,sin_cantidad,197,False,Juguetes Armables,,
1314,presentacion,presentacion,JFC93. BLOQUES DE ANIMALES (250 BLOCKS),Jfc93. Bloques de Animales (250 Blocks),sin_cantidad,197,False,Juguetes Armables,,
1315,presentacion,presentacion,50 UA 8050 PSA. 50 PLGS. LED. PUERTO USB. SMART TV,50 Ua 8050 Psa. 50 Plgs. LED. Puerto USB. Smart TV.,sin_cantidad,196,False,Pantallas,,
1316,presentacion,presentacion,985761 EUC. L.O.L. SURPRISE! O.M.G. UPTOWN GIRL O PINK CHICK O ROLLER CHICK O ?,985761 Euc. L.o.l. Surprise! O.m.g. Uptown Girl o Pink Chick o Roller Chick o ?,sin_cantidad,195,False,Muñecas,,
1317,presentacion,presentacion,JCA-4322. 30 JUEGOS INFANTILES,Jca-4322. 30 Juegos Infantiles,sin_cantidad,195,False,Juegos de Mesa,,
1318,correccion_texto,presentacion,,985761 Euc. L.o.l. Surprise! O.m.g. Uptown Girl o Pink Chick o Roller Chick o ?,sin_candidato_unico,195,False,Muñecas,,
1319,presentacion,presentacion,55 S 446. 55 PLGS. LED. PUERTO USB. SMART TV,55 S 446. 55 Plgs. Led. Puerto Usb. Smart Tv.,sin_cantidad,194,False,Pantallas,,
1320,presentacion,presentacion,75 NANO 77 SRA. 75 PLGS. LED. PUERO USB. SMART TV,75 Nano 77 Sra. 75 Plgs. Led. Puero Usb. Smart Tv.,sin_cantidad,194,False,Pantallas,,
1321,presentacion,presentacion,ART. 700017106. NANCY. CURLY POWER,Art. 700017106. Nancy. Curly Power,sin_cantidad,194,False,Muñecas,,
1322,presentacion,presentacion,GALAXY A 03 S. ANDROID 11/MEMORIA INTERNA 64 GB. CAMARA 13 MP + 2 MP + 2 MP/ FRONTAL 5 MP. 6.5 PLGS. MICRO SD HASTA 1 TB,Galaxy a 03 S. Android 11/memoria Interna 64 Gb. Camara 13 Mp + 2 Mp + 2 Mp/ Frontal 5 Mp. 6.5 Plgs. Micro Sd Hasta 1 Tb,sin_cantidad,194,False,Celulares,,
1323,presentacion,presentacion,JFF50. BOLSA DE BLOQUES GRANDE (130 BLOCKS),Jff50. Bolsa de Bloques Grande (130 Blocks),sin_cantidad,194,False,Juguetes Armables,,
1324,presentacion,presentacion,#6072598. DORA. BAILA CONMIGO,#6072598. Dora. Baila Conmigo,sin_cantidad,192,False,Muñecas Eléctricas,,
1325,presentacion,presentacion,ART. PNY 56000. PINYPON. ART,Art. Pny 56000. Pinypon. Art,sin_cantidad,192,False,Muñecas,,
1326,presentacion,presentacion,BLADE A52 LITE. ANDROID 11 GO/ 64 GB. 13 MP + 2 MP + 2 MP/FRONTAL 5 MP. 6.52 PLGS. MICRO SD HASTA 1 TB,Blade A52 Lite. Android 11 Go/ 64 Gb. 13 Mp + 2 Mp + 2 Mp/frontal 5 Mp. 6.52 Plgs. Micro Sd Hasta 1 Tb,sin_cantidad,192,False,Celulares,,
1327,presentacion,presentacion,ECHO DOT MAX. COLOR BLANCA O NEGRA,Echo Dot Max. Color Blanca o Negra,sin_cantidad,192,False,Asistentes de Voz,,
1328,presentacion,presentacion,50 NANO 75 SQA. 50 PLGS. LED. PUERTO USB. SMART TV,50 Nano 75 Sqa. 50 Plgs. Led. Puerto Usb. Smart Tv.,sin_cantidad,191,False,Pantallas,,
1329,presentacion,presentacion,KG. AHUMADO. MARINADO,Kg. Ahumado. Marinado,sin_cantidad,191,False,Pavo,,
1330,presentacion,presentacion,TABLEADA CON BOTON Y CIERRE. PRINCIPE DE GALES. TALLA 28-32,Tableada con Boton y Cierre. Principe de Gales. Talla 28-32,sin_cantidad,191,False,Falda Escuela Oficial,,
1331,presentacion,presentacion,G0541. PEPPA PIG. EL GRAN AUTO DE LA FAMILIA DE PEPPA,G0541. Peppa Pig. el Gran Auto de la Familia de Peppa,sin_cantidad,190,False,Motos y Carros Mecánicos,,
1332,presentacion,presentacion,HNG50. CITY. CAMION TRAILER DE TIRANOSAURIO REX DEFINITIVO,Hng50. City. Camión Trailer de Tiranosaurio Rex Definitivo,sin_cantidad,190,False,Autopistas,,
1333,presentacion,presentacion,504047-EUC. L.O.L. SURPRISE. COSTUME SURPRISE TWEENS,504047-euc. L.o.l. Surprise. Costume Surprise Tweens,sin_cantidad,189,False,Varios,,
1334,presentacion,presentacion,55U65H. 55 PLGS. LED. PUERTO USB. SMART TV,55u65h. 55 Plgs. Led. Puerto Usb. Smart Tv.,sin_cantidad,189,False,Pantallas,,
1335,presentacion,presentacion,75 S 454. 75 PLGS. LED. PUERTO USB. SMART TV,75 S 454. 75 Plgs. Led. Puerto Usb. Smart Tv.,sin_cantidad,189,False,Pantallas,,
1336,presentacion,presentacion,JGK23. POLY POCKET. COMPACTO MUNDO DE ENSUENO O COMPACTO DE PLANETA POLLY,Jgk23. Poly Pocket. Compacto Mundo de Ensueño o Compacto de Planeta Polly,sin_cantidad,188,False,Varios,,
1337,presentacion,presentacion,RESORTE EN PRETINA TALLA 28-32,Resorte en Pretina Talla 28-32,sin_cantidad,188,False,Pantalón Corto Shorts Escuela,,
1338,presentacion,presentacion,SONY PS5. CALL OF DUTY BLACK OPS 6,Sony Ps5. Call Of Duty Black Ops 6,sin_cantidad,188,False,Videojuegos,,
1339,presentacion,presentacion,#6069243. DC. BATMAN. BATMAN O KILLER CROC O KILLER SHARK,#6069243. Dc. Batman. Batman o Killer Croc o Killer Shark,sin_cantidad,187,False,Muñecos,,
1340,presentacion,presentacion,#6072541. HOW TO TRAIN YOUR DRAGON. ULTIMATE PLASMA BLAST TOOTHLESS,#6072541. How To Train Your Dragon. Ultimate Plasma Blast Toothless,sin_cantidad,187,False,Varios,,
1341,presentacion,presentacion,G0940. MARVEL. SPIDER-MAN. VENOM VERSUS,G0940. Marvel. Spider-man. Venom Versus,sin_cantidad,187,False,Muñecos,,
1342,presentacion,presentacion,M016P. 16 PLGS. PARED. 3 VELOCIDADES,M016p. 16 Plgs. Pared. 3 Velocidades,sin_cantidad,187,False,Ventiladores,,
1343,presentacion,presentacion,MOD. 7650 O M 7650 C. BOTA BLANCO NO. 29,Mod. 7650 o M 7650 C. Bota Blanco No. 29,sin_cantidad,187,False,Tenis,,
1344,presentacion,presentacion,RECTA CON BOTON Y CIERRE. BLANCA. TALLA 6-10,Recta con Boton y Cierre. Blanca. Talla 6-10,sin_cantidad,187,False,Falda Escuela Oficial,,
1345,presentacion,presentacion,SONY PS4. EA SPORTS. FC 26,Sony Ps4. Ea Sports. Fc 26,sin_cantidad,187,False,Videojuegos,,
1346,presentacion,presentacion,SONY PS5. METAL GEAR SOLID. SNAKE EATER,Sony Ps5. Metal Gear Solid. Snake Eater,sin_cantidad,187,False,Videojuegos,,
1347,presentacion,presentacion,UN 98DU9000F. 98 PLGS. CRYSTAL. PUERTO USB. SMART TV,Un 98du9000f. 98 Plgs. Crystal. Puerto USB. Smart TV.,sin_cantidad,187,False,Pantallas,,
1348,presentacion,presentacion,GJR84. BARBIE SPA DE LUJO,Gjr84. Barbie Spa de Lujo,sin_cantidad,186,False,Muñecas,,
1349,presentacion,presentacion,JCA-4424. MARVEL. 44 JUEGOS PARA TODOS,Jca-4424. Marvel. 44 Juegos para Todos,sin_cantidad,186,False,Juegos de Mesa,,
1350,presentacion,presentacion,MOD. 7652 O M 7652 C. CHOCLO BLANCO NO. 25,Mod. 7652 o M 7652 C. Choclo Blanco No. 25,sin_cantidad,186,False,Tenis,,
1351,presentacion,presentacion,UN 50DU8000F. 50 PLGS. CRYSTAL. PUERTO USB. SMART TV,Un 50du8000f. 50 Plgs. Crystal. Puerto Usb. Smart Tv.,sin_cantidad,184,False,Pantallas,,
1352,presentacion,presentacion,HRK37. BARBIE. CUTIE REVEAL. MUNECA COLORES DE ENSUENO,Hrk37. Barbie. Cutie Reveal. Muñeca Colores de Ensueño,sin_cantidad,183,False,Varios,,
1353,presentacion,presentacion,HYC27. PIZARRON MAGNETICO GATITO DIBUJA CONMIGO O PIZARRON MAGNETICO PERRITO DIBUJA CONMIGO,Hyc27. Pizarrón Magnético Gatito Dibuja Conmigo Ó Pizarrón Magnético Perrito Dibuja Conmigo,sin_cantidad,183,False,Juguetes de Destreza,,
1354,presentacion,presentacion,HYP41. LITTLE PEOPLE. CAMION DE BOMBEROS,Hyp41. Little People. Camión de Bomberos,sin_cantidad,183,False,Motos y Carros Eléctricos,,
1355,presentacion,presentacion,SONY PS5. GOD OF WAR RAGNAROK,Sony Ps5. God Of War Ragnarok,sin_cantidad,183,False,Videojuegos,,
1356,presentacion,presentacion,#6073931. DC NIGHT FLARE BATMAN,#6073931. Dc Night Flare Batman,sin_cantidad,182,False,Muñecos Eléctricos,,
1357,presentacion,presentacion,GDM19. POLLY POCKET. LIMUSINA DE LUJO,Gdm19. Polly Pocket. Limusina de Lujo,sin_cantidad,182,False,Motos y Carros Mecánicos,,
1358,presentacion,presentacion,KD-55X75K. 55 PLGS. LED. PUERTO USB. SMART TV,Kd-55x75k. 55 Plgs. Led. Puerto Usb. Smart Tv.,sin_cantidad,182,False,Pantallas,,
1359,presentacion,presentacion,RECTA CON BOTON Y CIERRE. BLANCA TALLA 12-16,Recta con Boton y Cierre. Blanca Talla 12-16,sin_cantidad,182,False,Falda Escuela Oficial,,
1360,presentacion,presentacion,#6072778. DORA. CASITA SELVATICA EXPLORA Y JUEGA,#6072778. Dora. Casita Sélvatica Explora y Juega,sin_cantidad,181,False,Varios,,
1361,presentacion,presentacion,1298. MINI QUAD. DINOSAURIO MOTO ELECTRICA,1298. Mini Quad. Dinosaurio Moto Eléctrica,sin_cantidad,181,False,Juguetes Montables Eléctricos,,
1362,presentacion,presentacion,ASST. #83400. TEENAGE MUTANT NINJA. TURTLES. MUTANT MAYHEM. LEONARDO O RAPHAEL,Asst. #83400. Teenage Mutant Ninja. Turtles. Mutant Mayhem. Leonardo Ó Raphael,sin_cantidad,181,False,Muñecos,,
1363,presentacion,presentacion,OLED 55 C5 PSA. 55 PLGS. OLED. PUERTO USB. SMART TV,OLED 55 C5 Psa. 55 Plgs. OLED. Puerto USB. Smart TV.,sin_cantidad,181,False,Pantallas,,
1364,presentacion,presentacion,JGT89. UNO STACKO,Jgt89. Uno Stacko,sin_cantidad,180,False,Juegos de Mesa,,
1365,presentacion,presentacion,#6071248. PAW PATROL. CRUSH N ROLL RECYCLING TRUCK,#6071248. Paw Patrol. Crush N´ Roll Recycling Truck,sin_cantidad,179,False,Motos y Carros Mecánicos,,
1366,presentacion,presentacion,#6067623. DC. ROBIN,#6067623. Dc. Robin,sin_cantidad,178,False,Muñecos,,
1367,presentacion,presentacion,MG40J5133AT. 1.4 PIES CUBICOS. DORADOR. COLOR SILVER/ESPEJO,Mg40j5133at. 1.4 Pies Cúbicos. Dorador. Color Silver/espejo,sin_cantidad,178,False,Horno de Microondas,,
1368,presentacion,presentacion,"RS 22 T 5200 B1 (NEGRO). 622 DM3. 2 PUERTAS, VERTICALES. DESHIELO AUTOMATICO DE DURACION LARGA","Rs 22 T 5200 B1 (negro). 622 Dm3. 2 Puertas, Verticales. Deshielo Automático de Duración Larga",sin_cantidad,178,False,Refrigeradores,,
1369,presentacion,presentacion,HCL40. BARBIE. A TOUCH OF MAGIC. PEGASUS Y ACCESORIOS,Hcl40. Barbie. a Touch Of Magic. Pegasus y Accesorios,sin_cantidad,177,False,Varios,,
1370,presentacion,presentacion,HRP66. MONSTER HIGH. SCARE-ADISE ISLAND. DRACULAURA,Hrp66. Monster High. Scare-adise Island. Draculaura,sin_cantidad,177,False,Muñecas,,
1371,presentacion,presentacion,C.B. 013073. LAS VISIONES DE JUAN CALAKAS,C.b. 013073. las Visiones de Juan Calakas,sin_cantidad,176,False,Juegos de Mesa,,
1372,presentacion,presentacion,HKT78. BARBIE. YOU CAN BE ANYTHING. SET DISENADORA DE MODAS,Hkt78. Barbie. You Can Be Anything. Set Diseñadora de Modas,sin_cantidad,176,False,Muñecas,,
1373,presentacion,presentacion,VE3179XO O VE3179XOM (REPELENTE). 16 PLGS. PEDESTAL Y PARED. 3 VELOCIDADES,Ve3179xo o Ve3179xom (repelente). 16 Plgs. Pedestal y Pared. 3 Velocidades,sin_cantidad,176,False,Ventiladores,,
1374,presentacion,presentacion,ART. PNY 57000. PINYPON. POP SHINE,Art. Pny 57000. Pinypon. Pop Shine,sin_cantidad,175,False,Muñecas,,
1375,presentacion,presentacion,BLANCA MANGA CORTA CUELLO SPORT. TALLA 6-10. (90% POLIESTER-10% ALGODON),Blanca Manga Corta Cuello Sport. Talla 6-10. (90% Poliester-10% Algodon),sin_cantidad,175,False,Blusa Escuela Oficial,,
1376,presentacion,presentacion,E8521. TITAN HERO SERIES. MARVEL SPIDER-MAN. MARVEL S. SCARLET SPIDER,E8521. Titan Hero Series. Marvel Spider-man. Marvel´s. Scarlet Spider,sin_cantidad,175,False,Muñecos,,
1377,presentacion,presentacion,HKX48. CITY. HW ULTIMATE GARAGE,Hkx48. City. Hw Ultimate Garage,sin_cantidad,175,False,Autopistas,,
1378,presentacion,presentacion,ART. NFN76000. NENUCO. MIMOSON,Art. Nfn76000. Nenuco. Mimosón,sin_cantidad,174,False,Muñecas Eléctricas,,
1379,presentacion,presentacion,CB: 016562. SILLONES MUSICALES,Cb: 016562. Sillones Musicales,sin_cantidad,173,False,Juegos de Mesa,,
1380,presentacion,presentacion,HKT 94. BARBIE. CUTE N COZY CAFE,Hkt 94. Barbie. Cute´n Cozy Café,sin_cantidad,173,False,Muñecas,,
1381,presentacion,presentacion,JFY55. MINI BARBIE LAND. VEHICULOS,Jfy55. Mini Barbie Land. Vehículos,sin_cantidad,173,False,Varios,,
1382,presentacion,presentacion,JGC01. JURASSIC WORLD. AQUILOPS. DOLORES,Jgc01. Jurassic World. Aquilops. Dolores,sin_cantidad,173,False,Varios,,
1383,presentacion,presentacion,ART. NFN 60000. NENUCO. SCHOOL HAIRSTYLES,Art. Nfn 60000. Nenuco. School Hairstyles,sin_cantidad,172,False,Muñecas,,
1384,presentacion,presentacion,HMW04. POKEMON. SUPER BALL GIGANTE,Hmw04. Pokémon. Super Ball Gigante,sin_cantidad,172,False,Juguetes Armables,,
1385,presentacion,presentacion,MOD. 7650 O M 7650 C. BOTA BLANCO NO. 23,Mod. 7650 o M 7650 C. Bota Blanco No. 23,sin_cantidad,171,False,Tenis,,
1386,presentacion,presentacion,XBOX SERIES X. FORZA MOTOSPORT,Xbox Series X. Forza Motosport,sin_cantidad,171,False,Videojuegos,,
1387,presentacion,presentacion,#6072500. MONSTER JAM. SMASH & BASH. GRAVE DIGGER RC,#6072500. Monster Jam. Smash & Bash. Grave Digger Rc,sin_cantidad,170,False,Motos y Carros Eléctricos,,
1388,presentacion,presentacion,1630. PUSH-CAR. ADVENTURE BOY,1630. Push-car. Adventure Boy,sin_cantidad,170,False,Juguetes Montables,,
1389,presentacion,presentacion,HXL47. MATCHBOX. ACTION DRIVERS. TRANSPORTATION CENTER PLAY SET,Hxl47. Matchbox. Action Drivers. Transportation Center Play Set,sin_cantidad,170,False,Varios,,
1390,presentacion,presentacion,JGW15. MINI BARBIE LAND. MINI BUNDLE,Jgw15. Mini Barbie Land. Mini Bundle,sin_cantidad,170,False,Varios,,
1391,presentacion,presentacion,JBW20. THOMAS & FRIENDS. CONJUNTO DE CARGA Y DESCARGA DE DIESEL,Jbw20. Thomas & Friends. Conjunto de Carga y Descarga de Diesel,sin_cantidad,169,False,Varios,,
1392,presentacion,presentacion,MOD. 1554. BEBES LLORONES. LADY O CONEY O STARS,Mod. 1554. Bebés Llorones. Lady o Coney o Stars,sin_cantidad,169,False,Muñecas Eléctricas,,
1393,presentacion,presentacion,MOD. 7650 O M 7650 C. BOTA BLANCO NO. 25,Mod. 7650 o M 7650 C. Bota Blanco No. 25,sin_cantidad,169,False,Tenis,,
1394,presentacion,presentacion,#6060414/#20148180 . GABBY S DOLLHOUSE. CASA DE MUNECAS FESTIVA DE GABBY,#6060414/#20148180 . Gabby´s Dollhouse. Casa de Muñecas Festiva de Gabby,sin_cantidad,168,False,Varios,,
1395,presentacion,presentacion,502500EUC. LOL SURPRISE! O.M.G. GLAM N GO CAMPER,502500euc. Lol Surprise! O.m.g. Glam N´ Go Camper,sin_cantidad,168,False,Motos y Carros Mecánicos,,
1396,presentacion,presentacion,HXT05. MONSTER TRUCKS. CHARGE&CHASE CHALLENGE,Hxt05. Monster Trucks. Charge&chase Challenge,sin_cantidad,168,False,Autopistas,,
1397,presentacion,presentacion,ART. 700015787. NANCY. UN DIA DE BELLEZA,Art. 700015787. Nancy. Un Día de Belleza,sin_cantidad,167,False,Muñecas,,
1398,presentacion,presentacion,E7972. MARVEL. STUDIOS. X-MEN 97. WOLVERINE,E7972. Marvel. Studios. X-men 97. Wolverine,sin_cantidad,167,False,Muñecos,,
1399,presentacion,presentacion,G1759. NERF. LOADOUT. SHADOWSPEED RECON,G1759. Nerf. Loadout. Shadowspeed Recon,sin_cantidad,167,False,Varios,,
1400,presentacion,presentacion,JFF04. BARNEY S WORLD. SET DE JUEGO DE CASA DE ARBOL CON LUCES Y SONIDO,Jff04. Barney´s World. Set de Juego de Casa de Árbol con Luces y Sonido,sin_cantidad,167,False,Varios,,
1401,presentacion,presentacion,14-FQ1004LA. LAPTOP (GRIS). AMD RYZEN 3/ WINDOWS 10. DISCO DURO 512 GB SSD/MEMORIA RAM 8 GB. 14 PLGS,14-fq1004la. Laptop (gris). Amd Ryzen 3/ Windows 10. Disco Duro 512 Gb Ssd/memoria Ram 8 Gb. 14 Plgs.,sin_cantidad,166,False,Computadoras Portátiles,,
1402,presentacion,presentacion,JCH04. JURASSIC WORLD. TYRANNOSAURUS REX. MASCARA,Jch04. Jurassic World. Tyrannosaurus Rex. Máscara,sin_cantidad,166,False,Varios,,
1403,presentacion,presentacion,86 QNED 80 SRA. 86 PLGS. QNED. PUERTO USB. SMART TV,86 Qned 80 Sra. 86 Plgs. Qned. Puerto Usb. Smart Tv.,sin_cantidad,165,False,Pantallas,,
1404,presentacion,presentacion,"DFR-25210 GND (SILVER). 251.8 DM3. 2 PUERTAS, HORIZONTAL Y VERTICAL. DESHIELO AUTOMATICO","Dfr-25210 Gnd (silver). 251.8 Dm3. 2 Puertas, Horizontal y Vertical. Deshielo Automático",sin_cantidad,165,False,Refrigeradores,,
1405,presentacion,presentacion,JBD90. MONSTER TRUCKS. HW MEGA WREX ALIVE RC,Jbd90. Monster Trucks. Hw Mega Wrex Alive Rc,sin_cantidad,165,False,Motos y Carros Eléctricos,,
1406,presentacion,presentacion,PS5. PRO O CFI-7020. 2 TB. SIN JUEGO INCLUIDO. SIN LECTOR DE DISCO,Ps5. Pro o Cfi-7020. 2 Tb. Sin Juego Incluido. Sin Lector de Disco,sin_cantidad,165,False,Electrónicos de Video,,
1407,presentacion,presentacion,XBOX SERIES X. EA SPORTS. F1 24,Xbox Series X. Ea Sports. F1 24,sin_cantidad,165,False,Videojuegos,,
1408,presentacion,presentacion,ART. NAC 91000. NANCY. GLOW UP,Art. Nac 91000. Nancy. Glow Up,sin_cantidad,164,False,Muñecas,,
1409,presentacion,presentacion,G0666. MARVEL SPIDEY. BARCO PIRATA CON TELARANAS Y BURBUJAS,G0666. Marvel Spidey. Barco Pirata con Telarañas y Burbujas,sin_cantidad,164,False,Varios,,
1410,presentacion,presentacion,HKT25. POKEMON. DRAGONITE,Hkt25. Pokémon. Dragonite,sin_cantidad,164,False,Juguetes Armables,,
1411,presentacion,presentacion,RS 27 T5200 S9 (SILVER). 778 DM3. 2 PUERTAS. VERTICALES. DESHIELO AUTOMATICO DE DURACION LARGA,Rs 27 T5200 S9 (Silver). 778 Dm3. 2 Puertas. Verticales. Deshielo Automático de Duración Larga,sin_cantidad,163,False,Refrigeradores,,
1412,presentacion,presentacion,#6071544. PAW PATROL. PUP SQUAD PAW PATROLLER,#6071544. Paw Patrol. Pup Squad Paw Patroller,sin_cantidad,162,False,Motos y Carros Mecánicos,,
1413,presentacion,presentacion,ART. NAC 75000. NANCY. CATWAII,Art. Nac 75000. Nancy. Catwaii,sin_cantidad,162,False,Muñecas,,
1414,presentacion,presentacion,C.B. 8414745004957. CHOCLO (LONA) COLOR AZUL NO. 21,C.b. 8414745004957. Choclo (Lona) Color Azul No. 21,sin_cantidad,162,False,Tenis,,
1415,presentacion,presentacion,RESORTE EN PRETINA TALLA 34-38,Resorte en Pretina Talla 34-38,sin_cantidad,162,False,Pantalón Corto Shorts Escuela,,
1416,presentacion,presentacion,21262. MINECRAFT. LA GRANJA DEL MOLINO,21262. Minecraft. la Granja del Molino,sin_cantidad,160,False,Juguetes Armables,,
1417,presentacion,presentacion,72041. SUPER MARIO. FIESTA EN LA CASA DE TOAD,72041. Super Mario. Fiesta en la Casa de Toad,sin_cantidad,160,False,Juguetes Armables,,
1418,presentacion,presentacion,HLW02. DISNEY PRINCESS. AURORA O BLANCA NIEVES O RAPUNZEL O?,Hlw02. Disney Princess. Aurora o Blanca Nieves o Rapunzel o?,sin_cantidad,160,False,Muñecas,,
1419,presentacion,presentacion,JFR39. HOT WHEELS. MONSTER TRUCKS. TIGER SHARK CLIMBER RC,Jfr39. Hot Wheels. Monster Trucks. Tiger Shark Climber Rc,sin_cantidad,160,False,Motos y Carros Eléctricos,,
1420,presentacion,presentacion,TABLEADA CON BOTON Y CIERRE. PRINCIPE DE GALES. TALLA 34-38,Tableada con Boton y Cierre. Principe de Gales. Talla 34-38,sin_cantidad,160,False,Falda Escuela Oficial,,
1421,correccion_texto,presentacion,,Hlw02. Disney Princess. Aurora o Blanca Nieves o Rapunzel o?,sin_candidato_unico,160,False,Muñecas,,
1422,presentacion,presentacion,CND62. FREDDY FIRE TRUCK O RICKY RACE CAR,Cnd62. Freddy Fire Truck Ó Ricky Race Car,sin_cantidad,159,False,Juguetes Armables,,
1423,presentacion,presentacion,"MHC-V73D. CD'S 1. MP3, DVD, USB Y BLUETOOTH","Mhc-v73d. Cd's 1. Mp3, Dvd, USB y Bluetooth",sin_cantidad,159,False,Bocinas Portátiles,,
1424,presentacion,presentacion,TABLEADA CON BOTON Y CIERRE. PRINCIPE DE GALES. TALLA 12-16,Tableada con Boton y Cierre. Principe de Gales. Talla 12-16,sin_cantidad,159,False,Falda Escuela Oficial,,
1425,presentacion,presentacion,UN 50U8200FF. 50 PLGS. CRYSTAL. PUERTO USB. SMART TV,Un 50u8200ff. 50 Plgs. Crystal. Puerto USB. Smart TV.,sin_cantidad,159,False,Pantallas,,
1426,presentacion,presentacion,21275. MINECRAFT. LA CASA-DINAMITA DE LA JUNGLA,21275. Minecraft. la Casa-dinamita de la Jungla,sin_cantidad,158,False,Juguetes Armables,,
1427,presentacion,presentacion,C.B. 8414745004957. CHOCLO (LONA) COLOR AZUL NO. 19,C.b. 8414745004957. Choclo (Lona) Color Azul No. 19,sin_cantidad,158,False,Tenis,,
1428,presentacion,presentacion,C.B. 8414745005299. CHOCLO (LONA) COLOR BLANCO NO. 25,C.b. 8414745005299. Choclo (Lona) Color Blanco No. 25,sin_cantidad,158,False,Tenis,,
1429,presentacion,presentacion,SONY PS5. DRAGON BALL. SPARKING! ZERO,Sony Ps5. Dragon Ball. Sparking! Zero,sin_cantidad,158,False,Videojuegos,,
1430,presentacion,presentacion,72034. SUPER MARIO. BEBE MARIO VS. BEBE LUIGI,72034. Super Mario. Bebé Mario Vs. Bebé Luigi,sin_cantidad,157,False,Juguetes Armables,,
1431,presentacion,presentacion,C.B. 8414745005299. CHOCLO (LONA) COLOR BLANCO NO. 27,C.b. 8414745005299. Choclo (Lona) Color Blanco No. 27,sin_cantidad,157,False,Tenis,,
1432,presentacion,presentacion,HKV43. POLLY POCKET. SET DE JUEGOS RESORT ROLL AWAY,Hkv43. Polly Pocket. Set de Juegos Resort Roll Away,sin_cantidad,157,False,Varios,,
1433,presentacion,presentacion,JCH02. JURASSIC WORLD. POWER DEVOUR. TYRANNOSAURUS REX,Jch02. Jurassic World. Power Devour. Tyrannosaurus Rex,sin_cantidad,157,False,Varios,,
1434,presentacion,presentacion,JGW86. MESA DE ACTIVIDADES 4 EN 1,Jgw86. Mesa de Actividades 4 en 1,sin_cantidad,157,False,Juguetes de Destreza,,
1435,presentacion,presentacion,F9832. PAPAS TRAIDORAS,F9832. Papas Traidoras,sin_cantidad,156,False,Juegos de Mesa,,
1436,presentacion,presentacion,JFR30. VAGON. PARA RECOGER BLOQUES,Jfr30. Vagón. para Recoger Bloques,sin_cantidad,155,False,Juguetes Armables,,
1437,presentacion,presentacion,50A6GV. 50 PLGS. LED. PUERTO USB. SMART TV,50a6gv. 50 Plgs. Led. Puerto Usb. Smart Tv.,sin_cantidad,154,False,Pantallas,,
1438,presentacion,presentacion,SPUTNIK. 18 PLGS. PEDESTAL. 3 VELOCIDADES,Sputnik. 18 Plgs. Pedestal. 3 Velocidades,sin_cantidad,154,False,Ventiladores,,
1439,presentacion,presentacion,ART. PNY 74000 TOY 39158. PINYPON. HOTEL 5 STAR,Art. Pny 74000 Toy 39158. Pinypon. Hotel 5 Star,sin_cantidad,153,False,Varios,,
1440,presentacion,presentacion,BLANCA MANGA CORTA CUELLO SPORT. TALLA 12-16. (90% POLIESTER-10% ALGODON),Blanca Manga Corta Cuello Sport. Talla 12-16. (90% Poliester-10% Algodon),sin_cantidad,153,False,Blusa Escuela Oficial,,
1441,presentacion,presentacion,HKN44. ORUGUITA BAILADORA,Hkn44. Oruguita Bailadora,sin_cantidad,153,False,Juguetes Armables,,
1442,presentacion,presentacion,JFW49. BARBIE. FAMILY & FRIEND S . CASA DESPLEGABLE,Jfw49. Barbie. Family & Friend´s . Casa Desplegable,sin_cantidad,153,False,Varios,,
1443,presentacion,presentacion,JGW95. RIE Y APRENDE. CARRO DE SNACKS 4 EN 1,Jgw95. Ríe y Aprende. Carro de Snacks 4 en 1,sin_cantidad,153,False,Juguetes Educativos,,
1444,presentacion,presentacion,43QD6QV. 43 PLGS. QLED. PUERTO USB. SMART TV,43qd6qv. 43 Plgs. QLED. Puerto USB. Smart TV.,sin_cantidad,152,False,Pantallas,,
1445,presentacion,presentacion,JGG97. RED CHATTER TELEPHONE,Jgg97. Red Chatter Telephone,sin_cantidad,152,False,Juguetes de Destreza,,
1446,presentacion,presentacion,TABLEADA CON BOTON Y CIERRE. PATA DE GALLO. TALLA 28-32,Tableada con Boton y Cierre. Pata de Gallo. Talla 28-32,sin_cantidad,152,False,Falda Escuela Oficial,,
1447,presentacion,presentacion,#6074334. GABBY S DOLLHUSE. GABBY S S MEOW-MAZIN DOLLHOUSE,#6074334. Gabby´s Dollhuse. Gabby´s S Meow-mazin Dollhouse,sin_cantidad,151,False,Varios,,
1448,presentacion,presentacion,HNF51. POLY POCKET. SURTIDO PAQUETE DE MODAS GRANDE,Hnf51. Poly Pocket. Surtido Paquete de Modas Grande,sin_cantidad,151,False,Varios,,
1449,presentacion,presentacion,UN 43U8200FF. 43 PLGS. CRYSTAL. PUERTO USB. SMART TV,Un 43u8200ff. 43 Plgs. Crystal. Puerto USB. Smart TV.,sin_cantidad,151,False,Pantallas,,
1450,presentacion,presentacion,JFR23. IMAGINEXT. JURASSIC WORLD. MOSASAURUS. PERSIGUE Y MUERDE EN EL AGUA,Jfr23. Imaginext. Jurassic World. Mosasaurus. Persigue y Muerde en el Agua,sin_cantidad,150,False,Varios,,
1451,presentacion,presentacion,RECTA CON BOTON Y CIERRE. BLANCA TALLA 28-32,Recta con Boton y Cierre. Blanca Talla 28-32,sin_cantidad,150,False,Falda Escuela Oficial,,
1452,presentacion,presentacion,74-7702. COLOR PETS. PINTA Y BANALOS. DINO PACK,74-7702. Color Pets. Pinta y Bañalos. Dino Pack,sin_cantidad,149,False,Varios,,
1453,presentacion,presentacion,JCG16. JURASSIC WORLD. CHAOS THEORY. THERIZINOSAURUS,Jcg16. Jurassic World. Chaos Theory. Therizinosaurus,sin_cantidad,148,False,Varios,,
1454,presentacion,presentacion,RECTA CON BOTON Y CIERRE. PRINCIPE DE GALES. TALLA 28-32,Recta con Boton y Cierre. Principe de Gales. Talla 28-32,sin_cantidad,148,False,Falda Escuela Oficial,,
1455,presentacion,presentacion,SONY PS4. CALL OF DUTY BLACK OPS 6,Sony Ps4. Call Of Duty Black Ops 6,sin_cantidad,148,False,Videojuegos,,
1456,presentacion,presentacion,47701. SONIC. THE HEDGEHOD. SPEED R/C,47701. Sonic. The Hedgehod. Speed R/c,sin_cantidad,146,False,Muñecos Eléctricos,,
1457,presentacion,presentacion,65QD6QV. 65 PLGS. QLED. PUERTO USB. SMART TV,65qd6qv. 65 Plgs. QLED. Puerto USB. Smart TV.,sin_cantidad,146,False,Pantallas,,
1458,presentacion,presentacion,ART. PNY 70000. PINYPON. POP & MAKE UP,Art. Pny 70000. Pinypon. Pop & Make Up,sin_cantidad,145,False,Muñecas,,
1459,presentacion,presentacion,ITEM: 168897. DC. BATMAN O SUPERMAN,Item: 168897. Dc. Batman Ó Superman,sin_cantidad,145,False,Muñecos,,
1460,presentacion,presentacion,JCA-4474. HARRY POTTER. 44 JUEGOS PARA TODOS,Jca-4474. Harry Potter. 44 Juegos para Todos,sin_cantidad,144,False,Juegos de Mesa,,
1461,presentacion,presentacion,C.B. 8414745005299. CHOCLO (LONA) COLOR BLANCO NO. 29,C.b. 8414745005299. Choclo (Lona) Color Blanco No. 29,sin_cantidad,143,False,Tenis,,
1462,presentacion,presentacion,JFW44. JURASSIC WORLD. TUMBLIN SPINOS,Jfw44. Jurassic World. Tumblin´ Spinos,sin_cantidad,143,False,Juegos de Mesa,,
1463,presentacion,presentacion,KG. CRUDO,Kg. Crudo,sin_cantidad,143,False,Pavo,,
1464,presentacion,presentacion,502470-C3MM. L.O.L. SURPRISE. O.M.G. FASHION HOUSE,502470-c3mm. L.o.l. Surprise. O.m.g. Fashion House,sin_cantidad,142,False,Varios,,
1465,presentacion,presentacion,"HVH42. THE BEATLES. ¡DAMAS Y CABALLEROS, LOS BEATLES!","Hvh42. The Beatles. ¡damas y Caballeros, los Beatles!",sin_cantidad,142,False,Juguetes Armables,,
1466,presentacion,presentacion,JBG53. DISNEY FROZEN. ELSA PATINADORA SOBER HIELO,Jbg53. Disney Frozen. Elsa Patinadora Sober Hielo,sin_cantidad,142,False,Muñecas,,
1467,presentacion,presentacion,RECTA CON BOTON Y CIERRE. PRINCIPE DE GALES. TALLA 12-16,Recta con Boton y Cierre. Principe de Gales. Talla 12-16,sin_cantidad,142,False,Falda Escuela Oficial,,
1468,presentacion,presentacion,#38150. ANIME HEROES. NARUTO UZUMAKI O SASUKE UCHIHA,#38150. Anime Heroes. Naruto Uzumaki Ó Sasuke Uchiha,sin_cantidad,141,False,Muñecos,,
1469,presentacion,presentacion,#6072679. DC. METAL FORCE. BATMAN,#6072679. Dc. Metal Force. Batman,sin_cantidad,141,False,Muñecos,,
1470,presentacion,presentacion,#6073298. PAW PATROL. RC ACTION CRUISER,#6073298. Paw Patrol. Rc Action Cruiser,sin_cantidad,141,False,Motos y Carros Eléctricos,,
1471,presentacion,presentacion,91-9338. OSCAR EL PULPO DISENA GIRANDO,91-9338. Oscar el Pulpo Diseña Girando,sin_cantidad,141,False,Varios,,
1472,presentacion,presentacion,98 UT 9050 PSA. 98 PLGS. LED. PUERTO USB. SMART TV,98 Ut 9050 Psa. 98 Plgs. LED. Puerto USB. Smart TV.,sin_cantidad,141,False,Pantallas,,
1473,presentacion,presentacion,ART. NAC 19000. NANCY. UN DIA CON TOALLA MAGICA,Art. Nac 19000. Nancy. Un Día con Toalla Mágica,sin_cantidad,141,False,Muñecas,,
1474,presentacion,presentacion,HMM70SEJ. 0.7 PIES CUBICOS. COLOR GRIS/ESPEJO,Hmm70sej. 0.7 Pies Cúbicos. Color Gris/espejo,sin_cantidad,141,False,Horno de Microondas,,
1475,presentacion,presentacion,RECTA CON BOTON Y CIERRE. BLANCA TALLA 34-38,Recta con Boton y Cierre. Blanca Talla 34-38,sin_cantidad,141,False,Falda Escuela Oficial,,
1476,presentacion,presentacion,C.B. 8414745004995. CHOCLO (LONA) COLOR BLANCO NO. 21,C.b. 8414745004995. Choclo (Lona) Color Blanco No. 21,sin_cantidad,140,False,Tenis,,
1477,presentacion,presentacion,HRK57. BARBIE. POP REVEAL. RISE & SURPRISE,Hrk57. Barbie. Pop Reveal. Rise & Surprise,sin_cantidad,140,False,Varios,,
1478,presentacion,presentacion,HRP65. MONSTER HIGH. CLAWDEEN WOLF,Hrp65. Monster High. Clawdeen Wolf,sin_cantidad,140,False,Muñecas,,
1479,presentacion,presentacion,SWITCH OLED. THE LEGEND OF ZELDA. 64 GB. SIN JUEGO INCLUIDO,Switch Oled. The Legend Of Zelda. 64 Gb. Sin Juego Incluido,sin_cantidad,140,False,Electrónicos de Video,,
1480,presentacion,presentacion,ART. NAC 73000. NANCY. AIR STYLE,Art. Nac 73000. Nancy. Air Style,sin_cantidad,139,False,Muñecas,,
1481,presentacion,presentacion,HGY82. THOMAS & FRIENDS. PUSH ALONG. CONJUNTO DE CARGA Y DESCARGA DE NIA Y TESS,Hgy82. Thomas & Friends. Push Along. Conjunto de Carga y Descarga de Nia y Tess,sin_cantidad,139,False,Varios,,
1482,presentacion,presentacion,HKT23. POKEMON. CONJUNTO DE EVOLUCIONES DE PIKACHU,Hkt23. Pokémon. Conjunto de Evoluciones de Pikachu,sin_cantidad,139,False,Juguetes Armables,,
1483,presentacion,presentacion,HTH77. POKEMON. SQUIRTLE,Hth77. Pokémon. Squirtle,sin_cantidad,139,False,Juguetes Armables,,
1484,presentacion,presentacion,RECTA CON BOTON Y CIERRE. PRINCIPE DE GALES. TALLA 34-38,Recta con Boton y Cierre. Principe de Gales. Talla 34-38,sin_cantidad,138,False,Falda Escuela Oficial,,
1485,presentacion,presentacion,#20148441. GABBY S DOLLHOUSE. GABBY CANTA Y CELEBRA,#20148441. Gabby´s Dollhouse. Gabby´ Canta y Celebra,sin_cantidad,137,False,Muñecas Eléctricas,,
1486,presentacion,presentacion,#6073760. PAW PATROL. RESCUE COMMAND CENTER,#6073760. Paw Patrol. Rescue Command Center,sin_cantidad,137,False,Varios,,
1487,presentacion,presentacion,F9352. MARVEL SPIDEY. PARQUE DE JUEGO DE SPIDEY,F9352. Marvel Spidey. Parque de Juego de Spidey,sin_cantidad,137,False,Varios,,
1488,presentacion,presentacion,KOS-61WW. 0.7 PIES CUBICOS. COLOR BLANCO,Kos-61ww. 0.7 Pies Cúbicos. Color Blanco,sin_cantidad,137,False,Horno de Microondas,,
1489,presentacion,presentacion,QN 50QN90 DAF. 50 PLGS. QLED. PUERTO USB. SMART TV,Qn 50qn90 Daf. 50 Plgs. QLED. Puerto USB. Smart TV.,sin_cantidad,137,False,Pantallas,,
1490,presentacion,presentacion,1341. SUPER TRIKE DINOSAURIO,1341. Super Trike Dinosaurio,sin_cantidad,136,False,Juguetes Montables,,
1491,presentacion,presentacion,ART. NFN30000. NENUCO. POMPITAS,Art. Nfn30000. Nenuco. Pompitas,sin_cantidad,136,False,Muñecas Eléctricas,,
1492,presentacion,presentacion,F8642. NERF. SUPER SOAKER DINO SPLASHERS,F8642. Nerf. Super Soaker Dino Splashers,sin_cantidad,136,False,Varios,,
1493,presentacion,presentacion,120162-EUMM O 120162. RAINBOW HIGH. JADE HUNTER O RUBY ANDERSON O SUNNY MADISON,120162-eumm o 120162. Rainbow High. Jade Hunter o Ruby Anderson o Sunny Madison...,sin_cantidad,135,False,Muñecas,,
1494,presentacion,presentacion,BOTE 28 CERAS. JUMBO. REDONDO,Bote 28 Ceras. Jumbo. Redondo,sin_cantidad,135,False,Crayones,,
1495,presentacion,presentacion,HKV71. POLY POCKET. BOTE NARWHAL ADVENTURER,Hkv71. Poly Pocket. Bote Narwhal Adventurer,sin_cantidad,135,False,Varios,,
1496,presentacion,presentacion,JFV59. BARBIE. CUTIE REVEAL. CARE BEARS. 2,Jfv59. Barbie. Cutie Reveal. Care Bears. 2,sin_cantidad,135,False,Varios,,
1497,presentacion,presentacion,"S55H. BLUETOOTH, USB. POTENCIA 220 W. SONIDO 2.1","S55h. Bluetooth, USB. Potencia 220 W. Sonido 2.1",sin_cantidad,135,False,Barra de Sonido,,
1498,presentacion,presentacion,XR-55A80L. 55 PLGS. LED. PUERTO USB. SMART TV,Xr-55a80l. 55 Plgs. Led. Puerto Usb. Smart Tv.,sin_cantidad,135,False,Pantallas,,
1499,presentacion,presentacion,6061175. GO GLAM. U-NIQUE NAIL SALON,6061175. Go Glam. U-nique Nail Salon,sin_cantidad,134,False,Varios,,
1500,presentacion,presentacion,EM 5022 BAPN0A O BAPN0C. 20 PLGS. 4 QUEMADORES. ENCENDIDO MANUAL. COLOR NEGRO,Em 5022 Bapn0a o Bapn0c. 20 Plgs. 4 Quemadores. Encendido Manual. Color Negro,sin_cantidad,134,False,Estufas,,
1501,presentacion,presentacion,F8839. MARVEL. SPIDER MAN MASCARA LUMINOSA,F8839. Marvel. Spider Man Máscara Luminosa,sin_cantidad,134,False,Varios,,
1502,presentacion,presentacion,G1017. PEPPA PIG. ARMARIO DE PEPPA,G1017. Peppa Pig. Armario de Peppa,sin_cantidad,134,False,Varios,,
1503,presentacion,presentacion,HLW61. DISNEY FROZEN. EL CASTILLO DE ELSA EN ARANDELLE,Hlw61. Disney Frozen. el Castillo de Elsa en Arandelle,sin_cantidad,134,False,Muñecas,,
1504,presentacion,presentacion,SONY PS4. EA SPORTS. FC 24,Sony Ps4. Ea Sports. Fc 24,sin_cantidad,134,False,Videojuegos,,
1505,presentacion,presentacion,VPG-9016. 16 PLGS. PEDESTAL. 3 VELOCIDADES,Vpg-9016. 16 Plgs. Pedestal. 3 Velocidades,sin_cantidad,134,False,Ventiladores,,
1506,presentacion,presentacion,ART. PNY 700017012. TOY 37197. PINYPON. LA CASA ROSA MALETIN,Art. Pny 700017012. Toy 37197. Pinypon. la Casa Rosa Maletín,sin_cantidad,133,False,Varios,,
1507,presentacion,presentacion,HNF67. MONSTER HIGH. SALON PARA ESTUDIANTES,Hnf67. Monster High. Salón para Estudiantes,sin_cantidad,133,False,Varios,,
1508,presentacion,presentacion,JDC59. JURASSIC WORLD. DINO REVEAL,Jdc59. Jurassic World. Dino Reveal,sin_cantidad,133,False,Varios,,
1509,presentacion,presentacion,86 QNED 73 ASA. 86 PLGS. QNED. PUERTO USB. SMART TV,86 Qned 73 Asa. 86 Plgs. Qned. Puerto USB. Smart TV.,sin_cantidad,132,False,Pantallas,,
1510,presentacion,presentacion,CUELLO SPORT PATA DE GALLO. TALLA 12-16,Cuello Sport Pata de Gallo. Talla 12-16,sin_cantidad,132,False,Chazarilla Escuela Oficial,,
1511,presentacion,presentacion,GTL66. LITTLE PEOPLE. CAMION ESCOLAR. HACIENDO NUEVOS AMIGOS,Gtl66. Little People. Camión Escolar. Haciendo Nuevos Amigos,sin_cantidad,132,False,Motos y Carros Eléctricos,,
1512,presentacion,presentacion,ITEM 179923. PEANUTS. SNOOPY & WOODSTOCK,Item 179923. Peanuts. Snoopy & Woodstock,sin_cantidad,132,False,Varios,,
1513,presentacion,presentacion,PS5. EA SPORTS FC24 O CFI-1215A. 825 GB SSD. SIN JUEGO INCLUIDO. INCLUYE LECTOR DE DISCO (CAJA BLANCA),Ps5. Ea Sports Fc24 o Cfi-1215a. 825 Gb Ssd. Sin Juego Incluido. Incluye Lector de Disco (caja Blanca),sin_cantidad,132,False,Electrónicos de Video,,
1514,presentacion,presentacion,CB: 013042. EL UNICO TURISTA HARRY POTTER,Cb: 013042. el Único Turista Harry Potter,sin_cantidad,131,False,Juegos de Mesa,,
1515,presentacion,presentacion,IDEAPAD SLIM 3. 15ARP10. 83K700AXLM. LAPTOP (AZUL). AMD RYZEN 7/WINDOWS 11. DISCO DURO 1 TB SSD/MEMORIA RAM 16 GB. 15.3 PLGS,Ideapad Slim 3. 15arp10. 83k700axlm. Laptop (Azul). Amd Ryzen 7/windows 11. Disco Duro 1 Tb Ssd/memoria Ram 16 Gb. 15.3 Plgs.,sin_cantidad,130,False,Computadoras Portátiles,,
1516,presentacion,presentacion,JBF18. MONSTER HIGH. MAKE-A-MONSTER PET. FRANKIE STEIN,Jbf18. Monster High. Make-a-monster Pet. Frankie Stein,sin_cantidad,130,False,Muñecas,,
1517,presentacion,presentacion,HW-B550. BLUETOOTH. USB. POTENCIA 410 W. SONIDO 2.1,Hw-b550. Bluetooth. Usb. Potencia 410 W. Sonido 2.1,sin_cantidad,128,False,Barra de Sonido,,
1518,presentacion,presentacion,JBG73. MONSTER HIGH. SCARY SWEET BIRTHDAY. DRACULAURA O FRANKIE STEIN O ?,Jbg73. Monster High. Scary Sweet Birthday. Draculaura Ó Frankie Stein Ó ?,sin_cantidad,128,False,Muñecas,,
1519,presentacion,presentacion,TABLEADA CON BOTON Y CIERRE. PATA DE GALLO. TALLA 34-38,Tableada con Boton y Cierre. Pata de Gallo. Talla 34-38,sin_cantidad,128,False,Falda Escuela Oficial,,
1520,correccion_texto,presentacion,,Jbg73. Monster High. Scary Sweet Birthday. Draculaura Ó Frankie Stein Ó ?,sin_candidato_unico,128,False,Muñecas,,
1521,presentacion,presentacion,120728-EUC. YUMMI LAND,120728-euc. Yummi Land,sin_cantidad,127,False,Muñecas,,
1522,presentacion,presentacion,75U6K. 75 PLGS. LED. PUERTO USB. SMART TV,75u6k. 75 Plgs. Led. Puerto Usb. Smart Tv.,sin_cantidad,127,False,Pantallas,,
1523,presentacion,presentacion,CUELLO SPORT PATA DE GALLO. TALLA 32-36,Cuello Sport Pata de Gallo. Talla 32-36,sin_cantidad,127,False,Chazarilla Escuela Oficial,,
1524,presentacion,presentacion,CUELLO SPORT PRINCIPE DE GALES. TALLA 12-16,Cuello Sport Principe de Gales. Talla 12-16,sin_cantidad,127,False,Chazarilla Escuela Oficial,,
1525,presentacion,presentacion,HKM-1500C,Hkm-1500c,sin_cantidad,127,False,Horno Eléctrico,,
1526,presentacion,presentacion,HYC23. BARBIE. DREAM BESTIES. TERESA,Hyc23. Barbie. Dream Besties. Teresa,sin_cantidad,127,False,Muñecas,,
1527,presentacion,presentacion,IDEAPAD SLIM 3I 15IAN8 O 82XB0007LM. LAPTOP (GRIS). INTEL CORE I3/WINDOWS 11. DISCO DURO 512 GB SSD/MEMORIA RAM 8 GB. 15.6 PLGS,Ideapad Slim 3i 15ian8 o 82xb0007lm. Laptop (gris). Intel Core I3/windows 11. Disco Duro 512 Gb Ssd/memoria Ram 8 Gb. 15.6 Plgs.,sin_cantidad,127,False,Computadoras Portátiles,,
1528,presentacion,presentacion,ART. PNY 79000. PINYPON. POP SHINE. TALE,Art. Pny 79000. Pinypon. Pop Shine. Tale,sin_cantidad,126,False,Muñecas,,
1529,presentacion,presentacion,DCH63. BIG BUILDING BAG 80 BLOCKS (AZUL),Dch63. Big Building Bag 80 Blocks (azul),sin_cantidad,126,False,Juguetes Armables,,
1530,presentacion,presentacion,GRG90. BARBIE. TIENDA DE MASCOTAS,Grg90. Barbie. Tienda de Mascotas,sin_cantidad,126,False,Muñecas,,
1531,presentacion,presentacion,77049. ANIMAL CROSSING. VISITA DE CANELA (ISABELLE S HOUSE VISIT),77049. Animal Crossing. Visita de Canela (isabelle´s House Visit),sin_cantidad,125,False,Juguetes Armables,,
1532,presentacion,presentacion,ART. NAC 92000. NANCY. COLOUR MIX,Art. Nac 92000. Nancy. Colour Mix,sin_cantidad,125,False,Muñecas,,
1533,presentacion,presentacion,C.B. 8414745004995. CHOCLO (LONA) COLOR BLANCO NO. 19,C.b. 8414745004995. Choclo (Lona) Color Blanco No. 19,sin_cantidad,125,False,Tenis,,
1534,presentacion,presentacion,E9527. NERF. ELITE 2.0 SHOCKWAVE. RD15,E9527. Nerf. Elite 2.0 Shockwave. Rd15,sin_cantidad,125,False,Varios,,
1535,presentacion,presentacion,HKW12. POLY POCKET. MAQUINA DE MODITAS DULCES,Hkw12. Poly Pocket. Maquina de Moditas Dulces,sin_cantidad,125,False,Varios,,
1536,presentacion,presentacion,JFT16. HOT WHEELS. CAMIONETA CUSTOM 68 CAMARO,Jft16. Hot Wheels. Camioneta Custom ´68 Camaro,sin_cantidad,125,False,Juguetes Armables,,
1537,presentacion,presentacion,TABLEADA CON BOTON Y CIERRE. PATA DE GALLO. TALLA 12-16,Tableada con Boton y Cierre. Pata de Gallo. Talla 12-16,sin_cantidad,125,False,Falda Escuela Oficial,,
1538,presentacion,presentacion,GALAXY TAB S11. SM-X730. 11 PLGS. MEMORIA INTERNA 256 GB. MEMORIA RAM 12 GB,Galaxy Tab S11. Sm-x730. 11 Plgs. Memoria Interna 256 GB. Memoria RAM 12 GB.,sin_cantidad,124,False,Tablet,,
1539,presentacion,presentacion,MAX 2 TRUE 8K 360. CHDHZ-311-RW. FORMATO MICRO SD. PUERTO USB,Max 2 True 8k 360. Chdhz-311-rw. Formato Micro Sd. Puerto USB,sin_cantidad,124,False,Videocámaras,,
1540,presentacion,presentacion,SERIE T49-A,Serie T49-a,sin_cantidad,124,False,Tostadores de Pan,,
1541,presentacion,presentacion,BLSTPBRG O BLSTPBRG-013. VELOCIDAD 3. BASE METAL. VASO VIDRIO. COLOR METAL,Blstpbrg o Blstpbrg-013. Velocidad 3. Base Metal. Vaso Vidrio. Color Metal,sin_cantidad,123,False,Licuadoras,,
1542,presentacion,presentacion,G0665. MARVEL SPIDEY. ISLA SPIDEY,G0665. Marvel Spidey. Isla Spidey,sin_cantidad,123,False,Varios,,
1543,presentacion,presentacion,HWB29. LITTLE PEOPLE. ESTUCHE DE ANIMALITOS,Hwb29. Little People. Estuche de Animalitos,sin_cantidad,123,False,Varios,,
1544,presentacion,presentacion,MOD. 1275. BEBES LLORONES. BUENAS NOCHES. JENNA O CONEY,Mod. 1275. Bebés Llorones. Buenas Noches. Jenna o Coney,sin_cantidad,123,False,Muñecas Eléctricas,,
1545,presentacion,presentacion,XBOX SERIES X. METAL GEAR SOLID. SNAKE EATER,Xbox Series X. Metal Gear Solid. Snake Eater,sin_cantidad,123,False,Videojuegos,,
1546,presentacion,presentacion,ART. PNY 46000 TOY 36761. PINYPON. BOSQUE ENCANTADO,Art. Pny 46000 Toy 36761. Pinypon. Bosque Encantado,sin_cantidad,122,False,Varios,,
1547,presentacion,presentacion,TABLEADA CON BOTON Y CIERRE. PRINCIPE DE GALES. TALLA 10,Tableada con Boton y Cierre. Principe de Gales. Talla 10,sin_cantidad,122,False,Falda Escuela Oficial,,
1548,presentacion,presentacion,#6072355. MONSTER JAM. MARVEL. SUPER HERO RC CHALLENGE PACK,#6072355. Monster Jam. Marvel. Super Hero Rc Challenge Pack,sin_cantidad,121,False,Motos y Carros Eléctricos,,
1549,presentacion,presentacion,43 UQ 8000 PSB. 43 PLGS. LED. PUERTO USB. SMART TV,43 Uq 8000 Psb. 43 Plgs. Led. Puerto Usb. Smart Tv.,sin_cantidad,121,False,Pantallas,,
1550,presentacion,presentacion,C.B. 13967. BEBES LLORONES. DRESSY,C.b. 13967. Bebés Llorones. Dressy,sin_cantidad,121,False,Muñecas Eléctricas,,
1551,presentacion,presentacion,CUELLO SPORT PATA DE GALLO. TALLA 38-40,Cuello Sport Pata de Gallo. Talla 38-40,sin_cantidad,121,False,Chazarilla Escuela Oficial,,
1552,presentacion,presentacion,INSTAX MINI 99. LENTE ZOOM 60 MM,Instax Mini 99. Lente Zoom 60 Mm,sin_cantidad,121,False,Cámaras Digitales,,
1553,presentacion,presentacion,EM 7659 BFIS0A O BFIS1A O BFIS1C. 30 PLGS. 6 QUEMADORES. ENCENDIDO ELECTRONICO. COLOR GRIS/ACERO,Em 7659 Bfis0a o Bfis1a o Bfis1c. 30 Plgs. 6 Quemadores. Encendido Electrónico. Color Gris/acero,sin_cantidad,120,False,Estufas,,
1554,presentacion,presentacion,G1357. BARBIE PLAY-DOH. CORAZONES Y CABELLOS,G1357. Barbie Play-doh. Corazones y Cabellos,sin_cantidad,120,False,Muñecas,,
1555,presentacion,presentacion,JFL57. DISNEY. PIXAR CARS. PISTA DE RESCATE,Jfl57. Disney. Pixar Cars. Pista de Rescate,sin_cantidad,120,False,Autopistas,,
1556,presentacion,presentacion,KD-50X80K. 50 PLGS. LED. PUERTO USB. SMART TV,Kd-50x80k. 50 Plgs. Led. Puerto Usb. Smart Tv.,sin_cantidad,120,False,Pantallas,,
1557,presentacion,presentacion,ART. NAC 67000. NANCY. MAGIC STYLES,Art. Nac 67000. Nancy. Magic Styles,sin_cantidad,119,False,Muñecas,,
1558,presentacion,presentacion,JBT41. DISNEY MOANA 2. MOANA & SIMEA. SET DE HERMANA,Jbt41. Disney Moana 2. Moana & Simea. Set de Hermana.,sin_cantidad,119,False,Muñecas,,
1559,presentacion,presentacion,JCN93. BARBIE. CUTIE REVEAL. CARE BEARS. OSITOS CARINOSITOS,Jcn93. Barbie. Cutie Reveal. Care Bears. Ositos Cariñositos,sin_cantidad,119,False,Varios,,
1560,presentacion,presentacion,71598. ACTION HEROES. BARCO DE RESCATE,71598. Action Heroes. Barco de Rescate,sin_cantidad,118,False,Varios,,
1561,presentacion,presentacion,HXH80. MONSTER HIGH. MONSTER FEST. CLAWDEEN WOLF,Hxh80. Monster High. Monster Fest. Clawdeen Wolf,sin_cantidad,118,False,Muñecas,,
1562,presentacion,presentacion,JCA-2012. 50 JUEGOS EN 1. JUEGOS TRADICIONALES,Jca-2012. 50 Juegos en 1. Juegos Tradicionales,sin_cantidad,118,False,Juegos de Mesa,,
1563,presentacion,presentacion,15-FD0151LA. LAPTOP (GRIS). INTEL CORE I5/ WINDOWS 11. DISCO DURO 512 GB SSD/MEMORIA RAM 8GB. 15.6 PLGS,15-fd0151la. Laptop (Gris). Intel Core I5/ Windows 11. Disco Duro 512 Gb Ssd/memoria Ram 8gb. 15.6 Plgs.,sin_cantidad,117,False,Computadoras Portátiles,,
1564,presentacion,presentacion,CUELLO SPORT PRINCIPE DE GALES. TALLA 38-40,Cuello Sport Principe de Gales. Talla 38-40,sin_cantidad,117,False,Chazarilla Escuela Oficial,,
1565,presentacion,presentacion,HLL18. BARBIE. MY FIRST BARBIE,Hll18. Barbie. My First Barbie,sin_cantidad,117,False,Muñecas,,
1566,presentacion,presentacion,JGB52. JURASSIC WORLD. SUPER COLOSAL TYRANNOSAURUS REX,Jgb52. Jurassic World. Super Colosal Tyrannosaurus Rex,sin_cantidad,117,False,Varios,,
1567,presentacion,presentacion,VE3192X0. 16 PLGS. PEDESTAL. 3 VELOCIDADES,Ve3192x0. 16 Plgs. Pedestal. 3 Velocidades,sin_cantidad,117,False,Ventiladores,,
1568,presentacion,presentacion,XBOX SERIES X. BATTLEFIELD 6,Xbox Series X. Battlefield 6,sin_cantidad,117,False,Videojuegos,,
1569,presentacion,presentacion,CAJA 24 CERAS. JUMBO. REDONDO,Caja 24 Ceras. Jumbo. Redondo,sin_cantidad,116,False,Crayones,,
1570,presentacion,presentacion,CUELLO SPORT PRINCIPE DE GALES. TALLA 32-36,Cuello Sport Principe de Gales. Talla 32-36,sin_cantidad,116,False,Chazarilla Escuela Oficial,,
1571,presentacion,presentacion,F9119. BABY ALIVE. BURBUJAS RELAJANTES,F9119. Baby Alive. Burbujas Relajantes,sin_cantidad,116,False,Muñecas,,
1572,presentacion,presentacion,HKX48. MEGA GARAGE. ULTIMATE GARAGE DE HOT WHEELS,Hkx48. Mega Garage. Ultimate Garage de Hot Wheels,sin_cantidad,116,False,Autopistas,,
1573,presentacion,presentacion,F8863. PEPPA PIG. AVENTURA EN LA CARRETERA,F8863. Peppa Pig. Aventura en la Carretera,sin_cantidad,115,False,Varios,,
1574,presentacion,presentacion,G0530. PEPPA PIG. LA GUARDERIA PORTATIL DE PEPPA,G0530. Peppa Pig. la Guardería Portátil de Peppa,sin_cantidad,115,False,Varios,,
1575,presentacion,presentacion,HWY60. GIMNASIO PIANO ROSA. PATADITAS MUSICALES,Hwy60. Gimnasio Piano Rosa. Pataditas Musicales,sin_cantidad,115,False,Juguetes Educativos,,
1576,presentacion,presentacion,HYG95. BARNEYS WORLD. AUTOBUS DE AVENTURA,Hyg95. Barneys World. Autobús de Aventura,sin_cantidad,115,False,Motos y Carros Mecánicos,,
1577,presentacion,presentacion,MG 30T5018 UG. 1.0 PIES CUBICOS. DORADOR. COLOR NEGRO/GRIS,Mg 30t5018 Ug. 1.0 Pies Cúbicos. Dorador. Color Negro/gris,sin_cantidad,115,False,Horno de Microondas,,
1578,presentacion,presentacion,HTH73. POKEMON. MINIFIGURAS DE DUGTRIO CON MOVIMIENTO,Hth73. Pokémon. Minifiguras de Dugtrio con Movimiento,sin_cantidad,114,False,Juguetes Armables,,
1579,presentacion,presentacion,SONY PS4. EA SPORTS. F1 24,Sony Ps4. Ea Sports. F1 24,sin_cantidad,114,False,Videojuegos,,
1580,presentacion,presentacion,5187. CITY ACTION. COCHE DE POLICIA CON LANCHA,5187. City Action. Coche de Policia con Lancha,sin_cantidad,113,False,Varios,,
1581,presentacion,presentacion,F3900. TRANSFORMERS. RINOX O OPTIMUS PRIMAL,F3900. Transformers. Rinox o Optimus Primal,sin_cantidad,113,False,Varios,,
1582,presentacion,presentacion,F9351 F8242 ASST. MARVEL SPIDEY. TORRE STARK DE IRON MAN,F9351 F8242 Asst. Marvel Spidey. Torre Stark de Iron Man,sin_cantidad,113,False,Varios,,
1583,presentacion,presentacion,HDP02. CITY. SUPER TIENDA DE LLANTAS,Hdp02. City. Súper Tienda de Llantas,sin_cantidad,113,False,Autopistas,,
1584,presentacion,presentacion,HXG52. IMAGINEXT. DC SUPER FRIENDS. STAR WARS R2-D2,Hxg52. Imaginext. Dc Super Friends. Star Wars R2-d2,sin_cantidad,113,False,Varios,,
1585,presentacion,presentacion,HXJ32. DISNEY PIXAR. CARS. PISTA DE SALTO GRC,Hxj32. Disney Pixar. Cars. Pista de Salto Grc,sin_cantidad,113,False,Autopistas,,
1586,presentacion,presentacion,JBF94. DISNEY PRINCESS. CENICIENTA VESTIDO ENCANTADO PARA EL BAILE,Jbf94. Disney Princess. Cenicienta Vestido Encantado para el Baile,sin_cantidad,113,False,Muñecas,,
1587,presentacion,presentacion,IDEAPAD SLIM 3 15IAH8 O 83ER004NLM. LAPTOP (GRIS). AMD RYZEN 5/WINDOWS 11. DISCO DURO 512 GB SSD/MEMORIA RAM 8 GB. 15.6 PLGS,Ideapad Slim 3 15iah8 o 83er004nlm. Laptop (gris). Amd Ryzen 5/windows 11. Disco Duro 512 Gb Ssd/memoria Ram 8 Gb. 15.6 Plgs.,sin_cantidad,112,False,Computadoras Portátiles,,
1588,presentacion,presentacion,JFG81. BARBIE. COLOR REVEAL. (CABELLO RUBIO MECHAS),Jfg81. Barbie. Color Reveal. (cabello Rubio Mechas),sin_cantidad,112,False,Varios,,
1589,presentacion,presentacion,JGX15. LITTLE PEOPLE. CAMION DE COMIDA,Jgx15. Little People. Camión de Comida,sin_cantidad,112,False,Motos y Carros Eléctricos,,
1590,presentacion,presentacion,RECTA CON BOTON Y CIERRE. PATA DE GALLO. TALLA 28-32,Recta con Boton y Cierre. Pata de Gallo. Talla 28-32,sin_cantidad,112,False,Falda Escuela Oficial,,
1591,presentacion,presentacion,"43217. DISNEY. CASA DE ""UP""","43217. Disney. Casa de ""up""",sin_cantidad,111,False,Juguetes Armables,,
1592,presentacion,presentacion,6817 O 6817-13. VELOCIDADES 14 + 2 PULSOS. BASE METAL. VASO VIDRIO. COLOR METAL,6817 o 6817-13. Velocidades 14 + 2 Pulsos. Base Metal. Vaso Vidrio. Color Metal,sin_cantidad,111,False,Licuadoras,,
1593,presentacion,presentacion,BLANCA CUELLO SPORT. TALLA 12-16. (80% POLIESTER-20% ALGODON),Blanca Cuello Sport. Talla 12-16. (80% Poliester-20% Algodon),sin_cantidad,111,False,Chazarilla Escuela Oficial,,
1594,presentacion,presentacion,JFV02. POLY POCKET. GABBY S DOLLHOUSE,Jfv02. Poly Pocket. Gabby´s Dollhouse,sin_cantidad,111,False,Varios,,
1595,presentacion,presentacion,LIT HERO 4K. CHDHF-132-AT. FORMATO MICRO SD. PUERTO USB,Lit Hero 4k. Chdhf-132-at. Formato Micro Sd. Puerto USB,sin_cantidad,111,False,Videocámaras,,
1596,presentacion,presentacion,RECTA CON BOTON Y CIERRE. PATA DE GALLO. TALLA 34-38,Recta con Boton y Cierre. Pata de Gallo. Talla 34-38,sin_cantidad,111,False,Falda Escuela Oficial,,
1597,presentacion,presentacion,JCH00. MATCHBOX JURASSIC WORLD. MOSASAURUS,Jch00. Matchbox Jurassic World. Mosasaurus,sin_cantidad,110,False,Varios,,
1598,presentacion,presentacion,"VT 40 BJM (MENTA). 395 DM3. 2 PUERTAS, HORIZONTAL Y VERTICAL. DESHIELO AUTOMATICO AJUSTABLE","Vt 40 Bjm (Menta). 395 Dm3. 2 Puertas, Horizontal y Vertical. Deshielo Automático Ajustable",sin_cantidad,110,False,Refrigeradores,,
1599,presentacion,presentacion,HNB96. MONSTER TRUCKS. BONE SHAKER. ULTIMATE CRUSH YARD,Hnb96. Monster Trucks. Bone Shaker. Ultimate Crush Yard,sin_cantidad,109,False,Autopistas,,
1600,presentacion,presentacion,HPD63. MATCHBOX. EPIC CONSTRUCTION YARD,Hpd63. Matchbox. Epic Construction Yard,sin_cantidad,109,False,Varios,,
1601,presentacion,presentacion,MANGA LARGA/BOLSAS FRONTALES/CON CINTA DE SUJECION. TALLA 32-36. (80% POLIESTER-20% ALGODON),Manga Larga/bolsas Frontales/con Cinta de Sujecion. Talla 32-36. (80% Poliester-20% Algodon),sin_cantidad,109,False,Bata Escuela Oficial,,
1602,correccion_texto,direccion,,Benito Juárez 122. Entre Altamira y Álvaro Oreg?n. Col. Centro. Cp. 89000,sin_candidato_unico,109,False,Block,,
1603,presentacion,presentacion,1387. TRICICLO. TRAX DINOSAURIO,1387. Triciclo. Trax Dinosaurio,sin_cantidad,108,False,Juguetes Montables,,
1604,presentacion,presentacion,65 UT 8050 PSB. 65 PLGS. LED. PUERTO USB. SMART TV,65 Ut 8050 Psb. 65 Plgs. Led. Puerto Usb. Smart Tv.,sin_cantidad,108,False,Pantallas,,
1605,presentacion,presentacion,70533. CITY LIFE. JET PRIVADO,70533. City Life. Jet Privado,sin_cantidad,108,False,Varios,,
1606,presentacion,presentacion,F2166. PEPPA PIG. LA GUARDERIA DE PEPPA,F2166. Peppa Pig. la Guardería de Peppa,sin_cantidad,108,False,Varios,,
1607,presentacion,presentacion,JFR29. CAMION CARRERAS Y CONSTRUCCION,Jfr29. Camión Carreras y Construcción,sin_cantidad,108,False,Juguetes Armables,,
1608,presentacion,presentacion,RECTA CON BOTON Y CIERRE. PATA DE GALLO. TALLA 12-16,Recta con Boton y Cierre. Pata de Gallo. Talla 12-16,sin_cantidad,108,False,Falda Escuela Oficial,,
1609,presentacion,presentacion,SONY PS5. EA SPORTS. MADDEN NFL 26,Sony Ps5. Ea Sports. Madden Nfl 26,sin_cantidad,108,False,Videojuegos,,
1610,presentacion,presentacion,GCSTPX4060 O GCSTPX4060-013. VAPOR. SUELA CERAMICA,Gcstpx4060 o Gcstpx4060-013. Vapor. Suela Cerámica,sin_cantidad,107,False,Planchas,,
1611,presentacion,presentacion,MRD 190 CC DLSW (NEGRO). 188 DM3. 1 PUERTA VERTICAL. DESHIELO AUTOMATICO AJUSTABLE,Mrd 190 Cc Dlsw (negro). 188 Dm3. 1 Puerta Vertical. Deshielo Automático Ajustable,sin_cantidad,107,False,Refrigeradores,,
1612,presentacion,presentacion,BLANCA CUELLO SPORT. TALLA 32-36. (80% POLIESTER-20% ALGODON),Blanca Cuello Sport. Talla 32-36. (80% Poliester-20% Algodon),sin_cantidad,106,False,Chazarilla Escuela Oficial,,
1613,presentacion,presentacion,CB: 014056. EL UNICO TURISTA UNIVERSAL,Cb: 014056. el Único Turista Universal,sin_cantidad,106,False,Juegos de Mesa,,
1614,presentacion,presentacion,HWW25. HOT WHEELS. MERCEDES BENZ 300 SL,Hww25. Hot Wheels. Mercedes Benz 300 Sl,sin_cantidad,106,False,Juguetes Armables,,
1615,presentacion,presentacion,ART. PNY 89000 TOY 41066. PINYPON. TALE MANSION,Art. Pny 89000 Toy 41066. Pinypon. Tale Mansión,sin_cantidad,105,False,Varios,,
1616,presentacion,presentacion,BLANCA CUELLO SPORT. TALLA 12-16. (65% POLIESTER-35% ALGODON),Blanca Cuello Sport. Talla 12-16. (65% Poliester-35% Algodon),sin_cantidad,105,False,Chazarilla Escuela Oficial,,
1617,presentacion,presentacion,HGX96. IMAGINEXT DC. SUPER FRIENDS. BATIMOVIL LUCES Y SONIDOS,Hgx96. Imaginext Dc. Super Friends. Batimóvil Luces y Sonidos,sin_cantidad,105,False,Motos y Carros Eléctricos,,
1618,presentacion,presentacion,MANGA LARGA/BOLSAS FRONTALES/CON CINTA DE SUJECION. TALLA 12-18. (80% POLIESTER-20% ALGODON),Manga Larga/bolsas Frontales/con Cinta de Sujecion. Talla 12-18. (80% Poliester-20% Algodon),sin_cantidad,105,False,Bata Escuela Oficial,,
1619,presentacion,presentacion,6064833. DC. BATTLE STRIKE. BATMAN,6064833. Dc. Battle Strike. Batman,sin_cantidad,104,False,Muñecos Eléctricos,,
1620,presentacion,presentacion,FLIP 5. DURACION DE BATERIA 12 H. POTENCIA 20 W,Flip 5. Duración de Bateria 12 H. Potencia 20 W,sin_cantidad,104,False,Minibocinas Portátiles Bluetooth,,
1621,presentacion,presentacion,HNW08. IMAGINEXT. DC SUPER FRIENDS. ULTIMATE HEADQUARTES,Hnw08. Imaginext. Dc Super Friends. Ultimate Headquartes,sin_cantidad,104,False,Varios,,
1622,presentacion,presentacion,JBW37. MATCHBOX. SET AEROPUERTO,Jbw37. Matchbox. Set Aeropuerto,sin_cantidad,104,False,Varios,,
1623,presentacion,presentacion,SONY PS4. EA SPORTS. MADDEN NFL 25,Sony Ps4. Ea Sports. Madden Nfl 25,sin_cantidad,104,False,Videojuegos,,
1624,presentacion,presentacion,#38330. ANIME HEROES. MEGA MONKEY D. LUFFY O RORONOA ZORO,#38330. Anime Heroes. Mega Monkey D. Luffy Ó Roronoa Zoro,sin_cantidad,103,False,Muñecos,,
1625,presentacion,presentacion,98936. HIPPOS GLOTONES,98936. Hippos Glotones,sin_cantidad,103,False,Juegos de Mesa,,
1626,presentacion,presentacion,HRR16. BARBIE. EDICION ESPECIAL. ZAFIRO,Hrr16. Barbie. Edición Especial. Zafiro,sin_cantidad,103,False,Muñecas,,
1627,presentacion,presentacion,1751. ROLLER CABALLITO,1751. Roller Caballito,sin_cantidad,102,False,Juguetes Montables,,
1628,presentacion,presentacion,ASPIRE 3 O A315-24P-R8HS (ATRAS). LAPTOP (AZUL OSCURO). AMD RYZEN 5/WINDOWS 11. DISCO DURO 512 GB SSD/MEMORIA RAM 8 GB. 15.6 PLGS,Aspire 3 o A315-24p-r8hs (atrás). Laptop (azul Oscuro). Amd Ryzen 5/windows 11. Disco Duro 512 Gb Ssd/memoria Ram 8 Gb. 15.6 Plgs.,sin_cantidad,102,False,Computadoras Portátiles,,
1629,presentacion,presentacion,RESORTE EN PRETINA TALLA MEDIANA,Resorte en Pretina Talla Mediana,sin_cantidad,102,False,Pantalón Corto Shorts Escuela,,
1630,presentacion,presentacion,BLANCA CUELLO SPORT. TALLA 32-36. (65% POLIESTER-35% ALGODON),Blanca Cuello Sport. Talla 32-36. (65% Poliester-35% Algodon),sin_cantidad,101,False,Chazarilla Escuela Oficial,,
1631,presentacion,presentacion,MANGA LARGA/BOLSAS FRONTALES/CON CINTA DE SUJECION. TALLA 38-42. (80% POLIESTER-20% ALGODON),Manga Larga/bolsas Frontales/con Cinta de Sujecion. Talla 38-42. (80% Poliester-20% Algodon),sin_cantidad,101,False,Bata Escuela Oficial,,
1632,presentacion,presentacion,SONY PS5. GHOST OF YOTEI,Sony Ps5. Ghost Of Yotei,sin_cantidad,101,False,Videojuegos,,
1633,presentacion,presentacion,W121CE. 12000 BTU S. TIPO VENTANA,W121ce. 12000 Btu´s. Tipo Ventana,sin_cantidad,101,False,Aires Acondicionados,,
1634,presentacion,presentacion,BLANCA CUELLO SPORT. TALLA 38-40. (80% POLIESTER-20% ALGODON),Blanca Cuello Sport. Talla 38-40. (80% Poliester-20% Algodon),sin_cantidad,100,False,Chazarilla Escuela Oficial,,
1635,presentacion,presentacion,HPK27. HOT WHEELS MONSTER. TRUCKS HW TRANSFORMING RHINOMITE RC,Hpk27. Hot Wheels Monster. Trucks Hw Transforming Rhinomite Rc,sin_cantidad,100,False,Motos y Carros Eléctricos,,
1636,presentacion,presentacion,N 8248. PILA DE ARITOS,N 8248. Pila de Aritos,sin_cantidad,100,False,Juguetes de Destreza,,
1637,presentacion,presentacion,QN 50Q65CAF. 50 PLGS. QLED. PUERTO USB. SMART TV,Qn 50q65caf. 50 Plgs. Qled. Puerto Usb. Smart Tv.,sin_cantidad,100,False,Pantallas,,
1638,presentacion,presentacion,DCH62. BIG BUILDING BAG 80 BLOCKS (ROSA),Dch62. Big Building Bag 80 Blocks (rosa),sin_cantidad,99,False,Juguetes Armables,,
1639,presentacion,presentacion,F6284. PEPPA PIG. PEPPA EN EL CRUCERO,F6284. Peppa Pig. Peppa en el Crucero,sin_cantidad,99,False,Varios,,
1640,presentacion,presentacion,HLP88. MONSTER HIGH. HAUNTED HIGH SCHOOL,Hlp88. Monster High. Haunted High School,sin_cantidad,99,False,Varios,,
1641,presentacion,presentacion,62620. MANUAL. 6 VELOCIDADES + 1 PULSO. SIN TAZON,62620. Manual. 6 Velocidades + 1 Pulso. Sin Tazón,sin_cantidad,98,False,Batidoras,,
1642,presentacion,presentacion,"HKN47. IMAGINEXT. DC SUPER FRIENDS. THE JOCKER, INSIDER & LAFF BOT","Hkn47. Imaginext. Dc Super Friends. The Jocker, Insider & Laff Bot",sin_cantidad,98,False,Muñecos Eléctricos,,
1643,presentacion,presentacion,SONY PS5. FUNKO FUSION,Sony Ps5. Funko Fusion,sin_cantidad,98,False,Videojuegos,,
1644,presentacion,presentacion,#6059577. MASHA AND THE BEAR,#6059577. Masha And The Bear,sin_cantidad,97,False,Muñecas Eléctricas,,
1645,presentacion,presentacion,15-FD0007LA. LAPTOP (GRIS). INTEL CORE I5/WINDOWS 11. DISCO DURO 512 GB SSD/MEMORIA RAM 8 GB. 15.6 PLGS,15-fd0007la. Laptop (gris). Intel Core I5/windows 11. Disco Duro 512 Gb Ssd/memoria Ram 8 Gb. 15.6 Plgs.,sin_cantidad,97,False,Computadoras Portátiles,,
1646,presentacion,presentacion,507291-EUC O 507291-C3MM. RAINBOW HIGH. SWIN & STYLE. VIOLET WILLOW,507291-euc Ó 507291-c3mm. Rainbow High. Swin & Style. Violet Willow,sin_cantidad,97,False,Muñecas,,
1647,presentacion,presentacion,"CJ 45. CD'S 1 (MP3, USB, BLUETOOTH). POTENCIA 8100 W (PMPO)","Cj 45. Cd's 1 (mp3, USB, Bluetooth). Potencia 8100 W (pmpo)",sin_cantidad,97,False,Componentes de Audio,,
1648,presentacion,presentacion,EOS R. MEGA PIXELES 30.5. LENTE ZOOM 24-105 MM,Eos R. Mega Pixeles 30.5. Lente Zoom 24-105 Mm,sin_cantidad,97,False,Cámaras Digitales,,
1649,presentacion,presentacion,GFR 12. POLLY POCKET. MEGA CASA DE SORPRESAS,Gfr 12. Polly Pocket. Mega Casa de Sorpresas,sin_cantidad,97,False,Varios,,
1650,presentacion,presentacion,RESORTE EN PRETINA TALLA CHICA,Resorte en Pretina Talla Chica,sin_cantidad,97,False,Pantalón Corto Shorts Escuela,,
1651,presentacion,presentacion,427827-EUC. RAINBOW HIGH. SPARKLE & SHINE. CLEMENTINE O ROSETTA O VIOLA O ?,427827-euc. Rainbow High. Sparkle & Shine. Clementine o Rosetta o Viola o ?,sin_cantidad,96,False,Muñecas,,
1652,presentacion,presentacion,76997. SONIC. THE HEDGEHOG. BARCO DE AVENTURAS DE TAILS,76997. Sonic. The Hedgehog. Barco de Aventuras de Tails,sin_cantidad,96,False,Juguetes Armables,,
1653,presentacion,presentacion,ASST. HBD74 HHW22. MATCHBOX. ACTION DRIVERS. POLICE STATION DISPATCH,Asst. Hbd74 Hhw22. Matchbox. Action Drivers. Police Station Dispatch,sin_cantidad,96,False,Varios,,
1654,presentacion,presentacion,BLANCA CUELLO SPORT. TALLA 38-40. (65% POLIESTER-35% ALGODON),Blanca Cuello Sport. Talla 38-40. (65% Poliester-35% Algodon),sin_cantidad,96,False,Chazarilla Escuela Oficial,,
1655,presentacion,presentacion,HJM14. SCRABBLE. STAR WARS,Hjm14. Scrabble. Star Wars,sin_cantidad,96,False,Juegos de Mesa,,
1656,presentacion,presentacion,HNC56. HALO. BANSHEE RENEGADO,Hnc56. Halo. Banshee Renegado,sin_cantidad,96,False,Juguetes Armables,,
1657,presentacion,presentacion,"MHC-V13. CD'S 1. MP3, USB Y BLUETOOTH","Mhc-v13. Cd's 1. Mp3, USB y Bluetooth",sin_cantidad,96,False,Bocinas Portátiles,,
1658,presentacion,presentacion,RESORTE EN PRETINA TALLA GRANDE,Resorte en Pretina Talla Grande,sin_cantidad,96,False,Pantalón Corto Shorts Escuela,,
1659,presentacion,presentacion,SONY PS5. EA SPORTS. FC 24,Sony Ps5. Ea Sports. Fc 24,sin_cantidad,96,False,Videojuegos,,
1660,correccion_texto,presentacion,,427827-euc. Rainbow High. Sparkle & Shine. Clementine o Rosetta o Viola o ?,sin_candidato_unico,96,False,Muñecas,,
1661,presentacion,presentacion,71042. CITY LIFE. BANDA DE MUSICA,71042. City Life. Banda de Música,sin_cantidad,94,False,Varios,,
1662,presentacion,presentacion,71818. NINJAGO. ARENA DE BATALLA DEL TORNEO,71818. Ninjago. Arena de Batalla del Torneo,sin_cantidad,94,False,Juguetes Armables,,
1663,presentacion,presentacion,F3631. PEPPA PIG. EL BARCO DEL ABUELO,F3631. Peppa Pig. el Barco del Abuelo,sin_cantidad,94,False,Varios,,
1664,presentacion,presentacion,HB506. 20 PGLS. PISO. 3 VELOCIDADES,Hb506. 20 Pgls. Piso. 3 Velocidades,sin_cantidad,94,False,Ventiladores,,
1665,presentacion,presentacion,HTJ26. LITTLE PEOPLE. AEROPUERTO DE AVENTURAS DIARIAS,Htj26. Little People. Aeropuerto de Aventuras Diarias,sin_cantidad,94,False,Varios,,
1666,presentacion,presentacion,HW-Q600B. BLUETOOTH. USB. POTENCIA NO INDICA. SONIDO 3.1,Hw-q600b. Bluetooth. USB. Potencia No Indica. Sonido 3.1,sin_cantidad,94,False,Barra de Sonido,,
1667,presentacion,presentacion,TABLEADA CON BOTON Y CIERRE. PATA DE GALLO. TALLA 6-10,Tableada con Boton y Cierre. Pata de Gallo. Talla 6-10,sin_cantidad,94,False,Falda Escuela Oficial,,
1668,presentacion,presentacion,#6070509. COOL MAKER. GO GLAM. ESTUDIO DE UNAS,#6070509. Cool Maker. Go Glam. Estudio de Uñas,sin_cantidad,93,False,Varios,,
1669,presentacion,presentacion,543596-C3MM. RAINBOW HIGH. RAINBOW SHIMMERS. VIOLET MILLOW O BELLA PARKER,543596-c3mm. Rainbow High. Rainbow Shimmers. Violet Millow Ó Bella Parker,sin_cantidad,93,False,Muñecas,,
1670,presentacion,presentacion,65 UR 8750 PSA. 65 PLGS. LED. PUERTO USB. SMART TV,65 Ur 8750 Psa. 65 Plgs. Led. Puerto Usb. Smart Tv.,sin_cantidad,93,False,Pantallas,,
1671,presentacion,presentacion,C.B. 8414745004957. CHOCLO (LONA) COLOR AZUL NO. 17,C.b. 8414745004957. Choclo (Lona) Color Azul No. 17,sin_cantidad,93,False,Tenis,,
1672,presentacion,presentacion,RECTA CON BOTON Y CIERRE. PRINCIPE DE GALES. TALLA 10,Recta con Boton y Cierre. Principe de Gales. Talla 10,sin_cantidad,93,False,Falda Escuela Oficial,,
1673,presentacion,presentacion,21256. MINECRAFT. LA CASA RANA,21256. Minecraft. la Casa Rana,sin_cantidad,92,False,Juguetes Armables,,
1674,presentacion,presentacion,GFL21 GFL 20ASST. LITTLE PEOPLE. ANIMALITOS GRANJA,Gfl21 Gfl 20asst. Little People. Animalitos Granja,sin_cantidad,92,False,Varios,,
1675,presentacion,presentacion,HTP54. RODGER DODGER RC,Htp54. Rodger Dodger Rc,sin_cantidad,92,False,Motos y Carros Eléctricos,,
1676,presentacion,presentacion,XBOX SERIES X. FUNKO FUSION,Xbox Series X. Funko Fusion,sin_cantidad,92,False,Videojuegos,,
1677,presentacion,presentacion,36067498/#20142981. PAW PATROL. SKYE MIGHTY MOVIE JET,36067498/#20142981. Paw Patrol. Skye Mighty Movie Jet,sin_cantidad,91,False,Varios,,
1678,presentacion,presentacion,ART. NAC 37000. NANCY. UN DIA DE SPA,Art. Nac 37000. Nancy. Un Día de Spa,sin_cantidad,91,False,Muñecas,,
1679,presentacion,presentacion,HRP68. MONSTER HIGH. SCARE-ADISE ISLAND. FRANKIE STEIN,Hrp68. Monster High. Scare-adise Island. Frankie Stein,sin_cantidad,91,False,Muñecas,,
1680,presentacion,presentacion,IDEAPAD 3 15ALC6 O 82KU023ULM. LAPTOP (AZUL). AMD RYZEN 7/WINDOWS 11. DISCO DURO 512 GB SSD/MEMORIA RAM 8 GB. 15.6 PLGS,Ideapad 3 15alc6 o 82ku023ulm. Laptop (azul). Amd Ryzen 7/windows 11. Disco Duro 512 Gb Ssd/memoria Ram 8 Gb. 15.6 Plgs.,sin_cantidad,91,False,Computadoras Portátiles,,
1681,presentacion,presentacion,OLED 65 C4 PSA. 65 PLGS. OLED. PUERTO USB. SMART TV,Oled 65 C4 Psa. 65 Plgs. Oled. Puerto Usb. Smart Tv.,sin_cantidad,91,False,Pantallas,,
1682,presentacion,presentacion,COFFEEMAX 6. CAPACIDAD 6 TAZAS,Coffeemax 6. Capacidad 6 Tazas,sin_cantidad,90,False,Cafeteras,,
1683,presentacion,presentacion,GFJ 26. MI PRIMER ROCKI O ROCKY,Gfj 26. Mi Primer Rocki o Rocky,sin_cantidad,90,False,Juguetes de Destreza,,
1684,presentacion,presentacion,HPN 71. MONSTER TRUCKS. MEGA WREX VS CRUSHZILLA TAKEDOWN,Hpn 71. Monster Trucks. Mega Wrex Vs Crushzilla Takedown,sin_cantidad,90,False,Autopistas,,
1685,presentacion,presentacion,#6074119. GABBY S DOLLHUSE. THE MOVIE. GABBY S SWET TREAT MOUNTAIN PLAYSET,#6074119. Gabby´s Dollhuse. The Movie. Gabby´s Swet Treat Mountain Playset,sin_cantidad,89,False,Varios,,
1686,presentacion,presentacion,70177. VOLKSWAGEN BEETLE,70177. Volkswagen Beetle,sin_cantidad,89,False,Varios,,
1687,presentacion,presentacion,ART. NFNB 4000. NENUCO. FAIRY PACIFIERS (CHUPETES DE HADAS),Art. Nfnb 4000. Nenuco. Fairy Pacifiers (chupetes de Hadas),sin_cantidad,89,False,Muñecas,,
1688,presentacion,presentacion,F8158. TWISTER AIR,F8158. Twister Air,sin_cantidad,89,False,Juegos de Mesa,,
1689,presentacion,presentacion,JGH85. BARBIE. DREAM BESTIES. (TERESA DE PLAYA),Jgh85. Barbie. Dream Besties. (teresa de Playa),sin_cantidad,89,False,Muñecas,,
1690,presentacion,presentacion,#6069672. PAW PATROL. SUPER LOOP TOWER HQ,#6069672. Paw Patrol. Super Loop Tower Hq,sin_cantidad,88,False,Autopistas,,
1691,presentacion,presentacion,75 UA 8050 PSA. 75 PLGS. LED. PUERTO USB. SMART TV,75 Ua 8050 Psa. 75 Plgs. LED. Puerto USB. Smart TV.,sin_cantidad,88,False,Pantallas,,
1692,presentacion,presentacion,ART. NAC 80000. NANCY. DANCE,Art. Nac 80000. Nancy. Dance,sin_cantidad,88,False,Muñecas,,
1693,presentacion,presentacion,G1449/G0943 AST. BABY ALIVE. DULCES GOLOSINAS,G1449/g0943 Ast. Baby Alive. Dulces Golosinas,sin_cantidad,88,False,Muñecas,,
1694,presentacion,presentacion,HPF72. BARBIE. EXTRA FLY. JET,Hpf72. Barbie. Extra Fly. Jet,sin_cantidad,88,False,Varios,,
1695,presentacion,presentacion,MG 30T5018 UW. 1.0 PIES CUBICOS. DORADOR. COLOR NEGRO/BLANCO,Mg 30t5018 Uw. 1.0 Pies Cúbicos. Dorador. Color Negro/blanco,sin_cantidad,88,False,Horno de Microondas,,
1696,presentacion,presentacion,100QD7N. 100 PLGS. QLED. PUERTO USB. SMART TV,100qd7n. 100 Plgs. QLED. Puerto USB. Smart TV.,sin_cantidad,87,False,Pantallas,,
1697,presentacion,presentacion,15-FC0043LA. LAPTOP (GRIS). AMD RYZEN 3/ WINDOWS 11. DISCO DURO 512 GB SSD/MEMORIA RAM 8GB. 15.6 PLGS,15-fc0043la. Laptop (Gris). Amd Ryzen 3/ Windows 11. Disco Duro 512 Gb Ssd/memoria Ram 8gb. 15.6 Plgs.,sin_cantidad,87,False,Computadoras Portátiles,,
1698,presentacion,presentacion,ART. 700014762. NANCY. UN DIA DE SIRENA,Art. 700014762. Nancy. Un Día de Sirena,sin_cantidad,87,False,Muñecas,,
1699,presentacion,presentacion,6060414. GABBY S DOLLHOUSE. CASA DE MUNECAS GATUNA DE GABBY,6060414. Gabby´s Dollhouse. Casa de Muñecas Gatuna de Gabby,sin_cantidad,86,False,Varios,,
1700,presentacion,presentacion,72033. SUPER MARIO. DONKEY KONG Y JUMBO DK,72033. Super Mario. Donkey Kong y Jumbo Dk,sin_cantidad,86,False,Juguetes Armables,,
1701,presentacion,presentacion,C1815. MONOPOLY. GAMER (COMPITE POR LA PUNTUACION MAS ALTA),C1815. Monopoly. Gamer (compite por la Puntuación Más Alta),sin_cantidad,86,False,Juegos de Mesa,,
1702,presentacion,presentacion,FV5611 OFV5611X0. VAPOR. SUELA DURILIUM,Fv5611 Ofv5611x0. Vapor. Suela Durilium,sin_cantidad,86,False,Planchas,,
1703,presentacion,presentacion,HXT94. WOODEN. MANDALA PUZZLE,Hxt94. Wooden. Mandala Puzzle,sin_cantidad,86,False,Varios,,
1704,presentacion,presentacion,RJ31-SS-T-25-MX,Rj31-ss-t-25-mx,sin_cantidad,86,False,Tostadores de Pan,,
1705,presentacion,presentacion,14-FQ1011LA. LAPTOP (GRIS). AMD RYZEN 5/WINDOWS 11. DISCO DURO 256 GB SSD/MEMORIA RAM 8 GB. 14 PLGS,14-fq1011la. Laptop (gris). Amd Ryzen 5/windows 11. Disco Duro 256 Gb Ssd/memoria Ram 8 Gb. 14 Plgs.,sin_cantidad,85,False,Computadoras Portátiles,,
1706,presentacion,presentacion,15-EH300LA. LAPTOP (GRIS). AMD RYZEN 7/WINDOWS 11. DISCO DURO 512 GB SSD/MEMORIA RAM 16 GB. 15.6 PLGS,15-eh300la. Laptop (gris). Amd Ryzen 7/windows 11. Disco Duro 512 Gb Ssd/memoria Ram 16 Gb. 15.6 Plgs.,sin_cantidad,85,False,Computadoras Portátiles,,
1707,presentacion,presentacion,6066871. DC. STUNT FORCE BATMOBILE,6066871. Dc. Stunt Force Batmobile,sin_cantidad,85,False,Motos y Carros Eléctricos,,
1708,presentacion,presentacion,75 UT 8050 PSB. 75 PLGS. LED. PUERTO USB. SMART TV,75 Ut 8050 Psb. 75 Plgs. Led. Puerto Usb. Smart Tv.,sin_cantidad,85,False,Pantallas,,
1709,presentacion,presentacion,21263. MINECRAFT. LA MINA DE LOS PARAMOS,21263. Minecraft. la Mina de los Páramos,sin_cantidad,84,False,Juguetes Armables,,
1710,presentacion,presentacion,6067497. PAW PATROL. THE MIGHTY MOVIE. CHASE MIGHTY TRANSFORMING CRUISER,6067497. Paw Patrol. The Mighty Movie. Chase Mighty Transforming Cruiser,sin_cantidad,84,False,Motos y Carros Eléctricos,,
1711,presentacion,presentacion,G1259. MARVEL. IRON MAN. IRON CUARTEL GENERAL,G1259. Marvel. Iron Man. Iron Cuartel General,sin_cantidad,84,False,Varios,,
1712,presentacion,presentacion,SONY PS5. ASSASSING CREED SHADOWS,Sony Ps5. Assassing Creed Shadows,sin_cantidad,84,False,Videojuegos,,
1713,presentacion,presentacion,SVM-280. POTENCIA 150 WATTS,Svm-280. Potencia 150 Watts,sin_cantidad,84,False,Aspiradoras,,
1714,presentacion,presentacion,#6068023. PAW PATROL. MARSHALL S. DE LUXE ELEPHANT VEHICLE,#6068023. Paw Patrol. Marshall´s. de Luxe Elephant Vehicle,sin_cantidad,83,False,Motos y Carros Mecánicos,,
1715,presentacion,presentacion,71601. MY LIFE. GUARDERIA ARCOIRIS,71601. My Life. Guardería Arcoíris,sin_cantidad,83,False,Varios,,
1716,presentacion,presentacion,ASST. GRN27. BARBIE. EXTRA,Asst. Grn27. Barbie. Extra,sin_cantidad,83,False,Muñecas,,
1717,presentacion,presentacion,"HKN88. IMAGINEXT. DC SUPER FRIENDS. BATMAN, INSIDER & EXO SUIT","Hkn88. Imaginext. Dc Super Friends. Batman, Insider & Exo Suit",sin_cantidad,83,False,Muñecos Eléctricos,,
1718,presentacion,presentacion,RECTA CON BOTON Y CIERRE. PATA DE GALLO. TALLA 6-10,Recta con Boton y Cierre. Pata de Gallo. Talla 6-10,sin_cantidad,83,False,Falda Escuela Oficial,,
1719,presentacion,presentacion,71463. ACTION HEROES. HIDRO AVION DE BOMBEROS,71463. Action Heroes. Hidro Avión de Bomberos,sin_cantidad,82,False,Varios,,
1720,presentacion,presentacion,AF 5431 B00. FRENTE 30 PLGS. 6 QUEMADORES. ENCENDIDO ELECTRONICO. COLOR NEGRO,Af 5431 B00. Frente 30 Plgs. 6 Quemadores. Encendido Electrónico. Color Negro,sin_cantidad,82,False,Estufas,,
1721,presentacion,presentacion,HJM71. BUHO OJOS LUMINOSOS,Hjm71. Búho Ojos Luminosos,sin_cantidad,82,False,Juguetes Educativos,,
1722,presentacion,presentacion,HPW60. CASTORES MOVEDIZOS,Hpw60. Castores Movedizos,sin_cantidad,82,False,Juegos de Mesa,,
1723,presentacion,presentacion,JGB79. MONSTER HIGH. SKULLTIMATE SECRETS. FRANKIE STEIN. O CLAUDEEN WOLF,Jgb79. Monster High. Skulltimate Secrets. Frankie Stein. o Claudeen Wolf,sin_cantidad,82,False,Varios,,
1724,presentacion,presentacion,Y9615. SCRABBLE,Y9615. Scrabble,sin_cantidad,82,False,Juegos de Mesa,,
1725,presentacion,presentacion,ART. NFNA 8000. NENUCO. COOKIE MONSTER,Art. Nfna 8000. Nenuco. Cookie Monster,sin_cantidad,81,False,Muñecas,,
1726,presentacion,presentacion,ART. NAC 48000. NANCY. VESTIDOR DE LOOKS,Art. Nac 48000. Nancy. Vestidor de Looks,sin_cantidad,80,False,Muñecas,,
1727,presentacion,presentacion,C.B. 8414745004995. CHOCLO (LONA) COLOR BLANCO NO. 17,C.b. 8414745004995. Choclo (Lona) Color Blanco No. 17,sin_cantidad,80,False,Tenis,,
1728,presentacion,presentacion,F1260. PLAY-DOH. LA PELUQUERIA,F1260. Play-doh. la Peluquería,sin_cantidad,80,False,Varios,,
1729,presentacion,presentacion,G1824. NERF. LOADOUT. CYBERLIGHT GHOST,G1824. Nerf. Loadout. Cyberlight Ghost,sin_cantidad,80,False,Varios,,
1730,presentacion,presentacion,HML02. IMAGINEXT. DC SUPER FRIENDS. ROBOT Y SET DE JUEGO 2 EN 1,Hml02. Imaginext. Dc Super Friends. Robot y Set de Juego 2 en 1,sin_cantidad,80,False,Varios,,
1731,presentacion,presentacion,K-55S20M2. 55 PLGS. LED. PUERTO USB. SMART TV,K-55s20m2. 55 Plgs. LED. Puerto USB. Smart TV.,sin_cantidad,80,False,Pantallas,,
1732,presentacion,presentacion,7402220000. COLOR PETS. WILBUR,7402220000. Color Pets. Wilbur,sin_cantidad,79,False,Varios,,
1733,presentacion,presentacion,F5839/F5221 ASST. BABY ALIVE. PRINCESS ELLIE GROWS UP!,F5839/f5221 Asst. Baby Alive. Princess Ellie Grows Up!,sin_cantidad,79,False,Muñecas Eléctricas,,
1734,presentacion,presentacion,RESORTE EN PRETINA TALLA EXTRA GRANDE,Resorte en Pretina Talla Extra Grande,sin_cantidad,79,False,Pantalón Corto Shorts Escuela,,
1735,presentacion,presentacion,X BOX. SERIE X. DIABLO IV. 1 TB. DIABLO IV (DESCARGA),X Box. Serie X. Diablo Iv. 1 Tb. Diablo Iv (descarga),sin_cantidad,79,False,Electrónicos de Video,,
1736,presentacion,presentacion,#6064153. GABBY S DOLLHOUSE. GABBY GIRL DRESS-UP CLOSET,#6064153. Gabby´s Dollhouse. Gabby Girl Dress-up Closet,sin_cantidad,78,False,Varios,,
1737,presentacion,presentacion,#6072755. DC. NINJA STRIKE. BATMAN O GORILLA GRODD O THE JOKER,#6072755. Dc. Ninja Strike. Batman Ó Gorilla Grodd Ó The Joker,sin_cantidad,78,False,Muñecos,,
1738,presentacion,presentacion,6062104. PAW PATROL. RISE AND RESCUE. CHASE O MARSHALL,6062104. Paw Patrol. Rise And Rescue. Chase o Marshall,sin_cantidad,78,False,Motos y Carros Mecánicos,,
1739,presentacion,presentacion,ART. NAC 22000. NANCY. UN DIA DE BAILE EN PATINES,Art. Nac 22000. Nancy. Un Día de Baile en Patines,sin_cantidad,78,False,Muñecas,,
1740,presentacion,presentacion,F1321. PLAY-DOH. KITCHEN CREATION. GRAN HORNO DE PASTELES,F1321. Play-doh. Kitchen Creation. Gran Horno de Pasteles,sin_cantidad,78,False,Varios,,
1741,presentacion,presentacion,HHM51. PICTIONARY AIR. STAR WARS,Hhm51. Pictionary Air. Star Wars,sin_cantidad,78,False,Juegos de Mesa,,
1742,presentacion,presentacion,JFT20. HOT WHEELS. CAMIONETA CUSTOM 62 CHEVY,Jft20. Hot Wheels. Camioneta Custom ´62 Chevy,sin_cantidad,78,False,Juguetes Armables,,
1743,presentacion,presentacion,#6069100. DC. BATMAN ADVENTURES. NIGHTWING,#6069100. Dc. Batman Adventures. Nightwing,sin_cantidad,77,False,Muñecos,,
1744,presentacion,presentacion,42212. TECHNIC. FERRARI FXXK,42212. Technic. Ferrari Fxxk,sin_cantidad,77,False,Juguetes Armables,,
1745,presentacion,presentacion,ART. NAC 47000. NANCY. SUPER MELENA,Art. Nac 47000. Nancy. Súper Melena,sin_cantidad,77,False,Muñecas,,
1746,presentacion,presentacion,"HYG31. IMAGINEXT. DC SUPER FRIENDS. BATMAN, INSIDER Y EXOTRAJE","Hyg31. Imaginext. Dc Super Friends. Batman, Insider y Exotraje",sin_cantidad,77,False,Muñecos Eléctricos,,
1747,presentacion,presentacion,K-65S20M2. 65 PLGS. LED. PUERTO USB. SMART TV,K-65s20m2. 65 Plgs. LED. Puerto USB. Smart TV.,sin_cantidad,77,False,Pantallas,,
1748,presentacion,presentacion,M018P. 18 PLGS. PARED. 3 VELOCIDADES,M018p. 18 Plgs. Pared. 3 Velocidades,sin_cantidad,77,False,Ventiladores,,
1749,presentacion,presentacion,1821. 18 PLGS. PEDESTAL 3 VELOCIDADES,1821. 18 Plgs. Pedestal 3 Velocidades,sin_cantidad,76,False,Ventiladores,,
1750,presentacion,presentacion,6063826. HARRY POTTER. EL SOMBRERO SELECCIONADOR,6063826. Harry Potter. el Sombrero Seleccionador,sin_cantidad,76,False,Varios,,
1751,presentacion,presentacion,70 UQ 8050 PSB. 70 PLGS. LED. PUERTO USB. SMART TV,70 Uq 8050 Psb. 70 Plgs. Led. Puerto Usb. Smart Tv.,sin_cantidad,76,False,Pantallas,,
1752,presentacion,presentacion,HHJ06. POLLY POCKET. CASA DE AVENTURAS DEL ARBOL,Hhj06. Polly Pocket. Casa de Aventuras del Árbol,sin_cantidad,76,False,Varios,,
1753,presentacion,presentacion,JJM76. LITTLE PEOPLE. CAMION DE CARGA,Jjm76. Little People. Camión de Carga,sin_cantidad,76,False,Motos y Carros Eléctricos,,
1754,presentacion,presentacion,"TIPO POLO. TRICOLOR (CON FRANJAS AZUL Y ROJO EN CUELLO Y MANGAS). TALLA 12-18 (CUERPO 100% ALGODON, COMBINACION CARDIGAN 100% POLIESTER)","Tipo Polo. Tricolor (con Franjas Azul y Rojo en Cuello y Mangas). Talla 12-18 (Cuerpo 100% Algodón, Combinación Cárdigan 100% Poliester)",sin_cantidad,76,False,Playera Blanca,,
1755,presentacion,presentacion,XBOX SERIES X. SILENT HILL F,Xbox Series X. Silent Hill F,sin_cantidad,76,False,Videojuegos,,
1756,presentacion,presentacion,#6071776. MONSTER JAM. MINI JAMS MEGALODON MAD HOG CHAPER,#6071776. Monster Jam. Mini Jams Megalodon Mad Hog Chaper,sin_cantidad,75,False,Motos y Carros Mecánicos,,
1757,presentacion,presentacion,46390. CAPACIDAD 14 TAZAS,46390. Capacidad 14 Tazas,sin_cantidad,75,False,Cafeteras,,
1758,presentacion,presentacion,OLED 48 C5 PSA. 48 PLGS. OLED. PUERTO USB. SMART TV,OLED 48 C5 Psa. 48 Plgs. OLED. Puerto USB. Smart TV.,sin_cantidad,75,False,Pantallas,,
1759,presentacion,presentacion,"TIPO POLO. TRICOLOR (CON FRANJAS AZUL Y ROJO EN CUELLO Y MANGAS). TALLA 4-10 (CUERPO 100% ALGODON, COMBINACION CARDIGAN 100% POLIESTER)","Tipo Polo. Tricolor (con Franjas Azul y Rojo en Cuello y Mangas). Talla 4-10 (Cuerpo 100% Algodón, Combinación Cárdigan 100% Poliester)",sin_cantidad,75,False,Playera Blanca,,
1760,presentacion,presentacion,UN 65DU8000F. 65 PLGS. CRYSTAL. PUERTO USB. SMART TV,Un 65du8000f. 65 Plgs. Crystal. Puerto Usb. Smart Tv.,sin_cantidad,75,False,Pantallas,,
1761,presentacion,presentacion,100% ACRILICO. TALLA 32-36. ABIERTO CON CIERRE,100% Acrilico. Talla 32-36. Abierto con Cierre,sin_cantidad,74,False,Suéter Escuela Oficial,,
1762,presentacion,presentacion,76321. MARVEL. SPIDERMAN VS. DOC OCK: ESCENA DEL TREN SUBTERRANEO,76321. Marvel. Spiderman Vs. Doc Ock: Escena del Tren Subterráneo,sin_cantidad,74,False,Juguetes Armables,,
1763,presentacion,presentacion,HJY19. BARBIE. CAFETERIA DE BUDDY,Hjy19. Barbie. Cafetería de Buddy,sin_cantidad,74,False,Muñecas,,
1764,presentacion,presentacion,WD 18 T6000 GW/AX . 16/10 KG. TAMBOR. CENTRIFUGADO Y SECADO. COLOR BLANCO,Wd 18 T6000 Gw/ax . 16/10 Kg. Tambor. Centrifugado y Secado. Color Blanco,cantidades_alternativas,74,False,Lavadoras,kg,16.0
1765,presentacion,presentacion,FRD 08. HERMANITA ANDADERA DE APRENDIZAJE,Frd 08. Hermanita Andadera de Aprendizaje,sin_cantidad,73,False,Juguetes Educativos,,
1766,presentacion,presentacion,G0508. PEPPA PIG. GRAN CASA FAMILIAR DE PEPPA,G0508. Peppa Pig. Gran Casa Familiar de Peppa,sin_cantidad,73,False,Varios,,
1767,presentacion,presentacion,QN 65QN85CAF. 65 PLGS. QLED. PUERTO USB. SMART TV,Qn 65qn85caf. 65 Plgs. Qled. Puerto Usb. Smart Tv.,sin_cantidad,73,False,Pantallas,,
1768,presentacion,presentacion,VM242H9. 24000 BTU S. TIPO MINISPLIT. DUAL COOL INVERTER,Vm242h9. 24000 Btu?s. Tipo Minisplit. Dual Cool Inverter,sin_cantidad,73,False,Aires Acondicionados,,
1769,presentacion,presentacion,VX122C8. 11000 BTU S. TIPO MINISPLIT. DUAL INVERTER,Vx122c8. 11000 Btu´s. Tipo Minisplit. Dual Inverter,sin_cantidad,73,False,Aires Acondicionados,,
1770,presentacion,presentacion,71599. MY LIFE. HOTEL DE MASCOTAS,71599. My Life. Hotel de Mascotas,sin_cantidad,72,False,Varios,,
1771,presentacion,presentacion,71602. ACTION HEROES. MEGA SET DE POLICIA,71602. Action Heroes. Mega Set de Policía,sin_cantidad,72,False,Varios,,
1772,presentacion,presentacion,E3504 ASST.. FUR REAL. GRANDES PASEOS,E3504 Asst.. Fur Real. Grandes Paseos,sin_cantidad,72,False,Varios,,
1773,presentacion,presentacion,GHK15. MARIO KART. MARIO PISTA DE CIRCUITO,Ghk15. Mario Kart. Mario Pista de Circuito,sin_cantidad,72,False,Autopistas,,
1774,presentacion,presentacion,HMD88. BARBIE. COLOR REVEAL. CABEZA PARA PEINAR Y ACCESORIOS,Hmd88. Barbie. Color Reveal. Cabeza para Peinar y Accesorios,sin_cantidad,72,False,Varios,,
1775,presentacion,presentacion,XBOX SERIES X. ASSASSING CREED SHADOWS,Xbox Series X. Assassing Creed Shadows,sin_cantidad,72,False,Videojuegos,,
1776,presentacion,presentacion,91040. BLUEY S. CELEBRATION HOME,91040. Bluey´s. Celebration Home,sin_cantidad,71,False,Varios,,
1777,presentacion,presentacion,ART. NFN 63000. NENUCO. ¡EMERGENCIA DOCTORA!,Art. Nfn 63000. Nenuco. ¡emergencia Doctora!,sin_cantidad,71,False,Muñecas,,
1778,presentacion,presentacion,GRG80. PANDA JUGUEMOS JUNTOS,Grg80. Panda Juguemos Juntos,sin_cantidad,71,False,Juguetes Educativos,,
1779,presentacion,presentacion,HNT63. JURASSIC WORLD. INDOMINUS REX. CAMUFLAGE Y COMBATE,Hnt63. Jurassic World. Indominus Rex. Camuflage y Combate,sin_cantidad,71,False,Varios,,
1780,presentacion,presentacion,HXP57. HOT WHEELS. SKATE. PAQUETE RETRO,Hxp57. Hot Wheels. Skate. Paquete Retro,sin_cantidad,71,False,Varios,,
1781,presentacion,presentacion,1631. PUSH-CAR. ADVENTURE GIRL,1631. Push-car. Adventure Girl,sin_cantidad,70,False,Juguetes Montables,,
1782,presentacion,presentacion,HDJ14. PINGUINO. HORA DE BAILAR,Hdj14. Pingüino. Hora de Bailar,sin_cantidad,70,False,Juguetes Educativos,,
1783,presentacion,presentacion,HKV51. POLY POCKET. SALON UNICORNIO ARCOIRIS,Hkv51. Poly Pocket. Salón Unicornio Arcoiris,sin_cantidad,70,False,Varios,,
1784,presentacion,presentacion,52563. TUMBLIN MONKEYS (MONOS LOCOS),52563. Tumblin´ Monkeys (monos Locos),sin_cantidad,69,False,Juegos de Mesa,,
1785,presentacion,presentacion,6067085. PAW PATROL. THE MIGHTY MOVIE. PUP SQUAD PAW PATROLLER,6067085. Paw Patrol. The Mighty Movie. Pup Squad Paw Patroller,sin_cantidad,69,False,Motos y Carros Mecánicos,,
1786,presentacion,presentacion,ART. 700016649 O ART. NFN 43000. NENUCO. ¿QUE COMEMOS HOY?,Art. 700016649 o Art. Nfn 43000. Nenuco. ¿qué Comemos Hoy?,sin_cantidad,69,False,Muñecas,,
1787,presentacion,presentacion,CHD90. TABLET DE APRENDIZAJE. CRECE CONMIGO,Chd90. Tablet de Aprendizaje. Crece Conmigo,sin_cantidad,69,False,Juguetes Educativos,,
1788,presentacion,presentacion,"GB 45 SPT. 2 PUERTAS, HORIZONTAL Y VERTTICAL. DESHIELO AUTOMATICO AJUSTABLE","Gb 45 Spt. 2 Puertas, Horizontal y Verttical. Deshielo Automático Ajustable",sin_cantidad,69,False,Refrigeradores,,
1789,correccion_texto,presentacion,,Art. 700016649 o Art. Nfn 43000. Nenuco. ¿qué Comemos Hoy?,sin_candidato_unico,69,False,Muñecas,,
1790,presentacion,presentacion,100% ACRILICO. TALLA 38-40. ABIERTO CON CIERRE,100% Acrilico. Talla 38-40. Abierto con Cierre,sin_cantidad,68,False,Suéter Escuela Oficial,,
1791,presentacion,presentacion,6069172. HARRY POTTER. DOBBY MAGICO. 35+ SONIDOS Y FRASES,6069172. Harry Potter. Dobby Mágico. 35+ Sonidos y Frases,sin_cantidad,68,False,Muñecos Eléctricos,,
1792,presentacion,presentacion,CB: 015336. POPO NEJO,Cb: 015336. Popo Nejo,sin_cantidad,68,False,Juegos de Mesa,,
1793,presentacion,presentacion,GJB 33. BARBIE. EXPLORA Y DESCUBRE. JET DE AVENTURAS,Gjb 33. Barbie. Explora y Descubre. Jet de Aventuras,sin_cantidad,68,False,Varios,,
1794,presentacion,presentacion,K-65XR80. 65 PLGS. LED. PUERTO USB. SMART TV,K-65xr80. 65 Plgs. LED. Puerto USB. Smart TV.,sin_cantidad,68,False,Pantallas,,
1795,presentacion,presentacion,OLED 65 C3 PSA. 65 PLGS. OLED. PUERTO USB. SMART TV,Oled 65 C3 Psa. 65 Plgs. Oled. Puerto Usb. Smart Tv.,sin_cantidad,68,False,Pantallas,,
1796,presentacion,presentacion,CB: 016470. BEBES LLORONES. RECIEN NACIDA. MI PRIMER BANO (SARAH),Cb: 016470. Bebés Llorones. Recién Nacida. Mi Primer Baño (sarah),sin_cantidad,67,False,Muñecas Eléctricas,,
1797,presentacion,presentacion,"CK 43. CD'S 1 (MP3, USB Y BLUETOOTH). POTENCIA 3300 W (PMPO)","Ck 43. Cd's 1 (mp3, USB y Bluetooth). Potencia 3300 W (pmpo)",sin_cantidad,67,False,Componentes de Audio,,
1798,presentacion,presentacion,F3564 O F3547 AST. BABY ALIVE. BEBE DIA DE SPA,F3564 o F3547 Ast. Baby Alive. Bebé Día de Spa,sin_cantidad,67,False,Muñecas,,
1799,presentacion,presentacion,GVY82. MATCHBOX. ACTION DRIVERS. AUTO SHOP O FUEL STATION O FERRY PORT,Gvy82. Matchbox. Action Drivers. Auto Shop o Fuel Station o Ferry Port,sin_cantidad,67,False,Varios,,
1800,presentacion,presentacion,MOD. CAMPEON 084. CHOCLO COLOR AZUL/BLANCO NO. 25,Mod. Campeón 084. Choclo Color Azul/blanco No. 25,sin_cantidad,67,False,Tenis,,
1801,presentacion,presentacion,MOD. CAMPEON 084. CHOCLO COLOR AZUL/BLANCO NO. 27,Mod. Campeón 084. Choclo Color Azul/blanco No. 27,sin_cantidad,67,False,Tenis,,
1802,presentacion,presentacion,#6074369. HOW TO TRAIN YOUR DRAGON. REAL FLYING RC TOTHLESS,#6074369. How To Train Your Dragon. Real Flying Rc Tothless,sin_cantidad,66,False,Varios,,
1803,presentacion,presentacion,100% ACRILICO. TALLA 12-16. ABIERTO CON CIERRE,100% Acrilico. Talla 12-16. Abierto con Cierre,sin_cantidad,66,False,Suéter Escuela Oficial,,
1804,presentacion,presentacion,F2617 O F2446 AST. BABY ALIVE. HORA DE COMER,F2617 o F2446 Ast. Baby Alive. Hora de Comer,sin_cantidad,66,False,Muñecas,,
1805,presentacion,presentacion,GMM63. CAMARA SONRIE Y APRENDE,Gmm63. Cámara Sonríe y Aprende,sin_cantidad,66,False,Juguetes de Destreza,,
1806,presentacion,presentacion,GWD65. JURASSIC WORLD. SONIDOS DE ATAQUE THERIZINOSAURUS,Gwd65. Jurassic World. Sonidos de Ataque Therizinosaurus,sin_cantidad,66,False,Varios,,
1807,presentacion,presentacion,HJR13. OSO POLAR FIGURAS COLORIDAS,Hjr13. Oso Polar Figuras Coloridas,sin_cantidad,66,False,Juguetes de Destreza,,
1808,presentacion,presentacion,JCA-3617. A SUS MARCAS,Jca-3617. a Sus Marcas,sin_cantidad,66,False,Juegos de Mesa,,
1809,presentacion,presentacion,ART. NFND 1000. NENUCO. FOAM BATH (BANO DE ESPUMA),Art. Nfnd 1000. Nenuco. Foam Bath (baño de Espuma),sin_cantidad,65,False,Muñecas,,
1810,presentacion,presentacion,F1342 O F0254 AST. AVENGERS. END GAME. CAPTAIN AMERICA,F1342 o F0254 Ast. Avengers. End Game. Captain America,sin_cantidad,65,False,Muñecos,,
1811,presentacion,presentacion,GXY78. UNO. ATTACK,Gxy78. Uno. Attack,sin_cantidad,65,False,Juegos de Mesa,,
1812,presentacion,presentacion,HMD74. CARS ON THE ROAD. PATIO DE JUEGOS DE DINOSAURIOS,Hmd74. Cars On The Road. Patio de Juegos de Dinosaurios,sin_cantidad,65,False,Varios,,
1813,presentacion,presentacion,NN-ST965S. 2.2 PIES CUBICOS. COLOR NEGRO/ACERO,Nn-st965s. 2.2 Pies C?bicos. Color Negro/acero,sin_cantidad,65,False,Horno de Microondas,,
1814,presentacion,presentacion,#6069443. GABBY S DOLLHUSE. THE MOVIE. GROOVE WITH GABBY & FRIENDS MUSICAL SET,#6069443. Gabby´s Dollhuse. The Movie. Groove With Gabby & Friends Musical Set,sin_cantidad,64,False,Varios,,
1815,presentacion,presentacion,FKR45. LITTLE PEOPLE. ESTACION DE RESCATE DE MASCOTAS,Fkr45. Little People. Estación de Rescate de Mascotas,sin_cantidad,64,False,Varios,,
1816,presentacion,presentacion,FRD01. PERRITO ANDADERA DE APRENDIZAJE,Frd01. Perrito Andadera de Aprendizaje,sin_cantidad,64,False,Juguetes Educativos,,
1817,presentacion,presentacion,MOD. CAMPEON 084. CHOCLO COLOR AZUL/BLANCO NO. 23,Mod. Campeón 084. Choclo Color Azul/blanco No. 23,sin_cantidad,64,False,Tenis,,
1818,presentacion,presentacion,1463. TRICICLO. ROCKET MONSTER,1463. Triciclo. Rocket Monster,sin_cantidad,63,False,Juguetes Montables,,
1819,presentacion,presentacion,547556-C3MM. RAINBOW HIGH. MY FASHION STYLE,547556-c3mm. Rainbow High. My Fashion Style,sin_cantidad,63,False,Muñecas,,
1820,presentacion,presentacion,"63395. PEDESTAL. 7 VELOCIDADES, TAZON ACERO INOXIDABLE","63395. Pedestal. 7 Velocidades, Tazón Acero Inoxidable",sin_cantidad,63,False,Batidoras,,
1821,presentacion,presentacion,G0748. TRANSFORMERS. GRIMLOCK,G0748. Transformers. Grimlock,sin_cantidad,63,False,Varios,,
1822,presentacion,presentacion,GALAXY TAB A8 O SM-X200. 10.5 PLGS. MEMORIA INTERNA 32 GB. MEMORIA RAM 3 GB,Galaxy Tab A8 o Sm-x200. 10.5 Plgs. Memoria Interna 32 Gb. Memoria Ram 3 Gb,sin_cantidad,63,False,Tablet,,
1823,presentacion,presentacion,HHC16. ENCHANTIMALS. CITY TAILS PARQUE URBANO,Hhc16. Enchantimals. City Tails Parque Urbano,sin_cantidad,63,False,Varios,,
1824,presentacion,presentacion,HKX41. CITY. ESTACION DE BOMBEROS SUPER LOOP,Hkx41. City. Estación de Bomberos Super Loop,sin_cantidad,63,False,Autopistas,,
1825,presentacion,presentacion,HORIZON,Horizon,sin_cantidad,63,False,Horno Eléctrico,,
1826,presentacion,presentacion,71424. SUPER MARIO. CASA DE ARBOL DE DONKEY KONG,71424. Súper Mario. Casa de Árbol de Donkey Kong,sin_cantidad,62,False,Juguetes Armables,,
1827,presentacion,presentacion,72039. SUPER MARIO. CASTILLO DE BOWSER,72039. Super Mario. Castillo de Bowser,sin_cantidad,62,False,Juguetes Armables,,
1828,presentacion,presentacion,ART. NAC 58000. NANCY. UN DIA DE SIRENA,Art. Nac 58000. Nancy. Un Día de Sirena,sin_cantidad,62,False,Muñecas,,
1829,presentacion,presentacion,JCA-4080. UGA BUGA,Jca-4080. Uga Buga,sin_cantidad,62,False,Juegos de Mesa,,
1830,presentacion,presentacion,76428. HARRY POTTER. CABANA DE HAGRID. UNA VISITA INESPERADA,76428. Harry Potter. Cabaña de Hagrid. Una Visita Inesperada,sin_cantidad,61,False,Juguetes Armables,,
1831,presentacion,presentacion,GMW03. BARBIE. CAFETERIA,Gmw03. Barbie. Cafetería,sin_cantidad,61,False,Muñecas,,
1832,presentacion,presentacion,HMV09. IMAGINEXT. DC SUPER FRIENDS. ROBOCOPTERO DEL GUASON,Hmv09. Imaginext. Dc Super Friends. Robocóptero del Guasón,sin_cantidad,61,False,Varios,,
1833,presentacion,presentacion,2215. TRUCK 12 V. CAMION ELECTRICO,2215. Truck 12 V. Camión Eléctrico,sin_cantidad,60,False,Juguetes Montables Eléctricos,,
1834,presentacion,presentacion,41702. SONIC. THE HEDGEHOG. JUEGO DEATH EGG,41702. Sonic. The Hedgehog. Juego Death Egg,sin_cantidad,60,False,Varios,,
1835,presentacion,presentacion,6612197 EUC. LET S GO. COZY COUPE. LAVADERO DE CARROS QUE CAMBIA DE COLOR,6612197 Euc. Let´s Go. Cozy Coupe. Lavadero de Carros Que Cambia de Color,sin_cantidad,60,False,Varios,,
1836,presentacion,presentacion,71792. PIRATES. PUERTO PIRATA,71792. Pirates. Puerto Pirata,sin_cantidad,60,False,Varios,,
1837,presentacion,presentacion,JFD93. IMAGINEXT. DC SUPER FRIEND S. CENTRO DE CONTROL DE BATMAN,Jfd93. Imaginext. Dc Super Friend´s. Centro de Control de Batman,sin_cantidad,60,False,Varios,,
1838,presentacion,presentacion,6064865. HARRY POTTER. WIZARDING WORLD HARRY POTTER GIFT SET,6064865. Harry Potter. Wizarding World Harry Potter Gift Set,sin_cantidad,59,False,Muñecos,,
1839,presentacion,presentacion,70922. MERCEDES BENZ 300 SL,70922. Mercedes Benz 300 Sl,sin_cantidad,59,False,Varios,,
1840,presentacion,presentacion,AT122 CK. 12000 BTU S. TIPO MINISPLIT. INVERTER,At122 Ck. 12000 Btu´s. Tipo Minisplit. Inverter,sin_cantidad,59,False,Aires Acondicionados,,
1841,presentacion,presentacion,F 6104. TITAN HERO SERIES. SPIDER MAN 2099,F 6104. Titan Hero Series. Spider Man 2099,sin_cantidad,59,False,Muñecos,,
1842,presentacion,presentacion,"F6743. FURBY, ¿QUIERES SER MI MEJOR AMIGO?","F6743. Furby, ¿quieres Ser Mi Mejor Amigo?",sin_cantidad,59,False,Muñecos Eléctricos,,
1843,presentacion,presentacion,HJY18. BARBIE. VIAJERA,Hjy18. Barbie. Viajera,sin_cantidad,59,False,Muñecas,,
1844,presentacion,presentacion,HYT84. BARBIE. 71 CM. (FALDA),Hyt84. Barbie. 71 Cm. (falda),sin_cantidad,59,False,Muñecas,,
1845,presentacion,presentacion,MOD. CAMPEON 084. CHOCLO COLOR AZUL/BLANCO NO. 21,Mod. Campeón 084. Choclo Color Azul/blanco No. 21,sin_cantidad,59,False,Tenis,,
1846,correccion_texto,presentacion,,"F6743. Furby, ¿quieres Ser Mi Mejor Amigo?",sin_candidato_unico,59,False,Muñecos Eléctricos,,
1847,presentacion,presentacion,77048. ANIMAL CROSSING. TOUR ISLENO EN LA BARCA DEL CAPITAN,77048. Animal Crossing. Tour Isleño en la Barca del Capitán,sin_cantidad,58,False,Juguetes Armables,,
1848,presentacion,presentacion,ART. NAC 21000. NANCY. UN DIA CON TRENZAS,Art. Nac 21000. Nancy. Un Día con Trenzas,sin_cantidad,58,False,Muñecas,,
1849,presentacion,presentacion,F4121. TRANSFORMERS. BUMBLEBBE O OPTIMUS PRIMAL,F4121. Transformers. Bumblebbe o Optimus Primal,sin_cantidad,58,False,Varios,,
1850,presentacion,presentacion,HJG28. POLLY POCKET. CONJUNTO DE JUEGO. OSITO MAQUINA DE CHICLES,Hjg28. Polly Pocket. Conjunto de Juego. Osito Maquina de Chicles,sin_cantidad,58,False,Varios,,
1851,presentacion,presentacion,HNK99. BARBIE. PASEO DE PLAYA,Hnk99. Barbie. Paseo de Playa,sin_cantidad,58,False,Muñecas,,
1852,presentacion,presentacion,MOD. G022Z01017. CHOCLO (VINIL) COLOR BLANCO NO. 23,Mod. G022z01017. Choclo (Vinil) Color Blanco No. 23,sin_cantidad,58,False,Tenis,,
1853,presentacion,presentacion,58541. SUPER MARIO. CASTILLO DEL REINO CHAMPINON DELUXE,58541. Super Mario. Castillo del Reino Champiñon Deluxe,sin_cantidad,57,False,Varios,,
1854,presentacion,presentacion,GHY 97. PEREZOSO. MOVIMIENTOS DIVERTIDOS,Ghy 97. Perezoso. Movimientos Divertidos,sin_cantidad,57,False,Juguetes Educativos,,
1855,presentacion,presentacion,GJP 61. NUTRIA ABC,Gjp 61. Nutria Abc,sin_cantidad,57,False,Juguetes Educativos,,
1856,presentacion,presentacion,HGY88. BARBIE. YOU CAN BE ANYTHING. DIVERSION EN LA GRANJA,Hgy88. Barbie. You Can Be Anything. Diversión en la Granja,sin_cantidad,57,False,Muñecas,,
1857,presentacion,presentacion,HHX64. BARBIE. RISE & RELAX,Hhx64. Barbie. Rise & Relax,sin_cantidad,57,False,Muñecas,,
1858,presentacion,presentacion,HWB34. LITTLE PEOPLE. DISNEY FROZEN. AVENTURAS EN TRINEO EN ARENDELLE,Hwb34. Little People. Disney Frozen. Aventuras en Trineo en Arendelle,sin_cantidad,57,False,Varios,,
1859,presentacion,presentacion,VP122CR. 12000 BTU S. TIPO MINISPLIT. DUAL COOL INVERTER,Vp122cr. 12000 Btu´s. Tipo Minisplit. Dual Cool Inverter,sin_cantidad,57,False,Aires Acondicionados,,
1860,presentacion,presentacion,F0233. TITAN HERO SERIES. SPIDER-MAN,F0233. Titan Hero Series. Spider-man,sin_cantidad,56,False,Muñecos,,
1861,presentacion,presentacion,GHL91. BARBIE. ALBERCA O PISCINA,Ghl91. Barbie. Alberca Ó Piscina,sin_cantidad,56,False,Muñecas,,
1862,presentacion,presentacion,MANGA LARGA/BOLSAS FRONTALES/CON CINTA DE SUJECION. TALLA 32-36 (100% POLIESTER),Manga Larga/bolsas Frontales/con Cinta de Sujecion. Talla 32-36 (100% Poliester),sin_cantidad,56,False,Bata Escuela Oficial,,
1863,presentacion,presentacion,X BOX. SERIE X. ROBOT WHITE. 1 TB SSD. SIN JUEGO INCLUIDO,X Box. Serie X. Robot White. 1 Tb Ssd. Sin Juego Incluido,sin_cantidad,56,False,Electrónicos de Video,,
1864,presentacion,presentacion,70668. NARUTO SHIPPUDEN. ICHIRAKU RAMENSHOP,70668. Naruto Shippuden. Ichiraku Ramenshop,sin_cantidad,55,False,Varios,,
1865,presentacion,presentacion,HRX53. JURASSIC WORLD. EPIC EVOLUTION. ALLOSAURUS COLOSAL,Hrx53. Jurassic World. Epic Evolution. Allosaurus Colosal,sin_cantidad,55,False,Varios,,
1866,presentacion,presentacion,JFR84. HOT WHEELS. CADILLAC PROJECT GTP HYPERCAR,Jfr84. Hot Wheels. Cadillac Project Gtp Hypercar,sin_cantidad,55,False,Juguetes Armables,,
1867,presentacion,presentacion,P16S2. 16 PLGS. PEDESTAL. 3 VELOCIDADES,P16s2. 16 Plgs. Pedestal. 3 Velocidades,sin_cantidad,55,False,Ventiladores,,
1868,presentacion,presentacion,#6068074/#20143966. RUBBLE & CREW. RUBBLE S BARK YARD DELUXE BULLDOZER,#6068074/#20143966. Rubble & Crew. Rubble´s Bark Yard Deluxe Bulldozer,sin_cantidad,54,False,Varios,,
1869,presentacion,presentacion,2216. MONSTER 12V. CAMION ELECTRICO,2216. Monster 12v. Camión Eléctrico,sin_cantidad,54,False,Juguetes Montables Eléctricos,,
1870,presentacion,presentacion,32H5G. 32 PLGS. LED. PUERTO USB. SMART TV,32h5g. 32 Plgs. Led. Puerto Usb. Smart Tv.,sin_cantidad,54,False,Pantallas,,
1871,presentacion,presentacion,ART. NAC 20000. NANCY. UN DIA CON TRENZAS,Art. Nac 20000. Nancy. Un Día con Trenzas,sin_cantidad,54,False,Muñecas,,
1872,presentacion,presentacion,F 3050 ASST.. PJMASKS. CATBOY,F 3050 Asst.. Pjmasks. Catboy,sin_cantidad,54,False,Muñecos,,
1873,presentacion,presentacion,F7845. MARVEL. SPIDER MAN. VEHICULO ARACNOLANZADOR,F7845. Marvel. Spider Man. Vehículo Aracnolanzador,sin_cantidad,54,False,Varios,,
1874,presentacion,presentacion,HKM-1500S,Hkm-1500s,sin_cantidad,54,False,Horno Eléctrico,,
1875,presentacion,presentacion,JGG41. DISNEY FROZEN. PALACIO DE HIELO DE ELSA DE FROZEN,Jgg41. Disney Frozen. Palacio de Hielo de Elsa de Frozen,sin_cantidad,54,False,Varios,,
1876,presentacion,presentacion,55U6QV. 55 PLGS. ULED. PUERTO USB. SMART TV,55u6qv. 55 Plgs. Uled. Puerto USB. Smart TV.,sin_cantidad,53,False,Pantallas,,
1877,presentacion,presentacion,71603. ACTION HEROES. MEGA SET DE BOMBEROS,71603. Action Heroes. Mega Set de Bomberos,sin_cantidad,53,False,Varios,,
1878,presentacion,presentacion,GWF98. BLOQUES DE CONSTRUCCION DE MICKEY,Gwf98. Bloques de Construcción de Mickey,sin_cantidad,53,False,Juguetes Armables,,
1879,presentacion,presentacion,HNL39. MINECRAFT. MOVIE. DIAMOND LEVEAL. GOLEM DE HIERRO,Hnl39. Minecraft. Movie. Diamond Leveal. Gólem de Hierro,sin_cantidad,53,False,Varios,,
1880,presentacion,presentacion,HRY43. MATCHBOX. ACTION DRIVERS. TRANSFORMING EXCAVATOR,Hry43. Matchbox. Action Drivers. Transforming Excavator,sin_cantidad,53,False,Motos y Carros Mecánicos,,
1881,presentacion,presentacion,JFG28. DISNEY FROZEN. SET DE JUEGO DE ENTRETENIMIENTO ANIMALES DE INVIERNO,Jfg28. Disney Frozen. Set de Juego de Entretenimiento Animales de Invierno,sin_cantidad,53,False,Varios,,
1882,presentacion,presentacion,JGG61. JURASSIC WORLD. MOSASAURIO. BOTE DE ACCION DE RESCATE,Jgg61. Jurassic World. Mosasaurio. Bote de Acción de Rescate,sin_cantidad,53,False,Varios,,
1883,presentacion,presentacion,MOD. CAMPEON 084. CHOCLO COLOR AZUL/BLANCO NO. 19,Mod. Campeón 084. Choclo Color Azul/blanco No. 19,sin_cantidad,53,False,Tenis,,
1884,presentacion,presentacion,XBOX SERIES X. MORTAL 1 KOMBAT,Xbox Series X. Mortal 1 Kombat,sin_cantidad,53,False,Videojuegos,,
1885,presentacion,presentacion,70286. SCOOBY-DOO. MAQUINA DEL MISTERIO,70286. Scooby-doo. Máquina del Misterio,sin_cantidad,52,False,Varios,,
1886,presentacion,presentacion,HNL97. CARRERA DE CHOQUES EPICOS,Hnl97. Carrera de Choques Épicos,sin_cantidad,52,False,Autopistas,,
1887,presentacion,presentacion,"MHC-V43D. CD'S 1. MP3, DVD, USB Y BLUETOOTH","Mhc-v43d. Cd's 1. Mp3, Dvd, USB y Bluetooth",sin_cantidad,52,False,Bocinas Portátiles,,
1888,presentacion,presentacion,6060344. DC. THE JOKER,6060344. Dc. The Joker,sin_cantidad,51,False,Muñecos,,
1889,presentacion,presentacion,HLW18. DISNEY. PRINCESS. RAPUNZEL CABELLO CUENTO DE HADAS,Hlw18. Disney. Princess. Rapunzel Cabello Cuento de Hadas,sin_cantidad,51,False,Muñecas,,
1890,presentacion,presentacion,HNF79. MONSTER HIGH. NEON FRIGHTS FRANKIE STEIN,Hnf79. Monster High. Neon Frights Frankie Stein,sin_cantidad,51,False,Varios,,
1891,presentacion,presentacion,NINTENDO SWITCH. MORTAL 1 KOMBAT,Nintendo Switch. Mortal 1 Kombat,sin_cantidad,51,False,Videojuegos,,
1892,presentacion,presentacion,RMA 1025 VMX (E0) (GRAFITO). 251.20 DM3. 2 PUERTAS HORIZONTAL Y VERTICAL. DESHIELO AUTOMATICO,Rma 1025 Vmx (e0) (grafito). 251.20 Dm3. 2 Puertas Horizontal y Vertical. Deshielo Automático,sin_cantidad,51,False,Refrigeradores,,
1893,presentacion,presentacion,VP122HR. 12000 BTU S. TIPO MINISPLIT. DUAL COOL INVERTER,Vp122hr. 12000 Btu´s. Tipo Minisplit. Dual Cool Inverter,sin_cantidad,51,False,Aires Acondicionados,,
1894,presentacion,presentacion,21248. MINECRAFT. LA GRANJA- CALABAZA,21248. Minecraft. la Granja- Calabaza,sin_cantidad,50,False,Juguetes Armables,,
1895,presentacion,presentacion,ART. 700016639 O ART. NAC 37000. NANCY. UN DIA DE SPA,Art. 700016639 o Art. Nac 37000. Nancy. Un Día de Spa,sin_cantidad,50,False,Muñecas,,
1896,presentacion,presentacion,ASST. HLP23 HLP24. JURASSIC WORLD. STEGOSAURUS. RASTREADORES GIGANTESCOS,Asst. Hlp23 Hlp24. Jurassic World. Stegosaurus. Rastreadores Gigantescos,sin_cantidad,50,False,Varios,,
1897,presentacion,presentacion,E8898 ASST.. FUR REAL. POOPALOTS. HAGO POPO,E8898 Asst.. Fur Real. Poopalots. Hago Popó,sin_cantidad,50,False,Varios,,
1898,presentacion,presentacion,F2999. MARVEL. STUDIOS. CAPTAIN AMERICA. RED HULK,F2999. Marvel. Studios. Captain America. Red Hulk,sin_cantidad,50,False,Muñecos,,
1899,presentacion,presentacion,F3632. PEPPA PIG. A LA PLAYA CON PEPPA,F3632. Peppa Pig. a la Playa con Peppa,sin_cantidad,50,False,Varios,,
1900,presentacion,presentacion,HNY59. BARBIE CHELSEA. TIENDA DE JUGUETES,Hny59. Barbie Chelsea. Tienda de Juguetes,sin_cantidad,50,False,Varios,,
1901,presentacion,presentacion,HXM74. MATCHBOX. ACTION DRIVERS. RESCUE HELICOPTER,Hxm74. Matchbox. Action Drivers. Rescue Helicopter,sin_cantidad,50,False,Varios,,
1902,presentacion,presentacion,HYP40. LITTLE PEOPLE. AUTOBUS ESCOLAR,Hyp40. Little People. Autobús Escolar,sin_cantidad,50,False,Motos y Carros Eléctricos,,
1903,presentacion,presentacion,JDP65. DISNEY FROZEN. ANNA. CASTILLO,Jdp65. Disney Frozen. Anna. Castillo,sin_cantidad,50,False,Varios,,
1904,presentacion,presentacion,937. TRICICLO. TRIXIE R-12,937. Triciclo. Trixie R-12,sin_cantidad,49,False,Juguetes Montables,,
1905,presentacion,presentacion,MOD. EF 0101. CHOCLO COLOR BLANCO CON FRANJAS (ROSE GOLD) NO. 23,Mod. Ef 0101. Choclo Color Blanco con Franjas (Rose Gold) No. 23,sin_cantidad,49,False,Tenis,,
1906,presentacion,presentacion,502500C3. L.O.L. O.M.G. GLAM N GO CAMPER,502500c3. L.o.l. O.m.g. Glam N´ Go Camper,sin_cantidad,48,False,Varios,,
1907,presentacion,presentacion,62620. MANUAL. 6 VELOCIDADES. SIN TAZON,62620. Manual. 6 Velocidades. Sin Taz?n,sin_cantidad,48,False,Batidoras,,
1908,presentacion,presentacion,71437. SUPER MARIO. EL TREN EXPRESS BOWSER,71437. Super Mario. el Tren Express Bowser,sin_cantidad,48,False,Juguetes Armables,,
1909,presentacion,presentacion,ART. 700017339. NANCY. UN DIA DE MOUNTAIN BIKE,Art. 700017339. Nancy. Un Día de Mountain Bike,sin_cantidad,48,False,Muñecas,,
1910,presentacion,presentacion,JGH86. BARBIE. DREAM BESTIES. (RENEE DE PLAYA),Jgh86. Barbie. Dream Besties. (renee de Playa),sin_cantidad,48,False,Muñecas,,
1911,presentacion,presentacion,MANGA LARGA/BOLSAS FRONTALES/CON CINTA DE SUJECION. TALLA 38-42 (100% POLIESTER),Manga Larga/bolsas Frontales/con Cinta de Sujecion. Talla 38-42 (100% Poliester),sin_cantidad,48,False,Bata Escuela Oficial,,
1912,presentacion,presentacion,MOD. CAMPEON 084. CHOCLO COLOR AZUL/BLANCO NO. 17,Mod. Campeón 084. Choclo Color Azul/blanco No. 17,sin_cantidad,48,False,Tenis,,
1913,presentacion,presentacion,100% ACRILICO. TALLA 6-10. ABIERTO CON CIERRE,100% Acrilico. Talla 6-10. Abierto con Cierre,sin_cantidad,47,False,Suéter Escuela Oficial,,
1914,presentacion,presentacion,42475. SONIC 3. SONIC PARLANTE,42475. Sonic 3. Sonic Parlante,sin_cantidad,47,False,Muñecos Eléctricos,,
1915,presentacion,presentacion,70460. WEEKEND WARRIOR. AVENTURAS TODOTERRENO,70460. Weekend Warrior. Aventuras Todoterreno,sin_cantidad,47,False,Varios,,
1916,presentacion,presentacion,ART. 700015075. PINYPON. NIGHT LIGHT,Art. 700015075. Pinypon. Night Light,sin_cantidad,47,False,Muñecas Eléctricas,,
1917,presentacion,presentacion,ASST. GKJ63 HKV50. POLLY POCKET. BOLSO DE CANGURO MAMA Y JOEY,Asst. Gkj63 Hkv50. Polly Pocket. Bolso de Canguro Mamá y Joey,sin_cantidad,47,False,Varios,,
1918,presentacion,presentacion,F4007. MONOPOLY. VUELTA AL MUNDO,F4007. Monopoly. Vuelta al Mundo,sin_cantidad,47,False,Juegos de Mesa,,
1919,presentacion,presentacion,HFG46. LITTLE PEOPLE. GRAN PISTA DE CARRERAS HOTWHEELS,Hfg46. Little People. Gran Pista de Carreras Hotwheels,sin_cantidad,47,False,Autopistas,,
1920,presentacion,presentacion,HHN03. AVENTURA ISLENA DE MOANA Y MAUI,Hhn03. Aventura Isleña de Moana y Maui,sin_cantidad,47,False,Juguetes Armables,,
1921,presentacion,presentacion,HTP60. JURASSIC WORLD. T-REX RC,Htp60. Jurassic World. T-rex Rc,sin_cantidad,47,False,Varios,,
1922,presentacion,presentacion,MANGA LARGA/BOLSAS FRONTALES/CON CINTA DE SUJECION. TALLA 12-18 (100% POLIESTER),Manga Larga/bolsas Frontales/con Cinta de Sujecion. Talla 12-18 (100% Poliester),sin_cantidad,47,False,Bata Escuela Oficial,,
1923,presentacion,presentacion,75 QNED 80 TSA. 75 PLGS. QNED. PUERTO USB. SMART TV,75 Qned 80 Tsa. 75 Plgs. Qned. Puerto Usb. Smart Tv.,sin_cantidad,46,False,Pantallas,,
1924,presentacion,presentacion,CB: 016487. BEBES LLORONES. LA RUTINA DE BELLA POR LAS MANANAS,Cb: 016487. Bebés Llorones. la Rutina de Bella por las Mañanas,sin_cantidad,46,False,Muñecas Eléctricas,,
1925,presentacion,presentacion,F8803. PLAY-DOH. MOTO REPARTIDORA DE PIZZAS,F8803. Play-doh. Moto Repartidora de Pizzas,sin_cantidad,46,False,Juguetes Montables,,
1926,presentacion,presentacion,GJC13. LITTLE PEOPLE. ESCUELITA DE LOS AMIGOS,Gjc13. Little People. Escuelita de los Amigos,sin_cantidad,46,False,Varios,,
1927,presentacion,presentacion,GMH36. ¡NO MANCHES PULPO!,Gmh36. ¡no Manches Pulpo!,sin_cantidad,46,False,Juegos de Mesa,,
1928,presentacion,presentacion,GPT 41 ASST. DC. SUPER FRIENDS. SUPERMAN XL,Gpt 41 Asst. Dc. Super Friends. Superman Xl,sin_cantidad,46,False,Muñecos,,
1929,presentacion,presentacion,HGC60. POLLY POCKET. FIESTA DE FLAMENCOS,Hgc60. Polly Pocket. Fiesta de Flamencos,sin_cantidad,46,False,Varios,,
1930,presentacion,presentacion,JDD42. DISNEY MOANA 2. MOANA & MAUI CONJUNTO DEL VIAJANTE,Jdd42. Disney Moana 2. Moana & Maui Conjunto del Viajante,sin_cantidad,46,False,Varios,,
1931,presentacion,presentacion,JGX49. MINECRAFT. MOVIE. MI MASCOTA. CREEPER,Jgx49. Minecraft. Movie. Mi Máscota. Creeper,sin_cantidad,46,False,Varios,,
1932,presentacion,presentacion,LEONIS,Leonis,sin_cantidad,46,False,Tostadores de Pan,,
1933,presentacion,presentacion,XBOX SERIES X. EA SPORTS. MADDEN NFL 26,Xbox Series X. Ea Sports. Madden Nfl 26,sin_cantidad,46,False,Videojuegos,,
1934,presentacion,presentacion,6067088. PAW PATROL. THE MIGHTY MOVIE. CHASE RC MIGHTY CRUISER,6067088. Paw Patrol. The Mighty Movie. Chase Rc Mighty Cruiser,sin_cantidad,45,False,Motos y Carros Eléctricos,,
1935,presentacion,presentacion,ART. PNY 700014354. TOY 40088. PINYPON. PARQUE DE ATRACCIONES,Art. Pny 700014354. Toy 40088. Pinypon. Parque de Atracciones,sin_cantidad,45,False,Varios,,
1936,presentacion,presentacion,F6372. FUR REAL. FLYALOTS,F6372. Fur Real. Flyalots,sin_cantidad,45,False,Varios,,
1937,presentacion,presentacion,HGN60. LITTLE MOMMY. CUANDO SEA GRANDE... ARTISTA O VETERINARIA O CHEF O,Hgn60. Little Mommy. Cuando Sea Grande... Artista o Veterinaria o Chef o...,sin_cantidad,45,False,Muñecas,,
1938,presentacion,presentacion,P50356. MIRACULOUS. ADRIAN CAT NOIR,P50356. Miraculous. Adrian Cat Noir,sin_cantidad,45,False,Muñecos,,
1939,presentacion,presentacion,#6073723. MONSTER JAM. THE AMAZING SPIDER-MAN RC,#6073723. Monster Jam. The Amazing Spider-man Rc,sin_cantidad,44,False,Motos y Carros Eléctricos,,
1940,presentacion,presentacion,6067956. BATMAN ADVENTURES. BATCYCLE,6067956. Batman Adventures. Batcycle,sin_cantidad,44,False,Motos y Carros Mecánicos,,
1941,presentacion,presentacion,ASST. HWH93 HWH95. DISNEY DESENDANTS. THE RISE OF RED. EL LIBRO DE COCINA DE LA HECHICERA,Asst. Hwh93 Hwh95. Disney Desendants. The Rise Of Red. el Libro de Cocina de la Hechicera,sin_cantidad,44,False,Varios,,
1942,presentacion,presentacion,CAJA 24 CERAS. JUMBO. TRIANGULAR,Caja 24 Ceras. Jumbo. Triangular,sin_cantidad,44,False,Crayones,,
1943,presentacion,presentacion,CB: 015565. BEBES LLORONES. GATEA JENNA,Cb: 015565. Bebés Llorones. Gatea Jenna,sin_cantidad,44,False,Muñecas Eléctricas,,
1944,presentacion,presentacion,HHG58. BARBIE. MERMAID POWER. ARRECIFE DE AQUARIA,Hhg58. Barbie. Mermaid Power. Arrecife de Aquaria,sin_cantidad,44,False,Varios,,
1945,presentacion,presentacion,HNF24. TROLLS. MOUNT RAGEOUS PLAYSET,Hnf24. Trolls. Mount Rageous Playset,sin_cantidad,44,False,Varios,,
1946,presentacion,presentacion,1207. MINI QUAD GIRL,1207. Mini Quad Girl,sin_cantidad,43,False,Juguetes Montables Eléctricos,,
1947,presentacion,presentacion,55 UR 8750 PSA. 55 PLGS. LED. PUERTO USB. SMART TV,55 Ur 8750 Psa. 55 Plgs. Led. Puerto Usb. Smart Tv.,sin_cantidad,43,False,Pantallas,,
1948,presentacion,presentacion,591771C3. L.O.L. SURPRISE! CITY CRUISER,591771c3. L.o.l. Surprise! City Cruiser,sin_cantidad,43,False,Motos y Carros Mecánicos,,
1949,presentacion,presentacion,75683. WICKED. HABITACION DE GLINDA Y ELPHABA,75683. Wicked. Habitación de Glinda y Elphaba,sin_cantidad,43,False,Juguetes Armables,,
1950,presentacion,presentacion,ART. NFN 80000. NENUCO. NATURAL CARE,Art. Nfn 80000. Nenuco. Natural Care,sin_cantidad,43,False,Muñecas,,
1951,presentacion,presentacion,HBT55. CORN POPPER,Hbt55. Corn Popper,sin_cantidad,43,False,Juguetes de Destreza,,
1952,presentacion,presentacion,HPG48. STAR WARS. GROGU SALTARIN,Hpg48. Star Wars. Grogu Saltarin,sin_cantidad,43,False,Muñecos Eléctricos,,
1953,presentacion,presentacion,TAB M10 PLUS. 10 PLGS. MEMORIA INTERNA 128 GB. MEMORIA RAM 4 GB,Tab M10 Plus. 10 Plgs. Memoria Interna 128 Gb. Memoria Ram 4 Gb.,sin_cantidad,43,False,Tablet,,
1954,correccion_texto,presentacion,,Caja 1 Pieza. Desengrapador. Met?lico,sin_candidato_unico,43,False,Desengrapadora,,
1955,presentacion,presentacion,"ART. 700017245 TOY 37272. PINYPON ACTION. DIKI, DUKI DARIEL","Art. 700017245 Toy 37272. Pinypon Action. Diki, Duki Dariel",sin_cantidad,42,False,Varios,,
1956,presentacion,presentacion,BLANCA MANGA CORTA CUELLO SPORT CON BOLSA. TALLA 6-10 (50% POLIESTER - 50% ALGODON),Blanca Manga Corta Cuello Sport con Bolsa. Talla 6-10 (50% Poliéster - 50% Algodón),sin_cantidad,42,False,Camisa Escuela Oficial,,
1957,presentacion,presentacion,GFJ44. CAMION DE BLOQUES APRENDE CONMIGO,Gfj44. Camión de Bloques Aprende Conmigo,sin_cantidad,42,False,Juguetes Educativos,,
1958,presentacion,presentacion,HXY42. WOODEN. SPACE BLOCK PUZZLE,Hxy42. Wooden. Space Block Puzzle,sin_cantidad,42,False,Varios,,
1959,presentacion,presentacion,SONY PS4. STREET FIGHTER,Sony Ps4. Street Fighter,sin_cantidad,42,False,Videojuegos,,
1960,presentacion,presentacion,#6074348. DC. NINJA STRIKE. BATMAN O THE JOKER O ROBIN,#6074348. Dc. Ninja Strike. Batman Ó The Joker Ó Robin,sin_cantidad,41,False,Muñecos,,
1961,presentacion,presentacion,76323. MARVEL.BATALLA FINAL DE AVENGERS: ENDGAME,76323. Marvel.batalla Final de Avengers: Endgame,sin_cantidad,41,False,Juguetes Armables,,
1962,presentacion,presentacion,76999. SONIC. THE HEDGEHOG. SUPER SONIC VS. EGG DRILLSTER,76999. Sonic. The Hedgehog. Super Sonic Vs. Egg Drillster,sin_cantidad,41,False,Juguetes Armables,,
1963,presentacion,presentacion,DLH71. PERRITO MANEJA CONMIGO,Dlh71. Perrito Maneja Conmigo,sin_cantidad,41,False,Juguetes Educativos,,
1964,presentacion,presentacion,F8438. TRANSFORMERS ONE. CIBER- COMBINER. EARTHSPARK. TERRAN TWITCH- ROBBY MALTO,F8438. Transformers One. Ciber- Combiner. Earthspark. Terran Twitch- Robby Malto,sin_cantidad,41,False,Varios,,
1965,presentacion,presentacion,GPT 41 ASST. DC. SUPER FRIENDS. BATMAN XL,Gpt 41 Asst. Dc. Super Friends. Batman Xl,sin_cantidad,41,False,Muñecos,,
1966,presentacion,presentacion,GTT15. DISNEY. PIXAR. TOY STORY. BUZZ LIGHTYEAR,Gtt15. Disney. Pixar. Toy Story. Buzz Lightyear,sin_cantidad,41,False,Muñecos,,
1967,presentacion,presentacion,HCF44. SENALES CRUZADAS,Hcf44. Señales Cruzadas,sin_cantidad,41,False,Juegos de Mesa,,
1968,presentacion,presentacion,HMB15. ACTION. SALTO VERTICAL EN 8,Hmb15. Action. Salto Vertical en 8,sin_cantidad,41,False,Autopistas,,
1969,presentacion,presentacion,HNK95. BARBIE. MALIBU ESTILISTA,Hnk95. Barbie. Malibu Estilista,sin_cantidad,41,False,Muñecas,,
1970,presentacion,presentacion,SUPERSONIC. 20 PLGS. PISO. 3 VELOCIDADES,Supersonic. 20 Plgs. Piso. 3 Velocidades,sin_cantidad,41,False,Ventiladores,,
1971,presentacion,presentacion,91042. BLUEY. KITCHEN PLAYSET,91042. Bluey. Kitchen Playset,sin_cantidad,40,False,Varios,,
1972,presentacion,presentacion,AT121 CK. 12000 BTU S. TIPO MINISPLIT. INVERTER,At121 Ck. 12000 Btu´s. Tipo Minisplit. Inverter,sin_cantidad,40,False,Aires Acondicionados,,
1973,presentacion,presentacion,HJW21. STAR WARS. OBI-WAM KENOBI DISTORSIONADOR DE VOZ DARTH VADER,Hjw21. Star Wars. Obi-wam Kenobi Distorsionador de Voz Darth Vader,sin_cantidad,40,False,Muñecos Eléctricos,,
1974,presentacion,presentacion,HKX42. CITY. MORDIDA DE T-REX,Hkx42. City. Mordida de T-rex,sin_cantidad,40,False,Autopistas,,
1975,presentacion,presentacion,HMX76. LITTLE PEOPLE. DISNEY FROZEN. MALETIN CASTILLO DE FROZEN,Hmx76. Little People. Disney Frozen. Maletín Castillo de Frozen,sin_cantidad,40,False,Varios,,
1976,presentacion,presentacion,JGT50. BARNEY S WORLD. SING-ALONE BARNEY,Jgt50. Barney´s World. Sing-alone Barney,sin_cantidad,40,False,Muñecos Eléctricos,,
1977,presentacion,presentacion,LP1419IVSM. 14000 BTU S. TIPO PORTATIL. DUAL INVERTER,Lp1419ivsm. 14000 Btu?s. Tipo Port?til. Dual Inverter,sin_cantidad,40,False,Aires Acondicionados,,
1978,presentacion,presentacion,NINTENDO SWITCH. EA SPORTS. FC 24,Nintendo Switch. Ea Sports. Fc 24,sin_cantidad,40,False,Videojuegos,,
1979,presentacion,presentacion,100 QNED 86 AS. 100 PLGS. QNED. PUERTO USB. SMART TV,100 Qned 86 As. 100 Plgs. Qned. Puerto USB. Smart TV.,sin_cantidad,39,False,Pantallas,,
1980,presentacion,presentacion,42626. FRIENDS. ADVENTURE CAMP: DEPORTES ACUATICOS,42626. Friends. Adventure Camp: Deportes Acuáticos,sin_cantidad,39,False,Juguetes Armables,,
1981,presentacion,presentacion,76274. BATMAN. BATMAN CON BATIMOVIL VS. HARLEY QUINN Y MR. FREEZE,76274. Batman. Batman con Batimóvil Vs. Harley Quinn y Mr. Freeze,sin_cantidad,39,False,Juguetes Armables,,
1982,presentacion,presentacion,ART. NACB3000 TOY 40686. NANCY. HAIR SALON,Art. Nacb3000 Toy 40686. Nancy. Hair Salon,sin_cantidad,39,False,Varios,,
1983,presentacion,presentacion,DJD80. MARIPOSA DE BLOQUES DIVERTIDOS,Djd80. Mariposa de Bloques Divertidos,sin_cantidad,39,False,Juguetes de Destreza,,
1984,presentacion,presentacion,E6391. PEPPA PIG. DIVERSION EN LA GRANJA,E6391. Peppa Pig. Diversión en la Granja,sin_cantidad,39,False,Varios,,
1985,presentacion,presentacion,F6735/ F6231 ASST. . TRANSFORMERS. OPTIMUS PRIME,F6735/ F6231 Asst. . Transformers. Optimus Prime,sin_cantidad,39,False,Varios,,
1986,presentacion,presentacion,G0390. POTATO HEAD. EXPRESIONES,G0390. Potato Head. Expresiones,sin_cantidad,39,False,Varios,,
1987,presentacion,presentacion,HGX57. BARBIE. DREAM CLOSET,Hgx57. Barbie. Dream Closet,sin_cantidad,39,False,Varios,,
1988,presentacion,presentacion,HMD78. BARBIE. COLOR REVEAL. CABEZA PARA PEINAR Y ACCESORIOS,Hmd78. Barbie. Color Reveal. Cabeza para Peinar y Accesorios,sin_cantidad,39,False,Varios,,
1989,presentacion,presentacion,JGM12. JURASSIC WORLD. GIGANOTOSAURUS O TYRANNOSAURUS REX O CARNOTAURUS,Jgm12. Jurassic World. Giganotosaurus o Tyrannosaurus Rex o Carnotaurus,sin_cantidad,39,False,Varios,,
1990,presentacion,presentacion,MOD. G022Z01017. CHOCLO (VINIL) COLOR BLANCO NO. 25,Mod. G022z01017. Choclo (Vinil) Color Blanco No. 25,sin_cantidad,39,False,Tenis,,
1991,presentacion,presentacion,W122CE. 12000 BTU S. TIPO VENTANA,W122ce. 12000 Btu´s. Tipo Ventana,sin_cantidad,39,False,Aires Acondicionados,,
1992,presentacion,presentacion,BLANCA MANGA CORTA CUELLO SPORT CON BOLSA. TALLA 12-16 (50% POLIESTER - 50% ALGODON),Blanca Manga Corta Cuello Sport con Bolsa. Talla 12-16 (50% Poliéster - 50% Algodón),sin_cantidad,38,False,Camisa Escuela Oficial,,
1993,presentacion,presentacion,HERO 9 BLACK. FORMATO MICRO SD. PUERTO USB,Hero 9 Black. Formato Micro Sd. Puerto Usb,sin_cantidad,38,False,Videocámaras,,
1994,presentacion,presentacion,K-75XR50. 75 PLGS. LED. PUERTO USB. SMART TV,K-75xr50. 75 Plgs. LED. Puerto USB. Smart TV.,sin_cantidad,38,False,Pantallas,,
1995,presentacion,presentacion,MOD. G022Z01017. CHOCLO (VINIL) COLOR BLANCO NO. 27,Mod. G022z01017. Choclo (Vinil) Color Blanco No. 27,sin_cantidad,38,False,Tenis,,
1996,correccion_texto,presentacion,,Caja 1 Pieza. Met?lico. D900,sin_candidato_unico,38,False,Desengrapadora,,
1997,presentacion,presentacion,6065712. DC. AQUAMAN AND LOST KINGDOM. DOUBLE STRIKE AQUAMAN,6065712. Dc. Aquaman And Lost Kingdom. Double Strike Aquaman,sin_cantidad,37,False,Muñecos Eléctricos,,
1998,presentacion,presentacion,71820. NINJAGO. VEHICULO COMBINADO DEL EQUIPO NINJA,71820. Ninjago. Vehículo Combinado del Equipo Ninja,sin_cantidad,37,False,Juguetes Armables,,
1999,presentacion,presentacion,90429. SUPER MARIO. JUEGO AERONAVE DELUXE DE BOWSER,90429. Super Mario. Juego Aeronave Deluxe de Bowser,sin_cantidad,37,False,Varios,,
2000,presentacion,presentacion,GWT22. IMAGINEXT. JURASSIC WORLD. DINOSAURIO MEGA RUGIDO SALVAJE,Gwt22. Imaginext. Jurassic World. Dinosaurio Mega Rugido Salvaje,sin_cantidad,37,False,Varios,,
2001,presentacion,presentacion,HHN32. THOMAS & FRIENDS. BIDGGEST FRIEND THOMAS,Hhn32. Thomas & Friends. Bidggest Friend Thomas,sin_cantidad,37,False,Varios,,
2002,presentacion,presentacion,VX122C3. 11000 BTU'S. TIPO MINISPLIT. DUAL INVERTER,Vx122c3. 11000 Btu's. Tipo Minisplit. Dual Inverter,sin_cantidad,37,False,Aires Acondicionados,,
2003,presentacion,presentacion,14-DQ0505LA. LAPTOP (GRIS). INTEL PENTIUM SILVER/WINDOWS 11. DISCO DURO 256 GB SSD/MEMORIA RAM 8 GB. 14 PLGS,14-dq0505la. Laptop (gris). Intel Pentium Silver/windows 11. Disco Duro 256 Gb Ssd/memoria Ram 8 Gb. 14 Plgs.,sin_cantidad,36,False,Computadoras Portátiles,,
2004,presentacion,presentacion,17560. THE SIMPSONS. HOMER SHELF TALKERS,17560. The Simpsons. Homer Shelf Talkers,sin_cantidad,36,False,Muñecos Eléctricos,,
2005,presentacion,presentacion,17561. THE SIMPSONS. BART SHELF TALKERS,17561. The Simpsons. Bart Shelf Talkers,sin_cantidad,36,False,Muñecos Eléctricos,,
2006,presentacion,presentacion,31137. CREATOR. CANES ADORABLES,31137. Creator. Canes Adorables,sin_cantidad,36,False,Juguetes Armables,,
2007,presentacion,presentacion,E3688. BABY ALIVE. BEBE SONIDITOS,E3688. Baby Alive. Bebé Soniditos,sin_cantidad,36,False,Muñecas Eléctricas,,
2008,presentacion,presentacion,HJW75. LITTLE PEOPLE. DISNEY PRINCESS (7 PACK),Hjw75. Little People. Disney Princess (7 Pack),sin_cantidad,36,False,Varios,,
2009,presentacion,presentacion,14-DQ2521LA. LAPTOP (PLATA). INTEL CORE I3/ WINDOWS 11. DISCO DURO 256 GB SSD/MEMORIA RAM 8 GB. 14 PLGS,14-dq2521la. Laptop (plata). Intel Core I3/ Windows 11. Disco Duro 256 Gb Ssd/memoria Ram 8 Gb. 14 Plgs.,sin_cantidad,35,False,Computadoras Portátiles,,
2010,presentacion,presentacion,F3507. FUR REAL. ROCKALOTS,F3507. Fur Real. Rockalots,sin_cantidad,35,False,Varios,,
2011,presentacion,presentacion,HJB40. TOY STORY. BUZZ LIGHYEAR ACCION CORTADORA,Hjb40. Toy Story. Buzz Lighyear Acción Cortadora,sin_cantidad,35,False,Muñecos Eléctricos,,
2012,presentacion,presentacion,HRY15. BARBIE. CUTIE REVEAL. SET DE REGALO DE PIJAMADA,Hry15. Barbie. Cutie Reveal. Set de Regalo de Pijamada,sin_cantidad,35,False,Varios,,
2013,presentacion,presentacion,MOD. G022Z01018. CHOCLO (VINIL) COLOR BLANCO NO. 23,Mod. G022z01018. Choclo (Vinil) Color Blanco No. 23,sin_cantidad,35,False,Tenis,,
2014,presentacion,presentacion,X BOX. SERIES X. 1 TB. SIN JUEGO INCLUIDO,X Box. Series X. 1 Tb. Sin Juego Incluido,sin_cantidad,35,False,Electrónicos de Video,,
2015,presentacion,presentacion,#6072060. MONSTER JAM. RC EL TORO LOCO,#6072060. Monster Jam. Rc el Toro Loco,sin_cantidad,34,False,Motos y Carros Eléctricos,,
2016,presentacion,presentacion,#6072592. COOL MARKER. TALLER DE PULSERAS,#6072592. Cool Marker. Taller de Pulseras,sin_cantidad,34,False,Varios,,
2017,presentacion,presentacion,ART. NAC 54000. NANCY. NAILS STYLE,Art. Nac 54000. Nancy. Nails Style,sin_cantidad,34,False,Muñecas,,
2018,presentacion,presentacion,F7454. SPIDEY AND HIS AMAZING FRIENDS. SPIDEY BOLIDO ARACNIDO,F7454. Spidey And His Amazing Friends. Spidey Bólido Arácnido,sin_cantidad,34,False,Motos y Carros Mecánicos,,
2019,presentacion,presentacion,HKW11. POLLY POCKET. COLECCION DE MODAS ESTILO SAFARI,Hkw11. Polly Pocket. Colección de Modas Estilo Safari,sin_cantidad,34,False,Varios,,
2020,presentacion,presentacion,MOD. G022Z01018. CHOCLO (VINIL) COLOR BLANCO NO. 25,Mod. G022z01018. Choclo (Vinil) Color Blanco No. 25,sin_cantidad,34,False,Tenis,,
2021,presentacion,presentacion,XBOX SERIES X. STREET FIGHTER,Xbox Series X. Street Fighter,sin_cantidad,34,False,Videojuegos,,
2022,presentacion,presentacion,11203. BLUEY. CASA FAMILIAR DE BLUEY,11203. Bluey. Casa Familiar de Bluey,sin_cantidad,33,False,Juguetes Armables,,
2023,presentacion,presentacion,70170 O 9220. GHOSTBUSTERS. ECTO 1,70170 o 9220. Ghostbusters. Ecto 1,sin_cantidad,33,False,Varios,,
2024,presentacion,presentacion,76304. BATMAN. BATIMOVIL DE BATMAN ETERNAMENTE,76304. Batman. Batimóvil de Batman Eternamente,sin_cantidad,33,False,Juguetes Armables,,
2025,presentacion,presentacion,GTN61. BARBIE. CLINICA MEDICA,Gtn61. Barbie. Clínica Médica,sin_cantidad,33,False,Muñecas,,
2026,presentacion,presentacion,HDY58. THOMAS & FRIENDS. FIX EM UP FRIENDS,Hdy58. Thomas & Friends. Fix´ Em Up Friends,sin_cantidad,33,False,Varios,,
2027,presentacion,presentacion,HMC04. TRACK BUILDER. PAQUETE DE ACROBACIAS EN LLAMAS,Hmc04. Track Builder. Paquete de Acrobacias en Llamas,sin_cantidad,33,False,Autopistas,,
2028,presentacion,presentacion,HMK01. SKATE. CONJUNTO DE SKATE OCTOPARK,Hmk01. Skate. Conjunto de Skate Octopark,sin_cantidad,33,False,Autopistas,,
2029,presentacion,presentacion,HNT95. POKEMON. CONJUNTO DE EVOLUCION DE MAGIKARP,Hnt95. Pokémon. Conjunto de Evolución de Magikarp,sin_cantidad,33,False,Juguetes Armables,,
2030,presentacion,presentacion,SONY PS4. EA SPORTS. F1 23,Sony Ps4. Ea Sports. F1 23,sin_cantidad,33,False,Videojuegos,,
2031,presentacion,presentacion,#6067084/#20142213. RUBBLE & CREW. RUBBLE S CONSTRUCTION FAMILY GIFT PACK,#6067084/#20142213. Rubble & Crew. Rubble´s Construction Family Gift Pack,sin_cantidad,32,False,Varios,,
2032,presentacion,presentacion,GNB14. IMAGINEXT. JURASSIC WORLD. T REX MORDIDA FEROZ,Gnb14. Imaginext. Jurassic World. T Rex Mordida Feroz,sin_cantidad,32,False,Varios,,
2033,presentacion,presentacion,HLW90. DISNEY MOANA 2. SET DE CUENTOS DE MOANA,Hlw90. Disney Moana 2. Set de Cuentos de Moana,sin_cantidad,32,False,Varios,,
2034,presentacion,presentacion,MOD. EF 0101. CHOCLO COLOR BLANCO CON FRANJAS (ROSE GOLD) NO. 25,Mod. Ef 0101. Choclo Color Blanco con Franjas (Rose Gold) No. 25,sin_cantidad,32,False,Tenis,,
2035,presentacion,presentacion,#6073986. TECH DECK. SHRED N BLAST SK8BOARD,#6073986. Tech Deck. Shred N´ Blast Sk8board,sin_cantidad,31,False,Muñecos Eléctricos,,
2036,presentacion,presentacion,26476-FO-R0. LITTLE LIVE PETS. MI BORREGUITO MASCOTA,26476-fo-r0. Little Live Pets. Mi Borreguito Mascota,sin_cantidad,31,False,Varios,,
2037,presentacion,presentacion,AMD88. BARBIE. CABEZA PARA PEINAR Y ACCESORIOS,Amd88. Barbie. Cabeza para Peinar y Accesorios,sin_cantidad,31,False,Varios,,
2038,presentacion,presentacion,F5955. STAR WARS. OBI-WAN KENOBI O DARTH VADER,F5955. Star Wars. Obi-wan Kenobi o Darth Vader,sin_cantidad,31,False,Muñecos Eléctricos,,
2039,presentacion,presentacion,GALAXY TAB A8 O SM-X200. 10.5 PLGS. MEMORIA INTERNA 64 GB. MEMORIA RAM 4 GB,Galaxy Tab A8 o Sm-x200. 10.5 Plgs. Memoria Interna 64 Gb. Memoria Ram 4 Gb,sin_cantidad,31,False,Tablet,,
2040,presentacion,presentacion,HFK88. HOT WHEELS. MONSTER TRUCKS. TIGER SHARK CHOMP COURSE,Hfk88. Hot Wheels. Monster Trucks. Tiger Shark Chomp Course,sin_cantidad,31,False,Juguetes Armables,,
2041,presentacion,presentacion,HBFS40-07R. 16 PGLS. PEDESTAL. 3 VELOCIDADES,Hbfs40-07r. 16 Pgls. Pedestal. 3 Velocidades,sin_cantidad,30,False,Ventiladores,,
2042,presentacion,presentacion,HDP51. DISNEY PRINCESS. SET DE ATUENDOS DE CUENTOS DE HADAS,Hdp51. Disney Princess. Set de Atuendos de Cuentos de Hadas,sin_cantidad,30,False,Varios,,
2043,presentacion,presentacion,MOD. G022Z01018. CHOCLO (VINIL) COLOR BLANCO NO. 27,Mod. G022z01018. Choclo (Vinil) Color Blanco No. 27,sin_cantidad,30,False,Tenis,,
2044,presentacion,presentacion,#6058281. PAW PATROL. ADVENTURE BAY RESCUE WAY,#6058281. Paw Patrol. Adventure Bay Rescue Way,sin_cantidad,29,False,Autopistas,,
2045,presentacion,presentacion,176045. JUEGO DE FORMAS Y COLORES. SHAPE SORTER PIXAR. NAVE DE BUZZ LIGHTYEAR,176045. Juego de Formas y Colores. Shape Sorter Pixar. Nave de Buzz Lightyear,sin_cantidad,29,False,Juguetes Educativos,,
2046,presentacion,presentacion,71193. CITY ACTION. PARQUE DE BOMBEROS,71193. City Action. Parque de Bomberos,sin_cantidad,29,False,Varios,,
2047,presentacion,presentacion,71620. GARAGE VESPA ANOS 60,71620. Garage Vespa Años 60,sin_cantidad,29,False,Varios,,
2048,presentacion,presentacion,BLANCA MANGA CORTA CUELLO SPORT. TALLA 12-16 (50% POLIESTER - 50% ALGODON),Blanca Manga Corta Cuello Sport. Talla 12-16 (50% Poliéster - 50% Algodón),sin_cantidad,29,False,Blusa Escuela Oficial,,
2049,presentacion,presentacion,HHM94. EVEN BIGGER BUILDING BAG 300 BLOCKS,Hhm94. Even Bigger Building Bag 300 Blocks,sin_cantidad,29,False,Juguetes Armables,,
2050,presentacion,presentacion,JDP64. DISNEY PRINCESS. BELLA. CASTILLO,Jdp64. Disney Princess. Bella. Castillo,sin_cantidad,29,False,Varios,,
2051,presentacion,presentacion,JFV05. POLY POCKET. COLLECTOR. PEANUTS,Jfv05. Poly Pocket. Collector. Peanuts,sin_cantidad,29,False,Varios,,
2052,presentacion,presentacion,MOD. MLDYTUR1017-L. CHOCLO COLOR BLANCO NO. 25,Mod. Mldytur1017-l. Choclo Color Blanco No. 25,sin_cantidad,29,False,Tenis,,
2053,presentacion,presentacion,SONY PS5. STREET FIGHTER,Sony Ps5. Street Fighter,sin_cantidad,29,False,Videojuegos,,
2054,presentacion,presentacion,119845. L.O.L. SURPRISE. BUBBLE SURPRISE,119845. L.o.l. Surprise. Bubble Surprise,sin_cantidad,28,False,Varios,,
2055,presentacion,presentacion,71418. PIRATES. BARCO PIRATA,71418. Pirates. Barco Pirata,sin_cantidad,28,False,Varios,,
2056,presentacion,presentacion,85U7QG. 85 PLGS. MINILED. PUERTO USB. SMART TV,85u7qg. 85 Plgs. Miniled. Puerto USB. Smart TV.,sin_cantidad,28,False,Pantallas,,
2057,presentacion,presentacion,BLANCA MANGA CORTA CUELLO SPORT. TALLA 6-10 (50% POLIESTER - 50% ALGODON),Blanca Manga Corta Cuello Sport. Talla 6-10 (50% Poliéster - 50% Algodón),sin_cantidad,28,False,Blusa Escuela Oficial,,
2058,presentacion,presentacion,F4055. TRANSFORMERS. RISE OF THE BEAST. BUMBLEBBE,F4055. Transformers. Rise Of The Beast. Bumblebbe,sin_cantidad,28,False,Varios,,
2059,presentacion,presentacion,GJM72. BARBIE. YOU CAN BE ANYTHING. GIMNASTA,Gjm72. Barbie. You Can Be Anything. Gimnasta,sin_cantidad,28,False,Muñecas,,
2060,presentacion,presentacion,MATE PAD T10 O AGRK-W09. 9.7 PLGS. MEMORIA INTERNA 32 GB. MEMORIA RAM 2 GB,Mate Pad T10 o Agrk-w09. 9.7 Plgs. Memoria Interna 32 Gb. Memoria Ram 2 Gb,sin_cantidad,28,False,Tablet,,
2061,presentacion,presentacion,76314. MARVEL. BATALLA DEL CAPITAN AMERICA: CIVIL WAR,76314. Marvel. Batalla del Capitán América: Civil War,sin_cantidad,27,False,Juguetes Armables,,
2062,presentacion,presentacion,76415. HARRY POTTER. BATALLA DE HOGWARTS,76415. Harry Potter. Batalla de Hogwarts,sin_cantidad,27,False,Juguetes Armables,,
2063,presentacion,presentacion,ART. 700017101. NENUCO. SIENTE SU CORAZON,Art. 700017101. Nenuco. Siente Su Corazón,sin_cantidad,27,False,Muñecas Eléctricas,,
2064,presentacion,presentacion,ASST. GLX80. DISNEY. PIXAR. TOY STORY. WOODY,Asst. Glx80. Disney. Pixar. Toy Story. Woody,sin_cantidad,27,False,Muñecos,,
2065,presentacion,presentacion,GALAXY TAB A7 O SM-T500. 10.4 PLGS. MEMORIA INTERNA 32 GB. MEMORIA RAM 3 GB,Galaxy Tab A7 o Sm-t500. 10.4 Plgs. Memoria Interna 32 Gb. Memoria Ram 3 Gb,sin_cantidad,27,False,Tablet,,
2066,presentacion,presentacion,HCM82. BARBIE. SPA MASCARILLA BRILLANTE,Hcm82. Barbie. Spa Mascarilla Brillante,sin_cantidad,27,False,Muñecas,,
2067,presentacion,presentacion,HLW96. DISNEY PRINCESS. SET DE CUENTOS DE ARIEL Y SUS HERMANAS,Hlw96. Disney Princess. Set de Cuentos de Ariel y Sus Hermanas,sin_cantidad,27,False,Varios,,
2068,presentacion,presentacion,VR182CW. 18000 BTU S. TIPO MINISPLIT. DUAL INVERTER,Vr182cw. 18000 Btu´s. Tipo Minisplit. Dual Inverter,sin_cantidad,27,False,Aires Acondicionados,,
2069,presentacion,presentacion,#6065255. PAW PATROL. ALL PAWS. GIFT SET,#6065255. Paw Patrol. All Paws. Gift Set,sin_cantidad,26,False,Varios,,
2070,presentacion,presentacion,76909. SPEED. CHAMPIONS. MERCEDES-AM GF1 W12 E PERFORMANCE Y MERCEDES-AMG PROJECT ONE,76909. Speed. Champions. Mercedes-am Gf1 W12 e Performance y Mercedes-amg Project One,sin_cantidad,26,False,Juguetes Armables,,
2071,presentacion,presentacion,F 3365 AST. MARVEL. THOR LOVE AND THUNDER. THOR,F 3365 Ast. Marvel. Thor Love And Thunder. Thor,sin_cantidad,26,False,Muñecos,,
2072,presentacion,presentacion,F2078. MY LITTLE PONY. COLECCION MIS AMIGAS FAVORITAS,F2078. My Little Pony. Colección Mis Amigas Favoritas,sin_cantidad,26,False,Varios,,
2073,presentacion,presentacion,HLW20. DISNEY. PRINCESS. CARRITO HORA DEL TE DE BELLA,Hlw20. Disney. Princess. Carrito Hora del Té de Bella,sin_cantidad,26,False,Muñecas,,
2074,presentacion,presentacion,HLW95. DISNEY PRINCESS.. CASTILLO APLILABLE DE ARIEL TIERRA Y MAR,Hlw95. Disney Princess.. Castillo Aplilable de Ariel Tierra y Mar,sin_cantidad,26,False,Varios,,
2075,presentacion,presentacion,HPH64. PIXAR CARS. MOVING MOMENTS. RAYO MCQUEEN,Hph64. Pixar Cars. Moving Moments. Rayo Mcqueen,sin_cantidad,26,False,Motos y Carros Mecánicos,,
2076,presentacion,presentacion,JCG13. HAMMOND COLLECTION. ALLOSAURUS,Jcg13. Hammond Collection. Allosaurus,sin_cantidad,26,False,Varios,,
2077,presentacion,presentacion,JFF05. BARNEY S WORLD. HEART HANDS BARNEY,Jff05. Barney´s World. Heart Hands Barney,sin_cantidad,26,False,Muñecos Eléctricos,,
2078,presentacion,presentacion,MOD. G222Z01007. CHOCLO COLOR BLANCO NO. 21,Mod. G222z01007. Choclo Color Blanco No. 21,sin_cantidad,26,False,Tenis,,
2079,presentacion,presentacion,MOD. G222Z01007. CHOCLO COLOR BLANCO NO. 23,Mod. G222z01007. Choclo Color Blanco No. 23,sin_cantidad,26,False,Tenis,,
2080,presentacion,presentacion,MOD. G222Z01007. CHOCLO COLOR BLANCO NO. 25,Mod. G222z01007. Choclo Color Blanco No. 25,sin_cantidad,26,False,Tenis,,
2081,presentacion,presentacion,MOD. MLDYTUR1017-L. CHOCLO COLOR BLANCO NO. 23,Mod. Mldytur1017-l. Choclo Color Blanco No. 23,sin_cantidad,26,False,Tenis,,
2082,presentacion,presentacion,XBOX ONE. EA SPORTS. MADDEN NFL 24,Xbox One. Ea Sports. Madden Nfl 24,sin_cantidad,26,False,Videojuegos,,
2083,presentacion,presentacion,#6069755. GABBY S DOLLHOUSE. GABBY S PARTY ROOM PLAY SET,#6069755. Gabby´s Dollhouse. Gabby´s Party Room Play Set,sin_cantidad,25,False,Varios,,
2084,presentacion,presentacion,CM0910BKD. CAPACIDAD 12 TAZAS,Cm0910bkd. Capacidad 12 Tazas,sin_cantidad,25,False,Cafeteras,,
2085,presentacion,presentacion,F5855. NERF. DINOSQUAD. ARMORSTRIKE,F5855. Nerf. Dinosquad. Armorstrike,sin_cantidad,25,False,Varios,,
2086,presentacion,presentacion,GMR16. IMAGINEXT. JURASSIC WORLD. INDOMINUS REX,Gmr16. Imaginext. Jurassic World. Indominus Rex,sin_cantidad,25,False,Varios,,
2087,presentacion,presentacion,HHB70. BARBIE. KITTY CONDO,Hhb70. Barbie. Kitty Condo,sin_cantidad,25,False,Muñecas,,
2088,presentacion,presentacion,HKD79. BARBIE. SKIPPER. FIRST JOBS,Hkd79. Barbie. Skipper. First Jobs,sin_cantidad,25,False,Muñecas,,
2089,presentacion,presentacion,HRC34. THOMAS & FRIENDS. SET DE TREN PARLANTE DE CRANKY DELIVERY,Hrc34. Thomas & Friends. Set de Tren Parlante de Cranky Delivery,sin_cantidad,25,False,Varios,,
2090,presentacion,presentacion,KD-65X75K. 65 PLGS. LED. PUERTO USB. SMART TV,Kd-65x75k. 65 Plgs. Led. Puerto Usb. Smart Tv.,sin_cantidad,25,False,Pantallas,,
2091,presentacion,presentacion,MOD. EF 0101. CHOCLO COLOR BLANCO CON FRANJAS (ROSE GOLD) NO. 27,Mod. Ef 0101. Choclo Color Blanco con Franjas (Rose Gold) No. 27,sin_cantidad,25,False,Tenis,,
2092,presentacion,presentacion,MOD. MLDYTUR1017-L. CHOCLO COLOR BLANCO NO. 21,Mod. Mldytur1017-l. Choclo Color Blanco No. 21,sin_cantidad,25,False,Tenis,,
2093,presentacion,presentacion,WFR 7100 D00. 30 PLGS. 6 QUEMADORES ENCENDIDO ELECTRONICO. COLOR ACERO,Wfr 7100 D00. 30 Plgs. 6 Quemadores Encendido Electrónico. Color Acero,sin_cantidad,25,False,Estufas,,
2094,presentacion,presentacion,#6067474/#20142922. DC. ARMOR- UP. BATMAN MASK,#6067474/#20142922. Dc. Armor- Up. Batman Mask,sin_cantidad,24,False,Varios,,
2095,presentacion,presentacion,13024 O 88182. BLUEY. BLUEY S FAMILY HOME,13024 o 88182. Bluey. Bluey´s Family Home,sin_cantidad,24,False,Varios,,
2096,presentacion,presentacion,6065074. GABBY S DOLLHOUSE. HORNO PARA ELABORAR CREACIONES CON CAKEY,6065074. Gabby´s Dollhouse. Horno para Elaborar Creaciones con Cakey,sin_cantidad,24,False,Varios,,
2097,presentacion,presentacion,ART. NFN 20000. NENUCO. GAFAS,Art. Nfn 20000. Nenuco. Gafas,sin_cantidad,24,False,Muñecas,,
2098,presentacion,presentacion,ART. PNY 48000. PINYPON. TERRIFIC,Art. Pny 48000. Pinypon. Terrific,sin_cantidad,24,False,Varios,,
2099,presentacion,presentacion,F0803. NERF. DINOSQUAD. TRICERA-BLAST,F0803. Nerf. Dinosquad. Tricera-blast,sin_cantidad,24,False,Varios,,
2100,presentacion,presentacion,F3840. TITAN HERO SERIES. SPIDER-MAN. THE SPOT,F3840. Titan Hero Series. Spider-man. The Spot,sin_cantidad,24,False,Muñecos,,
2101,presentacion,presentacion,HGP33. TRIBOT. ROBOT DE APRENDIZAJE,Hgp33. Tribot. Robot de Aprendizaje,sin_cantidad,24,False,Juguetes Educativos,,
2102,presentacion,presentacion,HJL90. LITTLE PEOPLE. CAMPER DE AVENTURAS Y APRENDIZAJE,Hjl90. Little People. Camper de Aventuras y Aprendizaje,sin_cantidad,24,False,Motos y Carros Eléctricos,,
2103,presentacion,presentacion,HNC08. MINECRAFT. EL DEVORADOR,Hnc08. Minecraft. el Devorador,sin_cantidad,24,False,Varios,,
2104,presentacion,presentacion,SONY PS5. MORTAL 1 KOMBAT,Sony Ps5. Mortal 1 Kombat,sin_cantidad,24,False,Videojuegos,,
2105,presentacion,presentacion,13009. BLUEY. BLUEY Y FAMILIA,13009. Bluey. Bluey y Familia,sin_cantidad,23,False,Varios,,
2106,presentacion,presentacion,ART. 700017205. NENUCO. PANAL MAGICO,Art. 700017205. Nenuco. Pañal Mágico,sin_cantidad,23,False,Muñecas Eléctricas,,
2107,presentacion,presentacion,AZUL MARINO. 12-16. 100% POLIESTER. PANTALON Y CHAMARRA. LISO O CON FILO BLANCO O FRANJAS BLANCO Y ROJO,Azul Marino. 12-16. 100% Poliester. Pantalón y Chamarra. Liso o con Filo Blanco o Franjas Blanco y Rojo,sin_cantidad,23,False,Conjunto de Pants Deportivo Escolar,,
2108,presentacion,presentacion,F6313. NERF SUPER SOAKER. DINOSQUAD. TERRODAK,F6313. Nerf Super Soaker. Dinosquad. Terrodak,sin_cantidad,23,False,Varios,,
2109,presentacion,presentacion,GALAXY TAB S9 FE O SM-X510. 10.9 PLGS. MEMORIA INTERNA 128 GB. MEMORIA RAM 6 GB,Galaxy Tab S9 Fe o Sm-x510. 10.9 Plgs. Memoria Interna 128 Gb. Memoria Ram 6 Gb.,sin_cantidad,23,False,Tablet,,
2110,presentacion,presentacion,HHN04. DISNEY. PIXAR. CARS. AVENTURA DE CARRERAS DEL RAYO MCQUEEN,Hhn04. Disney. Pixar. Cars. Aventura de Carreras del Rayo Mcqueen,sin_cantidad,23,False,Juguetes Armables,,
2111,presentacion,presentacion,HJY88. BARBIE CHELSEA. FIESTA DE PERRITOS,Hjy88. Barbie Chelsea. Fiesta de Perritos,sin_cantidad,23,False,Varios,,
2112,presentacion,presentacion,HMB23-9665. JEEP WRANGLER,Hmb23-9665. Jeep Wrangler,sin_cantidad,23,False,Juguetes Montables Eléctricos,,
2113,presentacion,presentacion,HT3128MX. PEDESTAL. 5 VELOCIDADES. TAZON ACERO INOXIDABLE,Ht3128mx. Pedestal. 5 Velocidades. Tazón Acero Inoxidable,sin_cantidad,23,False,Batidoras,,
2114,presentacion,presentacion,MOD. G222Z01008. CHOCLO COLOR BLANCO NO. 27,Mod. G222z01008. Choclo Color Blanco No. 27,sin_cantidad,23,False,Tenis,,
2115,correccion_texto,nombre_comercial,,Pescadería Mu?oz Matriz,sin_candidato_unico,23,False,Almeja,,
2116,correccion_texto,nombre_comercial,,Pescadería Vi?a del Mar,sin_candidato_unico,23,False,Almeja,,
2117,presentacion,presentacion,#6072961. PAW PATROL. FIRE RESCUE TEAM PACK,#6072961. Paw Patrol. Fire Rescue Team Pack,sin_cantidad,22,False,Varios,,
2118,presentacion,presentacion,14-DQ2522LA. LAPTOP (PLATA). INTEL CORE I5/ WINDOWS 11. DISCO DURO 256 GB SSD/MEMORIA RAM 8 GB. 14 PLGS,14-dq2522la. Laptop (plata). Intel Core I5/ Windows 11. Disco Duro 256 Gb Ssd/memoria Ram 8 Gb. 14 Plgs.,sin_cantidad,22,False,Computadoras Portátiles,,
2119,presentacion,presentacion,ART. NAC 23000. NANCY. NEON,Art. Nac 23000. Nancy. Neón,sin_cantidad,22,False,Muñecas,,
2120,presentacion,presentacion,6063925. STICH N STYLE. COOL MARKER,6063925. Stich ´n Style. Cool Marker,sin_cantidad,21,False,Varios,,
2121,presentacion,presentacion,ART. 700017206. NENUCO. DE PASEO CON MATEO,Art. 700017206. Nenuco. de Paseo con Mateo,sin_cantidad,21,False,Muñecas,,
2122,presentacion,presentacion,HLH23. ENCHANTIMALS. BABY BEST FRIENDS. CONJUNTO DE JUEGO GUARDERIA DE MONADAS,Hlh23. Enchantimals. Baby Best Friends. Conjunto de Juego Guarderia de Monadas,sin_cantidad,21,False,Varios,,
2123,presentacion,presentacion,HPL70. BARBIE CHELSEA. CASA DEL ARBOL,Hpl70. Barbie Chelsea. Casa del Árbol,sin_cantidad,21,False,Varios,,
2124,presentacion,presentacion,MOD. G222Z01007. CHOCLO COLOR BLANCO NO. 27,Mod. G222z01007. Choclo Color Blanco No. 27,sin_cantidad,21,False,Tenis,,
2125,presentacion,presentacion,MOD. G222Z01008. CHOCLO COLOR BLANCO NO. 23,Mod. G222z01008. Choclo Color Blanco No. 23,sin_cantidad,21,False,Tenis,,
2126,presentacion,presentacion,0230125. PATIN/SCOOTER. FROZEN. ELSA O ANNA,0230125. Patin/scooter. Frozen. Elsa o Anna,sin_cantidad,20,False,Juguetes Montables,,
2127,presentacion,presentacion,76416. HARRY POTTER. BAUL DE QUIDDITCH,76416. Harry Potter. Baúl de Quidditch,sin_cantidad,20,False,Juguetes Armables,,
2128,presentacion,presentacion,89778. MAGIC MIXIES. MAGIC GENIE LAMP,89778. Magic Mixies. Magic Genie Lamp,sin_cantidad,20,False,Varios,,
2129,presentacion,presentacion,ART. 700015075. PINYPON. CODICE MAGICO. NIGHT LIGHT,Art. 700015075. Pinypon. Códice Mágico. Night Light,sin_cantidad,20,False,Muñecas Eléctricas,,
2130,presentacion,presentacion,AZUL MARINO. 6-10. 100% POLIESTER. PANTALON Y CHAMARRA. LISO O CON FILO BLANCO O FRANJAS BLANCO Y ROJO,Azul Marino. 6-10. 100% Poliester. Pantalón y Chamarra. Liso o con Filo Blanco o Franjas Blanco y Rojo,sin_cantidad,20,False,Conjunto de Pants Deportivo Escolar,,
2131,presentacion,presentacion,F0086. FUTBOLCESTO,F0086. Futbolcesto,sin_cantidad,20,False,Juegos de Mesa,,
2132,presentacion,presentacion,GYR77. MINECRAFT. GUARDIA DEL PORTAL,Gyr77. Minecraft. Guardia del Portal,sin_cantidad,20,False,Varios,,
2133,presentacion,presentacion,HDL86. POKEMON. RUINAS DE LA JUNGLA,Hdl86. Pokémon. Ruinas de la Jungla,sin_cantidad,20,False,Juguetes Armables,,
2134,presentacion,presentacion,HPD81. DISNEY.PIXAR CARS. PLAYSET. ACCION EN LA COPA PISTON,Hpd81. Disney.pixar Cars. Playset. Acción en la Copa Pistón,sin_cantidad,20,False,Autopistas,,
2135,presentacion,presentacion,MOD. ART EF0103 O EF0103. CHOCLO COLOR BLANCO CON FRANJAS NEGRAS NO. 23,Mod. Art Ef0103 o Ef0103. Choclo Color Blanco con Franjas Negras No. 23,sin_cantidad,20,False,Tenis,,
2136,presentacion,presentacion,MOD. G222Z01008. CHOCLO COLOR BLANCO NO. 21,Mod. G222z01008. Choclo Color Blanco No. 21,sin_cantidad,20,False,Tenis,,
2137,presentacion,presentacion,TSSTTV35FDMAFNS O TSSTTV35FDMAFNS-1MX,Tssttv35fdmafns o Tssttv35fdmafns-1mx,sin_cantidad,20,False,Horno Eléctrico,,
2138,presentacion,presentacion,DWJ68 O ASST. DYH16. BARBIE. Y SU PERRITO POPO,Dwj68 o Asst. Dyh16. Barbie. y Su Perrito Popó,sin_cantidad,19,False,Muñecas,,
2139,presentacion,presentacion,EMH 7613 DBS0A. FRENTE 30 PLGS. 6 QUEMADORES. ENCENDIDO ELECTRONICO. COLOR ACERO,Emh 7613 Dbs0a. Frente 30 Plgs. 6 Quemadores. Encendido Electrónico. Color Acero,sin_cantidad,19,False,Estufas,,
2140,presentacion,presentacion,F6213. PJ MASKS. POWER HEROES. SUPER GATO-MOVIL,F6213. Pj Masks. Power Heroes. Súper Gato-móvil,sin_cantidad,19,False,Motos y Carros Eléctricos,,
2141,presentacion,presentacion,HCF85. ENCHANTIMALS. CONEJOMOVIL,Hcf85. Enchantimals. Conejomóvil,sin_cantidad,19,False,Motos y Carros Mecánicos,,
2142,presentacion,presentacion,HNL37. BARBIE. LITTLE PEOPLE. COCHE DE PLAYA,Hnl37. Barbie. Little People. Coche de Playa,sin_cantidad,19,False,Motos y Carros Mecánicos,,
2143,presentacion,presentacion,MOD. ART EF0103 O EF0103. CHOCLO COLOR BLANCO CON FRANJAS NEGRAS NO. 25,Mod. Art Ef0103 o Ef0103. Choclo Color Blanco con Franjas Negras No. 25,sin_cantidad,19,False,Tenis,,
2144,presentacion,presentacion,MOD. G222Z01008. CHOCLO COLOR BLANCO NO. 25,Mod. G222z01008. Choclo Color Blanco No. 25,sin_cantidad,19,False,Tenis,,
2145,presentacion,presentacion,542766-EUCMM. L.O.L. SURPRISE! O.M.G. THE POWER PUFF GIRLS,542766-eucmm. L.o.l. Surprise! O.m.g. The Power Puff Girls,sin_cantidad,18,False,Muñecas,,
2146,presentacion,presentacion,643194 EUC. CREATIVE CHEFS. KIT DE HAMBUSRGUESAS CON QUESO Y PATATAS FRITAS,643194 Euc. Creative Chefs. Kit de Hambusrguesas con Queso y Patatas Fritas,sin_cantidad,18,False,Varios,,
2147,presentacion,presentacion,643293 EUC. CREATIVE CHEFS. KIT DE JUGO DE TE,643293 Euc. Creative Chefs. Kit de Jugo de Té,sin_cantidad,18,False,Varios,,
2148,presentacion,presentacion,ASST. HHG51. BARBIE. MERMAID POWER. SIRENA BROOKLYN,Asst. Hhg51. Barbie. Mermaid Power. Sirena Brooklyn,sin_cantidad,18,False,Muñecas,,
2149,presentacion,presentacion,GJG16. PICTIONARY. AIR,Gjg16. Pictionary. Air,sin_cantidad,18,False,Juegos de Mesa,,
2150,presentacion,presentacion,GYV24. IMAGINEXT. DC SUPER FRIENDS. BATICUEVA BAT TECH,Gyv24. Imaginext. Dc Super Friends. Baticueva Bat Tech,sin_cantidad,18,False,Varios,,
2151,presentacion,presentacion,HLV97. DISNEY. PRINCESS. PRINCIPE ERIC,Hlv97. Disney. Princess. Príncipe Eric,sin_cantidad,18,False,Muñecos,,
2152,presentacion,presentacion,HMJ48. DISNEY. FROZEN. CARRITO DE HELADOS DE ELSA Y OLAF,Hmj48. Disney. Frozen. Carrito de Helados de Elsa y Olaf,sin_cantidad,18,False,Muñecas,,
2153,presentacion,presentacion,HPD21 O BLW15. LITTLE MOMMY. TIERNA COMO YO. DISFRAZ,Hpd21 o Blw15. Little Mommy. Tierna Como Yo. Disfraz,sin_cantidad,18,False,Muñecas,,
2154,presentacion,presentacion,HPX38. DISNEY. WISH. ROSAS CASTLE PLAYSET,Hpx38. Disney. Wish. Rosas Castle Playset,sin_cantidad,18,False,Varios,,
2155,presentacion,presentacion,JBL32. DISNEY PRINCESS. SET DE HISTORIAS DE LA SIRENITA,Jbl32. Disney Princess. Set de Historias de la Sirenita,sin_cantidad,18,False,Varios,,
2156,presentacion,presentacion,LP1225IVSM. 12000 BTU S. TIPO PORTATIL. DUAL INVERTER,Lp1225ivsm. 12000 Btu´s. Tipo Portátil. Dual Inverter,sin_cantidad,18,False,Aires Acondicionados,,
2157,presentacion,presentacion,PRIME. 3 UTENSILIOS,Prime. 3 Utensilios,sin_cantidad,18,False,Baterías de Cocina,,
2158,presentacion,presentacion,FWT21. GIMNASIO DE LUXE. PIANO PATADITAS MUSICALES,Fwt21. Gimnasio de Luxe. Piano Pataditas Musicales,sin_cantidad,17,False,Juguetes de Destreza,,
2159,presentacion,presentacion,GALAXY TAB S7 FE O SM-T733. 12.4 PLGS. MEMORIA INTERNA 64 GB. MEMORIA RAM 4 GB,Galaxy Tab S7 Fe o Sm-t733. 12.4 Plgs. Memoria Interna 64 Gb. Memoria Ram 4 Gb,sin_cantidad,17,False,Tablet,,
2160,presentacion,presentacion,SONY PS4. EA SPORTS. MADDEN NFL 24,Sony Ps4. Ea Sports. Madden Nfl 24,sin_cantidad,17,False,Videojuegos,,
2161,presentacion,presentacion,6068258. MONSTER JAM. GRAVE DIGGER (ESCALA 1:15),6068258. Monster Jam. Grave Digger (escala 1:15),sin_cantidad,16,False,Motos y Carros Eléctricos,,
2162,presentacion,presentacion,639661 EUC. CREATIVE CHEFS. KIT PARA HELADO,639661 Euc. Creative Chefs. Kit para Helado,sin_cantidad,16,False,Varios,,
2163,presentacion,presentacion,ASST. HBH42. MY GARDEN BABY. MARIPOSA GATEA CONMIGO,Asst. Hbh42. My Garden Baby. Mariposa Gatea Conmigo,sin_cantidad,16,False,Muñecas Eléctricas,,
2164,presentacion,presentacion,F6927. PLAY-DOH. ESTACION DE CREATIVIDAD PLAY DOH,F6927. Play-doh. Estación de Creatividad Play Doh,sin_cantidad,16,False,Varios,,
2165,presentacion,presentacion,HNC59. HALO. TIROTEO EN LA COMPUERTA,Hnc59. Halo. Tiroteo en la Compuerta,sin_cantidad,16,False,Juguetes Armables,,
2166,presentacion,presentacion,HPK93. X-MEN 97 WOLVERINE,Hpk93. X-men 97 Wolverine,sin_cantidad,16,False,Muñecos Eléctricos,,
2167,presentacion,presentacion,HRJ20. BAT WHEELS. BAM EL BATMOBILE TRANSFORMABLE Y TELEDIRIGIDO,Hrj20. Bat Wheels. Bam el Batmobile Transformable y Teledirigido,sin_cantidad,16,False,Motos y Carros Eléctricos,,
2168,presentacion,presentacion,NINTENDO SWITCH. MINECRAFT LEGENDS DE LUXE EDITION,Nintendo Switch. Minecraft Legends de Luxe Edition,sin_cantidad,16,False,Videojuegos,,
2169,presentacion,presentacion,6064644. AIR HOGS. SUPER SOFT. FLIPPING FRENZY,6064644. Air Hogs. Super Soft. Flipping Frenzy,sin_cantidad,15,False,Motos y Carros Eléctricos,,
2170,presentacion,presentacion,EWC121E. 12000 BTU S. TIPO MINISPLIT. INVERTER,Ewc121e. 12000 Btu´s. Tipo Minisplit. Inverter,sin_cantidad,15,False,Aires Acondicionados,,
2171,presentacion,presentacion,HJK47. RIE Y APRENDE. CENTRO DE DEPORTES. APRENDE CONMIGO,Hjk47. Ríe y Aprende. Centro de Deportes. Aprende Conmigo,sin_cantidad,15,False,Juguetes Educativos,,
2172,presentacion,presentacion,HLH22. ENCHANTIMALS. CITY TAILS. MAIN STREET. CLINICA DE CARLIN CAT,Hlh22. Enchantimals. City Tails. Main Street. Clinica de Carlin Cat,sin_cantidad,15,False,Varios,,
2173,presentacion,presentacion,ITEM: 16944. DISNEY. STITCH. HAWAIIAN,Item: 16944. Disney. Stitch. Hawaiian,sin_cantidad,15,False,Muñecos,,
2174,presentacion,presentacion,VM182C9. 18000 BTU'S. TIPO MINISPLIT. DUAL COOL INVERTER,Vm182c9. 18000 Btu's. Tipo Minisplit. Dual Cool Inverter,sin_cantidad,15,False,Aires Acondicionados,,
2175,presentacion,presentacion,6064884. DC. BLACK ADAM. POWER PUNCH BLACK ADAM,6064884. Dc. Black Adam. Power Punch Black Adam,sin_cantidad,14,False,Muñecos Eléctricos,,
2176,presentacion,presentacion,643316 EUC. CREATIVE CHEFS. KIT DE CENA ITALIANA,643316 Euc. Creative Chefs. Kit de Cena Italiana,sin_cantidad,14,False,Varios,,
2177,presentacion,presentacion,AT122CK. 12000 BTU S. TIPO MINISPLIT,At122ck. 12000 Btu´s. Tipo Minisplit,sin_cantidad,14,False,Aires Acondicionados,,
2178,presentacion,presentacion,BASICS. 5 UTENSILIOS,Basics. 5 Utensilios,sin_cantidad,14,False,Baterías de Cocina,,
2179,presentacion,presentacion,F6903. PLAY-DOH. KITCHEN CREATION.SUPER RESTAURANTE,F6903. Play-doh. Kitchen Creation.súper Restaurante,sin_cantidad,14,False,Varios,,
2180,presentacion,presentacion,GWR34. BARBIE. BUILDING SETS. CASA MALIBU,Gwr34. Barbie. Building Sets. Casa Malibú,sin_cantidad,14,False,Juguetes Armables,,
2181,presentacion,presentacion,HKP97. BARBIE. CUTIE REVEAL SURTIDO DE FANTASIA DE ANIMALES DE LA SELVA,Hkp97. Barbie. Cutie Reveal Surtido de Fantasia de Animales de la Selva,sin_cantidad,14,False,Varios,,
2182,presentacion,presentacion,K-85XR50. 85 PLGS. LED. PUERTO USB. SMART TV,K-85xr50. 85 Plgs. LED. Puerto USB. Smart TV.,sin_cantidad,14,False,Pantallas,,
2183,correccion_texto,presentacion,,(?84wd). 1 Pza,sin_candidato_unico,14,False,Plato Trinche/extendido,,
2184,presentacion,presentacion,71083. DRAGONS. THE NINE REALMS. FEATHERS AND AL,71083. Dragons. The Nine Realms. Feathers And al,sin_cantidad,13,False,Varios,,
2185,presentacion,presentacion,71423. SUPER MARIO. BATALLA CONTRA BOWSITOS EN EL CASTILLO,71423. Súper Mario. Batalla Contra Bowsitos en el Castillo,sin_cantidad,13,False,Juguetes Armables,,
2186,presentacion,presentacion,ART. 700017360. NENUCO. ¿ESTAS BIEN TAPADITO?,Art. 700017360. Nenuco. ¿estás Bien Tapadito?,sin_cantidad,13,False,Muñecas Eléctricas,,
2187,presentacion,presentacion,F1711. PLAY-DOH. DIVERSION ESPACIAL,F1711. Play-doh. Diversión Espacial,sin_cantidad,13,False,Varios,,
2188,presentacion,presentacion,HDP63. HORNITO. MIS PASTELITOS,Hdp63. Hornito. Mis Pastelitos,sin_cantidad,13,False,Varios,,
2189,presentacion,presentacion,HHW83. BARBIE. EXPLORACION CON DELFINES,Hhw83. Barbie. Exploración con Delfines,sin_cantidad,13,False,Juguetes Armables,,
2190,presentacion,presentacion,HNF69. MONSTER HIGH. MONSTER BALL. CLAWDEEN WOLF,Hnf69. Monster High. Monster Ball. Clawdeen Wolf,sin_cantidad,13,False,Muñecas,,
2191,presentacion,presentacion,KDW-7005. USB Y BLUETOOTH. POTENCIA 15 W RMS,Kdw-7005. Usb y Bluetooth. Potencia 15 W Rms,sin_cantidad,13,False,Bocinas Portátiles,,
2192,presentacion,presentacion,X1520. LITTLE MOMMY. APRENDIENDO A IR AL BANO,X1520. Little Mommy. Aprendiendo a Ir al Bano,sin_cantidad,13,False,Muñecas Eléctricas,,
2193,correccion_texto,presentacion,,Art. 700017360. Nenuco. ¿estás Bien Tapadito?,sin_candidato_unico,13,False,Muñecas Eléctricas,,
2194,presentacion,presentacion,15-DY2508LA. LAPTOP (GRIS). INTEL CORE I3/ WINDOWS 10. DISCO DURO 512 GB SSD/MEMORIA RAM 8 GB. 15 PLGS,15-dy2508la. Laptop (gris). Intel Core I3/ Windows 10. Disco Duro 512 Gb Ssd/memoria Ram 8 Gb. 15 Plgs.,sin_cantidad,12,False,Computadoras Portátiles,,
2195,presentacion,presentacion,6060442. PAW PATROL. PAW PATROLLER,6060442. Paw Patrol. Paw Patroller,sin_cantidad,12,False,Motos y Carros Eléctricos,,
2196,presentacion,presentacion,ART. 700016670. NENUCO. ¿UN ERUCTITO?,Art. 700016670. Nenuco. ¿un Eructito?,sin_cantidad,12,False,Muñecas Eléctricas,,
2197,presentacion,presentacion,AZUL MARINO. 12-16 (PUNTO ROMA). 100% ACRILICO. PANTALON Y CHAMARRA. LISO O CON FILO BLANCO O FRANJAS BLANCO Y ROJO,Azul Marino. 12-16 (Punto Roma). 100% Acrilico. Pantalón y Chamarra. Liso o con Filo Blanco o Franjas Blanco y Rojo,sin_cantidad,12,False,Conjunto de Pants Deportivo Escolar,,
2198,presentacion,presentacion,AZUL MARINO. 6-10 (PUNTO ROMA). 100% ACRILICO. PANTALON Y CHAMARRA. LISO O CON FILO BLANCO O FRANJAS BLANCO Y ROJO,Azul Marino. 6-10 (Punto Roma). 100% Acrilico. Pantalón y Chamarra. Liso o con Filo Blanco o Franjas Blanco y Rojo,sin_cantidad,12,False,Conjunto de Pants Deportivo Escolar,,
2199,presentacion,presentacion,C.B. 10638. DIVERTILANDIA,C.b. 10638. Divertilandia,sin_cantidad,12,False,Juegos de Mesa,,
2200,presentacion,presentacion,F2101. PJ MASKS. CUARTEL GENERAL DELUXE,F2101. Pj Masks. Cuartel General Deluxe,sin_cantidad,12,False,Varios,,
2201,presentacion,presentacion,F4985 ASST. MARVEL. SPIDER-MAN. SPIDERMAN VS VENOM,F4985 Asst. Marvel. Spider-man. Spiderman Vs Venom,sin_cantidad,12,False,Muñecos,,
2202,presentacion,presentacion,F5202. PJ MASKS. ATAQUE FELINO,F5202. Pj Masks. Ataque Felino,sin_cantidad,12,False,Varios,,
2203,presentacion,presentacion,GTN 69. LITTLE MOMMY. TIERNA COMO YO,Gtn 69. Little Mommy. Tierna Como Yo,sin_cantidad,12,False,Muñecas,,
2204,presentacion,presentacion,HHK63. MONSTER HIGH. GHOUL MOVILE,Hhk63. Monster High. Ghoul Movile,sin_cantidad,12,False,Motos y Carros Mecánicos,,
2205,presentacion,presentacion,MOD. EF 0211. CHOCLO COLOR BLANCO CON VIVOS ROSA NO. 23,Mod. Ef 0211. Choclo Color Blanco con Vivos Rosa No. 23,sin_cantidad,12,False,Tenis,,
2206,correccion_texto,presentacion,,Art. 700016670. Nenuco. ¿un Eructito?,sin_candidato_unico,12,False,Muñecas Eléctricas,,
2207,presentacion,presentacion,#6068572/#20144717. GABBY S DOLLHOUSE.CRUCERO DE GABBY,#6068572/#20144717. Gabby´s Dollhouse.crucero de Gabby,sin_cantidad,11,False,Varios,,
2208,presentacion,presentacion,71408. SUPER MARIO. CASTILLO DE PEACH,71408. Súper Mario. Castillo de Peach,sin_cantidad,11,False,Juguetes Armables,,
2209,presentacion,presentacion,ASST. HHG51. BARBIE. MERMAID POWER. SIRENA MALIBU,Asst. Hhg51. Barbie. Mermaid Power. Sirena Malibú,sin_cantidad,11,False,Muñecas,,
2210,presentacion,presentacion,HXV22. JUEGO DE CAFETERIA DE MADERA,Hxv22. Juego de Cafetería de Madera,sin_cantidad,11,False,Juguetes Educativos,,
2211,presentacion,presentacion,MOD. 9001. CHOCLO BLANCO NO. 15,Mod. 9001. Choclo Blanco No. 15,sin_cantidad,11,False,Tenis,,
2212,presentacion,presentacion,MOD. 9001. CHOCLO BLANCO NO. 17,Mod. 9001. Choclo Blanco No. 17,sin_cantidad,11,False,Tenis,,
2213,presentacion,presentacion,VM122H9. 12000 BTU'S. TIPO MINISPLIT. DUAL INVERTER,Vm122h9. 12000 Btu's. Tipo Minisplit. Dual Inverter,sin_cantidad,11,False,Aires Acondicionados,,
2214,presentacion,presentacion,F6363. NERF. ELITE 2.0 DOUBLE PUNCH,F6363. Nerf. Elite 2.0 Double Punch,sin_cantidad,10,False,Varios,,
2215,presentacion,presentacion,HPN79. BARBIE. BOTE DE LOS SUENOS MALIBU,Hpn79. Barbie. Bote de los Sueños Malibú,sin_cantidad,10,False,Juguetes Armables,,
2216,presentacion,presentacion,MOD. 9001. CHOCLO BLANCO NO. 19,Mod. 9001. Choclo Blanco No. 19,sin_cantidad,10,False,Tenis,,
2217,presentacion,presentacion,MOD. ART EF0103 O EF0103. CHOCLO COLOR BLANCO CON FRANJAS NEGRAS NO. 27,Mod. Art Ef0103 o Ef0103. Choclo Color Blanco con Franjas Negras No. 27,sin_cantidad,10,False,Tenis,,
2218,presentacion,presentacion,XBOX SERIES X. NBA 2K 24. EDICION KOBE BRAYANT,Xbox Series X. Nba 2k 24. Edición Kobe Brayant,sin_cantidad,10,False,Videojuegos,,
2219,presentacion,presentacion,171399. DISNEY. FANTASIA. APRENDIZ DE MAGO,171399. Disney. Fantasia. Aprendiz de Mago,sin_cantidad,9,False,Muñecos,,
2220,presentacion,presentacion,6062103. PAW PATROL. CASTILLO HQ,6062103. Paw Patrol. Castillo Hq,sin_cantidad,9,False,Varios,,
2221,presentacion,presentacion,71793. NINJAGO. DRAGON DE LAVA TRANSFORMABLE DE HEATWAVE,71793. Ninjago. Dragón de Lava Transformable de Heatwave,sin_cantidad,9,False,Juguetes Armables,,
2222,presentacion,presentacion,AZUL MARINO. 28-32. 100% POLIESTER. PANTALON Y CHAMARRA. LISO O CON FILO BLANCO O FRANJAS BLANCO Y ROJO,Azul Marino. 28-32. 100% Poliester. Pantalón y Chamarra. Liso o con Filo Blanco o Franjas Blanco y Rojo,sin_cantidad,9,False,Conjunto de Pants Deportivo Escolar,,
2223,presentacion,presentacion,E 1363. MARVEL ESTUDIOS. BLACK PANTHER,E 1363. Marvel Estudios. Black Panther,sin_cantidad,9,False,Muñecos,,
2224,presentacion,presentacion,HHD19. HOT WHEELS. MONSTER TRUCKS. CAMION DE CARRERAS,Hhd19. Hot Wheels. Monster Trucks. Camión de Carreras,sin_cantidad,9,False,Juguetes Armables,,
2225,presentacion,presentacion,HNF68. MONSTER HIGH. MONSTER BALL. DRACULAURA,Hnf68. Monster High. Monster Ball. Draculaura,sin_cantidad,9,False,Muñecas,,
2226,presentacion,presentacion,HPV38. GUARDIANS OF THE GALAXI. VOLUME 3. PELUCHE DE ROCKET,Hpv38. Guardians Of The Galaxi. Volume 3. Peluche de Rocket,sin_cantidad,9,False,Muñecos Eléctricos,,
2227,presentacion,presentacion,JFM37. MINECRAFT. MOVIE. PAQUETE DE BATALLA DEL MUNDO PRINCIPAL,Jfm37. Minecraft. Movie. Paquete de Batalla del Mundo Principal,sin_cantidad,9,False,Varios,,
2228,presentacion,presentacion,MOD. 9002. CHOCLO BLANCO NO. 15,Mod. 9002. Choclo Blanco No. 15,sin_cantidad,9,False,Tenis,,
2229,presentacion,presentacion,MOD. 9002. CHOCLO BLANCO NO. 17,Mod. 9002. Choclo Blanco No. 17,sin_cantidad,9,False,Tenis,,
2230,presentacion,presentacion,MOD. 9002. CHOCLO BLANCO NO. 19,Mod. 9002. Choclo Blanco No. 19,sin_cantidad,9,False,Tenis,,
2231,presentacion,presentacion,NINTENDO SWITCH. MARIO PARTY SUPERSTARS,Nintendo Switch. Mario Party Superstars,sin_cantidad,9,False,Videojuegos,,
2232,presentacion,presentacion,SONY PS5. EA SPORTS. F1 23,Sony Ps5. Ea Sports. F1 23,sin_cantidad,9,False,Videojuegos,,
2233,presentacion,presentacion,14-EP1000LA. LAPTOP (GRIS). INTEL CORE ULTRA 5/WINDOWS 11. DISCO DURO 512 GB SSD/MEMORIA RAM 16 GB. 14 PLGS,14-ep1000la. Laptop (gris). Intel Core Ultra 5/windows 11. Disco Duro 512 GB SSD/memoria RAM 16 GB. 14 Plgs.,sin_cantidad,8,False,Computadoras Portátiles,,
2234,presentacion,presentacion,2258. MINI QUAD. CONSTRUCTOR,2258. Mini Quad. Constructor,sin_cantidad,8,False,Juguetes Montables Eléctricos,,
2235,presentacion,presentacion,F3557. PEPPA PIG. PEPPA VIAJA EN AVION,F3557. Peppa Pig. Peppa Viaja en Avión,sin_cantidad,8,False,Varios,,
2236,presentacion,presentacion,F4985 ASST. MARVEL. SPIDER-MAN. MILES MORALES VS CARNAGE,F4985 Asst. Marvel. Spider-man. Miles Morales Vs Carnage,sin_cantidad,8,False,Muñecos,,
2237,presentacion,presentacion,MOD. 1140. BEBES LLORONES. DRESSY KRISTAL,Mod. 1140. Bebés Llorones. Dressy Kristal,sin_cantidad,8,False,Muñecas Eléctricas,,
2238,presentacion,presentacion,MOD. ART EF0103 O EF0103. CHOCLO COLOR BLANCO CON FRANJAS NEGRAS NO. 29,Mod. Art Ef0103 o Ef0103. Choclo Color Blanco con Franjas Negras No. 29,sin_cantidad,8,False,Tenis,,
2239,presentacion,presentacion,PAQUETE O SUELTO KG,Paquete o Suelto Kg.,sin_cantidad,8,False,Pescado Seco Salado,,
2240,presentacion,presentacion,XBOX SERIES X. XBOX ONE. EA SPORTS. F1 23,Xbox Series X. Xbox One. Ea Sports. F1 23,sin_cantidad,8,False,Videojuegos,,
2241,presentacion,presentacion,#6066190/#20140429. DC. AQUAMAN. SINNING TRIDEN,#6066190/#20140429. Dc. Aquaman. Sinning Triden,sin_cantidad,7,False,Varios,,
2242,presentacion,presentacion,#6073986. SHERED N BLAST SK8BOARD,#6073986. Shered N´blast Sk8board,sin_cantidad,7,False,Varios,,
2243,presentacion,presentacion,0280808. PATIN/SCOOTER. SPIDER-MAN. BORN HERO,0280808. Patin/scooter. Spider-man. Born Hero,sin_cantidad,7,False,Juguetes Montables,,
2244,presentacion,presentacion,6065138. DC. BATMAN (MULTICOLOR),6065138. Dc. Batman (multicolor),sin_cantidad,7,False,Muñecos,,
2245,presentacion,presentacion,6065348. MONSTER JAM. RAMP CHAMP. GRAVE DIGGER,6065348. Monster Jam. Ramp Champ. Grave Digger,sin_cantidad,7,False,Motos y Carros Eléctricos,,
2246,presentacion,presentacion,98Q7K. 98 PLGS. QLED. PUERTO USB. SMART TV,98q7k. 98 Plgs. QLED. Puerto USB. Smart TV.,sin_cantidad,7,False,Pantallas,,
2247,presentacion,presentacion,AZUL MARINO. GRANDE. 100% POLIESTER. PANTALON Y CHAMARRA. LISO O CON FILO BLANCO O FRANJAS BLANCO Y ROJO,Azul Marino. Grande. 100% Poliester. Pantalón y Chamarra. Liso o con Filo Blanco o Franjas Blanco y Rojo,sin_cantidad,7,False,Conjunto de Pants Deportivo Escolar,,
2248,presentacion,presentacion,AZUL MARINO. MEDIANO. 100% POLIESTER. PANTALON Y CHAMARRA. LISO O CON FILO BLANCO O FRANJAS BLANCO Y ROJO,Azul Marino. Mediano. 100% Poliester. Pantalón y Chamarra. Liso o con Filo Blanco o Franjas Blanco y Rojo,sin_cantidad,7,False,Conjunto de Pants Deportivo Escolar,,
2249,presentacion,presentacion,F2560. NERF SUPER SOAKER. FORNITE HG,F2560. Nerf Super Soaker. Fornite Hg,sin_cantidad,7,False,Varios,,
2250,presentacion,presentacion,HJM23. I AM GROOT. GROOT BAILARIN,Hjm23. I Am Groot. Groot Bailarin,sin_cantidad,7,False,Muñecos Eléctricos,,
2251,presentacion,presentacion,JGY08. TABLERO DE MADERA PARA LEVANTAR Y REVELAR,Jgy08. Tablero de Madera para Levantar y Revelar,sin_cantidad,7,False,Juguetes Educativos,,
2252,presentacion,presentacion,MOD. 120. CHOCLO COLOR AZUL O BLANCO NO. 21,Mod. 120. Choclo Color Azul o Blanco No. 21,sin_cantidad,7,False,Tenis,,
2253,presentacion,presentacion,MOD. 120. CHOCLO COLOR AZUL O BLANCO NO. 23,Mod. 120. Choclo Color Azul o Blanco No. 23,sin_cantidad,7,False,Tenis,,
2254,presentacion,presentacion,#6072587. HOW TO TRAIN YOUR DRAGON. GRONCKLE + FISHLEGS,#6072587. How To Train Your Dragon. Gronckle + Fishlegs,sin_cantidad,6,False,Varios,,
2255,presentacion,presentacion,30146 FO00. PELUSINES. CUTIE CUTS,30146 Fo00. Pelusines. Cutie Cuts,sin_cantidad,6,False,Varios,,
2256,presentacion,presentacion,6061806. PAW PATROL THE MOVIE. R/C CHASE MOTORCYCLE,6061806. Paw Patrol The Movie. R/c Chase Motorcycle,sin_cantidad,6,False,Motos y Carros Eléctricos,,
2257,presentacion,presentacion,71795. NINJAGO. NUCLEOS DE ENERGIA DEL TEMPLO DEL DRAGON,71795. Ninjago. Núcleos de Energía del Templo del Dragón,sin_cantidad,6,False,Juguetes Armables,,
2258,presentacion,presentacion,76248. MARVEL. QUINJET DE LOS VENGADORES,76248. Marvel. Quinjet de los Vengadores,sin_cantidad,6,False,Juguetes Armables,,
2259,presentacion,presentacion,AZUL MARINO. CHICO. 100% POLIESTER. PANTALON Y CHAMARRA. LISO O CON FILO BLANCO O FRANJAS BLANCO Y ROJO,Azul Marino. Chico. 100% Poliester. Pantalón y Chamarra. Liso o con Filo Blanco o Franjas Blanco y Rojo,sin_cantidad,6,False,Conjunto de Pants Deportivo Escolar,,
2260,presentacion,presentacion,F1544. FUR REAL. GLAMALOTS,F1544. Fur Real. Glamalots,sin_cantidad,6,False,Varios,,
2261,presentacion,presentacion,HHC44. HALO. NIDO DE ARENA DEL UNSC ELEPHANT,Hhc44. Halo. Nido de Arena del Unsc Elephant,sin_cantidad,6,False,Juguetes Armables,,
2262,presentacion,presentacion,MOD. 1029804. CHOCLO COLOR BLANCO NO. 23,Mod. 1029804. Choclo Color Blanco No. 23,sin_cantidad,6,False,Tenis,,
2263,presentacion,presentacion,MOD. 1029804. CHOCLO COLOR BLANCO NO. 27,Mod. 1029804. Choclo Color Blanco No. 27,sin_cantidad,6,False,Tenis,,
2264,presentacion,presentacion,MOD. 120. CHOCLO COLOR AZUL O BLANCO NO. 19,Mod. 120. Choclo Color Azul o Blanco No. 19,sin_cantidad,6,False,Tenis,,
2265,presentacion,presentacion,MOD. 120. CHOCLO COLOR AZUL O BLANCO NO. 25,Mod. 120. Choclo Color Azul o Blanco No. 25,sin_cantidad,6,False,Tenis,,
2266,presentacion,presentacion,MOD. 120. CHOCLO COLOR AZUL O BLANCO NO. 27,Mod. 120. Choclo Color Azul o Blanco No. 27,sin_cantidad,6,False,Tenis,,
2267,presentacion,presentacion,2260. TRUCK 12V. SHARK CAMION ELECTRICO,2260. Truck 12v. Shark Camión Eléctrico,sin_cantidad,5,False,Juguetes Montables Eléctricos,,
2268,presentacion,presentacion,41717. FRENDS. RESCATE DE LA FAUNA SALVAJE DE MIA,41717. Frends. Rescate de la Fauna Salvaje de Mía,sin_cantidad,5,False,Juguetes Armables,,
2269,presentacion,presentacion,41743. FRIENDS. PELUQUERIA,41743. Friends. Peluquería,sin_cantidad,5,False,Juguetes Armables,,
2270,presentacion,presentacion,42 LX 3 QPSA. 42 PLGS. OLED FLEX. PUERTO USB. SMART TV,42 Lx 3 Qpsa. 42 Plgs. Oled Flex. Puerto Usb. Smart Tv.,sin_cantidad,5,False,Pantallas,,
2271,presentacion,presentacion,773685. 3 UTENSILIOS. ACERO ESMALTADO,773685. 3 Utensilios. Acero Esmaltado,sin_cantidad,5,False,Baterías de Cocina,,
2272,presentacion,presentacion,F2182. PEPPA PIG. PEPPA Y LA CASA RODANTE FAMILIAR,F2182. Peppa Pig. Peppa y la Casa Rodante Familiar,sin_cantidad,5,False,Varios,,
2273,presentacion,presentacion,FHJ 30. MI PRIMER TELEFONO DE APRENDIZAJE,Fhj 30. Mi Primer Teléfono de Aprendizaje,sin_cantidad,5,False,Juguetes Educativos,,
2274,presentacion,presentacion,FJL45 O ASST. GTK 56. LITTLE MOMMY. BEBITA RECIEN NACIDA,Fjl45 o Asst. Gtk 56. Little Mommy. Bebita Recién Nacida,sin_cantidad,5,False,Muñecas,,
2275,presentacion,presentacion,FRC35-9665. HOT WHEELS. JEEP WRANGLER,Frc35-9665. Hot Wheels. Jeep Wrangler,sin_cantidad,5,False,Juguetes Montables Eléctricos,,
2276,presentacion,presentacion,REF: U10476S500. STARTER SET (THE ORIGINAL 1:32 RACING SYSTEM),Ref: U10476s500. Starter Set (the Original 1:32 Racing System),sin_cantidad,5,False,Autopistas,,
2277,presentacion,presentacion,VINO. 12-16. 100% POLIESTER. PANTALON Y CHAMARRA. LISO O CON FILO BLANCO O FRANJAS BLANCO Y ROJO,Vino. 12-16. 100% Poliester. Pantalón y Chamarra. Liso o con Filo Blanco o Franjas Blanco y Rojo,sin_cantidad,5,False,Conjunto de Pants Deportivo Escolar,,
2278,presentacion,presentacion,#6060444. PAW PATROL THE MOVIE. MARSHALL TRANSFORMING CITY FIRETRUCK,#6060444. Paw Patrol The Movie. Marshall Transforming City Firetruck,sin_cantidad,4,False,Motos y Carros Eléctricos,,
2279,presentacion,presentacion,#6070096. PAW PATROL. POWER HAULIN PATROLLER,#6070096. Paw Patrol. Power Haulin Patroller,sin_cantidad,4,False,Motos y Carros Eléctricos,,
2280,presentacion,presentacion,576051. L.O.L. O.M.G. 4 IN 1 PLANE,576051. L.o.l. O.m.g. 4 In 1 Plane,sin_cantidad,4,False,Varios,,
2281,presentacion,presentacion,89797. BLUEY. BLUEY S. CARAVAN ADVENTURES,89797. Bluey. Bluey´s. Caravan Adventures,sin_cantidad,4,False,Varios,,
2282,presentacion,presentacion,CHOCLO. 010290 O 010290-00. BLANCO. NO. 25,Choclo. 010290 o 010290-00. Blanco. No. 25,sin_cantidad,4,False,Tenis,,
2283,presentacion,presentacion,CHOCLO. 010290 O 010290-00. BLANCO. NO. 27,Choclo. 010290 o 010290-00. Blanco. No. 27,sin_cantidad,4,False,Tenis,,
2284,presentacion,presentacion,GVK02. BARBIE. JEEP CON MUNECAS,Gvk02. Barbie. Jeep con Muñecas,sin_cantidad,4,False,Motos y Carros Mecánicos,,
2285,presentacion,presentacion,GXM03. PREGUNTADOS. EL JUEGO DE MESA,Gxm03. Preguntados. el Juego de Mesa,sin_cantidad,4,False,Juegos de Mesa,,
2286,presentacion,presentacion,HDJ47. BARBIE. EXTRA COCHE,Hdj47. Barbie. Extra Coche,sin_cantidad,4,False,Motos y Carros Mecánicos,,
2287,presentacion,presentacion,HNM62. TROLLS. TRIO VANGUARDIA,Hnm62. Trolls. Trio Vanguardia,sin_cantidad,4,False,Varios,,
2288,presentacion,presentacion,LP1419IVSM. 14000 BTU'S. TIPO PORTATIL. DUAL INVERTER,Lp1419ivsm. 14000 Btu's. Tipo Portátil. Dual Inverter,sin_cantidad,4,False,Aires Acondicionados,,
2289,presentacion,presentacion,MOD. 120. CHOCLO COLOR AZUL O BLANCO NO. 17,Mod. 120. Choclo Color Azul o Blanco No. 17,sin_cantidad,4,False,Tenis,,
2290,presentacion,presentacion,MOD. EF 0211. CHOCLO COLOR BLANCO CON VIVOS ROSA NO. 25,Mod. Ef 0211. Choclo Color Blanco con Vivos Rosa No. 25,sin_cantidad,4,False,Tenis,,
2291,presentacion,presentacion,PNC62000. PINYPON. ACTION RACE (CAMION CON MOTOS),Pnc62000. Pinypon. Action Race (camión con Motos),sin_cantidad,4,False,Motos y Carros Mecánicos,,
2292,presentacion,presentacion,QN 65Q65BAF. 65 PLGS. QLED. PUERTO USB. SMART TV,Qn 65q65baf. 65 Plgs. Qled. Puerto Usb. Smart Tv.,sin_cantidad,4,False,Pantallas,,
2293,presentacion,presentacion,VINO. 6-10. 100% POLIESTER. PANTALON Y CHAMARRA. LISO O CON FILO BLANCO O FRANJAS BLANCO Y ROJO,Vino. 6-10. 100% Poliester. Pantalón y Chamarra. Liso o con Filo Blanco o Franjas Blanco y Rojo,sin_cantidad,4,False,Conjunto de Pants Deportivo Escolar,,
2294,presentacion,presentacion,#6065308/#2013913. PAW PATROL. WHALE PATROLLER,#6065308/#2013913. Paw Patrol. Whale Patroller,sin_cantidad,3,False,Varios,,
2295,presentacion,presentacion,08988. MINICOCHE DE CARRERAS C/R ANTIGRAVEDAD DE LUIGI,08988. Minicoche de Carreras C/r Antigravedad de Luigi,sin_cantidad,3,False,Motos y Carros Eléctricos,,
2296,presentacion,presentacion,21188. MINECRAFT. EL PUEBLO-LLAMA,21188. Minecraft. el Pueblo-llama,sin_cantidad,3,False,Juguetes Armables,,
2297,presentacion,presentacion,38030. GUITARRA ROCKSTAR,38030. Guitarra Rockstar,sin_cantidad,3,False,Juguetes Educativos,,
2298,presentacion,presentacion,6064823. DC. BATMAN + THE FLASH VS GORILLA GRODD + KING SHARK,6064823. Dc. Batman + The Flash Vs Gorilla Grodd + King Shark,sin_cantidad,3,False,Muñecos,,
2299,presentacion,presentacion,70936. CITY ACTION. VEHICULO DE RESCATE. AMBULANCIA,70936. City Action. Vehículo de Rescate. Ambulancia,sin_cantidad,3,False,Varios,,
2300,presentacion,presentacion,ART. 700015777. NENUCO. MAXI CARE CENTRE,Art. 700015777. Nenuco. Maxi Care Centre,sin_cantidad,3,False,Muñecas,,
2301,presentacion,presentacion,C.B. 024254. MI PRIMER GATITO PLATICADOR,C.b. 024254. Mi Primer Gatito Platicador,sin_cantidad,3,False,Muñecos Eléctricos,,
2302,presentacion,presentacion,CHOCLO. 010290 O 010290-00. BLANCO. NO. 23,Choclo. 010290 o 010290-00. Blanco. No. 23,sin_cantidad,3,False,Tenis,,
2303,presentacion,presentacion,CHOCLO. 1043289. BLANCO. NO. 24,Choclo. 1043289. Blanco. No. 24,sin_cantidad,3,False,Tenis,,
2304,presentacion,presentacion,"CHOCLO. 1065613005. BLANCO, VIVOS GRISES. NO. 21","Choclo. 1065613005. Blanco, Vivos Grises. No. 21",sin_cantidad,3,False,Tenis,,
2305,presentacion,presentacion,CHOCLO. 5002. BLANCO. NO. 24,Choclo. 5002. Blanco. No. 24,sin_cantidad,3,False,Tenis,,
2306,presentacion,presentacion,E0703 ASST. TRANSFORMERS. DINOBOT SLUDGE O?,E0703 Asst. Transformers. Dinobot Sludge o?,sin_cantidad,3,False,Varios,,
2307,presentacion,presentacion,HDP19 O GTK60. LITTLE MOMMY. MI PRIMER ABRAZO,Hdp19 o Gtk60. Little Mommy. Mi Primer Abrazo,sin_cantidad,3,False,Muñecas,,
2308,presentacion,presentacion,HMB24-3A50. JEEP WRANGLER 4XE,Hmb24-3a50. Jeep Wrangler 4xe,sin_cantidad,3,False,Juguetes Montables Eléctricos,,
2309,presentacion,presentacion,ITEM. NO. DFP3030. MI PRIMER PIANO INTERACTIVO,Item. No. Dfp3030. Mi Primer Piano Interactivo,sin_cantidad,3,False,Juguetes de Destreza,,
2310,presentacion,presentacion,ITEM. NO. DFP6601. MI PRIMERA BANDA MUSICAL,Item. No. Dfp6601. Mi Primera Banda Musical,sin_cantidad,3,False,Juguetes de Destreza,,
2311,presentacion,presentacion,PAQUETE PESO VARIABLE KG. NORUEGO. SIN PIEL Y SIN ESPINAS. EN MITADES,Paquete Peso Variable Kg. Noruego. Sin Piel y Sin Espinas. en Mitades,sin_cantidad,3,False,Bacalao,,
2312,presentacion,presentacion,VINO. 28-32 (PUNTO ROMA). 100% ACRILICO. PANTALON Y CHAMARRA. LISO O CON FILO BLANCO O FRANJAS BLANCO Y ROJO,Vino. 28-32 (Punto Roma). 100% Acrilico. Pantalón y Chamarra. Liso o con Filo Blanco o Franjas Blanco y Rojo,sin_cantidad,3,False,Conjunto de Pants Deportivo Escolar,,
2313,presentacion,presentacion,VINO. 28-32. 100% POLIESTER. PANTALON Y CHAMARRA. LISO O CON FILO BLANCO O FRANJAS BLANCO Y ROJO,Vino. 28-32. 100% Poliester. Pantalón y Chamarra. Liso o con Filo Blanco o Franjas Blanco y Rojo,sin_cantidad,3,False,Conjunto de Pants Deportivo Escolar,,
2314,presentacion,presentacion,VINO. CHICO. 100% POLIESTER. PANTALON Y CHAMARRA. LISO O CON FILO BLANCO O FRANJAS BLANCO Y ROJO,Vino. Chico. 100% Poliester. Pantalón y Chamarra. Liso o con Filo Blanco o Franjas Blanco y Rojo,sin_cantidad,3,False,Conjunto de Pants Deportivo Escolar,,
2315,presentacion,presentacion,VINO. GRANDE. 100% POLIESTER. PANTALON Y CHAMARRA. LISO O CON FILO BLANCO O FRANJAS BLANCO Y ROJO,Vino. Grande. 100% Poliester. Pantalón y Chamarra. Liso o con Filo Blanco o Franjas Blanco y Rojo,sin_cantidad,3,False,Conjunto de Pants Deportivo Escolar,,
2316,presentacion,presentacion,VINO. MEDIANO. 100% POLIESTER. PANTALON Y CHAMARRA. LISO O CON FILO BLANCO O FRANJAS BLANCO Y ROJO,Vino. Mediano. 100% Poliester. Pantalón y Chamarra. Liso o con Filo Blanco o Franjas Blanco y Rojo,sin_cantidad,3,False,Conjunto de Pants Deportivo Escolar,,
2317,presentacion,presentacion,VM242H9. 24000 BTU'S. TIPO MINISPLIT. DUAL COOL INVERTER,Vm242h9. 24000 Btu's. Tipo Minisplit. Dual Cool Inverter,sin_cantidad,3,False,Aires Acondicionados,,
2318,correccion_texto,presentacion,,E0703 Asst. Transformers. Dinobot Sludge o?,sin_candidato_unico,3,False,Varios,,
2319,presentacion,presentacion,60372. CITY. ACADEMIA DE POLICIA,60372. City. Academia de Policía,sin_cantidad,2,False,Juguetes Armables,,
2320,presentacion,presentacion,60389. CITY. TALLER MECANICO DE TUNEADO,60389. City. Taller Mecánico de Tuneado,sin_cantidad,2,False,Juguetes Armables,,
2321,presentacion,presentacion,AZUL MARINO. 28-32 (PUNTO ROMA). 100% ACRILICO. PANTALON Y CHAMARRA. LISO O CON FILO BLANCO O FRANJAS BLANCO Y ROJO,Azul Marino. 28-32 (Punto Roma). 100% Acrilico. Pantalón y Chamarra. Liso o con Filo Blanco o Franjas Blanco y Rojo,sin_cantidad,2,False,Conjunto de Pants Deportivo Escolar,,
2322,presentacion,presentacion,AZUL MARINO. CHICO (PUNTO ROMA). 100% ACRILICO. PANTALON Y CHAMARRA. LISO O CON FILO BLANCO O FRANJAS BLANCO Y ROJO,Azul Marino. Chico (Punto Roma). 100% Acrilico. Pantalón y Chamarra. Liso o con Filo Blanco o Franjas Blanco y Rojo,sin_cantidad,2,False,Conjunto de Pants Deportivo Escolar,,
2323,presentacion,presentacion,BOTA. 1079433004. BLANCO. NO. 17,Bota. 1079433004. Blanco. No. 17,sin_cantidad,2,False,Tenis,,
2324,presentacion,presentacion,BOTA. 1079433004. BLANCO. NO. 19,Bota. 1079433004. Blanco. No. 19,sin_cantidad,2,False,Tenis,,
2325,presentacion,presentacion,BOTA. 1079433004. BLANCO. NO. 21,Bota. 1079433004. Blanco. No. 21,sin_cantidad,2,False,Tenis,,
2326,presentacion,presentacion,CHOCLO. 010301-00. BLANCO. NO. 23,Choclo. 010301-00. Blanco. No. 23,sin_cantidad,2,False,Tenis,,
2327,presentacion,presentacion,CHOCLO. 010301-00. BLANCO. NO. 25,Choclo. 010301-00. Blanco. No. 25,sin_cantidad,2,False,Tenis,,
2328,presentacion,presentacion,CHOCLO. 010301-00. BLANCO. NO. 27,Choclo. 010301-00. Blanco. No. 27,sin_cantidad,2,False,Tenis,,
2329,presentacion,presentacion,CHOCLO. 102015. BLANCO. NO. 22,Choclo. 102015. Blanco. No. 22,sin_cantidad,2,False,Tenis,,
2330,presentacion,presentacion,CHOCLO. 102015. BLANCO. NO. 24,Choclo. 102015. Blanco. No. 24,sin_cantidad,2,False,Tenis,,
2331,presentacion,presentacion,CHOCLO. 102015. BLANCO. NO. 26,Choclo. 102015. Blanco. No. 26,sin_cantidad,2,False,Tenis,,
2332,presentacion,presentacion,CHOCLO. 1043289. BLANCO. NO. 26,Choclo. 1043289. Blanco. No. 26,sin_cantidad,2,False,Tenis,,
2333,presentacion,presentacion,"CHOCLO. 1065613005. BLANCO, VIVOS GRISES. NO. 17","Choclo. 1065613005. Blanco, Vivos Grises. No. 17",sin_cantidad,2,False,Tenis,,
2334,presentacion,presentacion,"CHOCLO. 1065613005. BLANCO, VIVOS GRISES. NO. 19","Choclo. 1065613005. Blanco, Vivos Grises. No. 19",sin_cantidad,2,False,Tenis,,
2335,presentacion,presentacion,"CHOCLO. 1098661001. BLANCO, VIVOS GRISES. NO. 17","Choclo. 1098661001. Blanco, Vivos Grises. No. 17",sin_cantidad,2,False,Tenis,,
2336,presentacion,presentacion,"CHOCLO. 1098661001. BLANCO, VIVOS GRISES. NO. 19","Choclo. 1098661001. Blanco, Vivos Grises. No. 19",sin_cantidad,2,False,Tenis,,
2337,presentacion,presentacion,CHOCLO. 131601. BLANCO. NO. 22,Choclo. 131601. Blanco. No. 22,sin_cantidad,2,False,Tenis,,
2338,presentacion,presentacion,CHOCLO. 131601. BLANCO. NO. 24,Choclo. 131601. Blanco. No. 24,sin_cantidad,2,False,Tenis,,
2339,presentacion,presentacion,CHOCLO. 131601. BLANCO. NO. 26,Choclo. 131601. Blanco. No. 26,sin_cantidad,2,False,Tenis,,
2340,presentacion,presentacion,CHOCLO. 5002. BLANCO. NO. 22,Choclo. 5002. Blanco. No. 22,sin_cantidad,2,False,Tenis,,
2341,presentacion,presentacion,CHOCLO. 5002. BLANCO. NO. 26,Choclo. 5002. Blanco. No. 26,sin_cantidad,2,False,Tenis,,
2342,presentacion,presentacion,CHOCLO. 65621. BLANCO. NO. 17,Choclo. 65621. Blanco. No. 17,sin_cantidad,2,False,Tenis,,
2343,presentacion,presentacion,CHOCLO. 65621. BLANCO. NO. 19,Choclo. 65621. Blanco. No. 19,sin_cantidad,2,False,Tenis,,
2344,presentacion,presentacion,CHOCLO. 65621. BLANCO. NO. 21,Choclo. 65621. Blanco. No. 21,sin_cantidad,2,False,Tenis,,
2345,presentacion,presentacion,HLW58. DISNEY. FROZEN. ELSA Y NOKK,Hlw58. Disney. Frozen. Elsa y Nokk,sin_cantidad,2,False,Muñecas,,
2346,presentacion,presentacion,KG. NATURAL. SIN RELLENO,Kg. Natural. Sin Relleno,sin_cantidad,2,False,Pavo,,
2347,presentacion,presentacion,MOD. 1029804. CHOCLO COLOR BLANCO NO. 25,Mod. 1029804. Choclo Color Blanco No. 25,sin_cantidad,2,False,Tenis,,
2348,presentacion,presentacion,SWA2040Q. 11000 BTU S. TIPO MINISPLIT,Swa2040q. 11000 Btu?s. Tipo Minisplit,sin_cantidad,2,False,Aires Acondicionados,,
2349,presentacion,presentacion,VINO. 12-16 (PUNTO ROMA). 100% ACRILICO. PANTALON Y CHAMARRA. LISO O CON FILO BLANCO O FRANJAS BLANCO Y ROJO,Vino. 12-16 (Punto Roma). 100% Acrilico. Pantalón y Chamarra. Liso o con Filo Blanco o Franjas Blanco y Rojo,sin_cantidad,2,False,Conjunto de Pants Deportivo Escolar,,
2350,presentacion,presentacion,VINO. 6-10 (PUNTO ROMA). 100% ACRILICO. PANTALON Y CHAMARRA. LISO O CON FILO BLANCO O FRANJAS BLANCO Y ROJO,Vino. 6-10 (Punto Roma). 100% Acrilico. Pantalón y Chamarra. Liso o con Filo Blanco o Franjas Blanco y Rojo,sin_cantidad,2,False,Conjunto de Pants Deportivo Escolar,,
2351,presentacion,presentacion,#6067790/#20143450. BITZEE. FIRST DIGITAL PET,#6067790/#20143450. Bitzee. First Digital Pet,sin_cantidad,1,False,Varios,,
2352,presentacion,presentacion,0460808. PATIN/SCOOTER. BUZZ LIGTHYEAR,0460808. Patin/scooter. Buzz Ligthyear,sin_cantidad,1,False,Juguetes Montables,,
2353,presentacion,presentacion,160808. PATIN/SCOOTER. GO LIGHTHING MC QUEEN,160808. Patin/scooter. Go Lighthing Mc Queen,sin_cantidad,1,False,Juguetes Montables,,
2354,presentacion,presentacion,166989. MICKEY FIRE ENGINE,166989. Mickey Fire Engine,sin_cantidad,1,False,Motos y Carros Eléctricos,,
2355,presentacion,presentacion,171994. DC. THE BATMAN,171994. Dc. The Batman,sin_cantidad,1,False,Muñecos,,
2356,presentacion,presentacion,60364. CITY. PARQUE DE PATINAJE URBANO,60364. City. Parque de Patinaje Urbano,sin_cantidad,1,False,Juguetes Armables,,
2357,presentacion,presentacion,6065590. DC. THE FLASH. SPEED FORCE THE FLASH,6065590. Dc. The Flash. Speed Force The Flash,sin_cantidad,1,False,Muñecos Eléctricos,,
2358,presentacion,presentacion,70335. CITY ACTION. MISION RESCATE,70335. City Action. Mision Rescate,sin_cantidad,1,False,Varios,,
2359,presentacion,presentacion,75 R 646. 75 PLGS. LED. PUERTO USB. SMART TV,75 R 646. 75 Plgs. Led. Puerto Usb. Smart Tv.,sin_cantidad,1,False,Pantallas,,
2360,presentacion,presentacion,AC121CF. 12000 BTU S. TIPO MINISPLIT,Ac121cf. 12000 Btu´s. Tipo Minisplit,sin_cantidad,1,False,Aires Acondicionados,,
2361,presentacion,presentacion,ART. 700016275. THE BELLIES FROM BELLYVILLE. LILY-SPLASH,Art. 700016275. The Bellies From Bellyville. Lily-splash,sin_cantidad,1,False,Muñecas Eléctricas,,
2362,presentacion,presentacion,ASST. HCM87. BARBIE. TOTALLY HAIR,Asst. Hcm87. Barbie. Totally Hair,sin_cantidad,1,False,Muñecas,,
2363,presentacion,presentacion,AT121CBW. 11000 BTU S. TIPO MINISPLIT. INVERTER,At121cbw. 11000 Btu´s. Tipo Minisplit. Inverter,sin_cantidad,1,False,Aires Acondicionados,,
2364,presentacion,presentacion,AZUL MARINO. GRANDE (PUNTO ROMA). 100% ACRILICO. PANTALON Y CHAMARRA. LISO O CON FILO BLANCO O FRANJAS BLANCO Y ROJO,Azul Marino. Grande (Punto Roma). 100% Acrilico. Pantalón y Chamarra. Liso o con Filo Blanco o Franjas Blanco y Rojo,sin_cantidad,1,False,Conjunto de Pants Deportivo Escolar,,
2365,presentacion,presentacion,AZUL MARINO. MEDIANO (PUNTO ROMA). 100% ACRILICO. PANTALON Y CHAMARRA. LISO O CON FILO BLANCO O FRANJAS BLANCO Y ROJO,Azul Marino. Mediano (Punto Roma). 100% Acrilico. Pantalón y Chamarra. Liso o con Filo Blanco o Franjas Blanco y Rojo,sin_cantidad,1,False,Conjunto de Pants Deportivo Escolar,,
2366,presentacion,presentacion,BEIGE/CAFE. 12-16 (PUNTO ROMA). 100% ACRILICO. PANTALON Y CHAMARRA. LISO O CON FILO BLANCO O FRANJAS BLANCO Y ROJO,Beige/café. 12-16 (Punto Roma). 100% Acrilico. Pantalón y Chamarra. Liso o con Filo Blanco o Franjas Blanco y Rojo,sin_cantidad,1,False,Conjunto de Pants Deportivo Escolar,,
2367,presentacion,presentacion,BEIGE/CAFE. 28-32 (PUNTO ROMA). 100% ACRILICO. PANTALON Y CHAMARRA. LISO O CON FILO BLANCO O FRANJAS BLANCO Y ROJO,Beige/café. 28-32 (Punto Roma). 100% Acrilico. Pantalón y Chamarra. Liso o con Filo Blanco o Franjas Blanco y Rojo,sin_cantidad,1,False,Conjunto de Pants Deportivo Escolar,,
2368,presentacion,presentacion,BEIGE/CAFE. 34-38 (PUNTO ROMA). 100% ACRILICO. PANTALON Y CHAMARRA. LISO O CON FILO BLANCO O FRANJAS BLANCO Y ROJO,Beige/café. 34-38 (Punto Roma). 100% Acrilico. Pantalón y Chamarra. Liso o con Filo Blanco o Franjas Blanco y Rojo,sin_cantidad,1,False,Conjunto de Pants Deportivo Escolar,,
2369,presentacion,presentacion,BEIGE/CAFE. CHICO (PUNTO ROMA) 100% ACRILICO. PANTALON Y CHAMARRA. LISO O CON FILO BLANCO O FRANJAS BLANCO Y ROJO,Beige/café. Chico (Punto Roma) 100% Acrilico. Pantalón y Chamarra. Liso o con Filo Blanco o Franjas Blanco y Rojo,sin_cantidad,1,False,Conjunto de Pants Deportivo Escolar,,
2370,presentacion,presentacion,BEIGE/CAFE. GRANDE (PUNTO ROMA). 100% ACRILICO. PANTALON Y CHAMARRA. LISO O CON FILO BLANCO O FRANJAS BLANCO Y ROJO,Beige/café. Grande (Punto Roma). 100% Acrilico. Pantalón y Chamarra. Liso o con Filo Blanco o Franjas Blanco y Rojo,sin_cantidad,1,False,Conjunto de Pants Deportivo Escolar,,
2371,presentacion,presentacion,BEIGE/CAFE. MEDIANO (PUNTO ROMA). 100% ACRILICO. PANTALON Y CHAMARRA. LISO O CON FILO BLANCO O FRANJAS BLANCO Y ROJO,Beige/café. Mediano (Punto Roma). 100% Acrilico. Pantalón y Chamarra. Liso o con Filo Blanco o Franjas Blanco y Rojo,sin_cantidad,1,False,Conjunto de Pants Deportivo Escolar,,
2372,presentacion,presentacion,BOLSA PESO VARIABLE KG. SIN PIEL,Bolsa Peso Variable Kg. Sin Piel,sin_cantidad,1,False,Bacalao,,
2373,presentacion,presentacion,BOTA. 1079340001. BLANCO. NO. 19,Bota. 1079340001. Blanco. No. 19,sin_cantidad,1,False,Tenis,,
2374,presentacion,presentacion,BOTA. 1079340001. BLANCO. NO. 21,Bota. 1079340001. Blanco. No. 21,sin_cantidad,1,False,Tenis,,
2375,presentacion,presentacion,CHOCLO. 010925. BLANCO. NO. 27,Choclo. 010925. Blanco. No. 27,sin_cantidad,1,False,Tenis,,
2376,presentacion,presentacion,CHOCLO. 1038196 O 138196001. BLANCO. NO. 22,Choclo. 1038196 o 138196001. Blanco. No. 22,sin_cantidad,1,False,Tenis,,
2377,presentacion,presentacion,CHOCLO. 1038196 O 138196001. BLANCO. NO. 24,Choclo. 1038196 o 138196001. Blanco. No. 24,sin_cantidad,1,False,Tenis,,
2378,presentacion,presentacion,CHOCLO. 1038196 O 138196001. BLANCO. NO. 26,Choclo. 1038196 o 138196001. Blanco. No. 26,sin_cantidad,1,False,Tenis,,
2379,presentacion,presentacion,CHOCLO. 1043173001. BLANCO. NO. 22,Choclo. 1043173001. Blanco. No. 22,sin_cantidad,1,False,Tenis,,
2380,presentacion,presentacion,CHOCLO. 1043173001. BLANCO. NO. 24,Choclo. 1043173001. Blanco. No. 24,sin_cantidad,1,False,Tenis,,
2381,presentacion,presentacion,CHOCLO. 1043173001. BLANCO. NO. 26,Choclo. 1043173001. Blanco. No. 26,sin_cantidad,1,False,Tenis,,
2382,presentacion,presentacion,CHOCLO. 1043289. BLANCO. NO. 22,Choclo. 1043289. Blanco. No. 22,sin_cantidad,1,False,Tenis,,
2383,presentacion,presentacion,CHOCLO. 1059930. BLANCO. NO. 26,Choclo. 1059930. Blanco. No. 26,sin_cantidad,1,False,Tenis,,
2384,presentacion,presentacion,CHOCLO. 1065149001. BLANCO. NO. 19,Choclo. 1065149001. Blanco. No. 19,sin_cantidad,1,False,Tenis,,
2385,presentacion,presentacion,CHOCLO. 1065149001. BLANCO. NO. 21,Choclo. 1065149001. Blanco. No. 21,sin_cantidad,1,False,Tenis,,
2386,presentacion,presentacion,"CHOCLO. 1098661001. BLANCO, VIVOS GRISES. NO. 21","Choclo. 1098661001. Blanco, Vivos Grises. No. 21",sin_cantidad,1,False,Tenis,,
2387,presentacion,presentacion,CHOCLO. 139512. BLANCO NO. 23,Choclo. 139512. Blanco No. 23,sin_cantidad,1,False,Tenis,,
2388,presentacion,presentacion,CHOCLO. 155741. BLANCO NO. 23,Choclo. 155741. Blanco No. 23,sin_cantidad,1,False,Tenis,,
2389,presentacion,presentacion,CHOCLO. 4211601. BLANCO. NO. 22,Choclo. 4211601. Blanco. No. 22,sin_cantidad,1,False,Tenis,,
2390,presentacion,presentacion,CHOCLO. 8507. BLANCO. NO. 22,Choclo. 8507. Blanco. No. 22,sin_cantidad,1,False,Tenis,,
2391,presentacion,presentacion,CHOCLO. 8507. BLANCO. NO. 24,Choclo. 8507. Blanco. No. 24,sin_cantidad,1,False,Tenis,,
2392,presentacion,presentacion,CHOCLO. 8507. BLANCO. NO. 26,Choclo. 8507. Blanco. No. 26,sin_cantidad,1,False,Tenis,,
2393,presentacion,presentacion,E 9426/E 9424 ASST. BABY ALIVE. BEBE SALTITOS Y RISITAS,E 9426/e 9424 Asst. Baby Alive. Bebé Saltitos y Risitas,sin_cantidad,1,False,Muñecas Eléctricas,,
2394,presentacion,presentacion,F4797. PEPPA PIG. SUPER CASA DE MADERA,F4797. Peppa Pig. Súper Casa de Madera,sin_cantidad,1,False,Varios,,
2395,presentacion,presentacion,G0713. TRANSFORMERS. SONIC THE HEDGEHOG,G0713. Transformers. Sonic The Hedgehog,sin_cantidad,1,False,Varios,,
2396,presentacion,presentacion,HHC20. ENCHANTIMALS. POODLE DO BEAUTY SALON,Hhc20. Enchantimals. Poodle Do Beauty Salon,sin_cantidad,1,False,Varios,,
2397,presentacion,presentacion,HNF73. MONSTER HIGH. FEAR IDESCENT. DRACULAURA,Hnf73. Monster High. Fear Idescent. Draculaura,sin_cantidad,1,False,Muñecas,,
2398,presentacion,presentacion,ITEM. NO. DFP9887. BATERIA MUSICAL,Item. No. Dfp9887. Bateria Musical,sin_cantidad,1,False,Juguetes de Destreza,,
2399,presentacion,presentacion,KG. CURADO Y AHUMADO,Kg. Curado y Ahumado,sin_cantidad,1,False,Pavo,,
2400,presentacion,presentacion,LP1225IVSM. 12000 BTU'S. TIPO PORTATIL. DUAL INVERTER,Lp1225ivsm. 12000 Btu's. Tipo Portátil. Dual Inverter,sin_cantidad,1,False,Aires Acondicionados,,
2401,presentacion,presentacion,MOD. EF 0211. CHOCLO COLOR BLANCO CON VIVOS ROSA NO. 27,Mod. Ef 0211. Choclo Color Blanco con Vivos Rosa No. 27,sin_cantidad,1,False,Tenis,,
2402,presentacion,presentacion,"SCHMILL HERRERA, VIDAL. ED. EDICIONES CASTILLO","Schmill Herrera, Vidal. Ed. Ediciones Castillo",sin_cantidad,1,False,Libro de Texto de Civismo,,
