producto,presentacion,marca,categoria,catalogo,precio,fecha_registro,cadena_comercial,giro,nombre_comercial,direccion,estado,municipio,latitud,longitud
A.s.cor,"Frasco Gotero 24 Ml. 1.000 G., Solución Gotas",S/M,Medicamentos,Medicamentos,481,2026/04/08,Chedraui,Supermercado / Tienda de Autoservicio,Chedraui Sucursal Centro Sur,Blvd. Bernardo Quintana 502. Carr. con Direccion a Centro Civico. Col. Centro Sur. Cp. 76087,Querétaro,Santiago de Querétaro,20.569354,-100.358831
Aceite,Botella 1 Lt. Vegetal,1_2_3,Aceites y Grasas Veg. Comestibles,Basicos,40.5,2026/04/07,Oxxo,Tienda de Conveniencia,Oxxo Sucursal Corregidora 50 Cr,Circuito Moises Solana No. 128. Esq. Gertrudis Bocanegra. Col. Burocratas. Cp. 76070,Querétaro,Santiago de Querétaro,20.57462,-100.384232
Aceite,Botella 1 Lt. Vegetal,1_2_3,Aceites y Grasas Veg. Comestibles,Basicos,40.5,2026/04/14,Oxxo,Tienda de Conveniencia,Oxxo Sucursal Corregidora 50 Cr,Circuito Moises Solana No. 128. Esq. Gertrudis Bocanegra. Col. Burocratas. Cp. 76070,Querétaro,Santiago de Querétaro,20.57462,-100.384232
Aceite,Botella 1 Lt. Vegetal,1_2_3,Aceites y Grasas Veg. Comestibles,Basicos,43.9,2026/04/03,Superissste,Supermercado / Tienda de Autoservicio,Superissste Sucursal 011,Calle Peluqueros No. 310 Esquina Calle Tizayuca. Col. Michoacana. Cp. 15240,Ciudad de México,Venustiano Carranza,19.446139,-99.113372
Aceite,Botella 1 Lt. Vegetal,1_2_3,Aceites y Grasas Veg. Comestibles,Basicos,43.9,2026/04/03,Superissste,Supermercado / Tienda de Autoservicio,Superissste Sucursal 022,Av. del Taller y Retorno No. 38 Dentro del Retorno 38. Col. Jardin Balbuena. Cp. 15900,Ciudad de México,Venustiano Carranza,19.412842,-99.105666
Aceite,Botella 1 Lt. Vegetal,1_2_3,Aceites y Grasas Veg. Comestibles,Basicos,43.9,2026/04/10,Superissste,Supermercado / Tienda de Autoservicio,Superissste Sucursal 011,Calle Peluqueros No. 310 Esquina Calle Tizayuca. Col. Michoacana. Cp. 15240,Ciudad de México,Venustiano Carranza,19.446139,-99.113372
Aceite,Botella 1 Lt. Vegetal,1_2_3,Aceites y Grasas Veg. Comestibles,Basicos,43.9,2026/04/10,Superissste,Supermercado / Tienda de Autoservicio,Superissste Sucursal 022,Av. del Taller y Retorno No. 38 Dentro del Retorno 38. Col. Jardin Balbuena. Cp. 15900,Ciudad de México,Venustiano Carranza,19.412842,-99.105666
Aceite,Botella 1 Lt. Vegetal,1_2_3,Aceites y Grasas Veg. Comestibles,Basicos,44,2026/04/06,Bodega Aurrera,Supermercado / Tienda de Autoservicio,Bodega Aurrera Sucursal la Viga,Calz. de la Viga 136 Esq. del Taller. Col. Lorenzo Boturini. Cp. 15820,Ciudad de México,Venustiano Carranza,19.414749,-99.127874
Aceite,Botella 1 Lt. Vegetal,1_2_3,Aceites y Grasas Veg. Comestibles,Basicos,44.9,2026/04/13,Hipermercado Soriana,Supermercado / Tienda de Autoservicio,Soriana Hiper Sucursal Cimatario,Ctra. a Huimilpan 1001. Int. del Centro Comercial Plaza del Sol. Col. Plazas del Sol. Iii Seccion. Cp. 76099,Querétaro,Santiago de Querétaro,20.563227,-100.375284
Aceite,Botella 1 Lt. Vegetal,1_2_3,Aceites y Grasas Veg. Comestibles,Basicos,45,2026/04/01,Bodega Aurrera,Supermercado / Tienda de Autoservicio,Bodega Aurrera Sucursal Centro Constituyentes,Constituyentes Oriente 334. Entre Pasteur y Manuel Ponce. Col. Mercurio. Cp. 76040,Querétaro,Santiago de Querétaro,20.586349,-100.382801
Aceite,Botella 1 Lt. Vegetal,1_2_3,Aceites y Grasas Veg. Comestibles,Basicos,45,2026/04/06,Wal-mart,Supermercado / Tienda de Autoservicio,Walmart Sucursal Aeropuerto,Calz. Ignacio Zaragoza 58. Esq. Blvd. Puerto Aereo. Col. Federal. Cp. 15700,Ciudad de México,Venustiano Carranza,19.41926,-99.094521
Aceite,Botella 1 Lt. Vegetal,1_2_3,Aceites y Grasas Veg. Comestibles,Basicos,45,2026/04/07,Wal-mart,Supermercado / Tienda de Autoservicio,Walmart Sucursal Unidad Plaza de Toros,Autopista Queretaro Celaya 5501. Int. del Centro Comercial Plaza Esfera. Col. el Jacal. Cp. 76187,Querétaro,Santiago de Querétaro,20.574076,-100.408704
Aceite,Botella 1 Lt. Vegetal,1_2_3,Aceites y Grasas Veg. Comestibles,Basicos,45,2026/04/08,Chedraui,Supermercado / Tienda de Autoservicio,Chedraui Sucursal Centro Sur,Blvd. Bernardo Quintana 502. Carr. con Direccion a Centro Civico. Col. Centro Sur. Cp. 76087,Querétaro,Santiago de Querétaro,20.569354,-100.358831
Aceite,Botella 1 Lt. Vegetal,1_2_3,Aceites y Grasas Veg. Comestibles,Basicos,45,2026/04/09,La Comer,Supermercado / Tienda de Autoservicio,Lacomer Sucursal Queretaro Estadio,Luis M. Vega y Monroy 1300. Esq.cimatario . Col. Cimatario. Cp. 76090,Querétaro,Santiago de Querétaro,20.577804,-100.373626
Aceite,Botella 1 Lt. Vegetal,1_2_3,Aceites y Grasas Veg. Comestibles,Basicos,45,2026/04/15,Chedraui,Supermercado / Tienda de Autoservicio,Chedraui Sucursal Centro Sur,Blvd. Bernardo Quintana 502. Carr. con Direccion a Centro Civico. Col. Centro Sur. Cp. 76087,Querétaro,Santiago de Querétaro,20.569354,-100.358831
Aceite,Botella 750 Ml. Canola,Capullo,Aceites y Grasas Veg. Comestibles,Basicos,45,2026/04/06,Bodega Aurrera,Supermercado / Tienda de Autoservicio,Bodega Aurrera Sucursal la Viga,Calz. de la Viga 136 Esq. del Taller. Col. Lorenzo Boturini. Cp. 15820,Ciudad de México,Venustiano Carranza,19.414749,-99.127874
Aceite,Botella 750 Ml. Canola,Capullo,Aceites y Grasas Veg. Comestibles,Basicos,46,2026/04/06,Wal-mart,Supermercado / Tienda de Autoservicio,Walmart Sucursal Aeropuerto,Calz. Ignacio Zaragoza 58. Esq. Blvd. Puerto Aereo. Col. Federal. Cp. 15700,Ciudad de México,Venustiano Carranza,19.41926,-99.094521
Aceite,Botella 750 Ml. Canola,Capullo,Aceites y Grasas Veg. Comestibles,Basicos,46,2026/04/06,Wal-mart,Supermercado / Tienda de Autoservicio,Walmart Sucursal Balbuena,Fray Servando Teresa de Mier 881. Entre Fernando Iglesia Calderon y Genaro Garcia. Col. Jardin Balbuena. Cp. 15900,Ciudad de México,Venustiano Carranza,19.418067,-99.105639
Aceite,Botella 765 Ml. Maíz,Mazola,Aceites y Grasas Veg. Comestibles,Basicos,58,2026/04/06,Wal-mart,Supermercado / Tienda de Autoservicio,Walmart Sucursal Aeropuerto,Calz. Ignacio Zaragoza 58. Esq. Blvd. Puerto Aereo. Col. Federal. Cp. 15700,Ciudad de México,Venustiano Carranza,19.41926,-99.094521
Aceite,Botella 765 Ml. Maíz,Mazola,Aceites y Grasas Veg. Comestibles,Basicos,58,2026/04/06,Wal-mart,Supermercado / Tienda de Autoservicio,Walmart Sucursal Balbuena,Fray Servando Teresa de Mier 881. Entre Fernando Iglesia Calderon y Genaro Garcia. Col. Jardin Balbuena. Cp. 15900,Ciudad de México,Venustiano Carranza,19.418067,-99.105639
Aceite,Botella 765 Ml. Maíz,Mazola,Aceites y Grasas Veg. Comestibles,Basicos,65,2026/04/08,Chedraui,Supermercado / Tienda de Autoservicio,Chedraui Sucursal Centro Sur,Blvd. Bernardo Quintana 502. Carr. con Direccion a Centro Civico. Col. Centro Sur. Cp. 76087,Querétaro,Santiago de Querétaro,20.569354,-100.358831
Aceite,Botella 765 Ml. Maíz,Mazola,Aceites y Grasas Veg. Comestibles,Basicos,65,2026/04/09,La Comer,Supermercado / Tienda de Autoservicio,Lacomer Sucursal Queretaro Estadio,Luis M. Vega y Monroy 1300. Esq.cimatario . Col. Cimatario. Cp. 76090,Querétaro,Santiago de Querétaro,20.577804,-100.373626
Aceite,Botella 765 Ml. Maíz,Mazola,Aceites y Grasas Veg. Comestibles,Basicos,65,2026/04/15,Chedraui,Supermercado / Tienda de Autoservicio,Chedraui Sucursal Centro Sur,Blvd. Bernardo Quintana 502. Carr. con Direccion a Centro Civico. Col. Centro Sur. Cp. 76087,Querétaro,Santiago de Querétaro,20.569354,-100.358831
Aceite,Botella 800 Ml. Vegetal,Aurrera,Aceites y Grasas Veg. Comestibles,Basicos,26,2026/04/01,Bodega Aurrera,Supermercado / Tienda de Autoservicio,Bodega Aurrera Sucursal Centro Constituyentes,Constituyentes Oriente 334. Entre Pasteur y Manuel Ponce. Col. Mercurio. Cp. 76040,Querétaro,Santiago de Querétaro,20.586349,-100.382801
Aceite,Botella 800 Ml. Vegetal,Aurrera,Aceites y Grasas Veg. Comestibles,Basicos,26,2026/04/10,Bodega Aurrera,Supermercado / Tienda de Autoservicio,Bodega Aurrera Sucursal Centro Constituyentes,Constituyentes Oriente 334. Entre Pasteur y Manuel Ponce. Col. Mercurio. Cp. 76040,Querétaro,Santiago de Querétaro,20.586349,-100.382801
Aceite,Botella 800 Ml. Vegetal,Aurrera,Aceites y Grasas Veg. Comestibles,Basicos,30,2026/04/07,Wal-mart,Supermercado / Tienda de Autoservicio,Walmart Sucursal Unidad Plaza de Toros,Autopista Queretaro Celaya 5501. Int. del Centro Comercial Plaza Esfera. Col. el Jacal. Cp. 76187,Querétaro,Santiago de Querétaro,20.574076,-100.408704
Aceite,Botella 800 Ml. Vegetal,Aurrera,Aceites y Grasas Veg. Comestibles,Basicos,30,2026/04/14,Wal-mart,Supermercado / Tienda de Autoservicio,Walmart Sucursal Unidad Plaza de Toros,Autopista Queretaro Celaya 5501. Int. del Centro Comercial Plaza Esfera. Col. el Jacal. Cp. 76187,Querétaro,Santiago de Querétaro,20.574076,-100.408704
Aceite,Botella 800 Ml. Vegetal,Chedraui,Aceites y Grasas Veg. Comestibles,Basicos,28,2026/04/06,Chedraui,Supermercado / Tienda de Autoservicio,Chedraui Sucursal Anfora,Anfora 71. Esq. Eje 1 Norte. Col. Madero. Cp. 15320,Ciudad de México,Venustiano Carranza,19.437353,-99.110088
Aceite,Botella 800 Ml. Vegetal,Chedraui,Aceites y Grasas Veg. Comestibles,Basicos,28,2026/04/08,Chedraui,Supermercado / Tienda de Autoservicio,Chedraui Sucursal Centro Sur,Blvd. Bernardo Quintana 502. Carr. con Direccion a Centro Civico. Col. Centro Sur. Cp. 76087,Querétaro,Santiago de Querétaro,20.569354,-100.358831
Aceite,Botella 800 Ml. Vegetal,Chedraui,Aceites y Grasas Veg. Comestibles,Basicos,29,2026/04/15,Chedraui,Supermercado / Tienda de Autoservicio,Chedraui Sucursal Centro Sur,Blvd. Bernardo Quintana 502. Carr. con Direccion a Centro Civico. Col. Centro Sur. Cp. 76087,Querétaro,Santiago de Querétaro,20.569354,-100.358831
Aceite,Botella 800 Ml. Vegetal,Gran Tradición,Aceites y Grasas Veg. Comestibles,Basicos,29,2026/04/06,Chedraui,Supermercado / Tienda de Autoservicio,Chedraui Sucursal Anfora,Anfora 71. Esq. Eje 1 Norte. Col. Madero. Cp. 15320,Ciudad de México,Venustiano Carranza,19.437353,-99.110088
Aceite,Botella 800 Ml. Vegetal,Gran Tradición,Aceites y Grasas Veg. Comestibles,Basicos,30,2026/04/14,Wal-mart,Supermercado / Tienda de Autoservicio,Walmart Sucursal Unidad Plaza de Toros,Autopista Queretaro Celaya 5501. Int. del Centro Comercial Plaza Esfera. Col. el Jacal. Cp. 76187,Querétaro,Santiago de Querétaro,20.574076,-100.408704
Aceite,Botella 800 Ml. Vegetal,Gran Tradición,Aceites y Grasas Veg. Comestibles,Basicos,31,2026/04/06,Hipermercado Soriana,Supermercado / Tienda de Autoservicio,Soriana Hiper Sucursal Consulado (418),Rio Consulado 2355. Esq. Carlos Marx. Col. Simon Bolivar. Cp. 15410,Ciudad de México,Venustiano Carranza,19.449572,-99.100376
Aceite,Botella 800 Ml. Vegetal,Gran Tradición,Aceites y Grasas Veg. Comestibles,Basicos,31,2026/04/13,Hipermercado Soriana,Supermercado / Tienda de Autoservicio,Soriana Hiper Sucursal Cimatario,Ctra. a Huimilpan 1001. Int. del Centro Comercial Plaza del Sol. Col. Plazas del Sol. Iii Seccion. Cp. 76099,Querétaro,Santiago de Querétaro,20.563227,-100.375284
Aceite,Botella 800 Ml. Vegetal,Gran Tradición,Aceites y Grasas Veg. Comestibles,Basicos,31.5,2026/04/15,Chedraui,Supermercado / Tienda de Autoservicio,Chedraui Sucursal Centro Sur,Blvd. Bernardo Quintana 502. Carr. con Direccion a Centro Civico. Col. Centro Sur. Cp. 76087,Querétaro,Santiago de Querétaro,20.569354,-100.358831
Aceite,Botella 825 Ml. Cártamo,Oleico,Aceites y Grasas Veg. Comestibles,Basicos,60,2026/04/06,Bodega Aurrera,Supermercado / Tienda de Autoservicio,Bodega Aurrera Sucursal la Viga,Calz. de la Viga 136 Esq. del Taller. Col. Lorenzo Boturini. Cp. 15820,Ciudad de México,Venustiano Carranza,19.414749,-99.127874
Aceite,Botella 825 Ml. Cártamo,Oleico,Aceites y Grasas Veg. Comestibles,Basicos,60,2026/04/06,Chedraui,Supermercado / Tienda de Autoservicio,Chedraui Sucursal Anfora,Anfora 71. Esq. Eje 1 Norte. Col. Madero. Cp. 15320,Ciudad de México,Venustiano Carranza,19.437353,-99.110088
Aceite,Botella 825 Ml. Cártamo,Oleico,Aceites y Grasas Veg. Comestibles,Basicos,65,2026/04/08,Chedraui,Supermercado / Tienda de Autoservicio,Chedraui Sucursal Centro Sur,Blvd. Bernardo Quintana 502. Carr. con Direccion a Centro Civico. Col. Centro Sur. Cp. 76087,Querétaro,Santiago de Querétaro,20.569354,-100.358831
Aceite,Botella 825 Ml. Cártamo,Oleico,Aceites y Grasas Veg. Comestibles,Basicos,65,2026/04/09,La Comer,Supermercado / Tienda de Autoservicio,Lacomer Sucursal Queretaro Estadio,Luis M. Vega y Monroy 1300. Esq.cimatario . Col. Cimatario. Cp. 76090,Querétaro,Santiago de Querétaro,20.577804,-100.373626
Aceite,Botella 825 Ml. Cártamo,Oleico,Aceites y Grasas Veg. Comestibles,Basicos,65,2026/04/15,Chedraui,Supermercado / Tienda de Autoservicio,Chedraui Sucursal Centro Sur,Blvd. Bernardo Quintana 502. Carr. con Direccion a Centro Civico. Col. Centro Sur. Cp. 76087,Querétaro,Santiago de Querétaro,20.569354,-100.358831
Aceite,Botella 825 Ml. Cártamo,Oleico,Aceites y Grasas Veg. Comestibles,Basicos,67,2026/04/10,Bodega Aurrera,Supermercado / Tienda de Autoservicio,Bodega Aurrera Sucursal Centro Constituyentes,Constituyentes Oriente 334. Entre Pasteur y Manuel Ponce. Col. Mercurio. Cp. 76040,Querétaro,Santiago de Querétaro,20.586349,-100.382801
Aceite,Botella 825 Ml. Cártamo,Oleico,Aceites y Grasas Veg. Comestibles,Basicos,67.5,2026/04/06,Hipermercado Soriana,Supermercado / Tienda de Autoservicio,Soriana Hiper Sucursal Consulado (418),Rio Consulado 2355. Esq. Carlos Marx. Col. Simon Bolivar. Cp. 15410,Ciudad de México,Venustiano Carranza,19.449572,-99.100376
Aceite,Botella 825 Ml. Cártamo,Oleico,Aceites y Grasas Veg. Comestibles,Basicos,67.5,2026/04/13,Hipermercado Soriana,Supermercado / Tienda de Autoservicio,Soriana Hiper Sucursal Cimatario,Ctra. a Huimilpan 1001. Int. del Centro Comercial Plaza del Sol. Col. Plazas del Sol. Iii Seccion. Cp. 76099,Querétaro,Santiago de Querétaro,20.563227,-100.375284
Aceite,Botella 825 Ml. Cártamo,Oleico,Aceites y Grasas Veg. Comestibles,Basicos,68,2026/04/03,Superissste,Supermercado / Tienda de Autoservicio,Superissste Sucursal 011,Calle Peluqueros No. 310 Esquina Calle Tizayuca. Col. Michoacana. Cp. 15240,Ciudad de México,Venustiano Carranza,19.446139,-99.113372
Aceite,Botella 825 Ml. Cártamo,Oleico,Aceites y Grasas Veg. Comestibles,Basicos,68,2026/04/03,Superissste,Supermercado / Tienda de Autoservicio,Superissste Sucursal 022,Av. del Taller y Retorno No. 38 Dentro del Retorno 38. Col. Jardin Balbuena. Cp. 15900,Ciudad de México,Venustiano Carranza,19.412842,-99.105666
Aceite,Botella 825 Ml. Cártamo,Oleico,Aceites y Grasas Veg. Comestibles,Basicos,68,2026/04/06,Wal-mart,Supermercado / Tienda de Autoservicio,Walmart Sucursal Aeropuerto,Calz. Ignacio Zaragoza 58. Esq. Blvd. Puerto Aereo. Col. Federal. Cp. 15700,Ciudad de México,Venustiano Carranza,19.41926,-99.094521
Aceite,Botella 825 Ml. Cártamo,Oleico,Aceites y Grasas Veg. Comestibles,Basicos,68,2026/04/06,Wal-mart,Supermercado / Tienda de Autoservicio,Walmart Sucursal Balbuena,Fray Servando Teresa de Mier 881. Entre Fernando Iglesia Calderon y Genaro Garcia. Col. Jardin Balbuena. Cp. 15900,Ciudad de México,Venustiano Carranza,19.418067,-99.105639
Aceite,Botella 825 Ml. Cártamo,Oleico,Aceites y Grasas Veg. Comestibles,Basicos,68,2026/04/07,Wal-mart,Supermercado / Tienda de Autoservicio,Walmart Sucursal Unidad Plaza de Toros,Autopista Queretaro Celaya 5501. Int. del Centro Comercial Plaza Esfera. Col. el Jacal. Cp. 76187,Querétaro,Santiago de Querétaro,20.574076,-100.408704
Aceite,Botella 825 Ml. Cártamo,Oleico,Aceites y Grasas Veg. Comestibles,Basicos,68,2026/04/10,Superissste,Supermercado / Tienda de Autoservicio,Superissste Sucursal 011,Calle Peluqueros No. 310 Esquina Calle Tizayuca. Col. Michoacana. Cp. 15240,Ciudad de México,Venustiano Carranza,19.446139,-99.113372
Aceite,Botella 825 Ml. Cártamo,Oleico,Aceites y Grasas Veg. Comestibles,Basicos,68,2026/04/10,Superissste,Supermercado / Tienda de Autoservicio,Superissste Sucursal 022,Av. del Taller y Retorno No. 38 Dentro del Retorno 38. Col. Jardin Balbuena. Cp. 15900,Ciudad de México,Venustiano Carranza,19.412842,-99.105666
Aceite,Botella 825 Ml. Cártamo,Oleico,Aceites y Grasas Veg. Comestibles,Basicos,68,2026/04/14,Wal-mart,Supermercado / Tienda de Autoservicio,Walmart Sucursal Unidad Plaza de Toros,Autopista Queretaro Celaya 5501. Int. del Centro Comercial Plaza Esfera. Col. el Jacal. Cp. 76187,Querétaro,Santiago de Querétaro,20.574076,-100.408704
Aceite,Botella 840 Ml. Canola,Capullo,Aceites y Grasas Veg. Comestibles,Basicos,50,2026/04/08,Chedraui,Supermercado / Tienda de Autoservicio,Chedraui Sucursal Centro Sur,Blvd. Bernardo Quintana 502. Carr. con Direccion a Centro Civico. Col. Centro Sur. Cp. 76087,Querétaro,Santiago de Querétaro,20.569354,-100.358831
Aceite,Botella 840 Ml. Canola,Capullo,Aceites y Grasas Veg. Comestibles,Basicos,50,2026/04/15,Chedraui,Supermercado / Tienda de Autoservicio,Chedraui Sucursal Centro Sur,Blvd. Bernardo Quintana 502. Carr. con Direccion a Centro Civico. Col. Centro Sur. Cp. 76087,Querétaro,Santiago de Querétaro,20.569354,-100.358831
Aceite,Botella 840 Ml. Canola,Capullo,Aceites y Grasas Veg. Comestibles,Basicos,54.5,2026/04/07,Oxxo,Tienda de Conveniencia,Oxxo Sucursal Corregidora 50 Cr,Circuito Moises Solana No. 128. Esq. Gertrudis Bocanegra. Col. Burocratas. Cp. 76070,Querétaro,Santiago de Querétaro,20.57462,-100.384232
Aceite,Botella 840 Ml. Canola,Capullo,Aceites y Grasas Veg. Comestibles,Basicos,54.5,2026/04/14,Oxxo,Tienda de Conveniencia,Oxxo Sucursal Corregidora 50 Cr,Circuito Moises Solana No. 128. Esq. Gertrudis Bocanegra. Col. Burocratas. Cp. 76070,Querétaro,Santiago de Querétaro,20.57462,-100.384232
Aceite,Botella 840 Ml. Canola,Capullo,Aceites y Grasas Veg. Comestibles,Basicos,57.9,2026/04/13,Hipermercado Soriana,Supermercado / Tienda de Autoservicio,Soriana Hiper Sucursal Cimatario,Ctra. a Huimilpan 1001. Int. del Centro Comercial Plaza del Sol. Col. Plazas del Sol. Iii Seccion. Cp. 76099,Querétaro,Santiago de Querétaro,20.563227,-100.375284
Aceite,Botella 850 Ml. Soya,Nutrioli,Aceites y Grasas Veg. Comestibles,Basicos,39.9,2026/04/06,Hipermercado Soriana,Supermercado / Tienda de Autoservicio,Soriana Hiper Sucursal Consulado (418),Rio Consulado 2355. Esq. Carlos Marx. Col. Simon Bolivar. Cp. 15410,Ciudad de México,Venustiano Carranza,19.449572,-99.100376
Aceite,Botella 850 Ml. Soya,Nutrioli,Aceites y Grasas Veg. Comestibles,Basicos,39.9,2026/04/13,Hipermercado Soriana,Supermercado / Tienda de Autoservicio,Soriana Hiper Sucursal Cimatario,Ctra. a Huimilpan 1001. Int. del Centro Comercial Plaza del Sol. Col. Plazas del Sol. Iii Seccion. Cp. 76099,Querétaro,Santiago de Querétaro,20.563227,-100.375284
Aceite,Botella 850 Ml. Soya,Nutrioli,Aceites y Grasas Veg. Comestibles,Basicos,40.5,2026/04/08,Chedraui,Supermercado / Tienda de Autoservicio,Chedraui Sucursal Centro Sur,Blvd. Bernardo Quintana 502. Carr. con Direccion a Centro Civico. Col. Centro Sur. Cp. 76087,Querétaro,Santiago de Querétaro,20.569354,-100.358831
Aceite,Botella 850 Ml. Soya,Nutrioli,Aceites y Grasas Veg. Comestibles,Basicos,41.5,2026/04/15,Chedraui,Supermercado / Tienda de Autoservicio,Chedraui Sucursal Centro Sur,Blvd. Bernardo Quintana 502. Carr. con Direccion a Centro Civico. Col. Centro Sur. Cp. 76087,Querétaro,Santiago de Querétaro,20.569354,-100.358831
Aceite,Botella 850 Ml. Soya,Nutrioli,Aceites y Grasas Veg. Comestibles,Basicos,41.9,2026/04/09,La Comer,Supermercado / Tienda de Autoservicio,Lacomer Sucursal Queretaro Estadio,Luis M. Vega y Monroy 1300. Esq.cimatario . Col. Cimatario. Cp. 76090,Querétaro,Santiago de Querétaro,20.577804,-100.373626
Aceite,Botella 850 Ml. Soya,Nutrioli,Aceites y Grasas Veg. Comestibles,Basicos,42,2026/04/06,Chedraui,Supermercado / Tienda de Autoservicio,Chedraui Sucursal Anfora,Anfora 71. Esq. Eje 1 Norte. Col. Madero. Cp. 15320,Ciudad de México,Venustiano Carranza,19.437353,-99.110088
Aceite,Botella 850 Ml. Soya,Nutrioli,Aceites y Grasas Veg. Comestibles,Basicos,43.5,2026/04/03,Superissste,Supermercado / Tienda de Autoservicio,Superissste Sucursal 011,Calle Peluqueros No. 310 Esquina Calle Tizayuca. Col. Michoacana. Cp. 15240,Ciudad de México,Venustiano Carranza,19.446139,-99.113372
Aceite,Botella 850 Ml. Soya,Nutrioli,Aceites y Grasas Veg. Comestibles,Basicos,43.5,2026/04/03,Superissste,Supermercado / Tienda de Autoservicio,Superissste Sucursal 022,Av. del Taller y Retorno No. 38 Dentro del Retorno 38. Col. Jardin Balbuena. Cp. 15900,Ciudad de México,Venustiano Carranza,19.412842,-99.105666
Aceite,Botella 850 Ml. Soya,Nutrioli,Aceites y Grasas Veg. Comestibles,Basicos,43.5,2026/04/10,Superissste,Supermercado / Tienda de Autoservicio,Superissste Sucursal 011,Calle Peluqueros No. 310 Esquina Calle Tizayuca. Col. Michoacana. Cp. 15240,Ciudad de México,Venustiano Carranza,19.446139,-99.113372
Aceite,Botella 850 Ml. Soya,Nutrioli,Aceites y Grasas Veg. Comestibles,Basicos,43.5,2026/04/10,Superissste,Supermercado / Tienda de Autoservicio,Superissste Sucursal 022,Av. del Taller y Retorno No. 38 Dentro del Retorno 38. Col. Jardin Balbuena. Cp. 15900,Ciudad de México,Venustiano Carranza,19.412842,-99.105666
Aceite,Botella 850 Ml. Vegetal,Ave,Aceites y Grasas Veg. Comestibles,Pacic,28,2026/04/01,Chedraui,Supermercado / Tienda de Autoservicio,Chedraui Sucursal Centro Sur,Blvd. Bernardo Quintana 502. Carr. con Direccion a Centro Civico. Col. Centro Sur. Cp. 76087,Querétaro,Santiago de Querétaro,20.569354,-100.358831
Aceite,Botella 850 Ml. Vegetal,Ave,Aceites y Grasas Veg. Comestibles,Pacic,28,2026/04/06,Chedraui,Supermercado / Tienda de Autoservicio,Chedraui Sucursal Anfora,Anfora 71. Esq. Eje 1 Norte. Col. Madero. Cp. 15320,Ciudad de México,Venustiano Carranza,19.437353,-99.110088
Aceite,Botella 850 Ml. Vegetal,Ave,Aceites y Grasas Veg. Comestibles,Pacic,28,2026/04/08,Chedraui,Supermercado / Tienda de Autoservicio,Chedraui Sucursal Centro Sur,Blvd. Bernardo Quintana 502. Carr. con Direccion a Centro Civico. Col. Centro Sur. Cp. 76087,Querétaro,Santiago de Querétaro,20.569354,-100.358831
Aceite,Botella 850 Ml. Vegetal,Ave,Aceites y Grasas Veg. Comestibles,Pacic,28,2026/04/15,Chedraui,Supermercado / Tienda de Autoservicio,Chedraui Sucursal Centro Sur,Blvd. Bernardo Quintana 502. Carr. con Direccion a Centro Civico. Col. Centro Sur. Cp. 76087,Querétaro,Santiago de Querétaro,20.569354,-100.358831
Aceite,Botella 850 Ml. Vegetal,Gran Tradición,Aceites y Grasas Veg. Comestibles,Basicos,30,2026/04/01,Bodega Aurrera,Supermercado / Tienda de Autoservicio,Bodega Aurrera Sucursal Centro Constituyentes,Constituyentes Oriente 334. Entre Pasteur y Manuel Ponce. Col. Mercurio. Cp. 76040,Querétaro,Santiago de Querétaro,20.586349,-100.382801
Aceite,Botella 850 Ml. Vegetal,Gran Tradición,Aceites y Grasas Veg. Comestibles,Basicos,30,2026/04/06,Bodega Aurrera,Supermercado / Tienda de Autoservicio,Bodega Aurrera Sucursal la Viga,Calz. de la Viga 136 Esq. del Taller. Col. Lorenzo Boturini. Cp. 15820,Ciudad de México,Venustiano Carranza,19.414749,-99.127874
Aceite,Botella 850 Ml. Vegetal,Gran Tradición,Aceites y Grasas Veg. Comestibles,Basicos,30,2026/04/06,Wal-mart,Supermercado / Tienda de Autoservicio,Walmart Sucursal Aeropuerto,Calz. Ignacio Zaragoza 58. Esq. Blvd. Puerto Aereo. Col. Federal. Cp. 15700,Ciudad de México,Venustiano Carranza,19.41926,-99.094521
Aceite,Botella 850 Ml. Vegetal,Gran Tradición,Aceites y Grasas Veg. Comestibles,Basicos,30,2026/04/06,Wal-mart,Supermercado / Tienda de Autoservicio,Walmart Sucursal Balbuena,Fray Servando Teresa de Mier 881. Entre Fernando Iglesia Calderon y Genaro Garcia. Col. Jardin Balbuena. Cp. 15900,Ciudad de México,Venustiano Carranza,19.418067,-99.105639
Aceite,Botella 850 Ml. Vegetal,Gran Tradición,Aceites y Grasas Veg. Comestibles,Basicos,30,2026/04/07,Wal-mart,Supermercado / Tienda de Autoservicio,Walmart Sucursal Unidad Plaza de Toros,Autopista Queretaro Celaya 5501. Int. del Centro Comercial Plaza Esfera. Col. el Jacal. Cp. 76187,Querétaro,Santiago de Querétaro,20.574076,-100.408704
Aceite,Botella 850 Ml. Vegetal,Gran Tradición,Aceites y Grasas Veg. Comestibles,Basicos,30,2026/04/10,Bodega Aurrera,Supermercado / Tienda de Autoservicio,Bodega Aurrera Sucursal Centro Constituyentes,Constituyentes Oriente 334. Entre Pasteur y Manuel Ponce. Col. Mercurio. Cp. 76040,Querétaro,Santiago de Querétaro,20.586349,-100.382801
Aceite,Botella 850 Ml. Vegetal,Gran Tradición,Aceites y Grasas Veg. Comestibles,Pacic,29.9,2026/04/03,Superissste,Supermercado / Tienda de Autoservicio,Superissste Sucursal 011,Calle Peluqueros No. 310 Esquina Calle Tizayuca. Col. Michoacana. Cp. 15240,Ciudad de México,Venustiano Carranza,19.446139,-99.113372
Aceite,Botella 850 Ml. Vegetal,Gran Tradición,Aceites y Grasas Veg. Comestibles,Pacic,29.9,2026/04/03,Superissste,Supermercado / Tienda de Autoservicio,Superissste Sucursal 022,Av. del Taller y Retorno No. 38 Dentro del Retorno 38. Col. Jardin Balbuena. Cp. 15900,Ciudad de México,Venustiano Carranza,19.412842,-99.105666
Aceite,Botella 850 Ml. Vegetal,Gran Tradición,Aceites y Grasas Veg. Comestibles,Pacic,29.9,2026/04/10,Superissste,Supermercado / Tienda de Autoservicio,Superissste Sucursal 011,Calle Peluqueros No. 310 Esquina Calle Tizayuca. Col. Michoacana. Cp. 15240,Ciudad de México,Venustiano Carranza,19.446139,-99.113372
Aceite,Botella 850 Ml. Vegetal,Gran Tradición,Aceites y Grasas Veg. Comestibles,Pacic,29.9,2026/04/10,Superissste,Supermercado / Tienda de Autoservicio,Superissste Sucursal 022,Av. del Taller y Retorno No. 38 Dentro del Retorno 38. Col. Jardin Balbuena. Cp. 15900,Ciudad de México,Venustiano Carranza,19.412842,-99.105666
Aceite,Botella 850 Ml. Vegetal,Gran Tradición,Aceites y Grasas Veg. Comestibles,Pacic,30,2026/04/01,Bodega Aurrera,Supermercado / Tienda de Autoservicio,Bodega Aurrera Sucursal Centro Constituyentes,Constituyentes Oriente 334. Entre Pasteur y Manuel Ponce. Col. Mercurio. Cp. 76040,Querétaro,Santiago de Querétaro,20.586349,-100.382801
Aceite,Botella 850 Ml. Vegetal,Gran Tradición,Aceites y Grasas Veg. Comestibles,Pacic,30,2026/04/01,Wal-mart,Supermercado / Tienda de Autoservicio,Walmart Sucursal Unidad Plaza de Toros,Autopista Queretaro Celaya 5501. Int. del Centro Comercial Plaza Esfera. Col. el Jacal. Cp. 76187,Querétaro,Santiago de Querétaro,20.574076,-100.408704
Aceite,Botella 850 Ml. Vegetal,Gran Tradición,Aceites y Grasas Veg. Comestibles,Pacic,30,2026/04/06,Bodega Aurrera,Supermercado / Tienda de Autoservicio,Bodega Aurrera Sucursal la Viga,Calz. de la Viga 136 Esq. del Taller. Col. Lorenzo Boturini. Cp. 15820,Ciudad de México,Venustiano Carranza,19.414749,-99.127874
Aceite,Botella 850 Ml. Vegetal,Gran Tradición,Aceites y Grasas Veg. Comestibles,Pacic,30,2026/04/06,Wal-mart,Supermercado / Tienda de Autoservicio,Walmart Sucursal Aeropuerto,Calz. Ignacio Zaragoza 58. Esq. Blvd. Puerto Aereo. Col. Federal. Cp. 15700,Ciudad de México,Venustiano Carranza,19.41926,-99.094521
Aceite,Botella 850 Ml. Vegetal,Gran Tradición,Aceites y Grasas Veg. Comestibles,Pacic,30,2026/04/06,Wal-mart,Supermercado / Tienda de Autoservicio,Walmart Sucursal Balbuena,Fray Servando Teresa de Mier 881. Entre Fernando Iglesia Calderon y Genaro Garcia. Col. Jardin Balbuena. Cp. 15900,Ciudad de México,Venustiano Carranza,19.418067,-99.105639
Aceite,Botella 850 Ml. Vegetal,Gran Tradición,Aceites y Grasas Veg. Comestibles,Pacic,30,2026/04/07,Wal-mart,Supermercado / Tienda de Autoservicio,Walmart Sucursal Unidad Plaza de Toros,Autopista Queretaro Celaya 5501. Int. del Centro Comercial Plaza Esfera. Col. el Jacal. Cp. 76187,Querétaro,Santiago de Querétaro,20.574076,-100.408704
Aceite,Botella 850 Ml. Vegetal,Gran Tradición,Aceites y Grasas Veg. Comestibles,Pacic,30,2026/04/10,Bodega Aurrera,Supermercado / Tienda de Autoservicio,Bodega Aurrera Sucursal Centro Constituyentes,Constituyentes Oriente 334. Entre Pasteur y Manuel Ponce. Col. Mercurio. Cp. 76040,Querétaro,Santiago de Querétaro,20.586349,-100.382801
Aceite,Botella 850 Ml. Vegetal,Gran Tradición,Aceites y Grasas Veg. Comestibles,Pacic,30,2026/04/14,Wal-mart,Supermercado / Tienda de Autoservicio,Walmart Sucursal Unidad Plaza de Toros,Autopista Queretaro Celaya 5501. Int. del Centro Comercial Plaza Esfera. Col. el Jacal. Cp. 76187,Querétaro,Santiago de Querétaro,20.574076,-100.408704
Aceite,Botella 850 Ml. Vegetal,Ke Precio,Aceites y Grasas Veg. Comestibles,Pacic,28.7,2026/04/01,La Comer,Supermercado / Tienda de Autoservicio,Lacomer Sucursal Queretaro Estadio,Luis M. Vega y Monroy 1300. Esq.cimatario . Col. Cimatario. Cp. 76090,Querétaro,Santiago de Querétaro,20.577804,-100.373626
Aceite,Botella 850 Ml. Vegetal,Ke Precio,Aceites y Grasas Veg. Comestibles,Pacic,28.7,2026/04/09,La Comer,Supermercado / Tienda de Autoservicio,Lacomer Sucursal Queretaro Estadio,Luis M. Vega y Monroy 1300. Esq.cimatario . Col. Cimatario. Cp. 76090,Querétaro,Santiago de Querétaro,20.577804,-100.373626
Aceite,Botella 850 Ml. Vegetal,Precíssimo,Aceites y Grasas Veg. Comestibles,Basicos,29.5,2026/04/06,Hipermercado Soriana,Supermercado / Tienda de Autoservicio,Soriana Hiper Sucursal Cimatario,Ctra. a Huimilpan 1001. Int. del Centro Comercial Plaza del Sol. Col. Plazas del Sol. Iii Seccion. Cp. 76099,Querétaro,Santiago de Querétaro,20.563227,-100.375284
Aceite,Botella 850 Ml. Vegetal,Precíssimo,Aceites y Grasas Veg. Comestibles,Basicos,29.5,2026/04/13,Hipermercado Soriana,Supermercado / Tienda de Autoservicio,Soriana Hiper Sucursal Cimatario,Ctra. a Huimilpan 1001. Int. del Centro Comercial Plaza del Sol. Col. Plazas del Sol. Iii Seccion. Cp. 76099,Querétaro,Santiago de Querétaro,20.563227,-100.375284
Aceite,Botella 850 Ml. Vegetal,Precíssimo,Aceites y Grasas Veg. Comestibles,Pacic,29.5,2026/04/06,Hipermercado Soriana,Supermercado / Tienda de Autoservicio,Soriana Hiper Sucursal Cimatario,Ctra. a Huimilpan 1001. Int. del Centro Comercial Plaza del Sol. Col. Plazas del Sol. Iii Seccion. Cp. 76099,Querétaro,Santiago de Querétaro,20.563227,-100.375284
Aceite,Botella 850 Ml. Vegetal,Precíssimo,Aceites y Grasas Veg. Comestibles,Pacic,29.5,2026/04/06,Hipermercado Soriana,Supermercado / Tienda de Autoservicio,Soriana Hiper Sucursal Consulado (418),Rio Consulado 2355. Esq. Carlos Marx. Col. Simon Bolivar. Cp. 15410,Ciudad de México,Venustiano Carranza,19.449572,-99.100376
Aceite,Botella 850 Ml. Vegetal,Precíssimo,Aceites y Grasas Veg. Comestibles,Pacic,29.5,2026/04/13,Hipermercado Soriana,Supermercado / Tienda de Autoservicio,Soriana Hiper Sucursal Cimatario,Ctra. a Huimilpan 1001. Int. del Centro Comercial Plaza del Sol. Col. Plazas del Sol. Iii Seccion. Cp. 76099,Querétaro,Santiago de Querétaro,20.563227,-100.375284
Aceite,Botella 850 Ml. Vegetal. Sabor Mantequilla,Sabrosano,Aceites y Grasas Veg. Comestibles,Basicos,35,2026/04/01,Bodega Aurrera,Supermercado / Tienda de Autoservicio,Bodega Aurrera Sucursal Centro Constituyentes,Constituyentes Oriente 334. Entre Pasteur y Manuel Ponce. Col. Mercurio. Cp. 76040,Querétaro,Santiago de Querétaro,20.586349,-100.382801
Aceite,Botella 850 Ml. Vegetal. Sabor Mantequilla,Sabrosano,Aceites y Grasas Veg. Comestibles,Basicos,35,2026/04/06,Bodega Aurrera,Supermercado / Tienda de Autoservicio,Bodega Aurrera Sucursal la Viga,Calz. de la Viga 136 Esq. del Taller. Col. Lorenzo Boturini. Cp. 15820,Ciudad de México,Venustiano Carranza,19.414749,-99.127874
Aceite,Botella 850 Ml. Vegetal. Sabor Mantequilla,Sabrosano,Aceites y Grasas Veg. Comestibles,Basicos,35,2026/04/10,Bodega Aurrera,Supermercado / Tienda de Autoservicio,Bodega Aurrera Sucursal Centro Constituyentes,Constituyentes Oriente 334. Entre Pasteur y Manuel Ponce. Col. Mercurio. Cp. 76040,Querétaro,Santiago de Querétaro,20.586349,-100.382801
Aceite,Botella 850 Ml. Vegetal. Sabor Mantequilla,Sabrosano,Aceites y Grasas Veg. Comestibles,Basicos,39,2026/04/06,Wal-mart,Supermercado / Tienda de Autoservicio,Walmart Sucursal Aeropuerto,Calz. Ignacio Zaragoza 58. Esq. Blvd. Puerto Aereo. Col. Federal. Cp. 15700,Ciudad de México,Venustiano Carranza,19.41926,-99.094521
Aceite,Botella 850 Ml. Vegetal. Sabor Mantequilla,Sabrosano,Aceites y Grasas Veg. Comestibles,Basicos,39,2026/04/06,Wal-mart,Supermercado / Tienda de Autoservicio,Walmart Sucursal Balbuena,Fray Servando Teresa de Mier 881. Entre Fernando Iglesia Calderon y Genaro Garcia. Col. Jardin Balbuena. Cp. 15900,Ciudad de México,Venustiano Carranza,19.418067,-99.105639
Aceite,Botella 850 Ml. Vegetal. Sabor Mantequilla,Sabrosano,Aceites y Grasas Veg. Comestibles,Basicos,39,2026/04/07,Wal-mart,Supermercado / Tienda de Autoservicio,Walmart Sucursal Unidad Plaza de Toros,Autopista Queretaro Celaya 5501. Int. del Centro Comercial Plaza Esfera. Col. el Jacal. Cp. 76187,Querétaro,Santiago de Querétaro,20.574076,-100.408704
Aceite,Botella 850 Ml. Vegetal. Sabor Mantequilla,Sabrosano,Aceites y Grasas Veg. Comestibles,Basicos,39,2026/04/08,Chedraui,Supermercado / Tienda de Autoservicio,Chedraui Sucursal Centro Sur,Blvd. Bernardo Quintana 502. Carr. con Direccion a Centro Civico. Col. Centro Sur. Cp. 76087,Querétaro,Santiago de Querétaro,20.569354,-100.358831
Aceite,Botella 850 Ml. Vegetal. Sabor Mantequilla,Sabrosano,Aceites y Grasas Veg. Comestibles,Basicos,39,2026/04/14,Wal-mart,Supermercado / Tienda de Autoservicio,Walmart Sucursal Unidad Plaza de Toros,Autopista Queretaro Celaya 5501. Int. del Centro Comercial Plaza Esfera. Col. el Jacal. Cp. 76187,Querétaro,Santiago de Querétaro,20.574076,-100.408704
Aceite,Botella 850 Ml. Vegetal. Sabor Mantequilla,Sabrosano,Aceites y Grasas Veg. Comestibles,Basicos,39,2026/04/15,Chedraui,Supermercado / Tienda de Autoservicio,Chedraui Sucursal Centro Sur,Blvd. Bernardo Quintana 502. Carr. con Direccion a Centro Civico. Col. Centro Sur. Cp. 76087,Querétaro,Santiago de Querétaro,20.569354,-100.358831
Aceite,Botella 850 Ml. Vegetal. Sabor Mantequilla,Sabrosano,Aceites y Grasas Veg. Comestibles,Basicos,40,2026/04/03,Superissste,Supermercado / Tienda de Autoservicio,Superissste Sucursal 011,Calle Peluqueros No. 310 Esquina Calle Tizayuca. Col. Michoacana. Cp. 15240,Ciudad de México,Venustiano Carranza,19.446139,-99.113372
Aceite,Botella 850 Ml. Vegetal. Sabor Mantequilla,Sabrosano,Aceites y Grasas Veg. Comestibles,Basicos,40,2026/04/03,Superissste,Supermercado / Tienda de Autoservicio,Superissste Sucursal 022,Av. del Taller y Retorno No. 38 Dentro del Retorno 38. Col. Jardin Balbuena. Cp. 15900,Ciudad de México,Venustiano Carranza,19.412842,-99.105666
Aceite,Botella 850 Ml. Vegetal. Sabor Mantequilla,Sabrosano,Aceites y Grasas Veg. Comestibles,Basicos,40,2026/04/10,Superissste,Supermercado / Tienda de Autoservicio,Superissste Sucursal 011,Calle Peluqueros No. 310 Esquina Calle Tizayuca. Col. Michoacana. Cp. 15240,Ciudad de México,Venustiano Carranza,19.446139,-99.113372
Aceite,Botella 850 Ml. Vegetal. Sabor Mantequilla,Sabrosano,Aceites y Grasas Veg. Comestibles,Basicos,40,2026/04/10,Superissste,Supermercado / Tienda de Autoservicio,Superissste Sucursal 022,Av. del Taller y Retorno No. 38 Dentro del Retorno 38. Col. Jardin Balbuena. Cp. 15900,Ciudad de México,Venustiano Carranza,19.412842,-99.105666
Aceite,Botella 850 Ml. Vegetal. Sabor Mantequilla,Sabrosano,Aceites y Grasas Veg. Comestibles,Basicos,41.9,2026/04/06,Hipermercado Soriana,Supermercado / Tienda de Autoservicio,Soriana Hiper Sucursal Consulado (418),Rio Consulado 2355. Esq. Carlos Marx. Col. Simon Bolivar. Cp. 15410,Ciudad de México,Venustiano Carranza,19.449572,-99.100376
Aceite,Botella 850 Ml. Vegetal. Sabor Mantequilla,Sabrosano,Aceites y Grasas Veg. Comestibles,Basicos,41.9,2026/04/13,Hipermercado Soriana,Supermercado / Tienda de Autoservicio,Soriana Hiper Sucursal Cimatario,Ctra. a Huimilpan 1001. Int. del Centro Comercial Plaza del Sol. Col. Plazas del Sol. Iii Seccion. Cp. 76099,Querétaro,Santiago de Querétaro,20.563227,-100.375284
Aceite,Botella 875 Ml. Soya,Imperial,Aceites y Grasas Veg. Comestibles,Pacic,36.5,2026/04/01,Chedraui,Supermercado / Tienda de Autoservicio,Chedraui Sucursal Centro Sur,Blvd. Bernardo Quintana 502. Carr. con Direccion a Centro Civico. Col. Centro Sur. Cp. 76087,Querétaro,Santiago de Querétaro,20.569354,-100.358831
Aceite,Botella 875 Ml. Soya,Imperial,Aceites y Grasas Veg. Comestibles,Pacic,36.5,2026/04/06,Chedraui,Supermercado / Tienda de Autoservicio,Chedraui Sucursal Anfora,Anfora 71. Esq. Eje 1 Norte. Col. Madero. Cp. 15320,Ciudad de México,Venustiano Carranza,19.437353,-99.110088
Aceite,Botella 875 Ml. Soya,Imperial,Aceites y Grasas Veg. Comestibles,Pacic,44,2026/04/15,Chedraui,Supermercado / Tienda de Autoservicio,Chedraui Sucursal Centro Sur,Blvd. Bernardo Quintana 502. Carr. con Direccion a Centro Civico. Col. Centro Sur. Cp. 76087,Querétaro,Santiago de Querétaro,20.569354,-100.358831
Aceite,Botella 946 Ml. Canola,Canoil,Aceites y Grasas Veg. Comestibles,Basicos,35,2026/04/01,Bodega Aurrera,Supermercado / Tienda de Autoservicio,Bodega Aurrera Sucursal Centro Constituyentes,Constituyentes Oriente 334. Entre Pasteur y Manuel Ponce. Col. Mercurio. Cp. 76040,Querétaro,Santiago de Querétaro,20.586349,-100.382801
Aceite,Botella 946 Ml. Canola,Canoil,Aceites y Grasas Veg. Comestibles,Basicos,35,2026/04/09,La Comer,Supermercado / Tienda de Autoservicio,Lacomer Sucursal Queretaro Estadio,Luis M. Vega y Monroy 1300. Esq.cimatario . Col. Cimatario. Cp. 76090,Querétaro,Santiago de Querétaro,20.577804,-100.373626
Aceite,Botella 946 Ml. Canola,Canoil,Aceites y Grasas Veg. Comestibles,Basicos,35,2026/04/10,Bodega Aurrera,Supermercado / Tienda de Autoservicio,Bodega Aurrera Sucursal Centro Constituyentes,Constituyentes Oriente 334. Entre Pasteur y Manuel Ponce. Col. Mercurio. Cp. 76040,Querétaro,Santiago de Querétaro,20.586349,-100.382801
Aceite,Botella 946 Ml. Canola,Canoil,Aceites y Grasas Veg. Comestibles,Basicos,36.5,2026/04/06,Chedraui,Supermercado / Tienda de Autoservicio,Chedraui Sucursal Anfora,Anfora 71. Esq. Eje 1 Norte. Col. Madero. Cp. 15320,Ciudad de México,Venustiano Carranza,19.437353,-99.110088
Aceite,Botella 946 Ml. Canola,Canoil,Aceites y Grasas Veg. Comestibles,Basicos,38.9,2026/04/13,Hipermercado Soriana,Supermercado / Tienda de Autoservicio,Soriana Hiper Sucursal Cimatario,Ctra. a Huimilpan 1001. Int. del Centro Comercial Plaza del Sol. Col. Plazas del Sol. Iii Seccion. Cp. 76099,Querétaro,Santiago de Querétaro,20.563227,-100.375284
Aceite,Botella 946 Ml. Canola,Canoil,Aceites y Grasas Veg. Comestibles,Basicos,39,2026/04/07,Wal-mart,Supermercado / Tienda de Autoservicio,Walmart Sucursal Unidad Plaza de Toros,Autopista Queretaro Celaya 5501. Int. del Centro Comercial Plaza Esfera. Col. el Jacal. Cp. 76187,Querétaro,Santiago de Querétaro,20.574076,-100.408704
Aceite,Botella 946 Ml. Canola,Canoil,Aceites y Grasas Veg. Comestibles,Basicos,39,2026/04/14,Wal-mart,Supermercado / Tienda de Autoservicio,Walmart Sucursal Unidad Plaza de Toros,Autopista Queretaro Celaya 5501. Int. del Centro Comercial Plaza Esfera. Col. el Jacal. Cp. 76187,Querétaro,Santiago de Querétaro,20.574076,-100.408704
Aceite,Botella 946 Ml. Canola,Canoil,Aceites y Grasas Veg. Comestibles,Basicos,47.5,2026/04/07,Oxxo,Tienda de Conveniencia,Oxxo Sucursal Corregidora 50 Cr,Circuito Moises Solana No. 128. Esq. Gertrudis Bocanegra. Col. Burocratas. Cp. 76070,Querétaro,Santiago de Querétaro,20.57462,-100.384232
Aceite,Botella 946 Ml. Canola,Canoil,Aceites y Grasas Veg. Comestibles,Basicos,47.5,2026/04/14,Oxxo,Tienda de Conveniencia,Oxxo Sucursal Corregidora 50 Cr,Circuito Moises Solana No. 128. Esq. Gertrudis Bocanegra. Col. Burocratas. Cp. 76070,Querétaro,Santiago de Querétaro,20.57462,-100.384232
Aceite,Botella 946 Ml. Canola,Canoil,Aceites y Grasas Veg. Comestibles,Pacic,35,2026/04/01,Bodega Aurrera,Supermercado / Tienda de Autoservicio,Bodega Aurrera Sucursal Centro Constituyentes,Constituyentes Oriente 334. Entre Pasteur y Manuel Ponce. Col. Mercurio. Cp. 76040,Querétaro,Santiago de Querétaro,20.586349,-100.382801
Aceite,Botella 946 Ml. Canola,Canoil,Aceites y Grasas Veg. Comestibles,Pacic,35,2026/04/01,Wal-mart,Supermercado / Tienda de Autoservicio,Walmart Sucursal Unidad Plaza de Toros,Autopista Queretaro Celaya 5501. Int. del Centro Comercial Plaza Esfera. Col. el Jacal. Cp. 76187,Querétaro,Santiago de Querétaro,20.574076,-100.408704
Aceite,Botella 946 Ml. Canola,Canoil,Aceites y Grasas Veg. Comestibles,Pacic,35,2026/04/10,Bodega Aurrera,Supermercado / Tienda de Autoservicio,Bodega Aurrera Sucursal Centro Constituyentes,Constituyentes Oriente 334. Entre Pasteur y Manuel Ponce. Col. Mercurio. Cp. 76040,Querétaro,Santiago de Querétaro,20.586349,-100.382801
Aceite,Botella 946 Ml. Canola,Canoil,Aceites y Grasas Veg. Comestibles,Pacic,39,2026/04/07,Wal-mart,Supermercado / Tienda de Autoservicio,Walmart Sucursal Unidad Plaza de Toros,Autopista Queretaro Celaya 5501. Int. del Centro Comercial Plaza Esfera. Col. el Jacal. Cp. 76187,Querétaro,Santiago de Querétaro,20.574076,-100.408704
Aceite,Botella 946 Ml. Canola,Canoil,Aceites y Grasas Veg. Comestibles,Pacic,39,2026/04/14,Wal-mart,Supermercado / Tienda de Autoservicio,Walmart Sucursal Unidad Plaza de Toros,Autopista Queretaro Celaya 5501. Int. del Centro Comercial Plaza Esfera. Col. el Jacal. Cp. 76187,Querétaro,Santiago de Querétaro,20.574076,-100.408704
Aceite,Botella 946 Ml. Soya,Great Value,Aceites y Grasas Veg. Comestibles,Basicos,37,2026/04/01,Bodega Aurrera,Supermercado / Tienda de Autoservicio,Bodega Aurrera Sucursal Centro Constituyentes,Constituyentes Oriente 334. Entre Pasteur y Manuel Ponce. Col. Mercurio. Cp. 76040,Querétaro,Santiago de Querétaro,20.586349,-100.382801
Aceite,Botella 946 Ml. Soya,Great Value,Aceites y Grasas Veg. Comestibles,Basicos,37,2026/04/06,Bodega Aurrera,Supermercado / Tienda de Autoservicio,Bodega Aurrera Sucursal la Viga,Calz. de la Viga 136 Esq. del Taller. Col. Lorenzo Boturini. Cp. 15820,Ciudad de México,Venustiano Carranza,19.414749,-99.127874
Aceite,Botella 946 Ml. Soya,Great Value,Aceites y Grasas Veg. Comestibles,Basicos,37,2026/04/10,Bodega Aurrera,Supermercado / Tienda de Autoservicio,Bodega Aurrera Sucursal Centro Constituyentes,Constituyentes Oriente 334. Entre Pasteur y Manuel Ponce. Col. Mercurio. Cp. 76040,Querétaro,Santiago de Querétaro,20.586349,-100.382801
Aceite,Botella 946 Ml. Soya,Great Value,Aceites y Grasas Veg. Comestibles,Basicos,38,2026/04/06,Wal-mart,Supermercado / Tienda de Autoservicio,Walmart Sucursal Aeropuerto,Calz. Ignacio Zaragoza 58. Esq. Blvd. Puerto Aereo. Col. Federal. Cp. 15700,Ciudad de México,Venustiano Carranza,19.41926,-99.094521
Aceite,Botella 946 Ml. Soya,Great Value,Aceites y Grasas Veg. Comestibles,Basicos,38,2026/04/06,Wal-mart,Supermercado / Tienda de Autoservicio,Walmart Sucursal Balbuena,Fray Servando Teresa de Mier 881. Entre Fernando Iglesia Calderon y Genaro Garcia. Col. Jardin Balbuena. Cp. 15900,Ciudad de México,Venustiano Carranza,19.418067,-99.105639
Aceite,Botella 946 Ml. Soya,Great Value,Aceites y Grasas Veg. Comestibles,Basicos,38,2026/04/07,Wal-mart,Supermercado / Tienda de Autoservicio,Walmart Sucursal Unidad Plaza de Toros,Autopista Queretaro Celaya 5501. Int. del Centro Comercial Plaza Esfera. Col. el Jacal. Cp. 76187,Querétaro,Santiago de Querétaro,20.574076,-100.408704
Aceite,Botella 946 Ml. Soya,Great Value,Aceites y Grasas Veg. Comestibles,Basicos,38,2026/04/14,Wal-mart,Supermercado / Tienda de Autoservicio,Walmart Sucursal Unidad Plaza de Toros,Autopista Queretaro Celaya 5501. Int. del Centro Comercial Plaza Esfera. Col. el Jacal. Cp. 76187,Querétaro,Santiago de Querétaro,20.574076,-100.408704
Aceite,Botella 946 Ml. Soya,Great Value,Aceites y Grasas Veg. Comestibles,Pacic,37,2026/04/01,Bodega Aurrera,Supermercado / Tienda de Autoservicio,Bodega Aurrera Sucursal Centro Constituyentes,Constituyentes Oriente 334. Entre Pasteur y Manuel Ponce. Col. Mercurio. Cp. 76040,Querétaro,Santiago de Querétaro,20.586349,-100.382801
Aceite,Botella 946 Ml. Soya,Great Value,Aceites y Grasas Veg. Comestibles,Pacic,37,2026/04/06,Bodega Aurrera,Supermercado / Tienda de Autoservicio,Bodega Aurrera Sucursal la Viga,Calz. de la Viga 136 Esq. del Taller. Col. Lorenzo Boturini. Cp. 15820,Ciudad de México,Venustiano Carranza,19.414749,-99.127874
Aceite,Botella 946 Ml. Soya,Great Value,Aceites y Grasas Veg. Comestibles,Pacic,37,2026/04/10,Bodega Aurrera,Supermercado / Tienda de Autoservicio,Bodega Aurrera Sucursal Centro Constituyentes,Constituyentes Oriente 334. Entre Pasteur y Manuel Ponce. Col. Mercurio. Cp. 76040,Querétaro,Santiago de Querétaro,20.586349,-100.382801
Aceite,Botella 946 Ml. Soya,Great Value,Aceites y Grasas Veg. Comestibles,Pacic,38,2026/04/01,Wal-mart,Supermercado / Tienda de Autoservicio,Walmart Sucursal Unidad Plaza de Toros,Autopista Queretaro Celaya 5501. Int. del Centro Comercial Plaza Esfera. Col. el Jacal. Cp. 76187,Querétaro,Santiago de Querétaro,20.574076,-100.408704
Aceite,Botella 946 Ml. Soya,Great Value,Aceites y Grasas Veg. Comestibles,Pacic,38,2026/04/06,Wal-mart,Supermercado / Tienda de Autoservicio,Walmart Sucursal Aeropuerto,Calz. Ignacio Zaragoza 58. Esq. Blvd. Puerto Aereo. Col. Federal. Cp. 15700,Ciudad de México,Venustiano Carranza,19.41926,-99.094521
Aceite,Botella 946 Ml. Soya,Great Value,Aceites y Grasas Veg. Comestibles,Pacic,38,2026/04/06,Wal-mart,Supermercado / Tienda de Autoservicio,Walmart Sucursal Balbuena,Fray Servando Teresa de Mier 881. Entre Fernando Iglesia Calderon y Genaro Garcia. Col. Jardin Balbuena. Cp. 15900,Ciudad de México,Venustiano Carranza,19.418067,-99.105639
Aceite,Botella 946 Ml. Soya,Great Value,Aceites y Grasas Veg. Comestibles,Pacic,38,2026/04/07,Wal-mart,Supermercado / Tienda de Autoservicio,Walmart Sucursal Unidad Plaza de Toros,Autopista Queretaro Celaya 5501. Int. del Centro Comercial Plaza Esfera. Col. el Jacal. Cp. 76187,Querétaro,Santiago de Querétaro,20.574076,-100.408704
Aceite,Botella 946 Ml. Soya,Great Value,Aceites y Grasas Veg. Comestibles,Pacic,38,2026/04/14,Wal-mart,Supermercado / Tienda de Autoservicio,Walmart Sucursal Unidad Plaza de Toros,Autopista Queretaro Celaya 5501. Int. del Centro Comercial Plaza Esfera. Col. el Jacal. Cp. 76187,Querétaro,Santiago de Querétaro,20.574076,-100.408704
Aceite,Botella 946 Ml. Soya,Nutrioli,Aceites y Grasas Veg. Comestibles,Basicos,47,2026/04/01,Bodega Aurrera,Supermercado / Tienda de Autoservicio,Bodega Aurrera Sucursal Centro Constituyentes,Constituyentes Oriente 334. Entre Pasteur y Manuel Ponce. Col. Mercurio. Cp. 76040,Querétaro,Santiago de Querétaro,20.586349,-100.382801
Aceite,Botella 946 Ml. Soya,Nutrioli,Aceites y Grasas Veg. Comestibles,Basicos,47,2026/04/10,Bodega Aurrera,Supermercado / Tienda de Autoservicio,Bodega Aurrera Sucursal Centro Constituyentes,Constituyentes Oriente 334. Entre Pasteur y Manuel Ponce. Col. Mercurio. Cp. 76040,Querétaro,Santiago de Querétaro,20.586349,-100.382801
Aceite,Botella 946 Ml. Soya,Nutrioli,Aceites y Grasas Veg. Comestibles,Basicos,48,2026/04/06,Wal-mart,Supermercado / Tienda de Autoservicio,Walmart Sucursal Aeropuerto,Calz. Ignacio Zaragoza 58. Esq. Blvd. Puerto Aereo. Col. Federal. Cp. 15700,Ciudad de México,Venustiano Carranza,19.41926,-99.094521
Aceite,Botella 946 Ml. Soya,Nutrioli,Aceites y Grasas Veg. Comestibles,Basicos,48,2026/04/06,Wal-mart,Supermercado / Tienda de Autoservicio,Walmart Sucursal Balbuena,Fray Servando Teresa de Mier 881. Entre Fernando Iglesia Calderon y Genaro Garcia. Col. Jardin Balbuena. Cp. 15900,Ciudad de México,Venustiano Carranza,19.418067,-99.105639
Aceite,Botella 946 Ml. Soya,Nutrioli,Aceites y Grasas Veg. Comestibles,Basicos,48,2026/04/07,Wal-mart,Supermercado / Tienda de Autoservicio,Walmart Sucursal Unidad Plaza de Toros,Autopista Queretaro Celaya 5501. Int. del Centro Comercial Plaza Esfera. Col. el Jacal. Cp. 76187,Querétaro,Santiago de Querétaro,20.574076,-100.408704
Aceite,Botella 946 Ml. Soya,Nutrioli,Aceites y Grasas Veg. Comestibles,Basicos,48,2026/04/14,Wal-mart,Supermercado / Tienda de Autoservicio,Walmart Sucursal Unidad Plaza de Toros,Autopista Queretaro Celaya 5501. Int. del Centro Comercial Plaza Esfera. Col. el Jacal. Cp. 76187,Querétaro,Santiago de Querétaro,20.574076,-100.408704
Acelga,Manojo,S/M,Hortalizas Frescas,Frutas y Legumbres,12.9,2026/04/06,Hipermercado Soriana,Supermercado / Tienda de Autoservicio,Soriana Hiper Sucursal Consulado (418),Rio Consulado 2355. Esq. Carlos Marx. Col. Simon Bolivar. Cp. 15410,Ciudad de México,Venustiano Carranza,19.449572,-99.100376
Aciclovir,Caja o Frasco con 25 Comprimidos de 200 Mg.,S/M,Medicamentos,Medicamentos,118,2026/04/06,Wal-mart,Supermercado / Tienda de Autoservicio,Walmart Sucursal Aeropuerto,Calz. Ignacio Zaragoza 58. Esq. Blvd. Puerto Aereo. Col. Federal. Cp. 15700,Ciudad de México,Venustiano Carranza,19.41926,-99.094521
Acondicionador y Enjuague,Botella 600 Ml. Lavanda & Aceite de Almendras,Herbal Essences,Arts. para el Cuidado Personal,Basicos,116,2026/04/06,Hipermercado Soriana,Supermercado / Tienda de Autoservicio,Soriana Hiper Sucursal Cimatario,Ctra. a Huimilpan 1001. Int. del Centro Comercial Plaza del Sol. Col. Plazas del Sol. Iii Seccion. Cp. 76099,Querétaro,Santiago de Querétaro,20.563227,-100.375284
Acondicionador y Enjuague,Botella 620 Ml. Ceramidas,Sedal,Arts. para el Cuidado Personal,Basicos,90,2026/04/10,Bodega Aurrera,Supermercado / Tienda de Autoservicio,Bodega Aurrera Sucursal Centro Constituyentes,Constituyentes Oriente 334. Entre Pasteur y Manuel Ponce. Col. Mercurio. Cp. 76040,Querétaro,Santiago de Querétaro,20.586349,-100.382801
Afumix,Caja con 4 Tabletas de 37.5 Mg./500 Mg.,S/M,Medicamentos,Medicamentos,495,2026/04/06,Wal-mart,Supermercado / Tienda de Autoservicio,Walmart Sucursal Aeropuerto,Calz. Ignacio Zaragoza 58. Esq. Blvd. Puerto Aereo. Col. Federal. Cp. 15700,Ciudad de México,Venustiano Carranza,19.41926,-99.094521
Agrifen,Caja con 10 Tabletas,S/M,Medicamentos,Medicamentos,37,2026/04/07,Wal-mart,Supermercado / Tienda de Autoservicio,Walmart Sucursal Unidad Plaza de Toros,Autopista Queretaro Celaya 5501. Int. del Centro Comercial Plaza Esfera. Col. el Jacal. Cp. 76187,Querétaro,Santiago de Querétaro,20.574076,-100.408704
Agua Oxigenada,Botella 420 Ml.,Medimart,Medicamentos,Medicamentos,22,2026/04/06,Bodega Aurrera,Supermercado / Tienda de Autoservicio,Bodega Aurrera Sucursal la Viga,Calz. de la Viga 136 Esq. del Taller. Col. Lorenzo Boturini. Cp. 15820,Ciudad de México,Venustiano Carranza,19.414749,-99.127874
Agua Oxigenada,Botella 420 Ml.,Zuum,Medicamentos,Medicamentos,28.5,2026/04/06,Hipermercado Soriana,Supermercado / Tienda de Autoservicio,Soriana Hiper Sucursal Cimatario,Ctra. a Huimilpan 1001. Int. del Centro Comercial Plaza del Sol. Col. Plazas del Sol. Iii Seccion. Cp. 76099,Querétaro,Santiago de Querétaro,20.563227,-100.375284
Agua Sin Gas,Botella 1.5 Lt.,Nestlé. Pureza Vital,Refrescos Envasados,Basicos,12.5,2026/04/03,Superissste,Supermercado / Tienda de Autoservicio,Superissste Sucursal 022,Av. del Taller y Retorno No. 38 Dentro del Retorno 38. Col. Jardin Balbuena. Cp. 15900,Ciudad de México,Venustiano Carranza,19.412842,-99.105666
Agua Sin Gas,Botella 1.5 Lt. Limon,Be-light,Refrescos Envasados,Basicos,17.9,2026/04/03,Superissste,Supermercado / Tienda de Autoservicio,Superissste Sucursal 011,Calle Peluqueros No. 310 Esquina Calle Tizayuca. Col. Michoacana. Cp. 15240,Ciudad de México,Venustiano Carranza,19.446139,-99.113372
Agua con Gas,Botella 600 Ml. Limon-ada. Fizz,Del Valle,Refrescos Envasados,Basicos,16,2026/04/09,La Comer,Supermercado / Tienda de Autoservicio,Lacomer Sucursal Queretaro Estadio,Luis M. Vega y Monroy 1300. Esq.cimatario . Col. Cimatario. Cp. 76090,Querétaro,Santiago de Querétaro,20.577804,-100.373626
Aguacate,1 Kg. Granel. Hass,S/M,Frutas Frescas,Frutas y Legumbres,49.9,2026/04/06,Wal-mart,Supermercado / Tienda de Autoservicio,Walmart Sucursal Aeropuerto,Calz. Ignacio Zaragoza 58. Esq. Blvd. Puerto Aereo. Col. Federal. Cp. 15700,Ciudad de México,Venustiano Carranza,19.41926,-99.094521
Aguacate,1 Kg. Granel. Hass,S/M,Frutas Frescas,Frutas y Legumbres,65,2026/04/13,Mercado Publico,Mercados,Mercado Lomas de Casablanca,Avenida 10. Esq. Calle 23. Col. Lomas de Casa Blanca. Cp. 76080,Querétaro,Santiago de Querétaro,20.603024,-100.396263
Aguacate,1 Kg. Granel. Hass,S/M,Frutas Frescas,Frutas y Legumbres,79.8,2026/04/03,Superissste,Supermercado / Tienda de Autoservicio,Superissste Sucursal 011,Calle Peluqueros No. 310 Esquina Calle Tizayuca. Col. Michoacana. Cp. 15240,Ciudad de México,Venustiano Carranza,19.446139,-99.113372
Ajo,1 Kg. Granel. o Ajo Morado,S/M,Hortalizas Frescas,Frutas y Legumbres,299,2026/04/06,Hipermercado Soriana,Supermercado / Tienda de Autoservicio,Soriana Hiper Sucursal Consulado (418),Rio Consulado 2355. Esq. Carlos Marx. Col. Simon Bolivar. Cp. 15410,Ciudad de México,Venustiano Carranza,19.449572,-99.100376
Ajo,Frasco 77 Gr. en Polvo,Mc Cormick,Condimentos,Basicos,46,2026/04/06,Wal-mart,Supermercado / Tienda de Autoservicio,Walmart Sucursal Aeropuerto,Calz. Ignacio Zaragoza 58. Esq. Blvd. Puerto Aereo. Col. Federal. Cp. 15700,Ciudad de México,Venustiano Carranza,19.41926,-99.094521
Alcohol,Botella 500 Ml. Etílico Desnaturalizado,Nodrim,Medicamentos,Medicamentos,42.9,2026/04/06,Hipermercado Soriana,Supermercado / Tienda de Autoservicio,Soriana Hiper Sucursal Consulado (418),Rio Consulado 2355. Esq. Carlos Marx. Col. Simon Bolivar. Cp. 15410,Ciudad de México,Venustiano Carranza,19.449572,-99.100376
Alcohol,Botella 500 Ml. Etílico Desnaturalizado,Nodrim,Medicamentos,Medicamentos,43.9,2026/04/13,Hipermercado Soriana,Supermercado / Tienda de Autoservicio,Soriana Hiper Sucursal Cimatario,Ctra. a Huimilpan 1001. Int. del Centro Comercial Plaza del Sol. Col. Plazas del Sol. Iii Seccion. Cp. 76099,Querétaro,Santiago de Querétaro,20.563227,-100.375284
Alevian Duo,Caja con 16 Cápsulas de 100 Mg./300 Mg.,S/M,Medicamentos,Medicamentos,585,2026/04/06,Hipermercado Soriana,Supermercado / Tienda de Autoservicio,Soriana Hiper Sucursal Cimatario,Ctra. a Huimilpan 1001. Int. del Centro Comercial Plaza del Sol. Col. Plazas del Sol. Iii Seccion. Cp. 76099,Querétaro,Santiago de Querétaro,20.563227,-100.375284
Alevian Duo,Caja con 64 Cápsulas de 100 Mg./300 Mg.,S/M,Medicamentos,Medicamentos,1691,2026/04/06,Wal-mart,Supermercado / Tienda de Autoservicio,Walmart Sucursal Balbuena,Fray Servando Teresa de Mier 881. Entre Fernando Iglesia Calderon y Genaro Garcia. Col. Jardin Balbuena. Cp. 15900,Ciudad de México,Venustiano Carranza,19.418067,-99.105639
Algodón,Bolsa 50 Gr. Absorbente. Plisado,Protec,Medicamentos,Medicamentos,22.5,2026/04/06,Hipermercado Soriana,Supermercado / Tienda de Autoservicio,Soriana Hiper Sucursal Cimatario,Ctra. a Huimilpan 1001. Int. del Centro Comercial Plaza del Sol. Col. Plazas del Sol. Iii Seccion. Cp. 76099,Querétaro,Santiago de Querétaro,20.563227,-100.375284
Algodón,Bolsa 50 Gr. Absorbente. Plisado,Protec,Medicamentos,Medicamentos,38,2026/04/08,Sanborn S Hnos.,Farmacias,Sanborns Sucursal los Arquitos,Constituyentes Oriente 172. Esq. de los Arquitos. Col. los Arquitos. Cp. 76050,Querétaro,Santiago de Querétaro,20.588117,-100.36869
Alimento Preparado para Niños,Frasco 113 Gr. a Partir de los 6 Meses. Manzana,Gerber,Frutas y Legumbres Procesadas,Basicos,17,2026/04/10,Bodega Aurrera,Supermercado / Tienda de Autoservicio,Bodega Aurrera Sucursal Centro Constituyentes,Constituyentes Oriente 334. Entre Pasteur y Manuel Ponce. Col. Mercurio. Cp. 76040,Querétaro,Santiago de Querétaro,20.586349,-100.382801
Alimento Preparado para Niños,Frasco 170 Gr. a Partir de los 8 Meses. Manzana,Gerber,Frutas y Legumbres Procesadas,Basicos,22,2026/04/06,Hipermercado Soriana,Supermercado / Tienda de Autoservicio,Soriana Hiper Sucursal Consulado (418),Rio Consulado 2355. Esq. Carlos Marx. Col. Simon Bolivar. Cp. 15410,Ciudad de México,Venustiano Carranza,19.449572,-99.100376
Alka-seltzer,Caja con 12 Tabletas. Efervescentes,S/M,Medicamentos,Medicamentos,40.43,2026/04/06,Hipermercado Soriana,Supermercado / Tienda de Autoservicio,Soriana Hiper Sucursal Cimatario,Ctra. a Huimilpan 1001. Int. del Centro Comercial Plaza del Sol. Col. Plazas del Sol. Iii Seccion. Cp. 76099,Querétaro,Santiago de Querétaro,20.563227,-100.375284
Alka-seltzer,Caja con 12 Tabletas. Efervescentes,S/M,Medicamentos,Medicamentos,53,2026/04/06,Wal-mart,Supermercado / Tienda de Autoservicio,Walmart Sucursal Aeropuerto,Calz. Ignacio Zaragoza 58. Esq. Blvd. Puerto Aereo. Col. Federal. Cp. 15700,Ciudad de México,Venustiano Carranza,19.41926,-99.094521
Almendras,Sobre 75 Gr.,Verde Valle,Productos de Temporada (navideños),Basicos,27.5,2026/04/03,Superissste,Supermercado / Tienda de Autoservicio,Superissste Sucursal 011,Calle Peluqueros No. 310 Esquina Calle Tizayuca. Col. Michoacana. Cp. 15240,Ciudad de México,Venustiano Carranza,19.446139,-99.113372
Amaryl M,Caja con 16 Tabletas de 4 Mg./1000 Mg.,S/M,Medicamentos,Medicamentos,1410,2026/04/06,Wal-mart,Supermercado / Tienda de Autoservicio,Walmart Sucursal Aeropuerto,Calz. Ignacio Zaragoza 58. Esq. Blvd. Puerto Aereo. Col. Federal. Cp. 15700,Ciudad de México,Venustiano Carranza,19.41926,-99.094521
Ambroxol,Caja con Frasco con 120 Ml. de 15 Mg./5 Ml.,S/M,Medicamentos,Medicamentos,45,2026/04/06,Hipermercado Soriana,Supermercado / Tienda de Autoservicio,Soriana Hiper Sucursal Cimatario,Ctra. a Huimilpan 1001. Int. del Centro Comercial Plaza del Sol. Col. Plazas del Sol. Iii Seccion. Cp. 76099,Querétaro,Santiago de Querétaro,20.563227,-100.375284
Amlodipino,Caja con 30 Tabletas de 5 Mg.,S/M,Medicamentos,Medicamentos,24,2026/04/08,Sanborn S Hnos.,Farmacias,Sanborns Sucursal los Arquitos,Constituyentes Oriente 172. Esq. de los Arquitos. Col. los Arquitos. Cp. 76050,Querétaro,Santiago de Querétaro,20.588117,-100.36869
"Amoxicilina, Acido Clavulanico",Caja con Frasco con 10 Tabletas de 500 Mg./125 Mg.,S/M,Medicamentos,Medicamentos,90,2026/04/06,Hipermercado Soriana,Supermercado / Tienda de Autoservicio,Soriana Hiper Sucursal Cimatario,Ctra. a Huimilpan 1001. Int. del Centro Comercial Plaza del Sol. Col. Plazas del Sol. Iii Seccion. Cp. 76099,Querétaro,Santiago de Querétaro,20.563227,-100.375284
"Amoxicilina, Acido Clavulanico",Caja con Frasco con 10 Tabletas de 875 Mg./125 Mg.,S/M,Medicamentos,Medicamentos,122,2026/04/06,Hipermercado Soriana,Supermercado / Tienda de Autoservicio,Soriana Hiper Sucursal Consulado (418),Rio Consulado 2355. Esq. Carlos Marx. Col. Simon Bolivar. Cp. 15410,Ciudad de México,Venustiano Carranza,19.449572,-99.100376
"Amoxicilina, Acido Clavulanico",Caja con Frasco con Polvo para 60 Ml. y Medida Dosificadora. de 125 Mg./31.25 Mg./5 Ml.,S/M,Medicamentos,Medicamentos,99,2026/04/09,Benavides,Farmacias,Farmacia Benavides Sucursal Isla de Montecristo,Av. del Parque 401. Esq. Calle Isla de Montecristo. Col. Lindavista. Cp. 76070,Querétaro,Santiago de Querétaro,20.568451,-100.380021
Ampicilina,Caja con 20 Cápsulas o Tabletas de 500 Mg.,S/M,Medicamentos,Medicamentos,50,2026/04/08,Sanborn S Hnos.,Farmacias,Sanborns Sucursal los Arquitos,Constituyentes Oriente 172. Esq. de los Arquitos. Col. los Arquitos. Cp. 76050,Querétaro,Santiago de Querétaro,20.588117,-100.36869
Angeliq a,Caja con 28 Comprimidos de 1 Mg./2 Mg.,S/M,Medicamentos,Medicamentos,1222,2026/04/07,Farmacias del Ahorro,Farmacias,Farmacias del Ahorro Sucursal Queretaro,Constituyentes Pte. 46. Entre Fernando de Tapia y Melchor Ocampo. Col. Centro. Cp. 76000,Querétaro,Santiago de Querétaro,20.584013,-100.394346
Aprovel,Caja con 28 Tabletas de 150 Mg.,S/M,Medicamentos,Medicamentos,1670,2026/04/06,Hipermercado Soriana,Supermercado / Tienda de Autoservicio,Soriana Hiper Sucursal Cimatario,Ctra. a Huimilpan 1001. Int. del Centro Comercial Plaza del Sol. Col. Plazas del Sol. Iii Seccion. Cp. 76099,Querétaro,Santiago de Querétaro,20.563227,-100.375284
Arcoxia,Caja con 7 Comprimidos de 120 Mg.,S/M,Medicamentos,Medicamentos,1142,2026/04/10,Bodega Aurrera,Supermercado / Tienda de Autoservicio,Bodega Aurrera Sucursal Centro Constituyentes,Constituyentes Oriente 334. Entre Pasteur y Manuel Ponce. Col. Mercurio. Cp. 76040,Querétaro,Santiago de Querétaro,20.586349,-100.382801
Arroz,Bolsa 1 Kg. Super Extra,Verde Valle,Arroz y Cereales Preparados,Basicos,34,2026/04/01,Bodega Aurrera,Supermercado / Tienda de Autoservicio,Bodega Aurrera Sucursal Centro Constituyentes,Constituyentes Oriente 334. Entre Pasteur y Manuel Ponce. Col. Mercurio. Cp. 76040,Querétaro,Santiago de Querétaro,20.586349,-100.382801
Arroz,Bolsa 1 Kg. Super Extra,Verde Valle,Arroz y Cereales Preparados,Basicos,36,2026/04/06,Wal-mart,Supermercado / Tienda de Autoservicio,Walmart Sucursal Aeropuerto,Calz. Ignacio Zaragoza 58. Esq. Blvd. Puerto Aereo. Col. Federal. Cp. 15700,Ciudad de México,Venustiano Carranza,19.41926,-99.094521
Arroz,Bolsa 1 Kg. Super Extra,Verde Valle,Arroz y Cereales Preparados,Basicos,36,2026/04/06,Wal-mart,Supermercado / Tienda de Autoservicio,Walmart Sucursal Balbuena,Fray Servando Teresa de Mier 881. Entre Fernando Iglesia Calderon y Genaro Garcia. Col. Jardin Balbuena. Cp. 15900,Ciudad de México,Venustiano Carranza,19.418067,-99.105639
Arroz,Bolsa 1 Kg. Super Extra,Verde Valle,Arroz y Cereales Preparados,Basicos,36,2026/04/14,Wal-mart,Supermercado / Tienda de Autoservicio,Walmart Sucursal Unidad Plaza de Toros,Autopista Queretaro Celaya 5501. Int. del Centro Comercial Plaza Esfera. Col. el Jacal. Cp. 76187,Querétaro,Santiago de Querétaro,20.574076,-100.408704
Arroz,Bolsa 1 Kg. Super Extra,Verde Valle,Arroz y Cereales Preparados,Basicos,36,2026/04/15,Chedraui,Supermercado / Tienda de Autoservicio,Chedraui Sucursal Centro Sur,Blvd. Bernardo Quintana 502. Carr. con Direccion a Centro Civico. Col. Centro Sur. Cp. 76087,Querétaro,Santiago de Querétaro,20.569354,-100.358831
Arroz,Bolsa 1 Kg. Super Extra,Verde Valle,Arroz y Cereales Preparados,Basicos,37,2026/04/10,Bodega Aurrera,Supermercado / Tienda de Autoservicio,Bodega Aurrera Sucursal Centro Constituyentes,Constituyentes Oriente 334. Entre Pasteur y Manuel Ponce. Col. Mercurio. Cp. 76040,Querétaro,Santiago de Querétaro,20.586349,-100.382801
Arroz,Bolsa 1 Kg. Super Extra. Integral,Sos,Arroz y Cereales Preparados,Basicos,33,2026/04/06,Chedraui,Supermercado / Tienda de Autoservicio,Chedraui Sucursal Anfora,Anfora 71. Esq. Eje 1 Norte. Col. Madero. Cp. 15320,Ciudad de México,Venustiano Carranza,19.437353,-99.110088
Arroz,Bolsa 1 Kg. Super Extra. Integral,Sos,Arroz y Cereales Preparados,Basicos,33,2026/04/06,Wal-mart,Supermercado / Tienda de Autoservicio,Walmart Sucursal Aeropuerto,Calz. Ignacio Zaragoza 58. Esq. Blvd. Puerto Aereo. Col. Federal. Cp. 15700,Ciudad de México,Venustiano Carranza,19.41926,-99.094521
Arroz,Bolsa 1 Kg. Super Extra. Integral,Sos,Arroz y Cereales Preparados,Basicos,33,2026/04/06,Wal-mart,Supermercado / Tienda de Autoservicio,Walmart Sucursal Balbuena,Fray Servando Teresa de Mier 881. Entre Fernando Iglesia Calderon y Genaro Garcia. Col. Jardin Balbuena. Cp. 15900,Ciudad de México,Venustiano Carranza,19.418067,-99.105639
Arroz,Bolsa 1 Kg. Super Extra. Integral,Sos,Arroz y Cereales Preparados,Basicos,33,2026/04/07,Wal-mart,Supermercado / Tienda de Autoservicio,Walmart Sucursal Unidad Plaza de Toros,Autopista Queretaro Celaya 5501. Int. del Centro Comercial Plaza Esfera. Col. el Jacal. Cp. 76187,Querétaro,Santiago de Querétaro,20.574076,-100.408704
Arroz,Bolsa 1 Kg. Super Extra. Integral,Sos,Arroz y Cereales Preparados,Basicos,33,2026/04/14,Wal-mart,Supermercado / Tienda de Autoservicio,Walmart Sucursal Unidad Plaza de Toros,Autopista Queretaro Celaya 5501. Int. del Centro Comercial Plaza Esfera. Col. el Jacal. Cp. 76187,Querétaro,Santiago de Querétaro,20.574076,-100.408704
Arroz,Bolsa 1 Kg. Super Extra. Integral,Sos,Arroz y Cereales Preparados,Basicos,34,2026/04/09,La Comer,Supermercado / Tienda de Autoservicio,Lacomer Sucursal Queretaro Estadio,Luis M. Vega y Monroy 1300. Esq.cimatario . Col. Cimatario. Cp. 76090,Querétaro,Santiago de Querétaro,20.577804,-100.373626
Arroz,Bolsa 750 Gr. Integral,La Merced,Arroz y Cereales Preparados,Basicos,25,2026/04/01,Bodega Aurrera,Supermercado / Tienda de Autoservicio,Bodega Aurrera Sucursal Centro Constituyentes,Constituyentes Oriente 334. Entre Pasteur y Manuel Ponce. Col. Mercurio. Cp. 76040,Querétaro,Santiago de Querétaro,20.586349,-100.382801
Arroz,Bolsa 750 Gr. Integral,La Merced,Arroz y Cereales Preparados,Basicos,25,2026/04/10,Bodega Aurrera,Supermercado / Tienda de Autoservicio,Bodega Aurrera Sucursal Centro Constituyentes,Constituyentes Oriente 334. Entre Pasteur y Manuel Ponce. Col. Mercurio. Cp. 76040,Querétaro,Santiago de Querétaro,20.586349,-100.382801
Arroz,Bolsa 750 Gr. Integral,La Merced,Arroz y Cereales Preparados,Basicos,26.5,2026/04/08,Chedraui,Supermercado / Tienda de Autoservicio,Chedraui Sucursal Centro Sur,Blvd. Bernardo Quintana 502. Carr. con Direccion a Centro Civico. Col. Centro Sur. Cp. 76087,Querétaro,Santiago de Querétaro,20.569354,-100.358831
Arroz,Bolsa 750 Gr. Integral,La Merced,Arroz y Cereales Preparados,Basicos,27,2026/04/07,Wal-mart,Supermercado / Tienda de Autoservicio,Walmart Sucursal Unidad Plaza de Toros,Autopista Queretaro Celaya 5501. Int. del Centro Comercial Plaza Esfera. Col. el Jacal. Cp. 76187,Querétaro,Santiago de Querétaro,20.574076,-100.408704
Arroz,Bolsa 750 Gr. Integral,La Merced,Arroz y Cereales Preparados,Basicos,27,2026/04/14,Wal-mart,Supermercado / Tienda de Autoservicio,Walmart Sucursal Unidad Plaza de Toros,Autopista Queretaro Celaya 5501. Int. del Centro Comercial Plaza Esfera. Col. el Jacal. Cp. 76187,Querétaro,Santiago de Querétaro,20.574076,-100.408704
Arroz,Bolsa 900 Gr. Extra,Aurrera,Arroz y Cereales Preparados,Pacic,15,2026/04/01,Bodega Aurrera,Supermercado / Tienda de Autoservicio,Bodega Aurrera Sucursal Centro Constituyentes,Constituyentes Oriente 334. Entre Pasteur y Manuel Ponce. Col. Mercurio. Cp. 76040,Querétaro,Santiago de Querétaro,20.586349,-100.382801
Arroz,Bolsa 900 Gr. Extra,Aurrera,Arroz y Cereales Preparados,Pacic,15,2026/04/01,Wal-mart,Supermercado / Tienda de Autoservicio,Walmart Sucursal Unidad Plaza de Toros,Autopista Queretaro Celaya 5501. Int. del Centro Comercial Plaza Esfera. Col. el Jacal. Cp. 76187,Querétaro,Santiago de Querétaro,20.574076,-100.408704
Arroz,Bolsa 900 Gr. Extra,Aurrera,Arroz y Cereales Preparados,Pacic,15,2026/04/06,Bodega Aurrera,Supermercado / Tienda de Autoservicio,Bodega Aurrera Sucursal la Viga,Calz. de la Viga 136 Esq. del Taller. Col. Lorenzo Boturini. Cp. 15820,Ciudad de México,Venustiano Carranza,19.414749,-99.127874
Arroz,Bolsa 900 Gr. Extra,Aurrera,Arroz y Cereales Preparados,Pacic,15,2026/04/06,Wal-mart,Supermercado / Tienda de Autoservicio,Walmart Sucursal Aeropuerto,Calz. Ignacio Zaragoza 58. Esq. Blvd. Puerto Aereo. Col. Federal. Cp. 15700,Ciudad de México,Venustiano Carranza,19.41926,-99.094521
Arroz,Bolsa 900 Gr. Extra,Aurrera,Arroz y Cereales Preparados,Pacic,15,2026/04/06,Wal-mart,Supermercado / Tienda de Autoservicio,Walmart Sucursal Balbuena,Fray Servando Teresa de Mier 881. Entre Fernando Iglesia Calderon y Genaro Garcia. Col. Jardin Balbuena. Cp. 15900,Ciudad de México,Venustiano Carranza,19.418067,-99.105639
Arroz,Bolsa 900 Gr. Extra,Aurrera,Arroz y Cereales Preparados,Pacic,15,2026/04/07,Wal-mart,Supermercado / Tienda de Autoservicio,Walmart Sucursal Unidad Plaza de Toros,Autopista Queretaro Celaya 5501. Int. del Centro Comercial Plaza Esfera. Col. el Jacal. Cp. 76187,Querétaro,Santiago de Querétaro,20.574076,-100.408704
Arroz,Bolsa 900 Gr. Extra,Aurrera,Arroz y Cereales Preparados,Pacic,15,2026/04/10,Bodega Aurrera,Supermercado / Tienda de Autoservicio,Bodega Aurrera Sucursal Centro Constituyentes,Constituyentes Oriente 334. Entre Pasteur y Manuel Ponce. Col. Mercurio. Cp. 76040,Querétaro,Santiago de Querétaro,20.586349,-100.382801
Arroz,Bolsa 900 Gr. Extra,Aurrera,Arroz y Cereales Preparados,Pacic,15,2026/04/14,Wal-mart,Supermercado / Tienda de Autoservicio,Walmart Sucursal Unidad Plaza de Toros,Autopista Queretaro Celaya 5501. Int. del Centro Comercial Plaza Esfera. Col. el Jacal. Cp. 76187,Querétaro,Santiago de Querétaro,20.574076,-100.408704
Arroz,Bolsa 900 Gr. Extra. Grano Largo,Precíssimo,Arroz y Cereales Preparados,Basicos,15.9,2026/04/06,Hipermercado Soriana,Supermercado / Tienda de Autoservicio,Soriana Hiper Sucursal Cimatario,Ctra. a Huimilpan 1001. Int. del Centro Comercial Plaza del Sol. Col. Plazas del Sol. Iii Seccion. Cp. 76099,Querétaro,Santiago de Querétaro,20.563227,-100.375284
Arroz,Bolsa 900 Gr. Extra. Grano Largo,Precíssimo,Arroz y Cereales Preparados,Basicos,15.9,2026/04/06,Hipermercado Soriana,Supermercado / Tienda de Autoservicio,Soriana Hiper Sucursal Consulado (418),Rio Consulado 2355. Esq. Carlos Marx. Col. Simon Bolivar. Cp. 15410,Ciudad de México,Venustiano Carranza,19.449572,-99.100376
Arroz,Bolsa 900 Gr. Extra. Grano Largo,Precíssimo,Arroz y Cereales Preparados,Basicos,16.9,2026/04/13,Hipermercado Soriana,Supermercado / Tienda de Autoservicio,Soriana Hiper Sucursal Cimatario,Ctra. a Huimilpan 1001. Int. del Centro Comercial Plaza del Sol. Col. Plazas del Sol. Iii Seccion. Cp. 76099,Querétaro,Santiago de Querétaro,20.563227,-100.375284
Arroz,Bolsa 900 Gr. Extra. Grano Largo,Precíssimo,Arroz y Cereales Preparados,Pacic,15.9,2026/04/06,Hipermercado Soriana,Supermercado / Tienda de Autoservicio,Soriana Hiper Sucursal Cimatario,Ctra. a Huimilpan 1001. Int. del Centro Comercial Plaza del Sol. Col. Plazas del Sol. Iii Seccion. Cp. 76099,Querétaro,Santiago de Querétaro,20.563227,-100.375284
Arroz,Bolsa 900 Gr. Extra. Grano Largo,Precíssimo,Arroz y Cereales Preparados,Pacic,15.9,2026/04/06,Hipermercado Soriana,Supermercado / Tienda de Autoservicio,Soriana Hiper Sucursal Consulado (418),Rio Consulado 2355. Esq. Carlos Marx. Col. Simon Bolivar. Cp. 15410,Ciudad de México,Venustiano Carranza,19.449572,-99.100376
Arroz,Bolsa 900 Gr. Extra. Grano Largo,Precíssimo,Arroz y Cereales Preparados,Pacic,16.9,2026/04/13,Hipermercado Soriana,Supermercado / Tienda de Autoservicio,Soriana Hiper Sucursal Cimatario,Ctra. a Huimilpan 1001. Int. del Centro Comercial Plaza del Sol. Col. Plazas del Sol. Iii Seccion. Cp. 76099,Querétaro,Santiago de Querétaro,20.563227,-100.375284
Arroz,Bolsa 900 Gr. Super Extra,Great Value,Arroz y Cereales Preparados,Basicos,18,2026/04/06,Wal-mart,Supermercado / Tienda de Autoservicio,Walmart Sucursal Aeropuerto,Calz. Ignacio Zaragoza 58. Esq. Blvd. Puerto Aereo. Col. Federal. Cp. 15700,Ciudad de México,Venustiano Carranza,19.41926,-99.094521
Arroz,Bolsa 900 Gr. Super Extra,Great Value,Arroz y Cereales Preparados,Basicos,18,2026/04/06,Wal-mart,Supermercado / Tienda de Autoservicio,Walmart Sucursal Balbuena,Fray Servando Teresa de Mier 881. Entre Fernando Iglesia Calderon y Genaro Garcia. Col. Jardin Balbuena. Cp. 15900,Ciudad de México,Venustiano Carranza,19.418067,-99.105639
Arroz,Bolsa 900 Gr. Super Extra,Ke Precio,Arroz y Cereales Preparados,Pacic,16.9,2026/04/01,La Comer,Supermercado / Tienda de Autoservicio,Lacomer Sucursal Queretaro Estadio,Luis M. Vega y Monroy 1300. Esq.cimatario . Col. Cimatario. Cp. 76090,Querétaro,Santiago de Querétaro,20.577804,-100.373626
Arroz,Bolsa 900 Gr. Super Extra,Ke Precio,Arroz y Cereales Preparados,Pacic,16.9,2026/04/09,La Comer,Supermercado / Tienda de Autoservicio,Lacomer Sucursal Queretaro Estadio,Luis M. Vega y Monroy 1300. Esq.cimatario . Col. Cimatario. Cp. 76090,Querétaro,Santiago de Querétaro,20.577804,-100.373626
Arroz,Bolsa 900 Gr. Super Extra,La Merced,Arroz y Cereales Preparados,Basicos,24.9,2026/04/06,Hipermercado Soriana,Supermercado / Tienda de Autoservicio,Soriana Hiper Sucursal Consulado (418),Rio Consulado 2355. Esq. Carlos Marx. Col. Simon Bolivar. Cp. 15410,Ciudad de México,Venustiano Carranza,19.449572,-99.100376
Arroz,Bolsa 900 Gr. Super Extra,La Merced,Arroz y Cereales Preparados,Basicos,24.9,2026/04/13,Hipermercado Soriana,Supermercado / Tienda de Autoservicio,Soriana Hiper Sucursal Cimatario,Ctra. a Huimilpan 1001. Int. del Centro Comercial Plaza del Sol. Col. Plazas del Sol. Iii Seccion. Cp. 76099,Querétaro,Santiago de Querétaro,20.563227,-100.375284
Arroz,Bolsa 900 Gr. Super Extra,La Merced,Arroz y Cereales Preparados,Basicos,28.5,2026/04/03,Superissste,Supermercado / Tienda de Autoservicio,Superissste Sucursal 011,Calle Peluqueros No. 310 Esquina Calle Tizayuca. Col. Michoacana. Cp. 15240,Ciudad de México,Venustiano Carranza,19.446139,-99.113372
Arroz,Bolsa 900 Gr. Super Extra,La Merced,Arroz y Cereales Preparados,Basicos,28.5,2026/04/03,Superissste,Supermercado / Tienda de Autoservicio,Superissste Sucursal 022,Av. del Taller y Retorno No. 38 Dentro del Retorno 38. Col. Jardin Balbuena. Cp. 15900,Ciudad de México,Venustiano Carranza,19.412842,-99.105666
Arroz,Bolsa 900 Gr. Super Extra,La Merced,Arroz y Cereales Preparados,Basicos,28.5,2026/04/10,Superissste,Supermercado / Tienda de Autoservicio,Superissste Sucursal 011,Calle Peluqueros No. 310 Esquina Calle Tizayuca. Col. Michoacana. Cp. 15240,Ciudad de México,Venustiano Carranza,19.446139,-99.113372
Arroz,Bolsa 900 Gr. Super Extra,La Merced,Arroz y Cereales Preparados,Basicos,28.5,2026/04/10,Superissste,Supermercado / Tienda de Autoservicio,Superissste Sucursal 022,Av. del Taller y Retorno No. 38 Dentro del Retorno 38. Col. Jardin Balbuena. Cp. 15900,Ciudad de México,Venustiano Carranza,19.412842,-99.105666
Arroz,Bolsa 900 Gr. Super Extra,La Merced,Arroz y Cereales Preparados,Basicos,31.5,2026/04/09,La Comer,Supermercado / Tienda de Autoservicio,Lacomer Sucursal Queretaro Estadio,Luis M. Vega y Monroy 1300. Esq.cimatario . Col. Cimatario. Cp. 76090,Querétaro,Santiago de Querétaro,20.577804,-100.373626
Arroz,Bolsa 900 Gr. Super Extra,Verde Valle,Arroz y Cereales Preparados,Basicos,32.9,2026/04/09,La Comer,Supermercado / Tienda de Autoservicio,Lacomer Sucursal Queretaro Estadio,Luis M. Vega y Monroy 1300. Esq.cimatario . Col. Cimatario. Cp. 76090,Querétaro,Santiago de Querétaro,20.577804,-100.373626
Arroz,Bolsa 900 Gr. Super Extra,Verde Valle,Arroz y Cereales Preparados,Basicos,36,2026/04/06,Chedraui,Supermercado / Tienda de Autoservicio,Chedraui Sucursal Anfora,Anfora 71. Esq. Eje 1 Norte. Col. Madero. Cp. 15320,Ciudad de México,Venustiano Carranza,19.437353,-99.110088
Arroz,Bolsa 900 Gr. Super Extra,Verde Valle,Arroz y Cereales Preparados,Basicos,36,2026/04/08,Chedraui,Supermercado / Tienda de Autoservicio,Chedraui Sucursal Centro Sur,Blvd. Bernardo Quintana 502. Carr. con Direccion a Centro Civico. Col. Centro Sur. Cp. 76087,Querétaro,Santiago de Querétaro,20.569354,-100.358831
Arroz,Bolsa 900 Gr. Super Extra. Grano Largo,Chedraui,Arroz y Cereales Preparados,Basicos,17,2026/04/06,Chedraui,Supermercado / Tienda de Autoservicio,Chedraui Sucursal Anfora,Anfora 71. Esq. Eje 1 Norte. Col. Madero. Cp. 15320,Ciudad de México,Venustiano Carranza,19.437353,-99.110088
Arroz,Bolsa 900 Gr. Super Extra. Grano Largo,Chedraui,Arroz y Cereales Preparados,Basicos,17.5,2026/04/08,Chedraui,Supermercado / Tienda de Autoservicio,Chedraui Sucursal Centro Sur,Blvd. Bernardo Quintana 502. Carr. con Direccion a Centro Civico. Col. Centro Sur. Cp. 76087,Querétaro,Santiago de Querétaro,20.569354,-100.358831
Arroz,Bolsa 900 Gr. Super Extra. Grano Largo,Chedraui,Arroz y Cereales Preparados,Basicos,17.5,2026/04/15,Chedraui,Supermercado / Tienda de Autoservicio,Chedraui Sucursal Centro Sur,Blvd. Bernardo Quintana 502. Carr. con Direccion a Centro Civico. Col. Centro Sur. Cp. 76087,Querétaro,Santiago de Querétaro,20.569354,-100.358831
Arroz,Bolsa 900 Gr. Super Extra. Grano Largo,Chedraui,Arroz y Cereales Preparados,Pacic,17,2026/04/06,Chedraui,Supermercado / Tienda de Autoservicio,Chedraui Sucursal Anfora,Anfora 71. Esq. Eje 1 Norte. Col. Madero. Cp. 15320,Ciudad de México,Venustiano Carranza,19.437353,-99.110088
Arroz,Bolsa 900 Gr. Super Extra. Grano Largo,Chedraui,Arroz y Cereales Preparados,Pacic,17.5,2026/04/01,Chedraui,Supermercado / Tienda de Autoservicio,Chedraui Sucursal Centro Sur,Blvd. Bernardo Quintana 502. Carr. con Direccion a Centro Civico. Col. Centro Sur. Cp. 76087,Querétaro,Santiago de Querétaro,20.569354,-100.358831
Arroz,Bolsa 900 Gr. Super Extra. Grano Largo,Chedraui,Arroz y Cereales Preparados,Pacic,17.5,2026/04/08,Chedraui,Supermercado / Tienda de Autoservicio,Chedraui Sucursal Centro Sur,Blvd. Bernardo Quintana 502. Carr. con Direccion a Centro Civico. Col. Centro Sur. Cp. 76087,Querétaro,Santiago de Querétaro,20.569354,-100.358831
Arroz,Bolsa 900 Gr. Super Extra. Grano Largo,Chedraui,Arroz y Cereales Preparados,Pacic,17.5,2026/04/15,Chedraui,Supermercado / Tienda de Autoservicio,Chedraui Sucursal Centro Sur,Blvd. Bernardo Quintana 502. Carr. con Direccion a Centro Civico. Col. Centro Sur. Cp. 76087,Querétaro,Santiago de Querétaro,20.569354,-100.358831
Arroz,Bolsa 900 Gr. Super Extra. Grano Largo,El Clásico de Morelos,Arroz y Cereales Preparados,Basicos,34,2026/04/06,Hipermercado Soriana,Supermercado / Tienda de Autoservicio,Soriana Hiper Sucursal Consulado (418),Rio Consulado 2355. Esq. Carlos Marx. Col. Simon Bolivar. Cp. 15410,Ciudad de México,Venustiano Carranza,19.449572,-99.100376
Arroz,Bolsa 900 Gr. Super Extra. Verde,Schettino,Arroz y Cereales Preparados,Basicos,20,2026/04/03,Superissste,Supermercado / Tienda de Autoservicio,Superissste Sucursal 011,Calle Peluqueros No. 310 Esquina Calle Tizayuca. Col. Michoacana. Cp. 15240,Ciudad de México,Venustiano Carranza,19.446139,-99.113372
Arroz,Bolsa 900 Gr. Super Extra. Verde,Schettino,Arroz y Cereales Preparados,Basicos,20,2026/04/03,Superissste,Supermercado / Tienda de Autoservicio,Superissste Sucursal 022,Av. del Taller y Retorno No. 38 Dentro del Retorno 38. Col. Jardin Balbuena. Cp. 15900,Ciudad de México,Venustiano Carranza,19.412842,-99.105666
Arroz,Bolsa 900 Gr. Super Extra. Verde,Schettino,Arroz y Cereales Preparados,Basicos,20,2026/04/10,Superissste,Supermercado / Tienda de Autoservicio,Superissste Sucursal 011,Calle Peluqueros No. 310 Esquina Calle Tizayuca. Col. Michoacana. Cp. 15240,Ciudad de México,Venustiano Carranza,19.446139,-99.113372
Arroz,Bolsa 900 Gr. Super Extra. Verde,Schettino,Arroz y Cereales Preparados,Basicos,20,2026/04/10,Superissste,Supermercado / Tienda de Autoservicio,Superissste Sucursal 022,Av. del Taller y Retorno No. 38 Dentro del Retorno 38. Col. Jardin Balbuena. Cp. 15900,Ciudad de México,Venustiano Carranza,19.412842,-99.105666
Arroz,Bolsa 900 Gr. Super Extra. Verde,Schettino,Arroz y Cereales Preparados,Basicos,21,2026/04/15,Chedraui,Supermercado / Tienda de Autoservicio,Chedraui Sucursal Centro Sur,Blvd. Bernardo Quintana 502. Carr. con Direccion a Centro Civico. Col. Centro Sur. Cp. 76087,Querétaro,Santiago de Querétaro,20.569354,-100.358831
Arroz,Bolsa 900 Gr. Super Extra. Verde,Schettino,Arroz y Cereales Preparados,Basicos,22,2026/04/06,Chedraui,Supermercado / Tienda de Autoservicio,Chedraui Sucursal Anfora,Anfora 71. Esq. Eje 1 Norte. Col. Madero. Cp. 15320,Ciudad de México,Venustiano Carranza,19.437353,-99.110088
Arroz,Bolsa 900 Gr. Super Extra. Verde,Schettino,Arroz y Cereales Preparados,Basicos,22.5,2026/04/06,Hipermercado Soriana,Supermercado / Tienda de Autoservicio,Soriana Hiper Sucursal Consulado (418),Rio Consulado 2355. Esq. Carlos Marx. Col. Simon Bolivar. Cp. 15410,Ciudad de México,Venustiano Carranza,19.449572,-99.100376
Arroz,Bolsa 900 Gr. Super Extra. Verde,Schettino,Arroz y Cereales Preparados,Basicos,22.5,2026/04/13,Hipermercado Soriana,Supermercado / Tienda de Autoservicio,Soriana Hiper Sucursal Cimatario,Ctra. a Huimilpan 1001. Int. del Centro Comercial Plaza del Sol. Col. Plazas del Sol. Iii Seccion. Cp. 76099,Querétaro,Santiago de Querétaro,20.563227,-100.375284
Arroz,Bolsa 900 Gr. Super Extra. Verde,Schettino,Arroz y Cereales Preparados,Pacic,21,2026/04/15,Chedraui,Supermercado / Tienda de Autoservicio,Chedraui Sucursal Centro Sur,Blvd. Bernardo Quintana 502. Carr. con Direccion a Centro Civico. Col. Centro Sur. Cp. 76087,Querétaro,Santiago de Querétaro,20.569354,-100.358831
Arroz,Bolsa 900 Gr. Super Extra. Verde,Schettino,Arroz y Cereales Preparados,Pacic,22,2026/04/01,Chedraui,Supermercado / Tienda de Autoservicio,Chedraui Sucursal Centro Sur,Blvd. Bernardo Quintana 502. Carr. con Direccion a Centro Civico. Col. Centro Sur. Cp. 76087,Querétaro,Santiago de Querétaro,20.569354,-100.358831
Arroz,Bolsa 900 Gr. Super Extra. Verde,Schettino,Arroz y Cereales Preparados,Pacic,22,2026/04/06,Chedraui,Supermercado / Tienda de Autoservicio,Chedraui Sucursal Anfora,Anfora 71. Esq. Eje 1 Norte. Col. Madero. Cp. 15320,Ciudad de México,Venustiano Carranza,19.437353,-99.110088
Arroz,Bolsa 907 Gr. Super Extra,La Merced,Arroz y Cereales Preparados,Basicos,20,2026/04/06,Bodega Aurrera,Supermercado / Tienda de Autoservicio,Bodega Aurrera Sucursal la Viga,Calz. de la Viga 136 Esq. del Taller. Col. Lorenzo Boturini. Cp. 15820,Ciudad de México,Venustiano Carranza,19.414749,-99.127874
Arroz,Bolsa 907 Gr. Super Extra,La Merced,Arroz y Cereales Preparados,Basicos,20,2026/04/06,Wal-mart,Supermercado / Tienda de Autoservicio,Walmart Sucursal Aeropuerto,Calz. Ignacio Zaragoza 58. Esq. Blvd. Puerto Aereo. Col. Federal. Cp. 15700,Ciudad de México,Venustiano Carranza,19.41926,-99.094521
Arroz,Bolsa 907 Gr. Super Extra,La Merced,Arroz y Cereales Preparados,Basicos,20,2026/04/06,Wal-mart,Supermercado / Tienda de Autoservicio,Walmart Sucursal Balbuena,Fray Servando Teresa de Mier 881. Entre Fernando Iglesia Calderon y Genaro Garcia. Col. Jardin Balbuena. Cp. 15900,Ciudad de México,Venustiano Carranza,19.418067,-99.105639
Arroz,Bolsa 907 Gr. Super Extra,La Merced,Arroz y Cereales Preparados,Basicos,20,2026/04/07,Wal-mart,Supermercado / Tienda de Autoservicio,Walmart Sucursal Unidad Plaza de Toros,Autopista Queretaro Celaya 5501. Int. del Centro Comercial Plaza Esfera. Col. el Jacal. Cp. 76187,Querétaro,Santiago de Querétaro,20.574076,-100.408704
Arroz,Bolsa 907 Gr. Super Extra,La Merced,Arroz y Cereales Preparados,Basicos,20,2026/04/14,Wal-mart,Supermercado / Tienda de Autoservicio,Walmart Sucursal Unidad Plaza de Toros,Autopista Queretaro Celaya 5501. Int. del Centro Comercial Plaza Esfera. Col. el Jacal. Cp. 76187,Querétaro,Santiago de Querétaro,20.574076,-100.408704
Arroz,Bolsa 907 Gr. Super Extra,La Merced,Arroz y Cereales Preparados,Pacic,20,2026/04/01,Wal-mart,Supermercado / Tienda de Autoservicio,Walmart Sucursal Unidad Plaza de Toros,Autopista Queretaro Celaya 5501. Int. del Centro Comercial Plaza Esfera. Col. el Jacal. Cp. 76187,Querétaro,Santiago de Querétaro,20.574076,-100.408704
Arroz,Bolsa 907 Gr. Super Extra,La Merced,Arroz y Cereales Preparados,Pacic,20,2026/04/06,Bodega Aurrera,Supermercado / Tienda de Autoservicio,Bodega Aurrera Sucursal la Viga,Calz. de la Viga 136 Esq. del Taller. Col. Lorenzo Boturini. Cp. 15820,Ciudad de México,Venustiano Carranza,19.414749,-99.127874
Arroz,Bolsa 907 Gr. Super Extra,La Merced,Arroz y Cereales Preparados,Pacic,20,2026/04/06,Wal-mart,Supermercado / Tienda de Autoservicio,Walmart Sucursal Aeropuerto,Calz. Ignacio Zaragoza 58. Esq. Blvd. Puerto Aereo. Col. Federal. Cp. 15700,Ciudad de México,Venustiano Carranza,19.41926,-99.094521
Arroz,Bolsa 907 Gr. Super Extra,La Merced,Arroz y Cereales Preparados,Pacic,20,2026/04/06,Wal-mart,Supermercado / Tienda de Autoservicio,Walmart Sucursal Balbuena,Fray Servando Teresa de Mier 881. Entre Fernando Iglesia Calderon y Genaro Garcia. Col. Jardin Balbuena. Cp. 15900,Ciudad de México,Venustiano Carranza,19.418067,-99.105639
Arroz,Bolsa 907 Gr. Super Extra,La Merced,Arroz y Cereales Preparados,Pacic,20,2026/04/07,Wal-mart,Supermercado / Tienda de Autoservicio,Walmart Sucursal Unidad Plaza de Toros,Autopista Queretaro Celaya 5501. Int. del Centro Comercial Plaza Esfera. Col. el Jacal. Cp. 76187,Querétaro,Santiago de Querétaro,20.574076,-100.408704
Arroz,Bolsa 907 Gr. Super Extra,La Merced,Arroz y Cereales Preparados,Pacic,20,2026/04/14,Wal-mart,Supermercado / Tienda de Autoservicio,Walmart Sucursal Unidad Plaza de Toros,Autopista Queretaro Celaya 5501. Int. del Centro Comercial Plaza Esfera. Col. el Jacal. Cp. 76187,Querétaro,Santiago de Querétaro,20.574076,-100.408704
Arroz,Bolsa 907 Gr. Super Extra,Schettino,Arroz y Cereales Preparados,Basicos,20,2026/04/06,Bodega Aurrera,Supermercado / Tienda de Autoservicio,Bodega Aurrera Sucursal la Viga,Calz. de la Viga 136 Esq. del Taller. Col. Lorenzo Boturini. Cp. 15820,Ciudad de México,Venustiano Carranza,19.414749,-99.127874
Arroz,Bolsa 907 Gr. Super Extra,Schettino,Arroz y Cereales Preparados,Basicos,20,2026/04/10,Bodega Aurrera,Supermercado / Tienda de Autoservicio,Bodega Aurrera Sucursal Centro Constituyentes,Constituyentes Oriente 334. Entre Pasteur y Manuel Ponce. Col. Mercurio. Cp. 76040,Querétaro,Santiago de Querétaro,20.586349,-100.382801
Arroz,Bolsa 907 Gr. Super Extra,Schettino,Arroz y Cereales Preparados,Basicos,21,2026/04/06,Wal-mart,Supermercado / Tienda de Autoservicio,Walmart Sucursal Aeropuerto,Calz. Ignacio Zaragoza 58. Esq. Blvd. Puerto Aereo. Col. Federal. Cp. 15700,Ciudad de México,Venustiano Carranza,19.41926,-99.094521
Arroz,Bolsa 907 Gr. Super Extra,Schettino,Arroz y Cereales Preparados,Basicos,21,2026/04/06,Wal-mart,Supermercado / Tienda de Autoservicio,Walmart Sucursal Balbuena,Fray Servando Teresa de Mier 881. Entre Fernando Iglesia Calderon y Genaro Garcia. Col. Jardin Balbuena. Cp. 15900,Ciudad de México,Venustiano Carranza,19.418067,-99.105639
Arroz,Bolsa 907 Gr. Super Extra,Schettino,Arroz y Cereales Preparados,Basicos,21,2026/04/07,Wal-mart,Supermercado / Tienda de Autoservicio,Walmart Sucursal Unidad Plaza de Toros,Autopista Queretaro Celaya 5501. Int. del Centro Comercial Plaza Esfera. Col. el Jacal. Cp. 76187,Querétaro,Santiago de Querétaro,20.574076,-100.408704
Arroz,Bolsa 907 Gr. Super Extra,Schettino,Arroz y Cereales Preparados,Basicos,21,2026/04/14,Wal-mart,Supermercado / Tienda de Autoservicio,Walmart Sucursal Unidad Plaza de Toros,Autopista Queretaro Celaya 5501. Int. del Centro Comercial Plaza Esfera. Col. el Jacal. Cp. 76187,Querétaro,Santiago de Querétaro,20.574076,-100.408704
Arroz,Bolsa 907 Gr. Super Extra,Schettino,Arroz y Cereales Preparados,Pacic,20,2026/04/06,Bodega Aurrera,Supermercado / Tienda de Autoservicio,Bodega Aurrera Sucursal la Viga,Calz. de la Viga 136 Esq. del Taller. Col. Lorenzo Boturini. Cp. 15820,Ciudad de México,Venustiano Carranza,19.414749,-99.127874
Arroz,Bolsa 907 Gr. Super Extra,Schettino,Arroz y Cereales Preparados,Pacic,20,2026/04/10,Bodega Aurrera,Supermercado / Tienda de Autoservicio,Bodega Aurrera Sucursal Centro Constituyentes,Constituyentes Oriente 334. Entre Pasteur y Manuel Ponce. Col. Mercurio. Cp. 76040,Querétaro,Santiago de Querétaro,20.586349,-100.382801
Arroz,Bolsa 907 Gr. Super Extra,Schettino,Arroz y Cereales Preparados,Pacic,21,2026/04/01,Wal-mart,Supermercado / Tienda de Autoservicio,Walmart Sucursal Unidad Plaza de Toros,Autopista Queretaro Celaya 5501. Int. del Centro Comercial Plaza Esfera. Col. el Jacal. Cp. 76187,Querétaro,Santiago de Querétaro,20.574076,-100.408704
Arroz,Bolsa 907 Gr. Super Extra,Schettino,Arroz y Cereales Preparados,Pacic,21,2026/04/06,Wal-mart,Supermercado / Tienda de Autoservicio,Walmart Sucursal Aeropuerto,Calz. Ignacio Zaragoza 58. Esq. Blvd. Puerto Aereo. Col. Federal. Cp. 15700,Ciudad de México,Venustiano Carranza,19.41926,-99.094521
Arroz,Bolsa 907 Gr. Super Extra,Schettino,Arroz y Cereales Preparados,Pacic,21,2026/04/06,Wal-mart,Supermercado / Tienda de Autoservicio,Walmart Sucursal Balbuena,Fray Servando Teresa de Mier 881. Entre Fernando Iglesia Calderon y Genaro Garcia. Col. Jardin Balbuena. Cp. 15900,Ciudad de México,Venustiano Carranza,19.418067,-99.105639
Arroz,Bolsa 907 Gr. Super Extra,Schettino,Arroz y Cereales Preparados,Pacic,21,2026/04/07,Wal-mart,Supermercado / Tienda de Autoservicio,Walmart Sucursal Unidad Plaza de Toros,Autopista Queretaro Celaya 5501. Int. del Centro Comercial Plaza Esfera. Col. el Jacal. Cp. 76187,Querétaro,Santiago de Querétaro,20.574076,-100.408704
Arroz,Bolsa 907 Gr. Super Extra,Schettino,Arroz y Cereales Preparados,Pacic,21,2026/04/14,Wal-mart,Supermercado / Tienda de Autoservicio,Walmart Sucursal Unidad Plaza de Toros,Autopista Queretaro Celaya 5501. Int. del Centro Comercial Plaza Esfera. Col. el Jacal. Cp. 76187,Querétaro,Santiago de Querétaro,20.574076,-100.408704
Arroz,Bolsa 907 Gr. Super Extra. Grano Grueso,Sos,Arroz y Cereales Preparados,Basicos,28,2026/04/03,Superissste,Supermercado / Tienda de Autoservicio,Superissste Sucursal 011,Calle Peluqueros No. 310 Esquina Calle Tizayuca. Col. Michoacana. Cp. 15240,Ciudad de México,Venustiano Carranza,19.446139,-99.113372
Arroz,Bolsa 907 Gr. Super Extra. Grano Grueso,Sos,Arroz y Cereales Preparados,Basicos,28,2026/04/03,Superissste,Supermercado / Tienda de Autoservicio,Superissste Sucursal 022,Av. del Taller y Retorno No. 38 Dentro del Retorno 38. Col. Jardin Balbuena. Cp. 15900,Ciudad de México,Venustiano Carranza,19.412842,-99.105666
Arroz,Bolsa 907 Gr. Super Extra. Grano Grueso,Sos,Arroz y Cereales Preparados,Basicos,28,2026/04/10,Superissste,Supermercado / Tienda de Autoservicio,Superissste Sucursal 011,Calle Peluqueros No. 310 Esquina Calle Tizayuca. Col. Michoacana. Cp. 15240,Ciudad de México,Venustiano Carranza,19.446139,-99.113372
Arroz,Bolsa 907 Gr. Super Extra. Grano Grueso,Sos,Arroz y Cereales Preparados,Basicos,28,2026/04/10,Superissste,Supermercado / Tienda de Autoservicio,Superissste Sucursal 022,Av. del Taller y Retorno No. 38 Dentro del Retorno 38. Col. Jardin Balbuena. Cp. 15900,Ciudad de México,Venustiano Carranza,19.412842,-99.105666
Arroz,Bolsa 907 Gr. Super Extra. Grano Grueso,Sos,Arroz y Cereales Preparados,Basicos,32.5,2026/04/06,Hipermercado Soriana,Supermercado / Tienda de Autoservicio,Soriana Hiper Sucursal Consulado (418),Rio Consulado 2355. Esq. Carlos Marx. Col. Simon Bolivar. Cp. 15410,Ciudad de México,Venustiano Carranza,19.449572,-99.100376
Arroz,Bolsa 907 Gr. Super Extra. Grano Grueso,Sos,Arroz y Cereales Preparados,Basicos,32.5,2026/04/13,Hipermercado Soriana,Supermercado / Tienda de Autoservicio,Soriana Hiper Sucursal Cimatario,Ctra. a Huimilpan 1001. Int. del Centro Comercial Plaza del Sol. Col. Plazas del Sol. Iii Seccion. Cp. 76099,Querétaro,Santiago de Querétaro,20.563227,-100.375284
Arroz,Bolsa 907 Gr. Super Extra. Grano Grueso,Sos,Arroz y Cereales Preparados,Basicos,32.9,2026/04/09,La Comer,Supermercado / Tienda de Autoservicio,Lacomer Sucursal Queretaro Estadio,Luis M. Vega y Monroy 1300. Esq.cimatario . Col. Cimatario. Cp. 76090,Querétaro,Santiago de Querétaro,20.577804,-100.373626
Asistentes de Voz,Echo Dot. Sin Reloj. Color Blanca o Negra,Alexa,Aparatos Electronicos,Electrodomesticos,1295,2026/04/06,Chedraui,Supermercado / Tienda de Autoservicio,Chedraui Sucursal Anfora,Anfora 71. Esq. Eje 1 Norte. Col. Madero. Cp. 15320,Ciudad de México,Venustiano Carranza,19.437353,-99.110088
Atacand,Caja con 28 Tabletas de 16 Mg.,S/M,Medicamentos,Medicamentos,1345,2026/04/06,Hipermercado Soriana,Supermercado / Tienda de Autoservicio,Soriana Hiper Sucursal Consulado (418),Rio Consulado 2355. Esq. Carlos Marx. Col. Simon Bolivar. Cp. 15410,Ciudad de México,Venustiano Carranza,19.449572,-99.100376
Atorvastatina,Caja con 30 Tabletas de 10 Mg.,S/M,Medicamentos,Medicamentos,147,2026/04/07,Farmacias del Ahorro,Farmacias,Farmacias del Ahorro Sucursal Queretaro,Constituyentes Pte. 46. Entre Fernando de Tapia y Melchor Ocampo. Col. Centro. Cp. 76000,Querétaro,Santiago de Querétaro,20.584013,-100.394346
Atún,1 Kg. Steak de Atún Aleta Amarilla,S/M,Pescados y Mariscos,Pescados y Mariscos,299,2026/04/06,Hipermercado Soriana,Supermercado / Tienda de Autoservicio,Soriana Hiper Sucursal Cimatario,Ctra. a Huimilpan 1001. Int. del Centro Comercial Plaza del Sol. Col. Plazas del Sol. Iii Seccion. Cp. 76099,Querétaro,Santiago de Querétaro,20.563227,-100.375284
Atún,Bolsa 110 Gr. Ensalada,Dolores,Pescados y Mariscos en Conserva,Basicos,13,2026/04/01,Bodega Aurrera,Supermercado / Tienda de Autoservicio,Bodega Aurrera Sucursal Centro Constituyentes,Constituyentes Oriente 334. Entre Pasteur y Manuel Ponce. Col. Mercurio. Cp. 76040,Querétaro,Santiago de Querétaro,20.586349,-100.382801
Atún,Bolsa 110 Gr. Ensalada,Dolores,Pescados y Mariscos en Conserva,Basicos,15.5,2026/04/06,Chedraui,Supermercado / Tienda de Autoservicio,Chedraui Sucursal Anfora,Anfora 71. Esq. Eje 1 Norte. Col. Madero. Cp. 15320,Ciudad de México,Venustiano Carranza,19.437353,-99.110088
Atún,Bolsa 110 Gr. Ensalada,Dolores,Pescados y Mariscos en Conserva,Basicos,15.5,2026/04/06,Hipermercado Soriana,Supermercado / Tienda de Autoservicio,Soriana Hiper Sucursal Consulado (418),Rio Consulado 2355. Esq. Carlos Marx. Col. Simon Bolivar. Cp. 15410,Ciudad de México,Venustiano Carranza,19.449572,-99.100376
Atún,Bolsa 110 Gr. Ensalada,Dolores,Pescados y Mariscos en Conserva,Basicos,15.9,2026/04/09,La Comer,Supermercado / Tienda de Autoservicio,Lacomer Sucursal Queretaro Estadio,Luis M. Vega y Monroy 1300. Esq.cimatario . Col. Cimatario. Cp. 76090,Querétaro,Santiago de Querétaro,20.577804,-100.373626
Atún,Bolsa 110 Gr. Ensalada,Dolores,Pescados y Mariscos en Conserva,Basicos,18,2026/04/03,Superissste,Supermercado / Tienda de Autoservicio,Superissste Sucursal 011,Calle Peluqueros No. 310 Esquina Calle Tizayuca. Col. Michoacana. Cp. 15240,Ciudad de México,Venustiano Carranza,19.446139,-99.113372
Atún,Bolsa 110 Gr. Ensalada,Dolores,Pescados y Mariscos en Conserva,Basicos,18,2026/04/03,Superissste,Supermercado / Tienda de Autoservicio,Superissste Sucursal 022,Av. del Taller y Retorno No. 38 Dentro del Retorno 38. Col. Jardin Balbuena. Cp. 15900,Ciudad de México,Venustiano Carranza,19.412842,-99.105666
Atún,Bolsa 110 Gr. Ensalada,Dolores,Pescados y Mariscos en Conserva,Basicos,18,2026/04/10,Superissste,Supermercado / Tienda de Autoservicio,Superissste Sucursal 011,Calle Peluqueros No. 310 Esquina Calle Tizayuca. Col. Michoacana. Cp. 15240,Ciudad de México,Venustiano Carranza,19.446139,-99.113372
Atún,Bolsa 110 Gr. Ensalada,Dolores,Pescados y Mariscos en Conserva,Basicos,18,2026/04/10,Superissste,Supermercado / Tienda de Autoservicio,Superissste Sucursal 022,Av. del Taller y Retorno No. 38 Dentro del Retorno 38. Col. Jardin Balbuena. Cp. 15900,Ciudad de México,Venustiano Carranza,19.412842,-99.105666
Atún,Bolsa 110 Gr. Ensalada,Dolores,Pescados y Mariscos en Conserva,Basicos,21,2026/04/06,Bodega Aurrera,Supermercado / Tienda de Autoservicio,Bodega Aurrera Sucursal la Viga,Calz. de la Viga 136 Esq. del Taller. Col. Lorenzo Boturini. Cp. 15820,Ciudad de México,Venustiano Carranza,19.414749,-99.127874
Atún,Bolsa 110 Gr. Ensalada,Dolores,Pescados y Mariscos en Conserva,Basicos,22,2026/04/06,Wal-mart,Supermercado / Tienda de Autoservicio,Walmart Sucursal Aeropuerto,Calz. Ignacio Zaragoza 58. Esq. Blvd. Puerto Aereo. Col. Federal. Cp. 15700,Ciudad de México,Venustiano Carranza,19.41926,-99.094521
Atún,Bolsa 110 Gr. Ensalada,Dolores,Pescados y Mariscos en Conserva,Basicos,22,2026/04/06,Wal-mart,Supermercado / Tienda de Autoservicio,Walmart Sucursal Balbuena,Fray Servando Teresa de Mier 881. Entre Fernando Iglesia Calderon y Genaro Garcia. Col. Jardin Balbuena. Cp. 15900,Ciudad de México,Venustiano Carranza,19.418067,-99.105639
Atún,Bolsa 110 Gr. Ensalada,Dolores,Pescados y Mariscos en Conserva,Basicos,22,2026/04/07,Wal-mart,Supermercado / Tienda de Autoservicio,Walmart Sucursal Unidad Plaza de Toros,Autopista Queretaro Celaya 5501. Int. del Centro Comercial Plaza Esfera. Col. el Jacal. Cp. 76187,Querétaro,Santiago de Querétaro,20.574076,-100.408704
Atún,Bolsa 110 Gr. Ensalada,Dolores,Pescados y Mariscos en Conserva,Basicos,22.5,2026/04/13,Hipermercado Soriana,Supermercado / Tienda de Autoservicio,Soriana Hiper Sucursal Cimatario,Ctra. a Huimilpan 1001. Int. del Centro Comercial Plaza del Sol. Col. Plazas del Sol. Iii Seccion. Cp. 76099,Querétaro,Santiago de Querétaro,20.563227,-100.375284
Atún,Bolsa 74 Gr. Aleta Amarilla en Trozos en Agua,Dolores,Pescados y Mariscos en Conserva,Basicos,15.9,2026/04/09,La Comer,Supermercado / Tienda de Autoservicio,Lacomer Sucursal Queretaro Estadio,Luis M. Vega y Monroy 1300. Esq.cimatario . Col. Cimatario. Cp. 76090,Querétaro,Santiago de Querétaro,20.577804,-100.373626
Atún,Bolsa 74 Gr. Aleta Amarilla en Trozos en Agua,Dolores,Pescados y Mariscos en Conserva,Basicos,18.9,2026/04/03,Superissste,Supermercado / Tienda de Autoservicio,Superissste Sucursal 011,Calle Peluqueros No. 310 Esquina Calle Tizayuca. Col. Michoacana. Cp. 15240,Ciudad de México,Venustiano Carranza,19.446139,-99.113372
Atún,Bolsa 74 Gr. Aleta Amarilla en Trozos en Agua,Dolores,Pescados y Mariscos en Conserva,Basicos,18.9,2026/04/03,Superissste,Supermercado / Tienda de Autoservicio,Superissste Sucursal 022,Av. del Taller y Retorno No. 38 Dentro del Retorno 38. Col. Jardin Balbuena. Cp. 15900,Ciudad de México,Venustiano Carranza,19.412842,-99.105666
Atún,Bolsa 74 Gr. Aleta Amarilla en Trozos en Agua,Dolores,Pescados y Mariscos en Conserva,Basicos,18.9,2026/04/10,Superissste,Supermercado / Tienda de Autoservicio,Superissste Sucursal 011,Calle Peluqueros No. 310 Esquina Calle Tizayuca. Col. Michoacana. Cp. 15240,Ciudad de México,Venustiano Carranza,19.446139,-99.113372
Atún,Bolsa 74 Gr. Aleta Amarilla en Trozos en Agua,Dolores,Pescados y Mariscos en Conserva,Basicos,18.9,2026/04/10,Superissste,Supermercado / Tienda de Autoservicio,Superissste Sucursal 022,Av. del Taller y Retorno No. 38 Dentro del Retorno 38. Col. Jardin Balbuena. Cp. 15900,Ciudad de México,Venustiano Carranza,19.412842,-99.105666
Atún,Bolsa 74 Gr. Aleta Amarilla en Trozos en Agua,Dolores,Pescados y Mariscos en Conserva,Basicos,21,2026/04/13,Hipermercado Soriana,Supermercado / Tienda de Autoservicio,Soriana Hiper Sucursal Cimatario,Ctra. a Huimilpan 1001. Int. del Centro Comercial Plaza del Sol. Col. Plazas del Sol. Iii Seccion. Cp. 76099,Querétaro,Santiago de Querétaro,20.563227,-100.375284
Atún,Bolsa 74 Gr. Aleta Amarilla en Trozos en Agua,Dolores,Pescados y Mariscos en Conserva,Basicos,22,2026/04/06,Wal-mart,Supermercado / Tienda de Autoservicio,Walmart Sucursal Aeropuerto,Calz. Ignacio Zaragoza 58. Esq. Blvd. Puerto Aereo. Col. Federal. Cp. 15700,Ciudad de México,Venustiano Carranza,19.41926,-99.094521
Atún,Bolsa 78 Gr. Aleta Amarilla en Trozos en Aceite con Agua,Dolores,Pescados y Mariscos en Conserva,Basicos,15.9,2026/04/09,La Comer,Supermercado / Tienda de Autoservicio,Lacomer Sucursal Queretaro Estadio,Luis M. Vega y Monroy 1300. Esq.cimatario . Col. Cimatario. Cp. 76090,Querétaro,Santiago de Querétaro,20.577804,-100.373626
Atún,Bolsa 78 Gr. Aleta Amarilla en Trozos en Aceite con Agua,Dolores,Pescados y Mariscos en Conserva,Basicos,18,2026/04/03,Superissste,Supermercado / Tienda de Autoservicio,Superissste Sucursal 011,Calle Peluqueros No. 310 Esquina Calle Tizayuca. Col. Michoacana. Cp. 15240,Ciudad de México,Venustiano Carranza,19.446139,-99.113372
Atún,Bolsa 78 Gr. Aleta Amarilla en Trozos en Aceite con Agua,Dolores,Pescados y Mariscos en Conserva,Basicos,18,2026/04/03,Superissste,Supermercado / Tienda de Autoservicio,Superissste Sucursal 022,Av. del Taller y Retorno No. 38 Dentro del Retorno 38. Col. Jardin Balbuena. Cp. 15900,Ciudad de México,Venustiano Carranza,19.412842,-99.105666
Atún,Bolsa 78 Gr. Aleta Amarilla en Trozos en Aceite con Agua,Dolores,Pescados y Mariscos en Conserva,Basicos,18,2026/04/10,Superissste,Supermercado / Tienda de Autoservicio,Superissste Sucursal 011,Calle Peluqueros No. 310 Esquina Calle Tizayuca. Col. Michoacana. Cp. 15240,Ciudad de México,Venustiano Carranza,19.446139,-99.113372
Atún,Bolsa 78 Gr. Aleta Amarilla en Trozos en Aceite con Agua,Dolores,Pescados y Mariscos en Conserva,Basicos,18,2026/04/10,Superissste,Supermercado / Tienda de Autoservicio,Superissste Sucursal 022,Av. del Taller y Retorno No. 38 Dentro del Retorno 38. Col. Jardin Balbuena. Cp. 15900,Ciudad de México,Venustiano Carranza,19.412842,-99.105666
Atún,Bolsa 78 Gr. Aleta Amarilla. en Trozos en Agua,Dolores,Pescados y Mariscos en Conserva,Basicos,15.5,2026/04/06,Chedraui,Supermercado / Tienda de Autoservicio,Chedraui Sucursal Anfora,Anfora 71. Esq. Eje 1 Norte. Col. Madero. Cp. 15320,Ciudad de México,Venustiano Carranza,19.437353,-99.110088
Atún,Bolsa 78 Gr. Aleta Amarilla. en Trozos en Agua,Dolores,Pescados y Mariscos en Conserva,Basicos,15.9,2026/04/09,La Comer,Supermercado / Tienda de Autoservicio,Lacomer Sucursal Queretaro Estadio,Luis M. Vega y Monroy 1300. Esq.cimatario . Col. Cimatario. Cp. 76090,Querétaro,Santiago de Querétaro,20.577804,-100.373626
Atún,Bolsa 78 Gr. Aleta Amarilla. en Trozos en Agua,Dolores,Pescados y Mariscos en Conserva,Basicos,18,2026/04/03,Superissste,Supermercado / Tienda de Autoservicio,Superissste Sucursal 011,Calle Peluqueros No. 310 Esquina Calle Tizayuca. Col. Michoacana. Cp. 15240,Ciudad de México,Venustiano Carranza,19.446139,-99.113372
Atún,Bolsa 78 Gr. Aleta Amarilla. en Trozos en Agua,Dolores,Pescados y Mariscos en Conserva,Basicos,18,2026/04/03,Superissste,Supermercado / Tienda de Autoservicio,Superissste Sucursal 022,Av. del Taller y Retorno No. 38 Dentro del Retorno 38. Col. Jardin Balbuena. Cp. 15900,Ciudad de México,Venustiano Carranza,19.412842,-99.105666
Atún,Bolsa 78 Gr. Aleta Amarilla. en Trozos en Agua,Dolores,Pescados y Mariscos en Conserva,Basicos,18,2026/04/10,Superissste,Supermercado / Tienda de Autoservicio,Superissste Sucursal 011,Calle Peluqueros No. 310 Esquina Calle Tizayuca. Col. Michoacana. Cp. 15240,Ciudad de México,Venustiano Carranza,19.446139,-99.113372
Atún,Bolsa 78 Gr. Aleta Amarilla. en Trozos en Agua,Dolores,Pescados y Mariscos en Conserva,Basicos,18,2026/04/10,Superissste,Supermercado / Tienda de Autoservicio,Superissste Sucursal 022,Av. del Taller y Retorno No. 38 Dentro del Retorno 38. Col. Jardin Balbuena. Cp. 15900,Ciudad de México,Venustiano Carranza,19.412842,-99.105666
Atún,Bolsa 78 Gr. Aleta Amarilla. en Trozos en Agua,Dolores,Pescados y Mariscos en Conserva,Basicos,21,2026/04/01,Bodega Aurrera,Supermercado / Tienda de Autoservicio,Bodega Aurrera Sucursal Centro Constituyentes,Constituyentes Oriente 334. Entre Pasteur y Manuel Ponce. Col. Mercurio. Cp. 76040,Querétaro,Santiago de Querétaro,20.586349,-100.382801
Atún,Bolsa 78 Gr. Aleta Amarilla. en Trozos en Agua,Dolores,Pescados y Mariscos en Conserva,Basicos,21,2026/04/06,Bodega Aurrera,Supermercado / Tienda de Autoservicio,Bodega Aurrera Sucursal la Viga,Calz. de la Viga 136 Esq. del Taller. Col. Lorenzo Boturini. Cp. 15820,Ciudad de México,Venustiano Carranza,19.414749,-99.127874
Atún,Bolsa 78 Gr. Aleta Amarilla. en Trozos en Agua,Dolores,Pescados y Mariscos en Conserva,Basicos,21,2026/04/06,Hipermercado Soriana,Supermercado / Tienda de Autoservicio,Soriana Hiper Sucursal Consulado (418),Rio Consulado 2355. Esq. Carlos Marx. Col. Simon Bolivar. Cp. 15410,Ciudad de México,Venustiano Carranza,19.449572,-99.100376
Atún,Bolsa 78 Gr. Aleta Amarilla. en Trozos en Agua,Dolores,Pescados y Mariscos en Conserva,Basicos,21,2026/04/10,Bodega Aurrera,Supermercado / Tienda de Autoservicio,Bodega Aurrera Sucursal Centro Constituyentes,Constituyentes Oriente 334. Entre Pasteur y Manuel Ponce. Col. Mercurio. Cp. 76040,Querétaro,Santiago de Querétaro,20.586349,-100.382801
Atún,Bolsa 78 Gr. Aleta Amarilla. en Trozos en Agua,Dolores,Pescados y Mariscos en Conserva,Basicos,22,2026/04/06,Wal-mart,Supermercado / Tienda de Autoservicio,Walmart Sucursal Aeropuerto,Calz. Ignacio Zaragoza 58. Esq. Blvd. Puerto Aereo. Col. Federal. Cp. 15700,Ciudad de México,Venustiano Carranza,19.41926,-99.094521
Atún,Bolsa 78 Gr. Aleta Amarilla. en Trozos en Agua,Dolores,Pescados y Mariscos en Conserva,Basicos,22,2026/04/06,Wal-mart,Supermercado / Tienda de Autoservicio,Walmart Sucursal Balbuena,Fray Servando Teresa de Mier 881. Entre Fernando Iglesia Calderon y Genaro Garcia. Col. Jardin Balbuena. Cp. 15900,Ciudad de México,Venustiano Carranza,19.418067,-99.105639
Atún,Bolsa 78 Gr. Aleta Amarilla. en Trozos en Agua,Dolores,Pescados y Mariscos en Conserva,Basicos,22,2026/04/07,Wal-mart,Supermercado / Tienda de Autoservicio,Walmart Sucursal Unidad Plaza de Toros,Autopista Queretaro Celaya 5501. Int. del Centro Comercial Plaza Esfera. Col. el Jacal. Cp. 76187,Querétaro,Santiago de Querétaro,20.574076,-100.408704
Atún,Bolsa 78 Gr. Aleta Amarilla. en Trozos en Agua,Dolores,Pescados y Mariscos en Conserva,Basicos,22,2026/04/14,Wal-mart,Supermercado / Tienda de Autoservicio,Walmart Sucursal Unidad Plaza de Toros,Autopista Queretaro Celaya 5501. Int. del Centro Comercial Plaza Esfera. Col. el Jacal. Cp. 76187,Querétaro,Santiago de Querétaro,20.574076,-100.408704
Atún,Bolsa 78 Gr. Aleta Amarilla. en Trozos en Agua,Dolores,Pescados y Mariscos en Conserva,Basicos,22.9,2026/04/13,Hipermercado Soriana,Supermercado / Tienda de Autoservicio,Soriana Hiper Sucursal Cimatario,Ctra. a Huimilpan 1001. Int. del Centro Comercial Plaza del Sol. Col. Plazas del Sol. Iii Seccion. Cp. 76099,Querétaro,Santiago de Querétaro,20.563227,-100.375284
Atún,Lata 120 Gr. con 20% de Proteína de Soya en Agua,Ancla,Pescados y Mariscos en Conserva,Basicos,15,2026/04/15,Chedraui,Supermercado / Tienda de Autoservicio,Chedraui Sucursal Centro Sur,Blvd. Bernardo Quintana 502. Carr. con Direccion a Centro Civico. Col. Centro Sur. Cp. 76087,Querétaro,Santiago de Querétaro,20.569354,-100.358831
Atún,Lata 120 Gr. con 20% de Proteína de Soya en Agua con Aceite,Ancla,Pescados y Mariscos en Conserva,Basicos,15,2026/04/06,Chedraui,Supermercado / Tienda de Autoservicio,Chedraui Sucursal Anfora,Anfora 71. Esq. Eje 1 Norte. Col. Madero. Cp. 15320,Ciudad de México,Venustiano Carranza,19.437353,-99.110088
Atún,Lata 130 Gr. (clásico). en Hojuelas en Agua,Tuny,Pescados y Mariscos en Conserva,Pacic,24,2026/04/01,Chedraui,Supermercado / Tienda de Autoservicio,Chedraui Sucursal Centro Sur,Blvd. Bernardo Quintana 502. Carr. con Direccion a Centro Civico. Col. Centro Sur. Cp. 76087,Querétaro,Santiago de Querétaro,20.569354,-100.358831
Atún,Lata 130 Gr. (clásico). en Hojuelas en Agua,Tuny,Pescados y Mariscos en Conserva,Pacic,24,2026/04/06,Chedraui,Supermercado / Tienda de Autoservicio,Chedraui Sucursal Anfora,Anfora 71. Esq. Eje 1 Norte. Col. Madero. Cp. 15320,Ciudad de México,Venustiano Carranza,19.437353,-99.110088
Atún,Lata 130 Gr. (clásico). en Hojuelas en Agua,Tuny,Pescados y Mariscos en Conserva,Pacic,24,2026/04/08,Chedraui,Supermercado / Tienda de Autoservicio,Chedraui Sucursal Centro Sur,Blvd. Bernardo Quintana 502. Carr. con Direccion a Centro Civico. Col. Centro Sur. Cp. 76087,Querétaro,Santiago de Querétaro,20.569354,-100.358831
Atún,Lata 130 Gr. (clásico). en Hojuelas en Agua,Tuny,Pescados y Mariscos en Conserva,Pacic,24,2026/04/15,Chedraui,Supermercado / Tienda de Autoservicio,Chedraui Sucursal Centro Sur,Blvd. Bernardo Quintana 502. Carr. con Direccion a Centro Civico. Col. Centro Sur. Cp. 76087,Querétaro,Santiago de Querétaro,20.569354,-100.358831
Atún,Lata 130 Gr. (clásico). en Hojuelas en Agua con Aceite,Tuny,Pescados y Mariscos en Conserva,Pacic,24,2026/04/01,Chedraui,Supermercado / Tienda de Autoservicio,Chedraui Sucursal Centro Sur,Blvd. Bernardo Quintana 502. Carr. con Direccion a Centro Civico. Col. Centro Sur. Cp. 76087,Querétaro,Santiago de Querétaro,20.569354,-100.358831
Atún,Lata 130 Gr. (clásico). en Hojuelas en Agua con Aceite,Tuny,Pescados y Mariscos en Conserva,Pacic,24,2026/04/06,Chedraui,Supermercado / Tienda de Autoservicio,Chedraui Sucursal Anfora,Anfora 71. Esq. Eje 1 Norte. Col. Madero. Cp. 15320,Ciudad de México,Venustiano Carranza,19.437353,-99.110088
Atún,Lata 130 Gr. (clásico). en Hojuelas en Agua con Aceite,Tuny,Pescados y Mariscos en Conserva,Pacic,24,2026/04/15,Chedraui,Supermercado / Tienda de Autoservicio,Chedraui Sucursal Centro Sur,Blvd. Bernardo Quintana 502. Carr. con Direccion a Centro Civico. Col. Centro Sur. Cp. 76087,Querétaro,Santiago de Querétaro,20.569354,-100.358831
Atún,Lata 130 Gr. Aleta Amarilla en Hojuelas en Agua,Herdez,Pescados y Mariscos en Conserva,Basicos,18,2026/04/06,Chedraui,Supermercado / Tienda de Autoservicio,Chedraui Sucursal Anfora,Anfora 71. Esq. Eje 1 Norte. Col. Madero. Cp. 15320,Ciudad de México,Venustiano Carranza,19.437353,-99.110088
Atún,Lata 130 Gr. Aleta Amarilla en Hojuelas en Agua,Herdez,Pescados y Mariscos en Conserva,Basicos,18,2026/04/06,Hipermercado Soriana,Supermercado / Tienda de Autoservicio,Soriana Hiper Sucursal Consulado (418),Rio Consulado 2355. Esq. Carlos Marx. Col. Simon Bolivar. Cp. 15410,Ciudad de México,Venustiano Carranza,19.449572,-99.100376
Atún,Lata 130 Gr. Aleta Amarilla en Hojuelas en Agua,Herdez,Pescados y Mariscos en Conserva,Basicos,18,2026/04/06,Wal-mart,Supermercado / Tienda de Autoservicio,Walmart Sucursal Aeropuerto,Calz. Ignacio Zaragoza 58. Esq. Blvd. Puerto Aereo. Col. Federal. Cp. 15700,Ciudad de México,Venustiano Carranza,19.41926,-99.094521
Atún,Lata 130 Gr. Aleta Amarilla en Hojuelas en Agua,Herdez,Pescados y Mariscos en Conserva,Basicos,18,2026/04/06,Wal-mart,Supermercado / Tienda de Autoservicio,Walmart Sucursal Balbuena,Fray Servando Teresa de Mier 881. Entre Fernando Iglesia Calderon y Genaro Garcia. Col. Jardin Balbuena. Cp. 15900,Ciudad de México,Venustiano Carranza,19.418067,-99.105639
Atún,Lata 130 Gr. Aleta Amarilla en Hojuelas en Agua,Herdez,Pescados y Mariscos en Conserva,Basicos,18,2026/04/08,Chedraui,Supermercado / Tienda de Autoservicio,Chedraui Sucursal Centro Sur,Blvd. Bernardo Quintana 502. Carr. con Direccion a Centro Civico. Col. Centro Sur. Cp. 76087,Querétaro,Santiago de Querétaro,20.569354,-100.358831
Atún,Lata 130 Gr. Aleta Amarilla en Hojuelas en Agua,Herdez,Pescados y Mariscos en Conserva,Basicos,18,2026/04/15,Chedraui,Supermercado / Tienda de Autoservicio,Chedraui Sucursal Centro Sur,Blvd. Bernardo Quintana 502. Carr. con Direccion a Centro Civico. Col. Centro Sur. Cp. 76087,Querétaro,Santiago de Querétaro,20.569354,-100.358831
Atún,Lata 130 Gr. Aleta Amarilla en Hojuelas en Agua,Herdez,Pescados y Mariscos en Conserva,Basicos,18.3,2026/04/09,La Comer,Supermercado / Tienda de Autoservicio,Lacomer Sucursal Queretaro Estadio,Luis M. Vega y Monroy 1300. Esq.cimatario . Col. Cimatario. Cp. 76090,Querétaro,Santiago de Querétaro,20.577804,-100.373626
Atún,Lata 130 Gr. Aleta Amarilla en Hojuelas en Agua,Herdez,Pescados y Mariscos en Conserva,Basicos,24,2026/04/03,Superissste,Supermercado / Tienda de Autoservicio,Superissste Sucursal 011,Calle Peluqueros No. 310 Esquina Calle Tizayuca. Col. Michoacana. Cp. 15240,Ciudad de México,Venustiano Carranza,19.446139,-99.113372
Atún,Lata 130 Gr. Aleta Amarilla en Hojuelas en Agua,Herdez,Pescados y Mariscos en Conserva,Basicos,24,2026/04/03,Superissste,Supermercado / Tienda de Autoservicio,Superissste Sucursal 022,Av. del Taller y Retorno No. 38 Dentro del Retorno 38. Col. Jardin Balbuena. Cp. 15900,Ciudad de México,Venustiano Carranza,19.412842,-99.105666
Atún,Lata 130 Gr. Aleta Amarilla en Hojuelas en Agua,Herdez,Pescados y Mariscos en Conserva,Basicos,24,2026/04/10,Superissste,Supermercado / Tienda de Autoservicio,Superissste Sucursal 011,Calle Peluqueros No. 310 Esquina Calle Tizayuca. Col. Michoacana. Cp. 15240,Ciudad de México,Venustiano Carranza,19.446139,-99.113372
Atún,Lata 130 Gr. Aleta Amarilla en Hojuelas en Agua,Herdez,Pescados y Mariscos en Conserva,Basicos,24,2026/04/10,Superissste,Supermercado / Tienda de Autoservicio,Superissste Sucursal 022,Av. del Taller y Retorno No. 38 Dentro del Retorno 38. Col. Jardin Balbuena. Cp. 15900,Ciudad de México,Venustiano Carranza,19.412842,-99.105666
Atún,Lata 130 Gr. Aleta Amarilla en Hojuelas en Agua,Herdez,Pescados y Mariscos en Conserva,Basicos,25,2026/04/07,Wal-mart,Supermercado / Tienda de Autoservicio,Walmart Sucursal Unidad Plaza de Toros,Autopista Queretaro Celaya 5501. Int. del Centro Comercial Plaza Esfera. Col. el Jacal. Cp. 76187,Querétaro,Santiago de Querétaro,20.574076,-100.408704
Atún,Lata 130 Gr. Aleta Amarilla en Hojuelas en Agua,Herdez,Pescados y Mariscos en Conserva,Basicos,28,2026/04/14,Wal-mart,Supermercado / Tienda de Autoservicio,Walmart Sucursal Unidad Plaza de Toros,Autopista Queretaro Celaya 5501. Int. del Centro Comercial Plaza Esfera. Col. el Jacal. Cp. 76187,Querétaro,Santiago de Querétaro,20.574076,-100.408704
Atún,Lata 130 Gr. Aleta Amarilla en Hojuelas en Agua con Aceite,Herdez,Pescados y Mariscos en Conserva,Basicos,18,2026/04/06,Chedraui,Supermercado / Tienda de Autoservicio,Chedraui Sucursal Anfora,Anfora 71. Esq. Eje 1 Norte. Col. Madero. Cp. 15320,Ciudad de México,Venustiano Carranza,19.437353,-99.110088
Atún,Lata 130 Gr. Aleta Amarilla en Hojuelas en Agua con Aceite,Herdez,Pescados y Mariscos en Conserva,Basicos,18,2026/04/06,Hipermercado Soriana,Supermercado / Tienda de Autoservicio,Soriana Hiper Sucursal Consulado (418),Rio Consulado 2355. Esq. Carlos Marx. Col. Simon Bolivar. Cp. 15410,Ciudad de México,Venustiano Carranza,19.449572,-99.100376
Atún,Lata 130 Gr. Aleta Amarilla en Hojuelas en Agua con Aceite,Herdez,Pescados y Mariscos en Conserva,Basicos,18,2026/04/06,Wal-mart,Supermercado / Tienda de Autoservicio,Walmart Sucursal Aeropuerto,Calz. Ignacio Zaragoza 58. Esq. Blvd. Puerto Aereo. Col. Federal. Cp. 15700,Ciudad de México,Venustiano Carranza,19.41926,-99.094521
Atún,Lata 130 Gr. Aleta Amarilla en Hojuelas en Agua con Aceite,Herdez,Pescados y Mariscos en Conserva,Basicos,18,2026/04/06,Wal-mart,Supermercado / Tienda de Autoservicio,Walmart Sucursal Balbuena,Fray Servando Teresa de Mier 881. Entre Fernando Iglesia Calderon y Genaro Garcia. Col. Jardin Balbuena. Cp. 15900,Ciudad de México,Venustiano Carranza,19.418067,-99.105639
Atún,Lata 130 Gr. Aleta Amarilla en Hojuelas en Agua con Aceite,Herdez,Pescados y Mariscos en Conserva,Basicos,18,2026/04/08,Chedraui,Supermercado / Tienda de Autoservicio,Chedraui Sucursal Centro Sur,Blvd. Bernardo Quintana 502. Carr. con Direccion a Centro Civico. Col. Centro Sur. Cp. 76087,Querétaro,Santiago de Querétaro,20.569354,-100.358831
Atún,Lata 130 Gr. Aleta Amarilla en Hojuelas en Agua con Aceite,Herdez,Pescados y Mariscos en Conserva,Basicos,18,2026/04/15,Chedraui,Supermercado / Tienda de Autoservicio,Chedraui Sucursal Centro Sur,Blvd. Bernardo Quintana 502. Carr. con Direccion a Centro Civico. Col. Centro Sur. Cp. 76087,Querétaro,Santiago de Querétaro,20.569354,-100.358831
Atún,Lata 130 Gr. Aleta Amarilla en Hojuelas en Agua con Aceite,Herdez,Pescados y Mariscos en Conserva,Basicos,18.3,2026/04/09,La Comer,Supermercado / Tienda de Autoservicio,Lacomer Sucursal Queretaro Estadio,Luis M. Vega y Monroy 1300. Esq.cimatario . Col. Cimatario. Cp. 76090,Querétaro,Santiago de Querétaro,20.577804,-100.373626
Atún,Lata 130 Gr. Aleta Amarilla en Hojuelas en Agua con Aceite,Herdez,Pescados y Mariscos en Conserva,Basicos,24,2026/04/03,Superissste,Supermercado / Tienda de Autoservicio,Superissste Sucursal 011,Calle Peluqueros No. 310 Esquina Calle Tizayuca. Col. Michoacana. Cp. 15240,Ciudad de México,Venustiano Carranza,19.446139,-99.113372
Atún,Lata 130 Gr. Aleta Amarilla en Hojuelas en Agua con Aceite,Herdez,Pescados y Mariscos en Conserva,Basicos,24,2026/04/03,Superissste,Supermercado / Tienda de Autoservicio,Superissste Sucursal 022,Av. del Taller y Retorno No. 38 Dentro del Retorno 38. Col. Jardin Balbuena. Cp. 15900,Ciudad de México,Venustiano Carranza,19.412842,-99.105666
Atún,Lata 130 Gr. Aleta Amarilla en Hojuelas en Agua con Aceite,Herdez,Pescados y Mariscos en Conserva,Basicos,24,2026/04/10,Superissste,Supermercado / Tienda de Autoservicio,Superissste Sucursal 011,Calle Peluqueros No. 310 Esquina Calle Tizayuca. Col. Michoacana. Cp. 15240,Ciudad de México,Venustiano Carranza,19.446139,-99.113372
Atún,Lata 130 Gr. Aleta Amarilla en Hojuelas en Agua con Aceite,Herdez,Pescados y Mariscos en Conserva,Basicos,24,2026/04/10,Superissste,Supermercado / Tienda de Autoservicio,Superissste Sucursal 022,Av. del Taller y Retorno No. 38 Dentro del Retorno 38. Col. Jardin Balbuena. Cp. 15900,Ciudad de México,Venustiano Carranza,19.412842,-99.105666
Atún,Lata 130 Gr. Aleta Amarilla en Hojuelas en Agua con Aceite,Herdez,Pescados y Mariscos en Conserva,Basicos,25,2026/04/07,Wal-mart,Supermercado / Tienda de Autoservicio,Walmart Sucursal Unidad Plaza de Toros,Autopista Queretaro Celaya 5501. Int. del Centro Comercial Plaza Esfera. Col. el Jacal. Cp. 76187,Querétaro,Santiago de Querétaro,20.574076,-100.408704
Atún,Lata 130 Gr. Aleta Amarilla en Hojuelas en Agua con Aceite,Herdez,Pescados y Mariscos en Conserva,Basicos,25,2026/04/14,Wal-mart,Supermercado / Tienda de Autoservicio,Walmart Sucursal Unidad Plaza de Toros,Autopista Queretaro Celaya 5501. Int. del Centro Comercial Plaza Esfera. Col. el Jacal. Cp. 76187,Querétaro,Santiago de Querétaro,20.574076,-100.408704
Atún,Lata 130 Gr. con 30% de Soya en Agua,El Dorado,Pescados y Mariscos en Conserva,Basicos,11.9,2026/04/09,La Comer,Supermercado / Tienda de Autoservicio,Lacomer Sucursal Queretaro Estadio,Luis M. Vega y Monroy 1300. Esq.cimatario . Col. Cimatario. Cp. 76090,Querétaro,Santiago de Querétaro,20.577804,-100.373626
Atún,Lata 130 Gr. con 30% de Soya en Agua,El Dorado,Pescados y Mariscos en Conserva,Basicos,12.9,2026/04/13,Hipermercado Soriana,Supermercado / Tienda de Autoservicio,Soriana Hiper Sucursal Cimatario,Ctra. a Huimilpan 1001. Int. del Centro Comercial Plaza del Sol. Col. Plazas del Sol. Iii Seccion. Cp. 76099,Querétaro,Santiago de Querétaro,20.563227,-100.375284
Atún,Lata 130 Gr. con 30% de Soya en Agua,El Dorado,Pescados y Mariscos en Conserva,Basicos,16,2026/04/15,Chedraui,Supermercado / Tienda de Autoservicio,Chedraui Sucursal Centro Sur,Blvd. Bernardo Quintana 502. Carr. con Direccion a Centro Civico. Col. Centro Sur. Cp. 76087,Querétaro,Santiago de Querétaro,20.569354,-100.358831
Atún,Lata 130 Gr. con 30% de Soya en Agua con Aceite,El Dorado,Pescados y Mariscos en Conserva,Basicos,11.9,2026/04/09,La Comer,Supermercado / Tienda de Autoservicio,Lacomer Sucursal Queretaro Estadio,Luis M. Vega y Monroy 1300. Esq.cimatario . Col. Cimatario. Cp. 76090,Querétaro,Santiago de Querétaro,20.577804,-100.373626
Atún,Lata 130 Gr. con 30% de Soya en Agua con Aceite,El Dorado,Pescados y Mariscos en Conserva,Basicos,12.5,2026/04/08,Chedraui,Supermercado / Tienda de Autoservicio,Chedraui Sucursal Centro Sur,Blvd. Bernardo Quintana 502. Carr. con Direccion a Centro Civico. Col. Centro Sur. Cp. 76087,Querétaro,Santiago de Querétaro,20.569354,-100.358831
Atún,Lata 130 Gr. con 30% de Soya en Agua con Aceite,El Dorado,Pescados y Mariscos en Conserva,Basicos,12.9,2026/04/13,Hipermercado Soriana,Supermercado / Tienda de Autoservicio,Soriana Hiper Sucursal Cimatario,Ctra. a Huimilpan 1001. Int. del Centro Comercial Plaza del Sol. Col. Plazas del Sol. Iii Seccion. Cp. 76099,Querétaro,Santiago de Querétaro,20.563227,-100.375284
Atún,Lata 130 Gr. con 30% de Soya en Agua con Aceite,El Dorado,Pescados y Mariscos en Conserva,Basicos,16,2026/04/15,Chedraui,Supermercado / Tienda de Autoservicio,Chedraui Sucursal Centro Sur,Blvd. Bernardo Quintana 502. Carr. con Direccion a Centro Civico. Col. Centro Sur. Cp. 76087,Querétaro,Santiago de Querétaro,20.569354,-100.358831
Atún,Lata 130 Gr. en Hojuelas en Agua,Mazatún,Pescados y Mariscos en Conserva,Basicos,16,2026/04/06,Chedraui,Supermercado / Tienda de Autoservicio,Chedraui Sucursal Anfora,Anfora 71. Esq. Eje 1 Norte. Col. Madero. Cp. 15320,Ciudad de México,Venustiano Carranza,19.437353,-99.110088
Atún,Lata 130 Gr. en Hojuelas en Agua,Mazatún,Pescados y Mariscos en Conserva,Basicos,18.5,2026/04/06,Hipermercado Soriana,Supermercado / Tienda de Autoservicio,Soriana Hiper Sucursal Consulado (418),Rio Consulado 2355. Esq. Carlos Marx. Col. Simon Bolivar. Cp. 15410,Ciudad de México,Venustiano Carranza,19.449572,-99.100376
Atún,Lata 130 Gr. en Hojuelas en Agua,Mazatún,Pescados y Mariscos en Conserva,Basicos,18.5,2026/04/08,Chedraui,Supermercado / Tienda de Autoservicio,Chedraui Sucursal Centro Sur,Blvd. Bernardo Quintana 502. Carr. con Direccion a Centro Civico. Col. Centro Sur. Cp. 76087,Querétaro,Santiago de Querétaro,20.569354,-100.358831
Atún,Lata 130 Gr. en Hojuelas en Agua,Mazatún,Pescados y Mariscos en Conserva,Basicos,18.5,2026/04/15,Chedraui,Supermercado / Tienda de Autoservicio,Chedraui Sucursal Centro Sur,Blvd. Bernardo Quintana 502. Carr. con Direccion a Centro Civico. Col. Centro Sur. Cp. 76087,Querétaro,Santiago de Querétaro,20.569354,-100.358831
Atún,Lata 130 Gr. en Hojuelas en Agua,Mazatún,Pescados y Mariscos en Conserva,Basicos,18.7,2026/04/13,Hipermercado Soriana,Supermercado / Tienda de Autoservicio,Soriana Hiper Sucursal Cimatario,Ctra. a Huimilpan 1001. Int. del Centro Comercial Plaza del Sol. Col. Plazas del Sol. Iii Seccion. Cp. 76099,Querétaro,Santiago de Querétaro,20.563227,-100.375284
Atún,Lata 130 Gr. en Hojuelas en Agua,Mazatún,Pescados y Mariscos en Conserva,Basicos,18.9,2026/04/09,La Comer,Supermercado / Tienda de Autoservicio,Lacomer Sucursal Queretaro Estadio,Luis M. Vega y Monroy 1300. Esq.cimatario . Col. Cimatario. Cp. 76090,Querétaro,Santiago de Querétaro,20.577804,-100.373626
Atún,Lata 130 Gr. en Hojuelas en Agua,Mazatún,Pescados y Mariscos en Conserva,Pacic,17.9,2026/04/03,Superissste,Supermercado / Tienda de Autoservicio,Superissste Sucursal 011,Calle Peluqueros No. 310 Esquina Calle Tizayuca. Col. Michoacana. Cp. 15240,Ciudad de México,Venustiano Carranza,19.446139,-99.113372
Atún,Lata 130 Gr. en Hojuelas en Agua,Mazatún,Pescados y Mariscos en Conserva,Pacic,17.9,2026/04/03,Superissste,Supermercado / Tienda de Autoservicio,Superissste Sucursal 022,Av. del Taller y Retorno No. 38 Dentro del Retorno 38. Col. Jardin Balbuena. Cp. 15900,Ciudad de México,Venustiano Carranza,19.412842,-99.105666
Atún,Lata 130 Gr. en Hojuelas en Agua,Mazatún,Pescados y Mariscos en Conserva,Pacic,17.9,2026/04/10,Superissste,Supermercado / Tienda de Autoservicio,Superissste Sucursal 011,Calle Peluqueros No. 310 Esquina Calle Tizayuca. Col. Michoacana. Cp. 15240,Ciudad de México,Venustiano Carranza,19.446139,-99.113372
Atún,Lata 130 Gr. en Hojuelas en Agua,Mazatún,Pescados y Mariscos en Conserva,Pacic,17.9,2026/04/10,Superissste,Supermercado / Tienda de Autoservicio,Superissste Sucursal 022,Av. del Taller y Retorno No. 38 Dentro del Retorno 38. Col. Jardin Balbuena. Cp. 15900,Ciudad de México,Venustiano Carranza,19.412842,-99.105666
Atún,Lata 130 Gr. en Hojuelas en Agua con Aceite,Mazatún,Pescados y Mariscos en Conserva,Basicos,11.5,2026/04/09,La Comer,Supermercado / Tienda de Autoservicio,Lacomer Sucursal Queretaro Estadio,Luis M. Vega y Monroy 1300. Esq.cimatario . Col. Cimatario. Cp. 76090,Querétaro,Santiago de Querétaro,20.577804,-100.373626
Atún,Lata 130 Gr. en Hojuelas en Agua con Aceite,Mazatún,Pescados y Mariscos en Conserva,Basicos,16,2026/04/06,Chedraui,Supermercado / Tienda de Autoservicio,Chedraui Sucursal Anfora,Anfora 71. Esq. Eje 1 Norte. Col. Madero. Cp. 15320,Ciudad de México,Venustiano Carranza,19.437353,-99.110088
Atún,Lata 130 Gr. en Hojuelas en Agua con Aceite,Mazatún,Pescados y Mariscos en Conserva,Basicos,17.9,2026/04/03,Superissste,Supermercado / Tienda de Autoservicio,Superissste Sucursal 011,Calle Peluqueros No. 310 Esquina Calle Tizayuca. Col. Michoacana. Cp. 15240,Ciudad de México,Venustiano Carranza,19.446139,-99.113372
Atún,Lata 130 Gr. en Hojuelas en Agua con Aceite,Mazatún,Pescados y Mariscos en Conserva,Basicos,17.9,2026/04/03,Superissste,Supermercado / Tienda de Autoservicio,Superissste Sucursal 022,Av. del Taller y Retorno No. 38 Dentro del Retorno 38. Col. Jardin Balbuena. Cp. 15900,Ciudad de México,Venustiano Carranza,19.412842,-99.105666
Atún,Lata 130 Gr. en Hojuelas en Agua con Aceite,Mazatún,Pescados y Mariscos en Conserva,Basicos,17.9,2026/04/10,Superissste,Supermercado / Tienda de Autoservicio,Superissste Sucursal 011,Calle Peluqueros No. 310 Esquina Calle Tizayuca. Col. Michoacana. Cp. 15240,Ciudad de México,Venustiano Carranza,19.446139,-99.113372
Atún,Lata 130 Gr. en Hojuelas en Agua con Aceite,Mazatún,Pescados y Mariscos en Conserva,Basicos,17.9,2026/04/10,Superissste,Supermercado / Tienda de Autoservicio,Superissste Sucursal 022,Av. del Taller y Retorno No. 38 Dentro del Retorno 38. Col. Jardin Balbuena. Cp. 15900,Ciudad de México,Venustiano Carranza,19.412842,-99.105666
Atún,Lata 130 Gr. en Hojuelas en Agua con Aceite,Mazatún,Pescados y Mariscos en Conserva,Basicos,18.5,2026/04/06,Hipermercado Soriana,Supermercado / Tienda de Autoservicio,Soriana Hiper Sucursal Consulado (418),Rio Consulado 2355. Esq. Carlos Marx. Col. Simon Bolivar. Cp. 15410,Ciudad de México,Venustiano Carranza,19.449572,-99.100376
Atún,Lata 130 Gr. en Hojuelas en Agua con Aceite,Mazatún,Pescados y Mariscos en Conserva,Basicos,18.5,2026/04/08,Chedraui,Supermercado / Tienda de Autoservicio,Chedraui Sucursal Centro Sur,Blvd. Bernardo Quintana 502. Carr. con Direccion a Centro Civico. Col. Centro Sur. Cp. 76087,Querétaro,Santiago de Querétaro,20.569354,-100.358831
Atún,Lata 130 Gr. en Hojuelas en Agua con Aceite,Mazatún,Pescados y Mariscos en Conserva,Basicos,18.5,2026/04/15,Chedraui,Supermercado / Tienda de Autoservicio,Chedraui Sucursal Centro Sur,Blvd. Bernardo Quintana 502. Carr. con Direccion a Centro Civico. Col. Centro Sur. Cp. 76087,Querétaro,Santiago de Querétaro,20.569354,-100.358831
Atún,Lata 130 Gr. en Hojuelas en Agua con Aceite,Mazatún,Pescados y Mariscos en Conserva,Basicos,18.7,2026/04/13,Hipermercado Soriana,Supermercado / Tienda de Autoservicio,Soriana Hiper Sucursal Cimatario,Ctra. a Huimilpan 1001. Int. del Centro Comercial Plaza del Sol. Col. Plazas del Sol. Iii Seccion. Cp. 76099,Querétaro,Santiago de Querétaro,20.563227,-100.375284
Atún,Lata 130 Gr. en Hojuelas en Agua con Aceite,Mazatún,Pescados y Mariscos en Conserva,Pacic,11.5,2026/04/01,La Comer,Supermercado / Tienda de Autoservicio,Lacomer Sucursal Queretaro Estadio,Luis M. Vega y Monroy 1300. Esq.cimatario . Col. Cimatario. Cp. 76090,Querétaro,Santiago de Querétaro,20.577804,-100.373626
Atún,Lata 130 Gr. en Hojuelas en Agua con Aceite,Mazatún,Pescados y Mariscos en Conserva,Pacic,11.5,2026/04/09,La Comer,Supermercado / Tienda de Autoservicio,Lacomer Sucursal Queretaro Estadio,Luis M. Vega y Monroy 1300. Esq.cimatario . Col. Cimatario. Cp. 76090,Querétaro,Santiago de Querétaro,20.577804,-100.373626
Atún,Lata 140 Gr. (clásico). Aleta Amarilla en Hojuelas en Agua,Tuny,Pescados y Mariscos en Conserva,Basicos,18,2026/04/06,Hipermercado Soriana,Supermercado / Tienda de Autoservicio,Soriana Hiper Sucursal Consulado (418),Rio Consulado 2355. Esq. Carlos Marx. Col. Simon Bolivar. Cp. 15410,Ciudad de México,Venustiano Carranza,19.449572,-99.100376
Atún,Lata 140 Gr. (clásico). Aleta Amarilla en Hojuelas en Agua,Tuny,Pescados y Mariscos en Conserva,Basicos,24,2026/04/06,Wal-mart,Supermercado / Tienda de Autoservicio,Walmart Sucursal Aeropuerto,Calz. Ignacio Zaragoza 58. Esq. Blvd. Puerto Aereo. Col. Federal. Cp. 15700,Ciudad de México,Venustiano Carranza,19.41926,-99.094521
Atún,Lata 140 Gr. (clásico). Aleta Amarilla en Hojuelas en Agua,Tuny,Pescados y Mariscos en Conserva,Basicos,24,2026/04/06,Wal-mart,Supermercado / Tienda de Autoservicio,Walmart Sucursal Balbuena,Fray Servando Teresa de Mier 881. Entre Fernando Iglesia Calderon y Genaro Garcia. Col. Jardin Balbuena. Cp. 15900,Ciudad de México,Venustiano Carranza,19.418067,-99.105639
Atún,Lata 140 Gr. (clásico). Aleta Amarilla en Hojuelas en Agua,Tuny,Pescados y Mariscos en Conserva,Basicos,24,2026/04/07,Wal-mart,Supermercado / Tienda de Autoservicio,Walmart Sucursal Unidad Plaza de Toros,Autopista Queretaro Celaya 5501. Int. del Centro Comercial Plaza Esfera. Col. el Jacal. Cp. 76187,Querétaro,Santiago de Querétaro,20.574076,-100.408704
Atún,Lata 140 Gr. (clásico). Aleta Amarilla en Hojuelas en Agua,Tuny,Pescados y Mariscos en Conserva,Basicos,24,2026/04/14,Wal-mart,Supermercado / Tienda de Autoservicio,Walmart Sucursal Unidad Plaza de Toros,Autopista Queretaro Celaya 5501. Int. del Centro Comercial Plaza Esfera. Col. el Jacal. Cp. 76187,Querétaro,Santiago de Querétaro,20.574076,-100.408704
Atún,Lata 140 Gr. (clásico). Aleta Amarilla en Hojuelas en Agua,Tuny,Pescados y Mariscos en Conserva,Pacic,24,2026/04/08,Chedraui,Supermercado / Tienda de Autoservicio,Chedraui Sucursal Centro Sur,Blvd. Bernardo Quintana 502. Carr. con Direccion a Centro Civico. Col. Centro Sur. Cp. 76087,Querétaro,Santiago de Querétaro,20.569354,-100.358831
Atún,Lata 140 Gr. (clásico). Aleta Amarilla en Hojuelas en Agua con Aceite,Tuny,Pescados y Mariscos en Conserva,Basicos,18,2026/04/06,Hipermercado Soriana,Supermercado / Tienda de Autoservicio,Soriana Hiper Sucursal Consulado (418),Rio Consulado 2355. Esq. Carlos Marx. Col. Simon Bolivar. Cp. 15410,Ciudad de México,Venustiano Carranza,19.449572,-99.100376
Atún,Lata 140 Gr. (clásico). Aleta Amarilla en Hojuelas en Agua con Aceite,Tuny,Pescados y Mariscos en Conserva,Basicos,24,2026/04/06,Wal-mart,Supermercado / Tienda de Autoservicio,Walmart Sucursal Aeropuerto,Calz. Ignacio Zaragoza 58. Esq. Blvd. Puerto Aereo. Col. Federal. Cp. 15700,Ciudad de México,Venustiano Carranza,19.41926,-99.094521
Atún,Lata 140 Gr. (clásico). Aleta Amarilla en Hojuelas en Agua con Aceite,Tuny,Pescados y Mariscos en Conserva,Basicos,24,2026/04/07,Wal-mart,Supermercado / Tienda de Autoservicio,Walmart Sucursal Unidad Plaza de Toros,Autopista Queretaro Celaya 5501. Int. del Centro Comercial Plaza Esfera. Col. el Jacal. Cp. 76187,Querétaro,Santiago de Querétaro,20.574076,-100.408704
Atún,Lata 140 Gr. (clásico). Aleta Amarilla en Hojuelas en Agua con Aceite,Tuny,Pescados y Mariscos en Conserva,Basicos,24,2026/04/14,Wal-mart,Supermercado / Tienda de Autoservicio,Walmart Sucursal Unidad Plaza de Toros,Autopista Queretaro Celaya 5501. Int. del Centro Comercial Plaza Esfera. Col. el Jacal. Cp. 76187,Querétaro,Santiago de Querétaro,20.574076,-100.408704
Atún,Lata 140 Gr. Aleta Amarilla en Hojuelas en Agua,Dolores,Pescados y Mariscos en Conserva,Basicos,20,2026/04/06,Bodega Aurrera,Supermercado / Tienda de Autoservicio,Bodega Aurrera Sucursal la Viga,Calz. de la Viga 136 Esq. del Taller. Col. Lorenzo Boturini. Cp. 15820,Ciudad de México,Venustiano Carranza,19.414749,-99.127874
Atún,Lata 140 Gr. Aleta Amarilla en Hojuelas en Agua,Dolores,Pescados y Mariscos en Conserva,Basicos,20,2026/04/10,Bodega Aurrera,Supermercado / Tienda de Autoservicio,Bodega Aurrera Sucursal Centro Constituyentes,Constituyentes Oriente 334. Entre Pasteur y Manuel Ponce. Col. Mercurio. Cp. 76040,Querétaro,Santiago de Querétaro,20.586349,-100.382801
Atún,Lata 140 Gr. Aleta Amarilla en Hojuelas en Agua,Dolores,Pescados y Mariscos en Conserva,Basicos,20.5,2026/04/06,Hipermercado Soriana,Supermercado / Tienda de Autoservicio,Soriana Hiper Sucursal Consulado (418),Rio Consulado 2355. Esq. Carlos Marx. Col. Simon Bolivar. Cp. 15410,Ciudad de México,Venustiano Carranza,19.449572,-99.100376
Atún,Lata 140 Gr. Aleta Amarilla en Hojuelas en Agua,Dolores,Pescados y Mariscos en Conserva,Basicos,21,2026/04/07,Wal-mart,Supermercado / Tienda de Autoservicio,Walmart Sucursal Unidad Plaza de Toros,Autopista Queretaro Celaya 5501. Int. del Centro Comercial Plaza Esfera. Col. el Jacal. Cp. 76187,Querétaro,Santiago de Querétaro,20.574076,-100.408704
Atún,Lata 140 Gr. Aleta Amarilla en Hojuelas en Agua,Dolores,Pescados y Mariscos en Conserva,Basicos,24,2026/04/01,Bodega Aurrera,Supermercado / Tienda de Autoservicio,Bodega Aurrera Sucursal Centro Constituyentes,Constituyentes Oriente 334. Entre Pasteur y Manuel Ponce. Col. Mercurio. Cp. 76040,Querétaro,Santiago de Querétaro,20.586349,-100.382801
Atún,Lata 140 Gr. Aleta Amarilla en Hojuelas en Agua,Dolores,Pescados y Mariscos en Conserva,Basicos,25,2026/04/06,Wal-mart,Supermercado / Tienda de Autoservicio,Walmart Sucursal Aeropuerto,Calz. Ignacio Zaragoza 58. Esq. Blvd. Puerto Aereo. Col. Federal. Cp. 15700,Ciudad de México,Venustiano Carranza,19.41926,-99.094521
Atún,Lata 140 Gr. Aleta Amarilla en Hojuelas en Agua,Dolores,Pescados y Mariscos en Conserva,Basicos,25,2026/04/06,Wal-mart,Supermercado / Tienda de Autoservicio,Walmart Sucursal Balbuena,Fray Servando Teresa de Mier 881. Entre Fernando Iglesia Calderon y Genaro Garcia. Col. Jardin Balbuena. Cp. 15900,Ciudad de México,Venustiano Carranza,19.418067,-99.105639
Atún,Lata 140 Gr. Aleta Amarilla en Hojuelas en Agua,Dolores,Pescados y Mariscos en Conserva,Basicos,25,2026/04/14,Wal-mart,Supermercado / Tienda de Autoservicio,Walmart Sucursal Unidad Plaza de Toros,Autopista Queretaro Celaya 5501. Int. del Centro Comercial Plaza Esfera. Col. el Jacal. Cp. 76187,Querétaro,Santiago de Querétaro,20.574076,-100.408704
Atún,Lata 140 Gr. Aleta Amarilla en Hojuelas en Agua con Aceite,Dolores,Pescados y Mariscos en Conserva,Basicos,18,2026/04/01,Bodega Aurrera,Supermercado / Tienda de Autoservicio,Bodega Aurrera Sucursal Centro Constituyentes,Constituyentes Oriente 334. Entre Pasteur y Manuel Ponce. Col. Mercurio. Cp. 76040,Querétaro,Santiago de Querétaro,20.586349,-100.382801
Atún,Lata 140 Gr. Aleta Amarilla en Hojuelas en Agua con Aceite,Dolores,Pescados y Mariscos en Conserva,Basicos,18,2026/04/10,Bodega Aurrera,Supermercado / Tienda de Autoservicio,Bodega Aurrera Sucursal Centro Constituyentes,Constituyentes Oriente 334. Entre Pasteur y Manuel Ponce. Col. Mercurio. Cp. 76040,Querétaro,Santiago de Querétaro,20.586349,-100.382801
Atún,Lata 140 Gr. Aleta Amarilla en Hojuelas en Agua con Aceite,Dolores,Pescados y Mariscos en Conserva,Basicos,20,2026/04/06,Bodega Aurrera,Supermercado / Tienda de Autoservicio,Bodega Aurrera Sucursal la Viga,Calz. de la Viga 136 Esq. del Taller. Col. Lorenzo Boturini. Cp. 15820,Ciudad de México,Venustiano Carranza,19.414749,-99.127874
Atún,Lata 140 Gr. Aleta Amarilla en Hojuelas en Agua con Aceite,Dolores,Pescados y Mariscos en Conserva,Basicos,20.5,2026/04/06,Hipermercado Soriana,Supermercado / Tienda de Autoservicio,Soriana Hiper Sucursal Consulado (418),Rio Consulado 2355. Esq. Carlos Marx. Col. Simon Bolivar. Cp. 15410,Ciudad de México,Venustiano Carranza,19.449572,-99.100376
Atún,Lata 140 Gr. Aleta Amarilla en Hojuelas en Agua con Aceite,Dolores,Pescados y Mariscos en Conserva,Basicos,20.5,2026/04/13,Hipermercado Soriana,Supermercado / Tienda de Autoservicio,Soriana Hiper Sucursal Cimatario,Ctra. a Huimilpan 1001. Int. del Centro Comercial Plaza del Sol. Col. Plazas del Sol. Iii Seccion. Cp. 76099,Querétaro,Santiago de Querétaro,20.563227,-100.375284
Atún,Lata 140 Gr. Aleta Amarilla en Hojuelas en Agua con Aceite,Dolores,Pescados y Mariscos en Conserva,Basicos,21,2026/04/07,Wal-mart,Supermercado / Tienda de Autoservicio,Walmart Sucursal Unidad Plaza de Toros,Autopista Queretaro Celaya 5501. Int. del Centro Comercial Plaza Esfera. Col. el Jacal. Cp. 76187,Querétaro,Santiago de Querétaro,20.574076,-100.408704
Atún,Lata 140 Gr. Aleta Amarilla en Hojuelas en Agua con Aceite,Dolores,Pescados y Mariscos en Conserva,Basicos,25,2026/04/06,Wal-mart,Supermercado / Tienda de Autoservicio,Walmart Sucursal Aeropuerto,Calz. Ignacio Zaragoza 58. Esq. Blvd. Puerto Aereo. Col. Federal. Cp. 15700,Ciudad de México,Venustiano Carranza,19.41926,-99.094521
Atún,Lata 140 Gr. Aleta Amarilla en Hojuelas en Agua con Aceite,Dolores,Pescados y Mariscos en Conserva,Basicos,25,2026/04/06,Wal-mart,Supermercado / Tienda de Autoservicio,Walmart Sucursal Balbuena,Fray Servando Teresa de Mier 881. Entre Fernando Iglesia Calderon y Genaro Garcia. Col. Jardin Balbuena. Cp. 15900,Ciudad de México,Venustiano Carranza,19.418067,-99.105639
Atún,Lata 140 Gr. Aleta Amarilla en Hojuelas en Agua con Aceite,Dolores,Pescados y Mariscos en Conserva,Basicos,25,2026/04/14,Wal-mart,Supermercado / Tienda de Autoservicio,Walmart Sucursal Unidad Plaza de Toros,Autopista Queretaro Celaya 5501. Int. del Centro Comercial Plaza Esfera. Col. el Jacal. Cp. 76187,Querétaro,Santiago de Querétaro,20.574076,-100.408704
Atún,Lata 140 Gr. Desmenuzado en Aceite. Standard. Sin Soya,Fresh Label,Pescados y Mariscos en Conserva,Pacic,17.9,2026/04/06,Hipermercado Soriana,Supermercado / Tienda de Autoservicio,Soriana Hiper Sucursal Consulado (418),Rio Consulado 2355. Esq. Carlos Marx. Col. Simon Bolivar. Cp. 15410,Ciudad de México,Venustiano Carranza,19.449572,-99.100376
Atún,Lata 140 Gr. Desmenuzado en Aceite. Standard. Sin Soya,Fresh Label,Pescados y Mariscos en Conserva,Pacic,19.2,2026/04/06,Hipermercado Soriana,Supermercado / Tienda de Autoservicio,Soriana Hiper Sucursal Cimatario,Ctra. a Huimilpan 1001. Int. del Centro Comercial Plaza del Sol. Col. Plazas del Sol. Iii Seccion. Cp. 76099,Querétaro,Santiago de Querétaro,20.563227,-100.375284
Atún,Lata 140 Gr. Desmenuzado en Aceite. Standard. Sin Soya,Fresh Label,Pescados y Mariscos en Conserva,Pacic,19.2,2026/04/13,Hipermercado Soriana,Supermercado / Tienda de Autoservicio,Soriana Hiper Sucursal Cimatario,Ctra. a Huimilpan 1001. Int. del Centro Comercial Plaza del Sol. Col. Plazas del Sol. Iii Seccion. Cp. 76099,Querétaro,Santiago de Querétaro,20.563227,-100.375284
Atún,Lata 140 Gr. Desmenuzado en Aceite. Standard. Sin Soya,Fresh Label,Pescados y Mariscos en Conserva,Pacic,9,2026/04/01,Chedraui,Supermercado / Tienda de Autoservicio,Chedraui Sucursal Centro Sur,Blvd. Bernardo Quintana 502. Carr. con Direccion a Centro Civico. Col. Centro Sur. Cp. 76087,Querétaro,Santiago de Querétaro,20.569354,-100.358831
Atún,Lata 140 Gr. Desmenuzado en Agua,Valley Foods,Pescados y Mariscos en Conserva,Pacic,10.3,2026/04/06,Hipermercado Soriana,Supermercado / Tienda de Autoservicio,Soriana Hiper Sucursal Cimatario,Ctra. a Huimilpan 1001. Int. del Centro Comercial Plaza del Sol. Col. Plazas del Sol. Iii Seccion. Cp. 76099,Querétaro,Santiago de Querétaro,20.563227,-100.375284
Atún,Lata 140 Gr. Desmenuzado en Agua,Valley Foods,Pescados y Mariscos en Conserva,Pacic,10.3,2026/04/06,Hipermercado Soriana,Supermercado / Tienda de Autoservicio,Soriana Hiper Sucursal Consulado (418),Rio Consulado 2355. Esq. Carlos Marx. Col. Simon Bolivar. Cp. 15410,Ciudad de México,Venustiano Carranza,19.449572,-99.100376
Atún,Lata 140 Gr. Desmenuzado en Agua,Valley Foods,Pescados y Mariscos en Conserva,Pacic,10.3,2026/04/13,Hipermercado Soriana,Supermercado / Tienda de Autoservicio,Soriana Hiper Sucursal Cimatario,Ctra. a Huimilpan 1001. Int. del Centro Comercial Plaza del Sol. Col. Plazas del Sol. Iii Seccion. Cp. 76099,Querétaro,Santiago de Querétaro,20.563227,-100.375284
Atún,Lata 140 Gr. Desmenuzado en Agua con Aceite,Valley Foods,Pescados y Mariscos en Conserva,Pacic,10.3,2026/04/06,Hipermercado Soriana,Supermercado / Tienda de Autoservicio,Soriana Hiper Sucursal Cimatario,Ctra. a Huimilpan 1001. Int. del Centro Comercial Plaza del Sol. Col. Plazas del Sol. Iii Seccion. Cp. 76099,Querétaro,Santiago de Querétaro,20.563227,-100.375284
Atún,Lata 140 Gr. Desmenuzado en Agua con Aceite,Valley Foods,Pescados y Mariscos en Conserva,Pacic,10.3,2026/04/06,Hipermercado Soriana,Supermercado / Tienda de Autoservicio,Soriana Hiper Sucursal Consulado (418),Rio Consulado 2355. Esq. Carlos Marx. Col. Simon Bolivar. Cp. 15410,Ciudad de México,Venustiano Carranza,19.449572,-99.100376
Atún,Lata 140 Gr. Desmenuzado en Agua con Aceite,Valley Foods,Pescados y Mariscos en Conserva,Pacic,10.3,2026/04/13,Hipermercado Soriana,Supermercado / Tienda de Autoservicio,Soriana Hiper Sucursal Cimatario,Ctra. a Huimilpan 1001. Int. del Centro Comercial Plaza del Sol. Col. Plazas del Sol. Iii Seccion. Cp. 76099,Querétaro,Santiago de Querétaro,20.563227,-100.375284
Atún,Lata 140 Gr. Desmenuzado en Agua. Standard. Sin Soya,Fresh Label,Pescados y Mariscos en Conserva,Pacic,17.9,2026/04/06,Hipermercado Soriana,Supermercado / Tienda de Autoservicio,Soriana Hiper Sucursal Consulado (418),Rio Consulado 2355. Esq. Carlos Marx. Col. Simon Bolivar. Cp. 15410,Ciudad de México,Venustiano Carranza,19.449572,-99.100376
Atún,Lata 140 Gr. Desmenuzado en Agua. Standard. Sin Soya,Fresh Label,Pescados y Mariscos en Conserva,Pacic,18.1,2026/04/06,Hipermercado Soriana,Supermercado / Tienda de Autoservicio,Soriana Hiper Sucursal Cimatario,Ctra. a Huimilpan 1001. Int. del Centro Comercial Plaza del Sol. Col. Plazas del Sol. Iii Seccion. Cp. 76099,Querétaro,Santiago de Querétaro,20.563227,-100.375284
Atún,Lata 140 Gr. Desmenuzado en Agua. Standard. Sin Soya,Fresh Label,Pescados y Mariscos en Conserva,Pacic,18.1,2026/04/13,Hipermercado Soriana,Supermercado / Tienda de Autoservicio,Soriana Hiper Sucursal Cimatario,Ctra. a Huimilpan 1001. Int. del Centro Comercial Plaza del Sol. Col. Plazas del Sol. Iii Seccion. Cp. 76099,Querétaro,Santiago de Querétaro,20.563227,-100.375284
Atún,Lata 140 Gr. Desmenuzado en Agua. Standard. Sin Soya,Fresh Label,Pescados y Mariscos en Conserva,Pacic,9,2026/04/06,Chedraui,Supermercado / Tienda de Autoservicio,Chedraui Sucursal Anfora,Anfora 71. Esq. Eje 1 Norte. Col. Madero. Cp. 15320,Ciudad de México,Venustiano Carranza,19.437353,-99.110088
Atún,Lata 140 Gr. Desmenuzado en Agua. Standard. Sin Soya,Fresh Label,Pescados y Mariscos en Conserva,Pacic,9,2026/04/08,Chedraui,Supermercado / Tienda de Autoservicio,Chedraui Sucursal Centro Sur,Blvd. Bernardo Quintana 502. Carr. con Direccion a Centro Civico. Col. Centro Sur. Cp. 76087,Querétaro,Santiago de Querétaro,20.569354,-100.358831
Atún,Lata 140 Gr. en Agua,Fisha Tuna,Pescados y Mariscos en Conserva,Pacic,10,2026/04/01,Bodega Aurrera,Supermercado / Tienda de Autoservicio,Bodega Aurrera Sucursal Centro Constituyentes,Constituyentes Oriente 334. Entre Pasteur y Manuel Ponce. Col. Mercurio. Cp. 76040,Querétaro,Santiago de Querétaro,20.586349,-100.382801
Atún,Lata 140 Gr. en Agua,Fisha Tuna,Pescados y Mariscos en Conserva,Pacic,10,2026/04/06,Bodega Aurrera,Supermercado / Tienda de Autoservicio,Bodega Aurrera Sucursal la Viga,Calz. de la Viga 136 Esq. del Taller. Col. Lorenzo Boturini. Cp. 15820,Ciudad de México,Venustiano Carranza,19.414749,-99.127874
Atún,Lata 140 Gr. en Agua,Fisha Tuna,Pescados y Mariscos en Conserva,Pacic,10,2026/04/06,Wal-mart,Supermercado / Tienda de Autoservicio,Walmart Sucursal Aeropuerto,Calz. Ignacio Zaragoza 58. Esq. Blvd. Puerto Aereo. Col. Federal. Cp. 15700,Ciudad de México,Venustiano Carranza,19.41926,-99.094521
Atún,Lata 140 Gr. en Agua,Fisha Tuna,Pescados y Mariscos en Conserva,Pacic,10,2026/04/06,Wal-mart,Supermercado / Tienda de Autoservicio,Walmart Sucursal Balbuena,Fray Servando Teresa de Mier 881. Entre Fernando Iglesia Calderon y Genaro Garcia. Col. Jardin Balbuena. Cp. 15900,Ciudad de México,Venustiano Carranza,19.418067,-99.105639
Atún,Lata 140 Gr. en Agua,Fisha Tuna,Pescados y Mariscos en Conserva,Pacic,10,2026/04/07,Wal-mart,Supermercado / Tienda de Autoservicio,Walmart Sucursal Unidad Plaza de Toros,Autopista Queretaro Celaya 5501. Int. del Centro Comercial Plaza Esfera. Col. el Jacal. Cp. 76187,Querétaro,Santiago de Querétaro,20.574076,-100.408704
Atún,Lata 140 Gr. en Agua,Fisha Tuna,Pescados y Mariscos en Conserva,Pacic,10,2026/04/10,Bodega Aurrera,Supermercado / Tienda de Autoservicio,Bodega Aurrera Sucursal Centro Constituyentes,Constituyentes Oriente 334. Entre Pasteur y Manuel Ponce. Col. Mercurio. Cp. 76040,Querétaro,Santiago de Querétaro,20.586349,-100.382801
Atún,Lata 140 Gr. en Agua,Fisha Tuna,Pescados y Mariscos en Conserva,Pacic,10,2026/04/14,Wal-mart,Supermercado / Tienda de Autoservicio,Walmart Sucursal Unidad Plaza de Toros,Autopista Queretaro Celaya 5501. Int. del Centro Comercial Plaza Esfera. Col. el Jacal. Cp. 76187,Querétaro,Santiago de Querétaro,20.574076,-100.408704
Atún,Lata 140 Gr. en Hojuelas en Agua,Great Value,Pescados y Mariscos en Conserva,Pacic,18.5,2026/04/01,Bodega Aurrera,Supermercado / Tienda de Autoservicio,Bodega Aurrera Sucursal Centro Constituyentes,Constituyentes Oriente 334. Entre Pasteur y Manuel Ponce. Col. Mercurio. Cp. 76040,Querétaro,Santiago de Querétaro,20.586349,-100.382801
Atún,Lata 140 Gr. en Hojuelas en Agua,Great Value,Pescados y Mariscos en Conserva,Pacic,18.5,2026/04/10,Bodega Aurrera,Supermercado / Tienda de Autoservicio,Bodega Aurrera Sucursal Centro Constituyentes,Constituyentes Oriente 334. Entre Pasteur y Manuel Ponce. Col. Mercurio. Cp. 76040,Querétaro,Santiago de Querétaro,20.586349,-100.382801
Atún,Lata 140 Gr. en Hojuelas en Agua,Great Value,Pescados y Mariscos en Conserva,Pacic,19,2026/04/06,Bodega Aurrera,Supermercado / Tienda de Autoservicio,Bodega Aurrera Sucursal la Viga,Calz. de la Viga 136 Esq. del Taller. Col. Lorenzo Boturini. Cp. 15820,Ciudad de México,Venustiano Carranza,19.414749,-99.127874
Atún,Lata 140 Gr. en Hojuelas en Agua,Great Value,Pescados y Mariscos en Conserva,Pacic,20,2026/04/06,Wal-mart,Supermercado / Tienda de Autoservicio,Walmart Sucursal Aeropuerto,Calz. Ignacio Zaragoza 58. Esq. Blvd. Puerto Aereo. Col. Federal. Cp. 15700,Ciudad de México,Venustiano Carranza,19.41926,-99.094521
Atún,Lata 140 Gr. en Hojuelas en Agua,Great Value,Pescados y Mariscos en Conserva,Pacic,20,2026/04/06,Wal-mart,Supermercado / Tienda de Autoservicio,Walmart Sucursal Balbuena,Fray Servando Teresa de Mier 881. Entre Fernando Iglesia Calderon y Genaro Garcia. Col. Jardin Balbuena. Cp. 15900,Ciudad de México,Venustiano Carranza,19.418067,-99.105639
Atún,Lata 140 Gr. en Hojuelas en Agua,Great Value,Pescados y Mariscos en Conserva,Pacic,20,2026/04/07,Wal-mart,Supermercado / Tienda de Autoservicio,Walmart Sucursal Unidad Plaza de Toros,Autopista Queretaro Celaya 5501. Int. del Centro Comercial Plaza Esfera. Col. el Jacal. Cp. 76187,Querétaro,Santiago de Querétaro,20.574076,-100.408704
Atún,Lata 140 Gr. en Hojuelas en Agua,Great Value,Pescados y Mariscos en Conserva,Pacic,20,2026/04/14,Wal-mart,Supermercado / Tienda de Autoservicio,Walmart Sucursal Unidad Plaza de Toros,Autopista Queretaro Celaya 5501. Int. del Centro Comercial Plaza Esfera. Col. el Jacal. Cp. 76187,Querétaro,Santiago de Querétaro,20.574076,-100.408704
Atún,Lata 140 Gr. en Hojuelas en Agua,Valley Foods,Pescados y Mariscos,Basicos,19.9,2026/04/06,Hipermercado Soriana,Supermercado / Tienda de Autoservicio,Soriana Hiper Sucursal Consulado (418),Rio Consulado 2355. Esq. Carlos Marx. Col. Simon Bolivar. Cp. 15410,Ciudad de México,Venustiano Carranza,19.449572,-99.100376
Atún,Lata 140 Gr. en Hojuelas en Agua,Valley Foods,Pescados y Mariscos,Basicos,19.9,2026/04/13,Hipermercado Soriana,Supermercado / Tienda de Autoservicio,Soriana Hiper Sucursal Cimatario,Ctra. a Huimilpan 1001. Int. del Centro Comercial Plaza del Sol. Col. Plazas del Sol. Iii Seccion. Cp. 76099,Querétaro,Santiago de Querétaro,20.563227,-100.375284
Atún,Lata 140 Gr. en Hojuelas en Agua con Aceite,Valley Foods,Pescados y Mariscos,Basicos,18,2026/04/13,Hipermercado Soriana,Supermercado / Tienda de Autoservicio,Soriana Hiper Sucursal Cimatario,Ctra. a Huimilpan 1001. Int. del Centro Comercial Plaza del Sol. Col. Plazas del Sol. Iii Seccion. Cp. 76099,Querétaro,Santiago de Querétaro,20.563227,-100.375284
Atún,Lata 140 Gr. en Hojuelas en Agua con Aceite,Valley Foods,Pescados y Mariscos,Basicos,19.9,2026/04/06,Hipermercado Soriana,Supermercado / Tienda de Autoservicio,Soriana Hiper Sucursal Consulado (418),Rio Consulado 2355. Esq. Carlos Marx. Col. Simon Bolivar. Cp. 15410,Ciudad de México,Venustiano Carranza,19.449572,-99.100376
Avamys 2a,Caja con Frasco 120 Disparos. Suspensión 27.5 Μg./50 Μl.,S/M,Medicamentos,Medicamentos,549.9,2026/04/09,La Comer,Supermercado / Tienda de Autoservicio,Lacomer Sucursal Queretaro Estadio,Luis M. Vega y Monroy 1300. Esq.cimatario . Col. Cimatario. Cp. 76090,Querétaro,Santiago de Querétaro,20.577804,-100.373626
Avamys 2a,Caja con Frasco 120 Disparos. Suspensión 27.5 Μg./50 Μl.,S/M,Medicamentos,Medicamentos,576,2026/04/09,Benavides,Farmacias,Farmacia Benavides Sucursal Isla de Montecristo,Av. del Parque 401. Esq. Calle Isla de Montecristo. Col. Lindavista. Cp. 76070,Querétaro,Santiago de Querétaro,20.568451,-100.380021
Avamys 2a,Caja con Frasco 120 Disparos. Suspensión 27.5 Μg./50 Μl.,S/M,Medicamentos,Medicamentos,595,2026/04/06,Hipermercado Soriana,Supermercado / Tienda de Autoservicio,Soriana Hiper Sucursal Cimatario,Ctra. a Huimilpan 1001. Int. del Centro Comercial Plaza del Sol. Col. Plazas del Sol. Iii Seccion. Cp. 76099,Querétaro,Santiago de Querétaro,20.563227,-100.375284
Azúcar,Bolsa 500 Gr. Mascabado,Zulka,Azucar,Basicos,25,2026/04/06,Bodega Aurrera,Supermercado / Tienda de Autoservicio,Bodega Aurrera Sucursal la Viga,Calz. de la Viga 136 Esq. del Taller. Col. Lorenzo Boturini. Cp. 15820,Ciudad de México,Venustiano Carranza,19.414749,-99.127874
Azúcar,Bolsa 500 Gr. Mascabado,Zulka,Azucar,Basicos,25,2026/04/06,Wal-mart,Supermercado / Tienda de Autoservicio,Walmart Sucursal Aeropuerto,Calz. Ignacio Zaragoza 58. Esq. Blvd. Puerto Aereo. Col. Federal. Cp. 15700,Ciudad de México,Venustiano Carranza,19.41926,-99.094521
Azúcar,Bolsa 500 Gr. Mascabado,Zulka,Azucar,Basicos,25,2026/04/06,Wal-mart,Supermercado / Tienda de Autoservicio,Walmart Sucursal Balbuena,Fray Servando Teresa de Mier 881. Entre Fernando Iglesia Calderon y Genaro Garcia. Col. Jardin Balbuena. Cp. 15900,Ciudad de México,Venustiano Carranza,19.418067,-99.105639
Azúcar,Bolsa 500 Gr. Mascabado,Zulka,Azucar,Basicos,25,2026/04/07,Wal-mart,Supermercado / Tienda de Autoservicio,Walmart Sucursal Unidad Plaza de Toros,Autopista Queretaro Celaya 5501. Int. del Centro Comercial Plaza Esfera. Col. el Jacal. Cp. 76187,Querétaro,Santiago de Querétaro,20.574076,-100.408704
Azúcar,Bolsa 500 Gr. Mascabado,Zulka,Azucar,Basicos,25,2026/04/08,Chedraui,Supermercado / Tienda de Autoservicio,Chedraui Sucursal Centro Sur,Blvd. Bernardo Quintana 502. Carr. con Direccion a Centro Civico. Col. Centro Sur. Cp. 76087,Querétaro,Santiago de Querétaro,20.569354,-100.358831
Azúcar,Bolsa 500 Gr. Mascabado,Zulka,Azucar,Basicos,25,2026/04/10,Bodega Aurrera,Supermercado / Tienda de Autoservicio,Bodega Aurrera Sucursal Centro Constituyentes,Constituyentes Oriente 334. Entre Pasteur y Manuel Ponce. Col. Mercurio. Cp. 76040,Querétaro,Santiago de Querétaro,20.586349,-100.382801
Azúcar,Bolsa 500 Gr. Mascabado,Zulka,Azucar,Basicos,27,2026/04/03,Superissste,Supermercado / Tienda de Autoservicio,Superissste Sucursal 011,Calle Peluqueros No. 310 Esquina Calle Tizayuca. Col. Michoacana. Cp. 15240,Ciudad de México,Venustiano Carranza,19.446139,-99.113372
Azúcar,Bolsa 500 Gr. Mascabado,Zulka,Azucar,Basicos,27,2026/04/03,Superissste,Supermercado / Tienda de Autoservicio,Superissste Sucursal 022,Av. del Taller y Retorno No. 38 Dentro del Retorno 38. Col. Jardin Balbuena. Cp. 15900,Ciudad de México,Venustiano Carranza,19.412842,-99.105666
Azúcar,Bolsa 500 Gr. Mascabado,Zulka,Azucar,Basicos,27,2026/04/10,Superissste,Supermercado / Tienda de Autoservicio,Superissste Sucursal 011,Calle Peluqueros No. 310 Esquina Calle Tizayuca. Col. Michoacana. Cp. 15240,Ciudad de México,Venustiano Carranza,19.446139,-99.113372
Azúcar,Bolsa 500 Gr. Mascabado,Zulka,Azucar,Basicos,27,2026/04/10,Superissste,Supermercado / Tienda de Autoservicio,Superissste Sucursal 022,Av. del Taller y Retorno No. 38 Dentro del Retorno 38. Col. Jardin Balbuena. Cp. 15900,Ciudad de México,Venustiano Carranza,19.412842,-99.105666
Azúcar,Bolsa 500 Gr. Mascabado,Zulka,Azucar,Basicos,27.5,2026/04/14,Wal-mart,Supermercado / Tienda de Autoservicio,Walmart Sucursal Unidad Plaza de Toros,Autopista Queretaro Celaya 5501. Int. del Centro Comercial Plaza Esfera. Col. el Jacal. Cp. 76187,Querétaro,Santiago de Querétaro,20.574076,-100.408704
Azúcar,Bolsa 500 Gr. Mascabado,Zulka,Azucar,Basicos,30.9,2026/04/06,Hipermercado Soriana,Supermercado / Tienda de Autoservicio,Soriana Hiper Sucursal Consulado (418),Rio Consulado 2355. Esq. Carlos Marx. Col. Simon Bolivar. Cp. 15410,Ciudad de México,Venustiano Carranza,19.449572,-99.100376
Azúcar,Bolsa Plástico 1 Kg. Estándar,Golden Hills,Azucar,Basicos,19,2026/04/09,La Comer,Supermercado / Tienda de Autoservicio,Lacomer Sucursal Queretaro Estadio,Luis M. Vega y Monroy 1300. Esq.cimatario . Col. Cimatario. Cp. 76090,Querétaro,Santiago de Querétaro,20.577804,-100.373626
Azúcar,Bolsa Plástico 1 Kg. Estándar,Golden Hills,Azucar,Pacic,19,2026/04/01,La Comer,Supermercado / Tienda de Autoservicio,Lacomer Sucursal Queretaro Estadio,Luis M. Vega y Monroy 1300. Esq.cimatario . Col. Cimatario. Cp. 76090,Querétaro,Santiago de Querétaro,20.577804,-100.373626
Azúcar,Bolsa Plástico 1 Kg. Estándar,Golden Hills,Azucar,Pacic,19,2026/04/09,La Comer,Supermercado / Tienda de Autoservicio,Lacomer Sucursal Queretaro Estadio,Luis M. Vega y Monroy 1300. Esq.cimatario . Col. Cimatario. Cp. 76090,Querétaro,Santiago de Querétaro,20.577804,-100.373626
Azúcar,Bolsa Plástico 1 Kg. Estándar o Morena,La Posada,Azucar,Basicos,24,2026/04/07,Oxxo,Tienda de Conveniencia,Oxxo Sucursal Corregidora 50 Cr,Circuito Moises Solana No. 128. Esq. Gertrudis Bocanegra. Col. Burocratas. Cp. 76070,Querétaro,Santiago de Querétaro,20.57462,-100.384232
Azúcar,Bolsa Plástico 1 Kg. Estándar o Morena,La Posada,Azucar,Basicos,24,2026/04/14,Oxxo,Tienda de Conveniencia,Oxxo Sucursal Corregidora 50 Cr,Circuito Moises Solana No. 128. Esq. Gertrudis Bocanegra. Col. Burocratas. Cp. 76070,Querétaro,Santiago de Querétaro,20.57462,-100.384232
Azúcar,Bolsa Plástico 1 Kg. Estándar o Morena,Zulka,Azucar,Basicos,20.9,2026/04/03,Superissste,Supermercado / Tienda de Autoservicio,Superissste Sucursal 011,Calle Peluqueros No. 310 Esquina Calle Tizayuca. Col. Michoacana. Cp. 15240,Ciudad de México,Venustiano Carranza,19.446139,-99.113372
Azúcar,Bolsa Plástico 1 Kg. Estándar o Morena,Zulka,Azucar,Basicos,20.9,2026/04/03,Superissste,Supermercado / Tienda de Autoservicio,Superissste Sucursal 022,Av. del Taller y Retorno No. 38 Dentro del Retorno 38. Col. Jardin Balbuena. Cp. 15900,Ciudad de México,Venustiano Carranza,19.412842,-99.105666
Azúcar,Bolsa Plástico 1 Kg. Estándar o Morena,Zulka,Azucar,Basicos,20.9,2026/04/10,Superissste,Supermercado / Tienda de Autoservicio,Superissste Sucursal 011,Calle Peluqueros No. 310 Esquina Calle Tizayuca. Col. Michoacana. Cp. 15240,Ciudad de México,Venustiano Carranza,19.446139,-99.113372
Azúcar,Bolsa Plástico 1 Kg. Estándar o Morena,Zulka,Azucar,Basicos,20.9,2026/04/10,Superissste,Supermercado / Tienda de Autoservicio,Superissste Sucursal 022,Av. del Taller y Retorno No. 38 Dentro del Retorno 38. Col. Jardin Balbuena. Cp. 15900,Ciudad de México,Venustiano Carranza,19.412842,-99.105666
Azúcar,Bolsa Plástico 1 Kg. Estándar o Morena,Zulka,Azucar,Basicos,22,2026/04/10,Bodega Aurrera,Supermercado / Tienda de Autoservicio,Bodega Aurrera Sucursal Centro Constituyentes,Constituyentes Oriente 334. Entre Pasteur y Manuel Ponce. Col. Mercurio. Cp. 76040,Querétaro,Santiago de Querétaro,20.586349,-100.382801
Azúcar,Bolsa Plástico 1 Kg. Estándar o Morena,Zulka,Azucar,Basicos,25,2026/04/07,Oxxo,Tienda de Conveniencia,Oxxo Sucursal Corregidora 50 Cr,Circuito Moises Solana No. 128. Esq. Gertrudis Bocanegra. Col. Burocratas. Cp. 76070,Querétaro,Santiago de Querétaro,20.57462,-100.384232
Azúcar,Bolsa Plástico 1800 Gr. Estándar o Morena,Ke Precio,Azucar,Basicos,64,2026/04/09,La Comer,Supermercado / Tienda de Autoservicio,Lacomer Sucursal Queretaro Estadio,Luis M. Vega y Monroy 1300. Esq.cimatario . Col. Cimatario. Cp. 76090,Querétaro,Santiago de Querétaro,20.577804,-100.373626
Azúcar,Bolsa Plástico 2 Kg. Estándar,Aurrera,Azucar,Basicos,48,2026/04/07,Wal-mart,Supermercado / Tienda de Autoservicio,Walmart Sucursal Unidad Plaza de Toros,Autopista Queretaro Celaya 5501. Int. del Centro Comercial Plaza Esfera. Col. el Jacal. Cp. 76187,Querétaro,Santiago de Querétaro,20.574076,-100.408704
Azúcar,Bolsa Plástico 2 Kg. Estándar,Aurrera,Azucar,Basicos,48,2026/04/14,Wal-mart,Supermercado / Tienda de Autoservicio,Walmart Sucursal Unidad Plaza de Toros,Autopista Queretaro Celaya 5501. Int. del Centro Comercial Plaza Esfera. Col. el Jacal. Cp. 76187,Querétaro,Santiago de Querétaro,20.574076,-100.408704
Azúcar,Bolsa Plástico 2 Kg. Estándar,Aurrera,Azucar,Basicos,54,2026/04/10,Bodega Aurrera,Supermercado / Tienda de Autoservicio,Bodega Aurrera Sucursal Centro Constituyentes,Constituyentes Oriente 334. Entre Pasteur y Manuel Ponce. Col. Mercurio. Cp. 76040,Querétaro,Santiago de Querétaro,20.586349,-100.382801
Azúcar,Bolsa Plástico 2 Kg. Estándar o Morena,Golden Hills,Azucar,Basicos,71,2026/04/09,La Comer,Supermercado / Tienda de Autoservicio,Lacomer Sucursal Queretaro Estadio,Luis M. Vega y Monroy 1300. Esq.cimatario . Col. Cimatario. Cp. 76090,Querétaro,Santiago de Querétaro,20.577804,-100.373626
Azúcar,Bolsa Plástico 2 Kg. Estándar o Morena,Zulka,Azucar,Basicos,41.5,2026/04/03,Superissste,Supermercado / Tienda de Autoservicio,Superissste Sucursal 011,Calle Peluqueros No. 310 Esquina Calle Tizayuca. Col. Michoacana. Cp. 15240,Ciudad de México,Venustiano Carranza,19.446139,-99.113372
Azúcar,Bolsa Plástico 2 Kg. Estándar o Morena,Zulka,Azucar,Basicos,41.5,2026/04/03,Superissste,Supermercado / Tienda de Autoservicio,Superissste Sucursal 022,Av. del Taller y Retorno No. 38 Dentro del Retorno 38. Col. Jardin Balbuena. Cp. 15900,Ciudad de México,Venustiano Carranza,19.412842,-99.105666
Azúcar,Bolsa Plástico 2 Kg. Estándar o Morena,Zulka,Azucar,Basicos,41.5,2026/04/10,Superissste,Supermercado / Tienda de Autoservicio,Superissste Sucursal 011,Calle Peluqueros No. 310 Esquina Calle Tizayuca. Col. Michoacana. Cp. 15240,Ciudad de México,Venustiano Carranza,19.446139,-99.113372
Azúcar,Bolsa Plástico 2 Kg. Estándar o Morena,Zulka,Azucar,Basicos,41.5,2026/04/10,Superissste,Supermercado / Tienda de Autoservicio,Superissste Sucursal 022,Av. del Taller y Retorno No. 38 Dentro del Retorno 38. Col. Jardin Balbuena. Cp. 15900,Ciudad de México,Venustiano Carranza,19.412842,-99.105666
Azúcar,Bolsa Plástico 2 Kg. Estándar o Morena,Zulka,Azucar,Basicos,44,2026/04/06,Bodega Aurrera,Supermercado / Tienda de Autoservicio,Bodega Aurrera Sucursal la Viga,Calz. de la Viga 136 Esq. del Taller. Col. Lorenzo Boturini. Cp. 15820,Ciudad de México,Venustiano Carranza,19.414749,-99.127874
Azúcar,Bolsa Plástico 2 Kg. Estándar o Morena,Zulka,Azucar,Basicos,46,2026/04/06,Wal-mart,Supermercado / Tienda de Autoservicio,Walmart Sucursal Balbuena,Fray Servando Teresa de Mier 881. Entre Fernando Iglesia Calderon y Genaro Garcia. Col. Jardin Balbuena. Cp. 15900,Ciudad de México,Venustiano Carranza,19.418067,-99.105639
Azúcar,Bolsa Plástico 2 Kg. Estándar o Morena,Zulka,Azucar,Basicos,46,2026/04/07,Wal-mart,Supermercado / Tienda de Autoservicio,Walmart Sucursal Unidad Plaza de Toros,Autopista Queretaro Celaya 5501. Int. del Centro Comercial Plaza Esfera. Col. el Jacal. Cp. 76187,Querétaro,Santiago de Querétaro,20.574076,-100.408704
Azúcar,Bolsa Plástico 2 Kg. Estándar o Morena,Zulka,Azucar,Basicos,46,2026/04/14,Wal-mart,Supermercado / Tienda de Autoservicio,Walmart Sucursal Unidad Plaza de Toros,Autopista Queretaro Celaya 5501. Int. del Centro Comercial Plaza Esfera. Col. el Jacal. Cp. 76187,Querétaro,Santiago de Querétaro,20.574076,-100.408704
Azúcar,Bolsa Plástico 2 Kg. Estándar o Morena,Zulka,Azucar,Basicos,46,2026/04/15,Chedraui,Supermercado / Tienda de Autoservicio,Chedraui Sucursal Centro Sur,Blvd. Bernardo Quintana 502. Carr. con Direccion a Centro Civico. Col. Centro Sur. Cp. 76087,Querétaro,Santiago de Querétaro,20.569354,-100.358831
Azúcar,Bolsa Plástico 2 Kg. Estándar o Morena,Zulka,Azucar,Basicos,48,2026/04/07,Oxxo,Tienda de Conveniencia,Oxxo Sucursal Corregidora 50 Cr,Circuito Moises Solana No. 128. Esq. Gertrudis Bocanegra. Col. Burocratas. Cp. 76070,Querétaro,Santiago de Querétaro,20.57462,-100.384232
Azúcar,Bolsa Plástico 2 Kg. Estándar o Morena,Zulka,Azucar,Basicos,48,2026/04/14,Oxxo,Tienda de Conveniencia,Oxxo Sucursal Corregidora 50 Cr,Circuito Moises Solana No. 128. Esq. Gertrudis Bocanegra. Col. Burocratas. Cp. 76070,Querétaro,Santiago de Querétaro,20.57462,-100.384232
Azúcar,Bolsa Plástico 2 Kg. Estándar o Morena,Zulka,Azucar,Basicos,50,2026/04/01,Bodega Aurrera,Supermercado / Tienda de Autoservicio,Bodega Aurrera Sucursal Centro Constituyentes,Constituyentes Oriente 334. Entre Pasteur y Manuel Ponce. Col. Mercurio. Cp. 76040,Querétaro,Santiago de Querétaro,20.586349,-100.382801
Azúcar,Bolsa Plástico 2 Kg. Estándar o Morena,Zulka,Azucar,Basicos,50,2026/04/10,Bodega Aurrera,Supermercado / Tienda de Autoservicio,Bodega Aurrera Sucursal Centro Constituyentes,Constituyentes Oriente 334. Entre Pasteur y Manuel Ponce. Col. Mercurio. Cp. 76040,Querétaro,Santiago de Querétaro,20.586349,-100.382801
Azúcar,Bolsa Plástico 2 Kg. Estándar o Morena,Zulka,Azucar,Basicos,59.9,2026/04/06,Hipermercado Soriana,Supermercado / Tienda de Autoservicio,Soriana Hiper Sucursal Cimatario,Ctra. a Huimilpan 1001. Int. del Centro Comercial Plaza del Sol. Col. Plazas del Sol. Iii Seccion. Cp. 76099,Querétaro,Santiago de Querétaro,20.563227,-100.375284
Azúcar,Bolsa Plástico 2 Kg. Estándar o Morena,Zulka,Azucar,Basicos,60,2026/04/08,Chedraui,Supermercado / Tienda de Autoservicio,Chedraui Sucursal Centro Sur,Blvd. Bernardo Quintana 502. Carr. con Direccion a Centro Civico. Col. Centro Sur. Cp. 76087,Querétaro,Santiago de Querétaro,20.569354,-100.358831
Azúcar,Bolsa Plástico 2 Kg. Refinada,Golden Hills,Azucar,Basicos,95,2026/04/09,La Comer,Supermercado / Tienda de Autoservicio,Lacomer Sucursal Queretaro Estadio,Luis M. Vega y Monroy 1300. Esq.cimatario . Col. Cimatario. Cp. 76090,Querétaro,Santiago de Querétaro,20.577804,-100.373626
Azúcar,Bolsa Plástico 2 Kg. Refinada,Great Value,Azucar,Basicos,82,2026/04/06,Bodega Aurrera,Supermercado / Tienda de Autoservicio,Bodega Aurrera Sucursal la Viga,Calz. de la Viga 136 Esq. del Taller. Col. Lorenzo Boturini. Cp. 15820,Ciudad de México,Venustiano Carranza,19.414749,-99.127874
Azúcar,Bolsa Plástico 2 Kg. Refinada,Great Value,Azucar,Basicos,82,2026/04/06,Wal-mart,Supermercado / Tienda de Autoservicio,Walmart Sucursal Aeropuerto,Calz. Ignacio Zaragoza 58. Esq. Blvd. Puerto Aereo. Col. Federal. Cp. 15700,Ciudad de México,Venustiano Carranza,19.41926,-99.094521
Azúcar,Bolsa Plástico 2 Kg. Refinada,Great Value,Azucar,Basicos,82,2026/04/06,Wal-mart,Supermercado / Tienda de Autoservicio,Walmart Sucursal Balbuena,Fray Servando Teresa de Mier 881. Entre Fernando Iglesia Calderon y Genaro Garcia. Col. Jardin Balbuena. Cp. 15900,Ciudad de México,Venustiano Carranza,19.418067,-99.105639
Azúcar,Bolsa Plástico 2 Kg. Refinada,Great Value,Azucar,Basicos,82,2026/04/10,Bodega Aurrera,Supermercado / Tienda de Autoservicio,Bodega Aurrera Sucursal Centro Constituyentes,Constituyentes Oriente 334. Entre Pasteur y Manuel Ponce. Col. Mercurio. Cp. 76040,Querétaro,Santiago de Querétaro,20.586349,-100.382801
Azúcar,Bolsa Plástico 2 Kg. Refinada,Great Value,Azucar,Basicos,82,2026/04/14,Wal-mart,Supermercado / Tienda de Autoservicio,Walmart Sucursal Unidad Plaza de Toros,Autopista Queretaro Celaya 5501. Int. del Centro Comercial Plaza Esfera. Col. el Jacal. Cp. 76187,Querétaro,Santiago de Querétaro,20.574076,-100.408704
Azúcar,Bolsa Plástico 900 Gr. Estándar,Aurrera,Azucar,Basicos,21,2026/04/01,Bodega Aurrera,Supermercado / Tienda de Autoservicio,Bodega Aurrera Sucursal Centro Constituyentes,Constituyentes Oriente 334. Entre Pasteur y Manuel Ponce. Col. Mercurio. Cp. 76040,Querétaro,Santiago de Querétaro,20.586349,-100.382801
Azúcar,Bolsa Plástico 900 Gr. Estándar,Aurrera,Azucar,Basicos,22,2026/04/06,Bodega Aurrera,Supermercado / Tienda de Autoservicio,Bodega Aurrera Sucursal la Viga,Calz. de la Viga 136 Esq. del Taller. Col. Lorenzo Boturini. Cp. 15820,Ciudad de México,Venustiano Carranza,19.414749,-99.127874
Azúcar,Bolsa Plástico 900 Gr. Estándar,Aurrera,Azucar,Basicos,22,2026/04/07,Wal-mart,Supermercado / Tienda de Autoservicio,Walmart Sucursal Unidad Plaza de Toros,Autopista Queretaro Celaya 5501. Int. del Centro Comercial Plaza Esfera. Col. el Jacal. Cp. 76187,Querétaro,Santiago de Querétaro,20.574076,-100.408704
Azúcar,Bolsa Plástico 900 Gr. Estándar,Aurrera,Azucar,Basicos,25,2026/04/06,Wal-mart,Supermercado / Tienda de Autoservicio,Walmart Sucursal Aeropuerto,Calz. Ignacio Zaragoza 58. Esq. Blvd. Puerto Aereo. Col. Federal. Cp. 15700,Ciudad de México,Venustiano Carranza,19.41926,-99.094521
Azúcar,Bolsa Plástico 900 Gr. Estándar,Aurrera,Azucar,Basicos,25,2026/04/06,Wal-mart,Supermercado / Tienda de Autoservicio,Walmart Sucursal Balbuena,Fray Servando Teresa de Mier 881. Entre Fernando Iglesia Calderon y Genaro Garcia. Col. Jardin Balbuena. Cp. 15900,Ciudad de México,Venustiano Carranza,19.418067,-99.105639
Azúcar,Bolsa Plástico 900 Gr. Estándar,Aurrera,Azucar,Basicos,25,2026/04/10,Bodega Aurrera,Supermercado / Tienda de Autoservicio,Bodega Aurrera Sucursal Centro Constituyentes,Constituyentes Oriente 334. Entre Pasteur y Manuel Ponce. Col. Mercurio. Cp. 76040,Querétaro,Santiago de Querétaro,20.586349,-100.382801
Azúcar,Bolsa Plástico 900 Gr. Estándar,Aurrera,Azucar,Basicos,25,2026/04/14,Wal-mart,Supermercado / Tienda de Autoservicio,Walmart Sucursal Unidad Plaza de Toros,Autopista Queretaro Celaya 5501. Int. del Centro Comercial Plaza Esfera. Col. el Jacal. Cp. 76187,Querétaro,Santiago de Querétaro,20.574076,-100.408704
Azúcar,Bolsa Plástico 900 Gr. Estándar,Aurrera,Azucar,Pacic,21,2026/04/01,Bodega Aurrera,Supermercado / Tienda de Autoservicio,Bodega Aurrera Sucursal Centro Constituyentes,Constituyentes Oriente 334. Entre Pasteur y Manuel Ponce. Col. Mercurio. Cp. 76040,Querétaro,Santiago de Querétaro,20.586349,-100.382801
Azúcar,Bolsa Plástico 900 Gr. Estándar,Aurrera,Azucar,Pacic,22,2026/04/01,Wal-mart,Supermercado / Tienda de Autoservicio,Walmart Sucursal Unidad Plaza de Toros,Autopista Queretaro Celaya 5501. Int. del Centro Comercial Plaza Esfera. Col. el Jacal. Cp. 76187,Querétaro,Santiago de Querétaro,20.574076,-100.408704
Azúcar,Bolsa Plástico 900 Gr. Estándar,Aurrera,Azucar,Pacic,22,2026/04/06,Bodega Aurrera,Supermercado / Tienda de Autoservicio,Bodega Aurrera Sucursal la Viga,Calz. de la Viga 136 Esq. del Taller. Col. Lorenzo Boturini. Cp. 15820,Ciudad de México,Venustiano Carranza,19.414749,-99.127874
Azúcar,Bolsa Plástico 900 Gr. Estándar,Aurrera,Azucar,Pacic,22,2026/04/07,Wal-mart,Supermercado / Tienda de Autoservicio,Walmart Sucursal Unidad Plaza de Toros,Autopista Queretaro Celaya 5501. Int. del Centro Comercial Plaza Esfera. Col. el Jacal. Cp. 76187,Querétaro,Santiago de Querétaro,20.574076,-100.408704
Azúcar,Bolsa Plástico 900 Gr. Estándar,Aurrera,Azucar,Pacic,25,2026/04/06,Wal-mart,Supermercado / Tienda de Autoservicio,Walmart Sucursal Aeropuerto,Calz. Ignacio Zaragoza 58. Esq. Blvd. Puerto Aereo. Col. Federal. Cp. 15700,Ciudad de México,Venustiano Carranza,19.41926,-99.094521
Azúcar,Bolsa Plástico 900 Gr. Estándar,Aurrera,Azucar,Pacic,25,2026/04/06,Wal-mart,Supermercado / Tienda de Autoservicio,Walmart Sucursal Balbuena,Fray Servando Teresa de Mier 881. Entre Fernando Iglesia Calderon y Genaro Garcia. Col. Jardin Balbuena. Cp. 15900,Ciudad de México,Venustiano Carranza,19.418067,-99.105639
Azúcar,Bolsa Plástico 900 Gr. Estándar,Aurrera,Azucar,Pacic,25,2026/04/10,Bodega Aurrera,Supermercado / Tienda de Autoservicio,Bodega Aurrera Sucursal Centro Constituyentes,Constituyentes Oriente 334. Entre Pasteur y Manuel Ponce. Col. Mercurio. Cp. 76040,Querétaro,Santiago de Querétaro,20.586349,-100.382801
Azúcar,Bolsa Plástico 900 Gr. Estándar,Aurrera,Azucar,Pacic,25,2026/04/14,Wal-mart,Supermercado / Tienda de Autoservicio,Walmart Sucursal Unidad Plaza de Toros,Autopista Queretaro Celaya 5501. Int. del Centro Comercial Plaza Esfera. Col. el Jacal. Cp. 76187,Querétaro,Santiago de Querétaro,20.574076,-100.408704
Azúcar,Bolsa Plástico 900 Gr. Estándar,Chedraui,Azucar,Basicos,22,2026/04/08,Chedraui,Supermercado / Tienda de Autoservicio,Chedraui Sucursal Centro Sur,Blvd. Bernardo Quintana 502. Carr. con Direccion a Centro Civico. Col. Centro Sur. Cp. 76087,Querétaro,Santiago de Querétaro,20.569354,-100.358831
Azúcar,Bolsa Plástico 900 Gr. Estándar,Chedraui,Azucar,Basicos,29,2026/04/15,Chedraui,Supermercado / Tienda de Autoservicio,Chedraui Sucursal Centro Sur,Blvd. Bernardo Quintana 502. Carr. con Direccion a Centro Civico. Col. Centro Sur. Cp. 76087,Querétaro,Santiago de Querétaro,20.569354,-100.358831
Azúcar,Bolsa Plástico 900 Gr. Estándar,Chedraui,Azucar,Pacic,22,2026/04/01,Chedraui,Supermercado / Tienda de Autoservicio,Chedraui Sucursal Centro Sur,Blvd. Bernardo Quintana 502. Carr. con Direccion a Centro Civico. Col. Centro Sur. Cp. 76087,Querétaro,Santiago de Querétaro,20.569354,-100.358831
Azúcar,Bolsa Plástico 900 Gr. Estándar,Chedraui,Azucar,Pacic,22,2026/04/08,Chedraui,Supermercado / Tienda de Autoservicio,Chedraui Sucursal Centro Sur,Blvd. Bernardo Quintana 502. Carr. con Direccion a Centro Civico. Col. Centro Sur. Cp. 76087,Querétaro,Santiago de Querétaro,20.569354,-100.358831
Azúcar,Bolsa Plástico 900 Gr. Estándar,Chedraui,Azucar,Pacic,24,2026/04/06,Chedraui,Supermercado / Tienda de Autoservicio,Chedraui Sucursal Anfora,Anfora 71. Esq. Eje 1 Norte. Col. Madero. Cp. 15320,Ciudad de México,Venustiano Carranza,19.437353,-99.110088
Azúcar,Bolsa Plástico 900 Gr. Estándar,Chedraui,Azucar,Pacic,29,2026/04/15,Chedraui,Supermercado / Tienda de Autoservicio,Chedraui Sucursal Centro Sur,Blvd. Bernardo Quintana 502. Carr. con Direccion a Centro Civico. Col. Centro Sur. Cp. 76087,Querétaro,Santiago de Querétaro,20.569354,-100.358831
Azúcar,Bolsa Plástico 900 Gr. Estándar,Precíssimo,Azucar,Basicos,21.9,2026/04/06,Hipermercado Soriana,Supermercado / Tienda de Autoservicio,Soriana Hiper Sucursal Consulado (418),Rio Consulado 2355. Esq. Carlos Marx. Col. Simon Bolivar. Cp. 15410,Ciudad de México,Venustiano Carranza,19.449572,-99.100376
Azúcar,Bolsa Plástico 900 Gr. Estándar,Precíssimo,Azucar,Basicos,28.9,2026/04/06,Hipermercado Soriana,Supermercado / Tienda de Autoservicio,Soriana Hiper Sucursal Cimatario,Ctra. a Huimilpan 1001. Int. del Centro Comercial Plaza del Sol. Col. Plazas del Sol. Iii Seccion. Cp. 76099,Querétaro,Santiago de Querétaro,20.563227,-100.375284
Azúcar,Bolsa Plástico 900 Gr. Estándar,Precíssimo,Azucar,Basicos,28.9,2026/04/13,Hipermercado Soriana,Supermercado / Tienda de Autoservicio,Soriana Hiper Sucursal Cimatario,Ctra. a Huimilpan 1001. Int. del Centro Comercial Plaza del Sol. Col. Plazas del Sol. Iii Seccion. Cp. 76099,Querétaro,Santiago de Querétaro,20.563227,-100.375284
Azúcar,Bolsa Plástico 900 Gr. Estándar,Precíssimo,Azucar,Pacic,21.9,2026/04/06,Hipermercado Soriana,Supermercado / Tienda de Autoservicio,Soriana Hiper Sucursal Consulado (418),Rio Consulado 2355. Esq. Carlos Marx. Col. Simon Bolivar. Cp. 15410,Ciudad de México,Venustiano Carranza,19.449572,-99.100376
Azúcar,Bolsa Plástico 900 Gr. Estándar,Precíssimo,Azucar,Pacic,28.9,2026/04/06,Hipermercado Soriana,Supermercado / Tienda de Autoservicio,Soriana Hiper Sucursal Cimatario,Ctra. a Huimilpan 1001. Int. del Centro Comercial Plaza del Sol. Col. Plazas del Sol. Iii Seccion. Cp. 76099,Querétaro,Santiago de Querétaro,20.563227,-100.375284
Azúcar,Bolsa Plástico 900 Gr. Estándar,Precíssimo,Azucar,Pacic,28.9,2026/04/13,Hipermercado Soriana,Supermercado / Tienda de Autoservicio,Soriana Hiper Sucursal Cimatario,Ctra. a Huimilpan 1001. Int. del Centro Comercial Plaza del Sol. Col. Plazas del Sol. Iii Seccion. Cp. 76099,Querétaro,Santiago de Querétaro,20.563227,-100.375284
Azúcar,Bolsa Plástico 900 Gr. Estándar,Zulka,Azucar,Basicos,22,2026/04/06,Bodega Aurrera,Supermercado / Tienda de Autoservicio,Bodega Aurrera Sucursal la Viga,Calz. de la Viga 136 Esq. del Taller. Col. Lorenzo Boturini. Cp. 15820,Ciudad de México,Venustiano Carranza,19.414749,-99.127874
Azúcar,Bolsa Plástico 900 Gr. Estándar,Zulka,Azucar,Basicos,25,2026/04/14,Oxxo,Tienda de Conveniencia,Oxxo Sucursal Corregidora 50 Cr,Circuito Moises Solana No. 128. Esq. Gertrudis Bocanegra. Col. Burocratas. Cp. 76070,Querétaro,Santiago de Querétaro,20.57462,-100.384232
Azúcar,Bolsa Plástico 900 Gr. Estándar,Zulka,Azucar,Basicos,26,2026/04/01,Bodega Aurrera,Supermercado / Tienda de Autoservicio,Bodega Aurrera Sucursal Centro Constituyentes,Constituyentes Oriente 334. Entre Pasteur y Manuel Ponce. Col. Mercurio. Cp. 76040,Querétaro,Santiago de Querétaro,20.586349,-100.382801
Azúcar,Bolsa Plástico 900 Gr. Estándar,Zulka,Azucar,Basicos,26,2026/04/01,Chedraui,Supermercado / Tienda de Autoservicio,Chedraui Sucursal Centro Sur,Blvd. Bernardo Quintana 502. Carr. con Direccion a Centro Civico. Col. Centro Sur. Cp. 76087,Querétaro,Santiago de Querétaro,20.569354,-100.358831
Azúcar,Bolsa Plástico 900 Gr. Estándar,Zulka,Azucar,Basicos,26,2026/04/06,Wal-mart,Supermercado / Tienda de Autoservicio,Walmart Sucursal Aeropuerto,Calz. Ignacio Zaragoza 58. Esq. Blvd. Puerto Aereo. Col. Federal. Cp. 15700,Ciudad de México,Venustiano Carranza,19.41926,-99.094521
Azúcar,Bolsa Plástico 900 Gr. Estándar,Zulka,Azucar,Basicos,26,2026/04/06,Wal-mart,Supermercado / Tienda de Autoservicio,Walmart Sucursal Balbuena,Fray Servando Teresa de Mier 881. Entre Fernando Iglesia Calderon y Genaro Garcia. Col. Jardin Balbuena. Cp. 15900,Ciudad de México,Venustiano Carranza,19.418067,-99.105639
Azúcar,Bolsa Plástico 900 Gr. Estándar,Zulka,Azucar,Basicos,26,2026/04/07,Wal-mart,Supermercado / Tienda de Autoservicio,Walmart Sucursal Unidad Plaza de Toros,Autopista Queretaro Celaya 5501. Int. del Centro Comercial Plaza Esfera. Col. el Jacal. Cp. 76187,Querétaro,Santiago de Querétaro,20.574076,-100.408704
Azúcar,Bolsa Plástico 900 Gr. Estándar,Zulka,Azucar,Basicos,26,2026/04/08,Chedraui,Supermercado / Tienda de Autoservicio,Chedraui Sucursal Centro Sur,Blvd. Bernardo Quintana 502. Carr. con Direccion a Centro Civico. Col. Centro Sur. Cp. 76087,Querétaro,Santiago de Querétaro,20.569354,-100.358831
Azúcar,Bolsa Plástico 900 Gr. Estándar,Zulka,Azucar,Basicos,26,2026/04/14,Wal-mart,Supermercado / Tienda de Autoservicio,Walmart Sucursal Unidad Plaza de Toros,Autopista Queretaro Celaya 5501. Int. del Centro Comercial Plaza Esfera. Col. el Jacal. Cp. 76187,Querétaro,Santiago de Querétaro,20.574076,-100.408704
Azúcar,Bolsa Plástico 900 Gr. Estándar,Zulka,Azucar,Basicos,26,2026/04/15,Chedraui,Supermercado / Tienda de Autoservicio,Chedraui Sucursal Centro Sur,Blvd. Bernardo Quintana 502. Carr. con Direccion a Centro Civico. Col. Centro Sur. Cp. 76087,Querétaro,Santiago de Querétaro,20.569354,-100.358831
Azúcar,Bolsa Plástico 900 Gr. Estándar,Zulka,Azucar,Basicos,27.5,2026/04/06,Hipermercado Soriana,Supermercado / Tienda de Autoservicio,Soriana Hiper Sucursal Cimatario,Ctra. a Huimilpan 1001. Int. del Centro Comercial Plaza del Sol. Col. Plazas del Sol. Iii Seccion. Cp. 76099,Querétaro,Santiago de Querétaro,20.563227,-100.375284
Azúcar,Bolsa Plástico 900 Gr. Estándar,Zulka,Azucar,Basicos,27.5,2026/04/13,Hipermercado Soriana,Supermercado / Tienda de Autoservicio,Soriana Hiper Sucursal Cimatario,Ctra. a Huimilpan 1001. Int. del Centro Comercial Plaza del Sol. Col. Plazas del Sol. Iii Seccion. Cp. 76099,Querétaro,Santiago de Querétaro,20.563227,-100.375284
Azúcar,Bolsa Plástico 900 Gr. Estándar,Zulka,Azucar,Basicos,30.9,2026/04/06,Hipermercado Soriana,Supermercado / Tienda de Autoservicio,Soriana Hiper Sucursal Consulado (418),Rio Consulado 2355. Esq. Carlos Marx. Col. Simon Bolivar. Cp. 15410,Ciudad de México,Venustiano Carranza,19.449572,-99.100376
Azúcar,Bolsa Plástico 900 Gr. Estándar,Zulka,Azucar,Pacic,22,2026/04/06,Bodega Aurrera,Supermercado / Tienda de Autoservicio,Bodega Aurrera Sucursal la Viga,Calz. de la Viga 136 Esq. del Taller. Col. Lorenzo Boturini. Cp. 15820,Ciudad de México,Venustiano Carranza,19.414749,-99.127874
Azúcar,Bolsa Plástico 900 Gr. Estándar,Zulka,Azucar,Pacic,22,2026/04/10,Bodega Aurrera,Supermercado / Tienda de Autoservicio,Bodega Aurrera Sucursal Centro Constituyentes,Constituyentes Oriente 334. Entre Pasteur y Manuel Ponce. Col. Mercurio. Cp. 76040,Querétaro,Santiago de Querétaro,20.586349,-100.382801
Azúcar,Bolsa Plástico 900 Gr. Estándar,Zulka,Azucar,Pacic,26,2026/04/01,Bodega Aurrera,Supermercado / Tienda de Autoservicio,Bodega Aurrera Sucursal Centro Constituyentes,Constituyentes Oriente 334. Entre Pasteur y Manuel Ponce. Col. Mercurio. Cp. 76040,Querétaro,Santiago de Querétaro,20.586349,-100.382801
Azúcar,Bolsa Plástico 900 Gr. Estándar,Zulka,Azucar,Pacic,26,2026/04/01,Wal-mart,Supermercado / Tienda de Autoservicio,Walmart Sucursal Unidad Plaza de Toros,Autopista Queretaro Celaya 5501. Int. del Centro Comercial Plaza Esfera. Col. el Jacal. Cp. 76187,Querétaro,Santiago de Querétaro,20.574076,-100.408704
Azúcar,Bolsa Plástico 900 Gr. Estándar,Zulka,Azucar,Pacic,26,2026/04/06,Wal-mart,Supermercado / Tienda de Autoservicio,Walmart Sucursal Aeropuerto,Calz. Ignacio Zaragoza 58. Esq. Blvd. Puerto Aereo. Col. Federal. Cp. 15700,Ciudad de México,Venustiano Carranza,19.41926,-99.094521
Azúcar,Bolsa Plástico 900 Gr. Estándar,Zulka,Azucar,Pacic,26,2026/04/06,Wal-mart,Supermercado / Tienda de Autoservicio,Walmart Sucursal Balbuena,Fray Servando Teresa de Mier 881. Entre Fernando Iglesia Calderon y Genaro Garcia. Col. Jardin Balbuena. Cp. 15900,Ciudad de México,Venustiano Carranza,19.418067,-99.105639
Azúcar,Bolsa Plástico 900 Gr. Estándar,Zulka,Azucar,Pacic,26,2026/04/07,Wal-mart,Supermercado / Tienda de Autoservicio,Walmart Sucursal Unidad Plaza de Toros,Autopista Queretaro Celaya 5501. Int. del Centro Comercial Plaza Esfera. Col. el Jacal. Cp. 76187,Querétaro,Santiago de Querétaro,20.574076,-100.408704
Azúcar,Bolsa Plástico 900 Gr. Estándar,Zulka,Azucar,Pacic,26,2026/04/14,Wal-mart,Supermercado / Tienda de Autoservicio,Walmart Sucursal Unidad Plaza de Toros,Autopista Queretaro Celaya 5501. Int. del Centro Comercial Plaza Esfera. Col. el Jacal. Cp. 76187,Querétaro,Santiago de Querétaro,20.574076,-100.408704
Azúcar,Bolsa Plástico 900 Gr. Estándar,Zulka,Azucar,Pacic,27.5,2026/04/06,Hipermercado Soriana,Supermercado / Tienda de Autoservicio,Soriana Hiper Sucursal Cimatario,Ctra. a Huimilpan 1001. Int. del Centro Comercial Plaza del Sol. Col. Plazas del Sol. Iii Seccion. Cp. 76099,Querétaro,Santiago de Querétaro,20.563227,-100.375284
Azúcar,Bolsa Plástico 900 Gr. Estándar,Zulka,Azucar,Pacic,27.5,2026/04/13,Hipermercado Soriana,Supermercado / Tienda de Autoservicio,Soriana Hiper Sucursal Cimatario,Ctra. a Huimilpan 1001. Int. del Centro Comercial Plaza del Sol. Col. Plazas del Sol. Iii Seccion. Cp. 76099,Querétaro,Santiago de Querétaro,20.563227,-100.375284
Azúcar,Bolsa Plástico 900 Gr. Estándar,Zulka,Azucar,Pacic,30.9,2026/04/06,Hipermercado Soriana,Supermercado / Tienda de Autoservicio,Soriana Hiper Sucursal Consulado (418),Rio Consulado 2355. Esq. Carlos Marx. Col. Simon Bolivar. Cp. 15410,Ciudad de México,Venustiano Carranza,19.449572,-99.100376
Azúcar,Bolsa Plástico 900 Gr. Estándar o Morena,Ke Precio,Azucar,Basicos,32,2026/04/09,La Comer,Supermercado / Tienda de Autoservicio,Lacomer Sucursal Queretaro Estadio,Luis M. Vega y Monroy 1300. Esq.cimatario . Col. Cimatario. Cp. 76090,Querétaro,Santiago de Querétaro,20.577804,-100.373626
Azúcar,Caja 200 Gr. (50 Sobres de 4 Gr. C/u). Mascabado,Domino,Azucar,Basicos,27,2026/04/01,Bodega Aurrera,Supermercado / Tienda de Autoservicio,Bodega Aurrera Sucursal Centro Constituyentes,Constituyentes Oriente 334. Entre Pasteur y Manuel Ponce. Col. Mercurio. Cp. 76040,Querétaro,Santiago de Querétaro,20.586349,-100.382801
Azúcar,Caja 200 Gr. (50 Sobres de 4 Gr. C/u). Mascabado,Domino,Azucar,Basicos,27,2026/04/06,Bodega Aurrera,Supermercado / Tienda de Autoservicio,Bodega Aurrera Sucursal la Viga,Calz. de la Viga 136 Esq. del Taller. Col. Lorenzo Boturini. Cp. 15820,Ciudad de México,Venustiano Carranza,19.414749,-99.127874
Azúcar,Caja 200 Gr. (50 Sobres de 4 Gr. C/u). Mascabado,Domino,Azucar,Basicos,27,2026/04/10,Bodega Aurrera,Supermercado / Tienda de Autoservicio,Bodega Aurrera Sucursal Centro Constituyentes,Constituyentes Oriente 334. Entre Pasteur y Manuel Ponce. Col. Mercurio. Cp. 76040,Querétaro,Santiago de Querétaro,20.586349,-100.382801
Azúcar,Caja 200 Gr. (50 Sobres de 4 Gr. C/u). Mascabado,Domino,Azucar,Basicos,27.5,2026/04/06,Wal-mart,Supermercado / Tienda de Autoservicio,Walmart Sucursal Aeropuerto,Calz. Ignacio Zaragoza 58. Esq. Blvd. Puerto Aereo. Col. Federal. Cp. 15700,Ciudad de México,Venustiano Carranza,19.41926,-99.094521
Azúcar,Caja 200 Gr. (50 Sobres de 4 Gr. C/u). Mascabado,Domino,Azucar,Basicos,27.5,2026/04/06,Wal-mart,Supermercado / Tienda de Autoservicio,Walmart Sucursal Balbuena,Fray Servando Teresa de Mier 881. Entre Fernando Iglesia Calderon y Genaro Garcia. Col. Jardin Balbuena. Cp. 15900,Ciudad de México,Venustiano Carranza,19.418067,-99.105639
Azúcar,Caja 200 Gr. (50 Sobres de 4 Gr. C/u). Mascabado,Domino,Azucar,Basicos,27.5,2026/04/07,Wal-mart,Supermercado / Tienda de Autoservicio,Walmart Sucursal Unidad Plaza de Toros,Autopista Queretaro Celaya 5501. Int. del Centro Comercial Plaza Esfera. Col. el Jacal. Cp. 76187,Querétaro,Santiago de Querétaro,20.574076,-100.408704
Bagre,1 Kg. Granel. Entero. Fresco,S/M,Pescados y Mariscos,Pescados y Mariscos,120,2026/04/13,Mercado Publico,Mercados,Mercado Lomas de Casablanca,Avenida 10. Esq. Calle 23. Col. Lomas de Casa Blanca. Cp. 76080,Querétaro,Santiago de Querétaro,20.603024,-100.396263
Barra de Sonido,Hs2100. Bluetooth. Usb. Potencia 240 W. Sonido 2.1,Hisense,Aparatos Electronicos,Electrodomesticos,4699,2026/04/07,Liverpool,Tienda Departamentales,Liverpool Sucursal Queretaro,5 de Febrero 99. Plaza Galerias. Carr. Libre a Celaya. Col. Virreyes. Cp. 76000,Querétaro,Santiago de Querétaro,20.578334,-100.404099
Basa,1 Kg. Granel. Filete. Blanco. Congelado,S/M,Pescados y Mariscos,Pescados y Mariscos,64.9,2026/04/13,Hipermercado Soriana,Supermercado / Tienda de Autoservicio,Soriana Hiper Sucursal Cimatario,Ctra. a Huimilpan 1001. Int. del Centro Comercial Plaza del Sol. Col. Plazas del Sol. Iii Seccion. Cp. 76099,Querétaro,Santiago de Querétaro,20.563227,-100.375284
Basa,1 Kg. Granel. Filete. Rojo. Congelado,S/M,Pescados y Mariscos,Pescados y Mariscos,64.9,2026/04/06,Hipermercado Soriana,Supermercado / Tienda de Autoservicio,Soriana Hiper Sucursal Cimatario,Ctra. a Huimilpan 1001. Int. del Centro Comercial Plaza del Sol. Col. Plazas del Sol. Iii Seccion. Cp. 76099,Querétaro,Santiago de Querétaro,20.563227,-100.375284
Batidoras,Fpsthb2610w o Fpsthb2610w-013. de Inmersión. 1 Velocidad. Sin Tazón,Oster,Aparatos Electricos,Electrodomesticos,659,2026/04/07,Wal-mart,Supermercado / Tienda de Autoservicio,Walmart Sucursal Unidad Plaza de Toros,Autopista Queretaro Celaya 5501. Int. del Centro Comercial Plaza Esfera. Col. el Jacal. Cp. 76187,Querétaro,Santiago de Querétaro,20.574076,-100.408704
Bebidas Hidratantes,Botella 500 Ml. Frutas,Powerade,Refrescos Envasados,Basicos,20.5,2026/04/06,Hipermercado Soriana,Supermercado / Tienda de Autoservicio,Soriana Hiper Sucursal Cimatario,Ctra. a Huimilpan 1001. Int. del Centro Comercial Plaza del Sol. Col. Plazas del Sol. Iii Seccion. Cp. 76099,Querétaro,Santiago de Querétaro,20.563227,-100.375284
Benzonatato,Caja con 20 Cápsulas de 100 Mg.,S/M,Medicamentos,Medicamentos,52,2026/04/06,Wal-mart,Supermercado / Tienda de Autoservicio,Walmart Sucursal Balbuena,Fray Servando Teresa de Mier 881. Entre Fernando Iglesia Calderon y Genaro Garcia. Col. Jardin Balbuena. Cp. 15900,Ciudad de México,Venustiano Carranza,19.418067,-99.105639
Benzonatato,Caja con 20 Cápsulas de 100 Mg.,S/M,Medicamentos,Medicamentos,83,2026/04/09,Benavides,Farmacias,Farmacia Benavides Sucursal Isla de Montecristo,Av. del Parque 401. Esq. Calle Isla de Montecristo. Col. Lindavista. Cp. 76070,Querétaro,Santiago de Querétaro,20.568451,-100.380021
Bocinas Portátiles,Rnc5. Usb y Bluetooth. Potencia 500 W Rms,Lg,Aparatos Electronicos,Electrodomesticos,5490,2026/04/06,Wal-mart,Supermercado / Tienda de Autoservicio,Walmart Sucursal Aeropuerto,Calz. Ignacio Zaragoza 58. Esq. Blvd. Puerto Aereo. Col. Federal. Cp. 15700,Ciudad de México,Venustiano Carranza,19.41926,-99.094521
Bonviva,Caja con 1 Comprimido de 150 Mg.,S/M,Medicamentos,Medicamentos,2004,2026/04/08,Sanborn S Hnos.,Farmacias,Sanborns Sucursal los Arquitos,Constituyentes Oriente 172. Esq. de los Arquitos. Col. los Arquitos. Cp. 76050,Querétaro,Santiago de Querétaro,20.588117,-100.36869
Brandy,Botella 700 Ml.,Torres 10,Vinos y Licores,Basicos,339,2026/04/10,Superissste,Supermercado / Tienda de Autoservicio,Superissste Sucursal 011,Calle Peluqueros No. 310 Esquina Calle Tizayuca. Col. Michoacana. Cp. 15240,Ciudad de México,Venustiano Carranza,19.446139,-99.113372
Brócoli,1 Kg. Granel,S/M,Hortalizas Frescas,Frutas y Legumbres,49.8,2026/04/10,Superissste,Supermercado / Tienda de Autoservicio,Superissste Sucursal 022,Av. del Taller y Retorno No. 38 Dentro del Retorno 38. Col. Jardin Balbuena. Cp. 15900,Ciudad de México,Venustiano Carranza,19.412842,-99.105666
Buscapina Compositum,Caja con 20 Tabletas de 10 Mg./250 Mg.,S/M,Medicamentos,Medicamentos,440,2026/04/09,Benavides,Farmacias,Farmacia Benavides Sucursal Isla de Montecristo,Av. del Parque 401. Esq. Calle Isla de Montecristo. Col. Lindavista. Cp. 76070,Querétaro,Santiago de Querétaro,20.568451,-100.380021
Butilhioscina,Caja con 10 Tabletas o Grageas de 10 Mg.,S/M,Medicamentos,Medicamentos,54,2026/04/09,Benavides,Farmacias,Farmacia Benavides Sucursal Isla de Montecristo,Av. del Parque 401. Esq. Calle Isla de Montecristo. Col. Lindavista. Cp. 76070,Querétaro,Santiago de Querétaro,20.568451,-100.380021
Cacahuates,Bolsa 200 Gr. Hot Nuts,Barcel,Chocolates y Golosinas,Basicos,45.5,2026/04/06,Hipermercado Soriana,Supermercado / Tienda de Autoservicio,Soriana Hiper Sucursal Consulado (418),Rio Consulado 2355. Esq. Carlos Marx. Col. Simon Bolivar. Cp. 15410,Ciudad de México,Venustiano Carranza,19.449572,-99.100376
Café Soluble,Frasco 120 Gr. Sin Cafeína. Descafeinado,Nescafé. Decaf,Cafe,Basicos,112,2026/04/07,Wal-mart,Supermercado / Tienda de Autoservicio,Walmart Sucursal Unidad Plaza de Toros,Autopista Queretaro Celaya 5501. Int. del Centro Comercial Plaza Esfera. Col. el Jacal. Cp. 76187,Querétaro,Santiago de Querétaro,20.574076,-100.408704
Café Soluble,Frasco 170 Gr. Mezclado con Caramelo,Nescafé. Dolca,Cafe,Basicos,110,2026/04/06,Hipermercado Soriana,Supermercado / Tienda de Autoservicio,Soriana Hiper Sucursal Consulado (418),Rio Consulado 2355. Esq. Carlos Marx. Col. Simon Bolivar. Cp. 15410,Ciudad de México,Venustiano Carranza,19.449572,-99.100376
Café Soluble,Frasco 170 Gr. Sin Cafeína. Descafeinado,Nescafé. Decaf,Cafe,Basicos,160,2026/04/06,Wal-mart,Supermercado / Tienda de Autoservicio,Walmart Sucursal Balbuena,Fray Servando Teresa de Mier 881. Entre Fernando Iglesia Calderon y Genaro Garcia. Col. Jardin Balbuena. Cp. 15900,Ciudad de México,Venustiano Carranza,19.418067,-99.105639
Café Soluble,Frasco 80 Gr. Mezclado con Caramelo,Nescafé. Dolca,Cafe,Basicos,63,2026/04/06,Wal-mart,Supermercado / Tienda de Autoservicio,Walmart Sucursal Balbuena,Fray Servando Teresa de Mier 881. Entre Fernando Iglesia Calderon y Genaro Garcia. Col. Jardin Balbuena. Cp. 15900,Ciudad de México,Venustiano Carranza,19.418067,-99.105639
Café Soluble,Frasco 85 Gr. Tradicional,Los Portales de Córdoba,Cafe,Basicos,95,2026/04/10,Bodega Aurrera,Supermercado / Tienda de Autoservicio,Bodega Aurrera Sucursal Centro Constituyentes,Constituyentes Oriente 334. Entre Pasteur y Manuel Ponce. Col. Mercurio. Cp. 76040,Querétaro,Santiago de Querétaro,20.586349,-100.382801
Café Tostado y Molido,Bolsa 400 Gr. Mezclado con Caramelo,Legal,Cafe,Basicos,96,2026/04/06,Wal-mart,Supermercado / Tienda de Autoservicio,Walmart Sucursal Balbuena,Fray Servando Teresa de Mier 881. Entre Fernando Iglesia Calderon y Genaro Garcia. Col. Jardin Balbuena. Cp. 15900,Ciudad de México,Venustiano Carranza,19.418067,-99.105639
Canesten V,Caja con Tubo con 20 Gr. Crema 2%,S/M,Medicamentos,Medicamentos,163,2026/04/06,Wal-mart,Supermercado / Tienda de Autoservicio,Walmart Sucursal Aeropuerto,Calz. Ignacio Zaragoza 58. Esq. Blvd. Puerto Aereo. Col. Federal. Cp. 15700,Ciudad de México,Venustiano Carranza,19.41926,-99.094521
Carne Cerdo,1 Kg. Granel. Cabeza,S/M,Carne y Visceras de Cerdo,Basicos,52,2026/04/06,Bodega Aurrera,Supermercado / Tienda de Autoservicio,Bodega Aurrera Sucursal la Viga,Calz. de la Viga 136 Esq. del Taller. Col. Lorenzo Boturini. Cp. 15820,Ciudad de México,Venustiano Carranza,19.414749,-99.127874
Carne Cerdo,1 Kg. Granel. Longaniza,S/M,Carnes Frias Secas y Embutidos,Basicos,104,2026/04/15,Chedraui,Supermercado / Tienda de Autoservicio,Chedraui Sucursal Centro Sur,Blvd. Bernardo Quintana 502. Carr. con Direccion a Centro Civico. Col. Centro Sur. Cp. 76087,Querétaro,Santiago de Querétaro,20.569354,-100.358831
Carne Cerdo,1 Kg. Granel. Milanesa o Milanesa de Pierna,S/M,Carne y Visceras de Cerdo,Basicos,119,2026/04/15,Chedraui,Supermercado / Tienda de Autoservicio,Chedraui Sucursal Centro Sur,Blvd. Bernardo Quintana 502. Carr. con Direccion a Centro Civico. Col. Centro Sur. Cp. 76087,Querétaro,Santiago de Querétaro,20.569354,-100.358831
Carne Pollo,1 Kg. Granel. Entero,Bachoco,Carne de Ave,Basicos,39,2026/04/01,Bodega Aurrera,Supermercado / Tienda de Autoservicio,Bodega Aurrera Sucursal Centro Constituyentes,Constituyentes Oriente 334. Entre Pasteur y Manuel Ponce. Col. Mercurio. Cp. 76040,Querétaro,Santiago de Querétaro,20.586349,-100.382801
Carne Pollo,1 Kg. Granel. Entero,Bachoco,Carne de Ave,Basicos,44,2026/04/10,Bodega Aurrera,Supermercado / Tienda de Autoservicio,Bodega Aurrera Sucursal Centro Constituyentes,Constituyentes Oriente 334. Entre Pasteur y Manuel Ponce. Col. Mercurio. Cp. 76040,Querétaro,Santiago de Querétaro,20.586349,-100.382801
Carne Pollo,1 Kg. Granel. Entero,Bachoco,Carne de Ave,Basicos,44,2026/04/13,Hipermercado Soriana,Supermercado / Tienda de Autoservicio,Soriana Hiper Sucursal Cimatario,Ctra. a Huimilpan 1001. Int. del Centro Comercial Plaza del Sol. Col. Plazas del Sol. Iii Seccion. Cp. 76099,Querétaro,Santiago de Querétaro,20.563227,-100.375284
Carne Pollo,1 Kg. Granel. Entero,Bachoco,Carne de Ave,Basicos,45,2026/04/06,Bodega Aurrera,Supermercado / Tienda de Autoservicio,Bodega Aurrera Sucursal la Viga,Calz. de la Viga 136 Esq. del Taller. Col. Lorenzo Boturini. Cp. 15820,Ciudad de México,Venustiano Carranza,19.414749,-99.127874
Carne Pollo,1 Kg. Granel. Entero,Bachoco,Carne de Ave,Basicos,50,2026/04/07,Wal-mart,Supermercado / Tienda de Autoservicio,Walmart Sucursal Unidad Plaza de Toros,Autopista Queretaro Celaya 5501. Int. del Centro Comercial Plaza Esfera. Col. el Jacal. Cp. 76187,Querétaro,Santiago de Querétaro,20.574076,-100.408704
Carne Pollo,1 Kg. Granel. Entero,Bachoco,Carne de Ave,Basicos,50,2026/04/14,Wal-mart,Supermercado / Tienda de Autoservicio,Walmart Sucursal Unidad Plaza de Toros,Autopista Queretaro Celaya 5501. Int. del Centro Comercial Plaza Esfera. Col. el Jacal. Cp. 76187,Querétaro,Santiago de Querétaro,20.574076,-100.408704
Carne Pollo,1 Kg. Granel. Entero,Bachoco,Carne de Ave,Pacic,38.9,2026/04/06,Hipermercado Soriana,Supermercado / Tienda de Autoservicio,Soriana Hiper Sucursal Cimatario,Ctra. a Huimilpan 1001. Int. del Centro Comercial Plaza del Sol. Col. Plazas del Sol. Iii Seccion. Cp. 76099,Querétaro,Santiago de Querétaro,20.563227,-100.375284
Carne Pollo,1 Kg. Granel. Entero,Bachoco,Carne de Ave,Pacic,44,2026/04/13,Hipermercado Soriana,Supermercado / Tienda de Autoservicio,Soriana Hiper Sucursal Cimatario,Ctra. a Huimilpan 1001. Int. del Centro Comercial Plaza del Sol. Col. Plazas del Sol. Iii Seccion. Cp. 76099,Querétaro,Santiago de Querétaro,20.563227,-100.375284
Carne Pollo,1 Kg. Granel. Entero,Bachoco,Carne de Ave,Pacic,50,2026/04/07,Wal-mart,Supermercado / Tienda de Autoservicio,Walmart Sucursal Unidad Plaza de Toros,Autopista Queretaro Celaya 5501. Int. del Centro Comercial Plaza Esfera. Col. el Jacal. Cp. 76187,Querétaro,Santiago de Querétaro,20.574076,-100.408704
Carne Pollo,1 Kg. Granel. Entero,Nutrypollo,Carne de Ave,Basicos,50,2026/04/15,Chedraui,Supermercado / Tienda de Autoservicio,Chedraui Sucursal Centro Sur,Blvd. Bernardo Quintana 502. Carr. con Direccion a Centro Civico. Col. Centro Sur. Cp. 76087,Querétaro,Santiago de Querétaro,20.569354,-100.358831
Carne Pollo,1 Kg. Granel. Entero,Nutrypollo,Carne de Ave,Basicos,59,2026/04/08,Chedraui,Supermercado / Tienda de Autoservicio,Chedraui Sucursal Centro Sur,Blvd. Bernardo Quintana 502. Carr. con Direccion a Centro Civico. Col. Centro Sur. Cp. 76087,Querétaro,Santiago de Querétaro,20.569354,-100.358831
Carne Pollo,1 Kg. Granel. Entero,Nutrypollo,Carne de Ave,Pacic,35.8,2026/04/01,Chedraui,Supermercado / Tienda de Autoservicio,Chedraui Sucursal Centro Sur,Blvd. Bernardo Quintana 502. Carr. con Direccion a Centro Civico. Col. Centro Sur. Cp. 76087,Querétaro,Santiago de Querétaro,20.569354,-100.358831
Carne Pollo,1 Kg. Granel. Entero,Nutrypollo,Carne de Ave,Pacic,50,2026/04/15,Chedraui,Supermercado / Tienda de Autoservicio,Chedraui Sucursal Centro Sur,Blvd. Bernardo Quintana 502. Carr. con Direccion a Centro Civico. Col. Centro Sur. Cp. 76087,Querétaro,Santiago de Querétaro,20.569354,-100.358831
Carne Pollo,1 Kg. Granel. Entero,Nutrypollo,Carne de Ave,Pacic,59,2026/04/08,Chedraui,Supermercado / Tienda de Autoservicio,Chedraui Sucursal Centro Sur,Blvd. Bernardo Quintana 502. Carr. con Direccion a Centro Civico. Col. Centro Sur. Cp. 76087,Querétaro,Santiago de Querétaro,20.569354,-100.358831
Carne Pollo,1 Kg. Granel. Entero,Pilgrim`s,Carne de Ave,Basicos,38.9,2026/04/06,Hipermercado Soriana,Supermercado / Tienda de Autoservicio,Soriana Hiper Sucursal Consulado (418),Rio Consulado 2355. Esq. Carlos Marx. Col. Simon Bolivar. Cp. 15410,Ciudad de México,Venustiano Carranza,19.449572,-99.100376
Carne Pollo,1 Kg. Granel. Entero,Pilgrim`s,Carne de Ave,Basicos,39,2026/04/01,Bodega Aurrera,Supermercado / Tienda de Autoservicio,Bodega Aurrera Sucursal Centro Constituyentes,Constituyentes Oriente 334. Entre Pasteur y Manuel Ponce. Col. Mercurio. Cp. 76040,Querétaro,Santiago de Querétaro,20.586349,-100.382801
Carne Pollo,1 Kg. Granel. Entero,Pilgrim`s,Carne de Ave,Basicos,39,2026/04/06,Bodega Aurrera,Supermercado / Tienda de Autoservicio,Bodega Aurrera Sucursal la Viga,Calz. de la Viga 136 Esq. del Taller. Col. Lorenzo Boturini. Cp. 15820,Ciudad de México,Venustiano Carranza,19.414749,-99.127874
Carne Pollo,1 Kg. Granel. Entero,Pilgrim`s,Carne de Ave,Basicos,44,2026/04/10,Bodega Aurrera,Supermercado / Tienda de Autoservicio,Bodega Aurrera Sucursal Centro Constituyentes,Constituyentes Oriente 334. Entre Pasteur y Manuel Ponce. Col. Mercurio. Cp. 76040,Querétaro,Santiago de Querétaro,20.586349,-100.382801
Carne Pollo,1 Kg. Granel. Entero,Pilgrim`s,Carne de Ave,Basicos,44,2026/04/13,Hipermercado Soriana,Supermercado / Tienda de Autoservicio,Soriana Hiper Sucursal Cimatario,Ctra. a Huimilpan 1001. Int. del Centro Comercial Plaza del Sol. Col. Plazas del Sol. Iii Seccion. Cp. 76099,Querétaro,Santiago de Querétaro,20.563227,-100.375284
Carne Pollo,1 Kg. Granel. Entero,Pilgrim`s,Carne de Ave,Basicos,50,2026/04/06,Wal-mart,Supermercado / Tienda de Autoservicio,Walmart Sucursal Balbuena,Fray Servando Teresa de Mier 881. Entre Fernando Iglesia Calderon y Genaro Garcia. Col. Jardin Balbuena. Cp. 15900,Ciudad de México,Venustiano Carranza,19.418067,-99.105639
Carne Pollo,1 Kg. Granel. Entero,Pilgrim`s,Carne de Ave,Basicos,50,2026/04/07,Wal-mart,Supermercado / Tienda de Autoservicio,Walmart Sucursal Unidad Plaza de Toros,Autopista Queretaro Celaya 5501. Int. del Centro Comercial Plaza Esfera. Col. el Jacal. Cp. 76187,Querétaro,Santiago de Querétaro,20.574076,-100.408704
Carne Pollo,1 Kg. Granel. Entero,Pilgrim`s,Carne de Ave,Basicos,50,2026/04/14,Wal-mart,Supermercado / Tienda de Autoservicio,Walmart Sucursal Unidad Plaza de Toros,Autopista Queretaro Celaya 5501. Int. del Centro Comercial Plaza Esfera. Col. el Jacal. Cp. 76187,Querétaro,Santiago de Querétaro,20.574076,-100.408704
Carne Pollo,1 Kg. Granel. Entero,Pilgrim`s,Carne de Ave,Basicos,50,2026/04/15,Chedraui,Supermercado / Tienda de Autoservicio,Chedraui Sucursal Centro Sur,Blvd. Bernardo Quintana 502. Carr. con Direccion a Centro Civico. Col. Centro Sur. Cp. 76087,Querétaro,Santiago de Querétaro,20.569354,-100.358831
Carne Pollo,1 Kg. Granel. Entero,Pilgrim`s,Carne de Ave,Basicos,59,2026/04/06,Chedraui,Supermercado / Tienda de Autoservicio,Chedraui Sucursal Anfora,Anfora 71. Esq. Eje 1 Norte. Col. Madero. Cp. 15320,Ciudad de México,Venustiano Carranza,19.437353,-99.110088
Carne Pollo,1 Kg. Granel. Entero,Pilgrim`s,Carne de Ave,Basicos,59,2026/04/08,Chedraui,Supermercado / Tienda de Autoservicio,Chedraui Sucursal Centro Sur,Blvd. Bernardo Quintana 502. Carr. con Direccion a Centro Civico. Col. Centro Sur. Cp. 76087,Querétaro,Santiago de Querétaro,20.569354,-100.358831
Carne Pollo,1 Kg. Granel. Entero,Pilgrim`s,Carne de Ave,Pacic,35.8,2026/04/01,Chedraui,Supermercado / Tienda de Autoservicio,Chedraui Sucursal Centro Sur,Blvd. Bernardo Quintana 502. Carr. con Direccion a Centro Civico. Col. Centro Sur. Cp. 76087,Querétaro,Santiago de Querétaro,20.569354,-100.358831
Carne Pollo,1 Kg. Granel. Entero,Pilgrim`s,Carne de Ave,Pacic,38.9,2026/04/06,Hipermercado Soriana,Supermercado / Tienda de Autoservicio,Soriana Hiper Sucursal Cimatario,Ctra. a Huimilpan 1001. Int. del Centro Comercial Plaza del Sol. Col. Plazas del Sol. Iii Seccion. Cp. 76099,Querétaro,Santiago de Querétaro,20.563227,-100.375284
Carne Pollo,1 Kg. Granel. Entero,Pilgrim`s,Carne de Ave,Pacic,38.9,2026/04/06,Hipermercado Soriana,Supermercado / Tienda de Autoservicio,Soriana Hiper Sucursal Consulado (418),Rio Consulado 2355. Esq. Carlos Marx. Col. Simon Bolivar. Cp. 15410,Ciudad de México,Venustiano Carranza,19.449572,-99.100376
Carne Pollo,1 Kg. Granel. Entero,Pilgrim`s,Carne de Ave,Pacic,44,2026/04/13,Hipermercado Soriana,Supermercado / Tienda de Autoservicio,Soriana Hiper Sucursal Cimatario,Ctra. a Huimilpan 1001. Int. del Centro Comercial Plaza del Sol. Col. Plazas del Sol. Iii Seccion. Cp. 76099,Querétaro,Santiago de Querétaro,20.563227,-100.375284
Carne Pollo,1 Kg. Granel. Entero,Pilgrim`s,Carne de Ave,Pacic,50,2026/04/07,Wal-mart,Supermercado / Tienda de Autoservicio,Walmart Sucursal Unidad Plaza de Toros,Autopista Queretaro Celaya 5501. Int. del Centro Comercial Plaza Esfera. Col. el Jacal. Cp. 76187,Querétaro,Santiago de Querétaro,20.574076,-100.408704
Carne Pollo,1 Kg. Granel. Entero,Pilgrim`s,Carne de Ave,Pacic,50,2026/04/15,Chedraui,Supermercado / Tienda de Autoservicio,Chedraui Sucursal Centro Sur,Blvd. Bernardo Quintana 502. Carr. con Direccion a Centro Civico. Col. Centro Sur. Cp. 76087,Querétaro,Santiago de Querétaro,20.569354,-100.358831
Carne Pollo,1 Kg. Granel. Entero,Pilgrim`s,Carne de Ave,Pacic,59,2026/04/06,Chedraui,Supermercado / Tienda de Autoservicio,Chedraui Sucursal Anfora,Anfora 71. Esq. Eje 1 Norte. Col. Madero. Cp. 15320,Ciudad de México,Venustiano Carranza,19.437353,-99.110088
Carne Pollo,1 Kg. Granel. Entero,Pilgrim`s,Carne de Ave,Pacic,59,2026/04/08,Chedraui,Supermercado / Tienda de Autoservicio,Chedraui Sucursal Centro Sur,Blvd. Bernardo Quintana 502. Carr. con Direccion a Centro Civico. Col. Centro Sur. Cp. 76087,Querétaro,Santiago de Querétaro,20.569354,-100.358831
Carne Pollo,1 Kg. Granel. Entero. con Vísceras o Tipo Super o Entero Supermercado o Canal Entera,S/M,Carne de Ave,Basicos,39,2026/04/01,Bodega Aurrera,Supermercado / Tienda de Autoservicio,Bodega Aurrera Sucursal Centro Constituyentes,Constituyentes Oriente 334. Entre Pasteur y Manuel Ponce. Col. Mercurio. Cp. 76040,Querétaro,Santiago de Querétaro,20.586349,-100.382801
Carne Pollo,1 Kg. Granel. Entero. con Vísceras o Tipo Super o Entero Supermercado o Canal Entera,S/M,Carne de Ave,Basicos,44,2026/04/10,Bodega Aurrera,Supermercado / Tienda de Autoservicio,Bodega Aurrera Sucursal Centro Constituyentes,Constituyentes Oriente 334. Entre Pasteur y Manuel Ponce. Col. Mercurio. Cp. 76040,Querétaro,Santiago de Querétaro,20.586349,-100.382801
Carne Pollo,1 Kg. Granel. Entero. con Vísceras o Tipo Super o Entero Supermercado o Canal Entera,S/M,Carne de Ave,Basicos,44,2026/04/13,Hipermercado Soriana,Supermercado / Tienda de Autoservicio,Soriana Hiper Sucursal Cimatario,Ctra. a Huimilpan 1001. Int. del Centro Comercial Plaza del Sol. Col. Plazas del Sol. Iii Seccion. Cp. 76099,Querétaro,Santiago de Querétaro,20.563227,-100.375284
Carne Pollo,1 Kg. Granel. Entero. con Vísceras o Tipo Super o Entero Supermercado o Canal Entera,S/M,Carne de Ave,Basicos,50,2026/04/06,Wal-mart,Supermercado / Tienda de Autoservicio,Walmart Sucursal Aeropuerto,Calz. Ignacio Zaragoza 58. Esq. Blvd. Puerto Aereo. Col. Federal. Cp. 15700,Ciudad de México,Venustiano Carranza,19.41926,-99.094521
Carne Pollo,1 Kg. Granel. Entero. con Vísceras o Tipo Super o Entero Supermercado o Canal Entera,S/M,Carne de Ave,Basicos,50,2026/04/07,Wal-mart,Supermercado / Tienda de Autoservicio,Walmart Sucursal Unidad Plaza de Toros,Autopista Queretaro Celaya 5501. Int. del Centro Comercial Plaza Esfera. Col. el Jacal. Cp. 76187,Querétaro,Santiago de Querétaro,20.574076,-100.408704
Carne Pollo,1 Kg. Granel. Entero. con Vísceras o Tipo Super o Entero Supermercado o Canal Entera,S/M,Carne de Ave,Basicos,50,2026/04/14,Wal-mart,Supermercado / Tienda de Autoservicio,Walmart Sucursal Unidad Plaza de Toros,Autopista Queretaro Celaya 5501. Int. del Centro Comercial Plaza Esfera. Col. el Jacal. Cp. 76187,Querétaro,Santiago de Querétaro,20.574076,-100.408704
Carne Pollo,1 Kg. Granel. Entero. con Vísceras o Tipo Super o Entero Supermercado o Canal Entera,S/M,Carne de Ave,Basicos,50,2026/04/15,Chedraui,Supermercado / Tienda de Autoservicio,Chedraui Sucursal Centro Sur,Blvd. Bernardo Quintana 502. Carr. con Direccion a Centro Civico. Col. Centro Sur. Cp. 76087,Querétaro,Santiago de Querétaro,20.569354,-100.358831
Carne Pollo,1 Kg. Granel. Entero. con Vísceras o Tipo Super o Entero Supermercado o Canal Entera,S/M,Carne de Ave,Basicos,59,2026/04/08,Chedraui,Supermercado / Tienda de Autoservicio,Chedraui Sucursal Centro Sur,Blvd. Bernardo Quintana 502. Carr. con Direccion a Centro Civico. Col. Centro Sur. Cp. 76087,Querétaro,Santiago de Querétaro,20.569354,-100.358831
Carne Pollo,1 Kg. Granel. Entero. con Vísceras o Tipo Super o Entero Supermercado o Canal Entera,S/M,Carne de Ave,Pacic,35.8,2026/04/01,Chedraui,Supermercado / Tienda de Autoservicio,Chedraui Sucursal Centro Sur,Blvd. Bernardo Quintana 502. Carr. con Direccion a Centro Civico. Col. Centro Sur. Cp. 76087,Querétaro,Santiago de Querétaro,20.569354,-100.358831
Carne Pollo,1 Kg. Granel. Entero. con Vísceras o Tipo Super o Entero Supermercado o Canal Entera,S/M,Carne de Ave,Pacic,38,2026/04/01,La Comer,Supermercado / Tienda de Autoservicio,Lacomer Sucursal Queretaro Estadio,Luis M. Vega y Monroy 1300. Esq.cimatario . Col. Cimatario. Cp. 76090,Querétaro,Santiago de Querétaro,20.577804,-100.373626
Carne Pollo,1 Kg. Granel. Entero. con Vísceras o Tipo Super o Entero Supermercado o Canal Entera,S/M,Carne de Ave,Pacic,38,2026/04/09,La Comer,Supermercado / Tienda de Autoservicio,Lacomer Sucursal Queretaro Estadio,Luis M. Vega y Monroy 1300. Esq.cimatario . Col. Cimatario. Cp. 76090,Querétaro,Santiago de Querétaro,20.577804,-100.373626
Carne Pollo,1 Kg. Granel. Entero. con Vísceras o Tipo Super o Entero Supermercado o Canal Entera,S/M,Carne de Ave,Pacic,38.9,2026/04/06,Hipermercado Soriana,Supermercado / Tienda de Autoservicio,Soriana Hiper Sucursal Cimatario,Ctra. a Huimilpan 1001. Int. del Centro Comercial Plaza del Sol. Col. Plazas del Sol. Iii Seccion. Cp. 76099,Querétaro,Santiago de Querétaro,20.563227,-100.375284
Carne Pollo,1 Kg. Granel. Entero. con Vísceras o Tipo Super o Entero Supermercado o Canal Entera,S/M,Carne de Ave,Pacic,39,2026/04/01,Bodega Aurrera,Supermercado / Tienda de Autoservicio,Bodega Aurrera Sucursal Centro Constituyentes,Constituyentes Oriente 334. Entre Pasteur y Manuel Ponce. Col. Mercurio. Cp. 76040,Querétaro,Santiago de Querétaro,20.586349,-100.382801
Carne Pollo,1 Kg. Granel. Entero. con Vísceras o Tipo Super o Entero Supermercado o Canal Entera,S/M,Carne de Ave,Pacic,39,2026/04/06,Bodega Aurrera,Supermercado / Tienda de Autoservicio,Bodega Aurrera Sucursal la Viga,Calz. de la Viga 136 Esq. del Taller. Col. Lorenzo Boturini. Cp. 15820,Ciudad de México,Venustiano Carranza,19.414749,-99.127874
Carne Pollo,1 Kg. Granel. Entero. con Vísceras o Tipo Super o Entero Supermercado o Canal Entera,S/M,Carne de Ave,Pacic,44,2026/04/10,Bodega Aurrera,Supermercado / Tienda de Autoservicio,Bodega Aurrera Sucursal Centro Constituyentes,Constituyentes Oriente 334. Entre Pasteur y Manuel Ponce. Col. Mercurio. Cp. 76040,Querétaro,Santiago de Querétaro,20.586349,-100.382801
Carne Pollo,1 Kg. Granel. Entero. con Vísceras o Tipo Super o Entero Supermercado o Canal Entera,S/M,Carne de Ave,Pacic,44,2026/04/13,Hipermercado Soriana,Supermercado / Tienda de Autoservicio,Soriana Hiper Sucursal Cimatario,Ctra. a Huimilpan 1001. Int. del Centro Comercial Plaza del Sol. Col. Plazas del Sol. Iii Seccion. Cp. 76099,Querétaro,Santiago de Querétaro,20.563227,-100.375284
Carne Pollo,1 Kg. Granel. Entero. con Vísceras o Tipo Super o Entero Supermercado o Canal Entera,S/M,Carne de Ave,Pacic,50,2026/04/01,Wal-mart,Supermercado / Tienda de Autoservicio,Walmart Sucursal Unidad Plaza de Toros,Autopista Queretaro Celaya 5501. Int. del Centro Comercial Plaza Esfera. Col. el Jacal. Cp. 76187,Querétaro,Santiago de Querétaro,20.574076,-100.408704
Carne Pollo,1 Kg. Granel. Entero. con Vísceras o Tipo Super o Entero Supermercado o Canal Entera,S/M,Carne de Ave,Pacic,50,2026/04/06,Wal-mart,Supermercado / Tienda de Autoservicio,Walmart Sucursal Aeropuerto,Calz. Ignacio Zaragoza 58. Esq. Blvd. Puerto Aereo. Col. Federal. Cp. 15700,Ciudad de México,Venustiano Carranza,19.41926,-99.094521
Carne Pollo,1 Kg. Granel. Entero. con Vísceras o Tipo Super o Entero Supermercado o Canal Entera,S/M,Carne de Ave,Pacic,50,2026/04/06,Wal-mart,Supermercado / Tienda de Autoservicio,Walmart Sucursal Balbuena,Fray Servando Teresa de Mier 881. Entre Fernando Iglesia Calderon y Genaro Garcia. Col. Jardin Balbuena. Cp. 15900,Ciudad de México,Venustiano Carranza,19.418067,-99.105639
Carne Pollo,1 Kg. Granel. Entero. con Vísceras o Tipo Super o Entero Supermercado o Canal Entera,S/M,Carne de Ave,Pacic,50,2026/04/07,Wal-mart,Supermercado / Tienda de Autoservicio,Walmart Sucursal Unidad Plaza de Toros,Autopista Queretaro Celaya 5501. Int. del Centro Comercial Plaza Esfera. Col. el Jacal. Cp. 76187,Querétaro,Santiago de Querétaro,20.574076,-100.408704
Carne Pollo,1 Kg. Granel. Entero. con Vísceras o Tipo Super o Entero Supermercado o Canal Entera,S/M,Carne de Ave,Pacic,50,2026/04/14,Wal-mart,Supermercado / Tienda de Autoservicio,Walmart Sucursal Unidad Plaza de Toros,Autopista Queretaro Celaya 5501. Int. del Centro Comercial Plaza Esfera. Col. el Jacal. Cp. 76187,Querétaro,Santiago de Querétaro,20.574076,-100.408704
Carne Pollo,1 Kg. Granel. Entero. con Vísceras o Tipo Super o Entero Supermercado o Canal Entera,S/M,Carne de Ave,Pacic,50,2026/04/15,Chedraui,Supermercado / Tienda de Autoservicio,Chedraui Sucursal Centro Sur,Blvd. Bernardo Quintana 502. Carr. con Direccion a Centro Civico. Col. Centro Sur. Cp. 76087,Querétaro,Santiago de Querétaro,20.569354,-100.358831
Carne Pollo,1 Kg. Granel. Entero. con Vísceras o Tipo Super o Entero Supermercado o Canal Entera,S/M,Carne de Ave,Pacic,59,2026/04/08,Chedraui,Supermercado / Tienda de Autoservicio,Chedraui Sucursal Centro Sur,Blvd. Bernardo Quintana 502. Carr. con Direccion a Centro Civico. Col. Centro Sur. Cp. 76087,Querétaro,Santiago de Querétaro,20.569354,-100.358831
Carne Pollo,1 Kg. Granel. Muslo (con Piel),S/M,Carne de Ave,Basicos,102,2026/04/06,Wal-mart,Supermercado / Tienda de Autoservicio,Walmart Sucursal Aeropuerto,Calz. Ignacio Zaragoza 58. Esq. Blvd. Puerto Aereo. Col. Federal. Cp. 15700,Ciudad de México,Venustiano Carranza,19.41926,-99.094521
Carne Pollo,1 Kg. Granel. Muslo (con Piel),S/M,Carne de Ave,Basicos,102,2026/04/06,Wal-mart,Supermercado / Tienda de Autoservicio,Walmart Sucursal Balbuena,Fray Servando Teresa de Mier 881. Entre Fernando Iglesia Calderon y Genaro Garcia. Col. Jardin Balbuena. Cp. 15900,Ciudad de México,Venustiano Carranza,19.418067,-99.105639
Carne Pollo,1 Kg. Granel. Muslo (con Piel),S/M,Carne de Ave,Basicos,102,2026/04/07,Wal-mart,Supermercado / Tienda de Autoservicio,Walmart Sucursal Unidad Plaza de Toros,Autopista Queretaro Celaya 5501. Int. del Centro Comercial Plaza Esfera. Col. el Jacal. Cp. 76187,Querétaro,Santiago de Querétaro,20.574076,-100.408704
Carne Pollo,1 Kg. Granel. Muslo (con Piel),S/M,Carne de Ave,Basicos,102,2026/04/15,Chedraui,Supermercado / Tienda de Autoservicio,Chedraui Sucursal Centro Sur,Blvd. Bernardo Quintana 502. Carr. con Direccion a Centro Civico. Col. Centro Sur. Cp. 76087,Querétaro,Santiago de Querétaro,20.569354,-100.358831
Carne Pollo,1 Kg. Granel. Muslo (con Piel),S/M,Carne de Ave,Basicos,99,2026/04/01,Bodega Aurrera,Supermercado / Tienda de Autoservicio,Bodega Aurrera Sucursal Centro Constituyentes,Constituyentes Oriente 334. Entre Pasteur y Manuel Ponce. Col. Mercurio. Cp. 76040,Querétaro,Santiago de Querétaro,20.586349,-100.382801
Carne Pollo,1 Kg. Granel. Muslo (con Piel),S/M,Carne de Ave,Basicos,99,2026/04/09,La Comer,Supermercado / Tienda de Autoservicio,Lacomer Sucursal Queretaro Estadio,Luis M. Vega y Monroy 1300. Esq.cimatario . Col. Cimatario. Cp. 76090,Querétaro,Santiago de Querétaro,20.577804,-100.373626
Carne Pollo,1 Kg. Granel. Muslo (con Piel),S/M,Carne de Ave,Basicos,99,2026/04/10,Bodega Aurrera,Supermercado / Tienda de Autoservicio,Bodega Aurrera Sucursal Centro Constituyentes,Constituyentes Oriente 334. Entre Pasteur y Manuel Ponce. Col. Mercurio. Cp. 76040,Querétaro,Santiago de Querétaro,20.586349,-100.382801
Carne Pollo,1 Kg. Granel. Muslo (sin Piel) o Light,S/M,Carne de Ave,Basicos,106,2026/04/06,Chedraui,Supermercado / Tienda de Autoservicio,Chedraui Sucursal Anfora,Anfora 71. Esq. Eje 1 Norte. Col. Madero. Cp. 15320,Ciudad de México,Venustiano Carranza,19.437353,-99.110088
Carne Pollo,1 Kg. Granel. Muslo (sin Piel) o Light,S/M,Carne de Ave,Basicos,107.9,2026/04/13,Hipermercado Soriana,Supermercado / Tienda de Autoservicio,Soriana Hiper Sucursal Cimatario,Ctra. a Huimilpan 1001. Int. del Centro Comercial Plaza del Sol. Col. Plazas del Sol. Iii Seccion. Cp. 76099,Querétaro,Santiago de Querétaro,20.563227,-100.375284
Carne Pollo,1 Kg. Granel. Muslo (sin Piel) o Light,S/M,Carne de Ave,Basicos,109,2026/04/06,Wal-mart,Supermercado / Tienda de Autoservicio,Walmart Sucursal Aeropuerto,Calz. Ignacio Zaragoza 58. Esq. Blvd. Puerto Aereo. Col. Federal. Cp. 15700,Ciudad de México,Venustiano Carranza,19.41926,-99.094521
Carne Pollo,1 Kg. Granel. Muslo (sin Piel) o Light,S/M,Carne de Ave,Basicos,109,2026/04/09,La Comer,Supermercado / Tienda de Autoservicio,Lacomer Sucursal Queretaro Estadio,Luis M. Vega y Monroy 1300. Esq.cimatario . Col. Cimatario. Cp. 76090,Querétaro,Santiago de Querétaro,20.577804,-100.373626
Carne Pollo,1 Kg. Granel. Pechuga Sin Hueso (sin Piel),S/M,Carne de Ave,Basicos,148,2026/04/06,Chedraui,Supermercado / Tienda de Autoservicio,Chedraui Sucursal Anfora,Anfora 71. Esq. Eje 1 Norte. Col. Madero. Cp. 15320,Ciudad de México,Venustiano Carranza,19.437353,-99.110088
Carne Pollo,1 Kg. Granel. Pechuga Sin Hueso (sin Piel),S/M,Carne de Ave,Basicos,162,2026/04/06,Wal-mart,Supermercado / Tienda de Autoservicio,Walmart Sucursal Aeropuerto,Calz. Ignacio Zaragoza 58. Esq. Blvd. Puerto Aereo. Col. Federal. Cp. 15700,Ciudad de México,Venustiano Carranza,19.41926,-99.094521
Carne Pollo,1 Kg. Granel. Pechuga Sin Hueso (sin Piel),S/M,Carne de Ave,Basicos,164,2026/04/07,Wal-mart,Supermercado / Tienda de Autoservicio,Walmart Sucursal Unidad Plaza de Toros,Autopista Queretaro Celaya 5501. Int. del Centro Comercial Plaza Esfera. Col. el Jacal. Cp. 76187,Querétaro,Santiago de Querétaro,20.574076,-100.408704
Carne Pollo,1 Kg. Granel. Pechuga Sin Hueso (sin Piel),S/M,Carne de Ave,Basicos,168,2026/04/10,Bodega Aurrera,Supermercado / Tienda de Autoservicio,Bodega Aurrera Sucursal Centro Constituyentes,Constituyentes Oriente 334. Entre Pasteur y Manuel Ponce. Col. Mercurio. Cp. 76040,Querétaro,Santiago de Querétaro,20.586349,-100.382801
Carne Pollo,1 Kg. Granel. Pechuga Sin Hueso (sin Piel),S/M,Carne de Ave,Basicos,169,2026/04/14,Wal-mart,Supermercado / Tienda de Autoservicio,Walmart Sucursal Unidad Plaza de Toros,Autopista Queretaro Celaya 5501. Int. del Centro Comercial Plaza Esfera. Col. el Jacal. Cp. 76187,Querétaro,Santiago de Querétaro,20.574076,-100.408704
Carne Pollo,1 Kg. Granel. Pechuga Sin Hueso (sin Piel),S/M,Carne de Ave,Basicos,169,2026/04/15,Chedraui,Supermercado / Tienda de Autoservicio,Chedraui Sucursal Centro Sur,Blvd. Bernardo Quintana 502. Carr. con Direccion a Centro Civico. Col. Centro Sur. Cp. 76087,Querétaro,Santiago de Querétaro,20.569354,-100.358831
Carne Pollo,1 Kg. Granel. Pechuga Sin Hueso (sin Piel),S/M,Carne de Ave,Basicos,191,2026/04/08,Chedraui,Supermercado / Tienda de Autoservicio,Chedraui Sucursal Centro Sur,Blvd. Bernardo Quintana 502. Carr. con Direccion a Centro Civico. Col. Centro Sur. Cp. 76087,Querétaro,Santiago de Querétaro,20.569354,-100.358831
Carne Pollo,1 Kg. Granel. Pechuga con Hueso o Anatómica o Sin Rabadilla (con Piel),S/M,Carne de Ave,Basicos,140,2026/04/06,Wal-mart,Supermercado / Tienda de Autoservicio,Walmart Sucursal Aeropuerto,Calz. Ignacio Zaragoza 58. Esq. Blvd. Puerto Aereo. Col. Federal. Cp. 15700,Ciudad de México,Venustiano Carranza,19.41926,-99.094521
Carne Pollo,1 Kg. Granel. Pechuga con Hueso o Anatómica o Sin Rabadilla (con Piel),S/M,Carne de Ave,Basicos,140,2026/04/06,Wal-mart,Supermercado / Tienda de Autoservicio,Walmart Sucursal Balbuena,Fray Servando Teresa de Mier 881. Entre Fernando Iglesia Calderon y Genaro Garcia. Col. Jardin Balbuena. Cp. 15900,Ciudad de México,Venustiano Carranza,19.418067,-99.105639
Carne Pollo,1 Kg. Granel. Pechuga con Hueso o Anatómica o Sin Rabadilla (con Piel),S/M,Carne de Ave,Basicos,142,2026/04/06,Bodega Aurrera,Supermercado / Tienda de Autoservicio,Bodega Aurrera Sucursal la Viga,Calz. de la Viga 136 Esq. del Taller. Col. Lorenzo Boturini. Cp. 15820,Ciudad de México,Venustiano Carranza,19.414749,-99.127874
Carne Pollo,1 Kg. Granel. Pechuga con Hueso o Anatómica o Sin Rabadilla (con Piel),S/M,Carne de Ave,Basicos,144,2026/04/07,Wal-mart,Supermercado / Tienda de Autoservicio,Walmart Sucursal Unidad Plaza de Toros,Autopista Queretaro Celaya 5501. Int. del Centro Comercial Plaza Esfera. Col. el Jacal. Cp. 76187,Querétaro,Santiago de Querétaro,20.574076,-100.408704
Carne Pollo,1 Kg. Granel. Pechuga con Hueso o Anatómica o Sin Rabadilla (con Piel),S/M,Carne de Ave,Basicos,148,2026/04/10,Bodega Aurrera,Supermercado / Tienda de Autoservicio,Bodega Aurrera Sucursal Centro Constituyentes,Constituyentes Oriente 334. Entre Pasteur y Manuel Ponce. Col. Mercurio. Cp. 76040,Querétaro,Santiago de Querétaro,20.586349,-100.382801
Carne Pollo,1 Kg. Granel. Pechuga con Hueso o Anatómica o Sin Rabadilla (con Piel),S/M,Carne de Ave,Basicos,149,2026/04/09,La Comer,Supermercado / Tienda de Autoservicio,Lacomer Sucursal Queretaro Estadio,Luis M. Vega y Monroy 1300. Esq.cimatario . Col. Cimatario. Cp. 76090,Querétaro,Santiago de Querétaro,20.577804,-100.373626
Carne Pollo,1 Kg. Granel. Pechuga con Hueso o Anatómica o Sin Rabadilla (con Piel),S/M,Carne de Ave,Basicos,154,2026/04/14,Wal-mart,Supermercado / Tienda de Autoservicio,Walmart Sucursal Unidad Plaza de Toros,Autopista Queretaro Celaya 5501. Int. del Centro Comercial Plaza Esfera. Col. el Jacal. Cp. 76187,Querétaro,Santiago de Querétaro,20.574076,-100.408704
Carne Pollo,1 Kg. Granel. Pechuga con Hueso o Anatómica o Sin Rabadilla (con Piel),S/M,Carne de Ave,Basicos,161,2026/04/08,Chedraui,Supermercado / Tienda de Autoservicio,Chedraui Sucursal Centro Sur,Blvd. Bernardo Quintana 502. Carr. con Direccion a Centro Civico. Col. Centro Sur. Cp. 76087,Querétaro,Santiago de Querétaro,20.569354,-100.358831
Carne Pollo,1 Kg. Granel. Pechuga. Corte Americano,S/M,Carne de Ave,Basicos,107.9,2026/04/06,Hipermercado Soriana,Supermercado / Tienda de Autoservicio,Soriana Hiper Sucursal Consulado (418),Rio Consulado 2355. Esq. Carlos Marx. Col. Simon Bolivar. Cp. 15410,Ciudad de México,Venustiano Carranza,19.449572,-99.100376
Carne Pollo,1 Kg. Granel. Pechuga. Corte Americano,S/M,Carne de Ave,Basicos,107.9,2026/04/13,Hipermercado Soriana,Supermercado / Tienda de Autoservicio,Soriana Hiper Sucursal Cimatario,Ctra. a Huimilpan 1001. Int. del Centro Comercial Plaza del Sol. Col. Plazas del Sol. Iii Seccion. Cp. 76099,Querétaro,Santiago de Querétaro,20.563227,-100.375284
Carne Pollo,1 Kg. Granel. Pechuga. Corte Americano,S/M,Carne de Ave,Basicos,109,2026/04/09,La Comer,Supermercado / Tienda de Autoservicio,Lacomer Sucursal Queretaro Estadio,Luis M. Vega y Monroy 1300. Esq.cimatario . Col. Cimatario. Cp. 76090,Querétaro,Santiago de Querétaro,20.577804,-100.373626
Carne Pollo,1 Kg. Granel. Pechuga. Corte Americano,S/M,Carne de Ave,Basicos,88,2026/04/01,Bodega Aurrera,Supermercado / Tienda de Autoservicio,Bodega Aurrera Sucursal Centro Constituyentes,Constituyentes Oriente 334. Entre Pasteur y Manuel Ponce. Col. Mercurio. Cp. 76040,Querétaro,Santiago de Querétaro,20.586349,-100.382801
Carne Pollo,1 Kg. Granel. Pechuga. Corte Americano,S/M,Carne de Ave,Basicos,88,2026/04/06,Bodega Aurrera,Supermercado / Tienda de Autoservicio,Bodega Aurrera Sucursal la Viga,Calz. de la Viga 136 Esq. del Taller. Col. Lorenzo Boturini. Cp. 15820,Ciudad de México,Venustiano Carranza,19.414749,-99.127874
Carne Pollo,1 Kg. Granel. Pechuga. Corte Americano,S/M,Carne de Ave,Basicos,92,2026/04/10,Bodega Aurrera,Supermercado / Tienda de Autoservicio,Bodega Aurrera Sucursal Centro Constituyentes,Constituyentes Oriente 334. Entre Pasteur y Manuel Ponce. Col. Mercurio. Cp. 76040,Querétaro,Santiago de Querétaro,20.586349,-100.382801
Carne Pollo,1 Kg. Granel. Pechuga. Corte Americano,S/M,Carne de Ave,Basicos,94.9,2026/04/06,Chedraui,Supermercado / Tienda de Autoservicio,Chedraui Sucursal Anfora,Anfora 71. Esq. Eje 1 Norte. Col. Madero. Cp. 15320,Ciudad de México,Venustiano Carranza,19.437353,-99.110088
Carne Pollo,1 Kg. Granel. Pechuga. Corte Americano,S/M,Carne de Ave,Basicos,94.9,2026/04/15,Chedraui,Supermercado / Tienda de Autoservicio,Chedraui Sucursal Centro Sur,Blvd. Bernardo Quintana 502. Carr. con Direccion a Centro Civico. Col. Centro Sur. Cp. 76087,Querétaro,Santiago de Querétaro,20.569354,-100.358831
Carne Pollo,1 Kg. Granel. Pechuga. Corte Americano,S/M,Carne de Ave,Basicos,99,2026/04/06,Wal-mart,Supermercado / Tienda de Autoservicio,Walmart Sucursal Aeropuerto,Calz. Ignacio Zaragoza 58. Esq. Blvd. Puerto Aereo. Col. Federal. Cp. 15700,Ciudad de México,Venustiano Carranza,19.41926,-99.094521
Carne Pollo,1 Kg. Granel. Pechuga. Filete,S/M,Carne de Ave,Basicos,218,2026/04/09,La Comer,Supermercado / Tienda de Autoservicio,Lacomer Sucursal Queretaro Estadio,Luis M. Vega y Monroy 1300. Esq.cimatario . Col. Cimatario. Cp. 76090,Querétaro,Santiago de Querétaro,20.577804,-100.373626
Carne Pollo,1 Kg. Granel. Pierna con Muslo. Corte Americano,S/M,Carne de Ave,Pacic,29.8,2026/04/08,Chedraui,Supermercado / Tienda de Autoservicio,Chedraui Sucursal Centro Sur,Blvd. Bernardo Quintana 502. Carr. con Direccion a Centro Civico. Col. Centro Sur. Cp. 76087,Querétaro,Santiago de Querétaro,20.569354,-100.358831
Carne Pollo,1 Kg. Granel. Pierna con Muslo. Corte Americano,S/M,Carne de Ave,Pacic,30,2026/04/01,Bodega Aurrera,Supermercado / Tienda de Autoservicio,Bodega Aurrera Sucursal Centro Constituyentes,Constituyentes Oriente 334. Entre Pasteur y Manuel Ponce. Col. Mercurio. Cp. 76040,Querétaro,Santiago de Querétaro,20.586349,-100.382801
Carne Pollo,1 Kg. Granel. Pierna con Muslo. Corte Americano,S/M,Carne de Ave,Pacic,30,2026/04/06,Bodega Aurrera,Supermercado / Tienda de Autoservicio,Bodega Aurrera Sucursal la Viga,Calz. de la Viga 136 Esq. del Taller. Col. Lorenzo Boturini. Cp. 15820,Ciudad de México,Venustiano Carranza,19.414749,-99.127874
Carne Pollo,1 Kg. Granel. Pierna con Muslo. Corte Americano,S/M,Carne de Ave,Pacic,31.9,2026/04/01,Chedraui,Supermercado / Tienda de Autoservicio,Chedraui Sucursal Centro Sur,Blvd. Bernardo Quintana 502. Carr. con Direccion a Centro Civico. Col. Centro Sur. Cp. 76087,Querétaro,Santiago de Querétaro,20.569354,-100.358831
Carne Pollo,1 Kg. Granel. Pierna con Muslo. Corte Americano,S/M,Carne de Ave,Pacic,32,2026/04/10,Bodega Aurrera,Supermercado / Tienda de Autoservicio,Bodega Aurrera Sucursal Centro Constituyentes,Constituyentes Oriente 334. Entre Pasteur y Manuel Ponce. Col. Mercurio. Cp. 76040,Querétaro,Santiago de Querétaro,20.586349,-100.382801
Carne Pollo,1 Kg. Granel. Pierna con Muslo. Corte Americano,S/M,Carne de Ave,Pacic,34.9,2026/04/06,Hipermercado Soriana,Supermercado / Tienda de Autoservicio,Soriana Hiper Sucursal Cimatario,Ctra. a Huimilpan 1001. Int. del Centro Comercial Plaza del Sol. Col. Plazas del Sol. Iii Seccion. Cp. 76099,Querétaro,Santiago de Querétaro,20.563227,-100.375284
Carne Pollo,1 Kg. Granel. Pierna con Muslo. Corte Americano,S/M,Carne de Ave,Pacic,34.9,2026/04/13,Hipermercado Soriana,Supermercado / Tienda de Autoservicio,Soriana Hiper Sucursal Cimatario,Ctra. a Huimilpan 1001. Int. del Centro Comercial Plaza del Sol. Col. Plazas del Sol. Iii Seccion. Cp. 76099,Querétaro,Santiago de Querétaro,20.563227,-100.375284
Carne Pollo,1 Kg. Granel. Pierna con Muslo. Corte Americano,S/M,Carne de Ave,Pacic,38,2026/04/01,Wal-mart,Supermercado / Tienda de Autoservicio,Walmart Sucursal Unidad Plaza de Toros,Autopista Queretaro Celaya 5501. Int. del Centro Comercial Plaza Esfera. Col. el Jacal. Cp. 76187,Querétaro,Santiago de Querétaro,20.574076,-100.408704
Carne Pollo,1 Kg. Granel. Pierna con Muslo. Corte Americano,S/M,Carne de Ave,Pacic,38,2026/04/06,Wal-mart,Supermercado / Tienda de Autoservicio,Walmart Sucursal Aeropuerto,Calz. Ignacio Zaragoza 58. Esq. Blvd. Puerto Aereo. Col. Federal. Cp. 15700,Ciudad de México,Venustiano Carranza,19.41926,-99.094521
Carne Pollo,1 Kg. Granel. Pierna con Muslo. Corte Americano,S/M,Carne de Ave,Pacic,38,2026/04/06,Wal-mart,Supermercado / Tienda de Autoservicio,Walmart Sucursal Balbuena,Fray Servando Teresa de Mier 881. Entre Fernando Iglesia Calderon y Genaro Garcia. Col. Jardin Balbuena. Cp. 15900,Ciudad de México,Venustiano Carranza,19.418067,-99.105639
Carne Pollo,1 Kg. Granel. Pierna con Muslo. Corte Americano,S/M,Carne de Ave,Pacic,38,2026/04/07,Wal-mart,Supermercado / Tienda de Autoservicio,Walmart Sucursal Unidad Plaza de Toros,Autopista Queretaro Celaya 5501. Int. del Centro Comercial Plaza Esfera. Col. el Jacal. Cp. 76187,Querétaro,Santiago de Querétaro,20.574076,-100.408704
Carne Pollo,1 Kg. Granel. Pierna con Muslo. Corte Americano,S/M,Carne de Ave,Pacic,38,2026/04/14,Wal-mart,Supermercado / Tienda de Autoservicio,Walmart Sucursal Unidad Plaza de Toros,Autopista Queretaro Celaya 5501. Int. del Centro Comercial Plaza Esfera. Col. el Jacal. Cp. 76187,Querétaro,Santiago de Querétaro,20.574076,-100.408704
Carne Pollo,1 Kg. Granel. Pierna con Muslo. Corte Americano,S/M,Carne de Ave,Pacic,39,2026/04/06,Chedraui,Supermercado / Tienda de Autoservicio,Chedraui Sucursal Anfora,Anfora 71. Esq. Eje 1 Norte. Col. Madero. Cp. 15320,Ciudad de México,Venustiano Carranza,19.437353,-99.110088
Carne Pollo,1 Kg. Granel. Pierna con Muslo. Pigmentada,S/M,Carne de Ave,Pacic,29.9,2026/04/06,Hipermercado Soriana,Supermercado / Tienda de Autoservicio,Soriana Hiper Sucursal Cimatario,Ctra. a Huimilpan 1001. Int. del Centro Comercial Plaza del Sol. Col. Plazas del Sol. Iii Seccion. Cp. 76099,Querétaro,Santiago de Querétaro,20.563227,-100.375284
Carne Pollo,1 Kg. Granel. Pierna con Muslo. Pigmentada,S/M,Carne de Ave,Pacic,29.9,2026/04/06,Hipermercado Soriana,Supermercado / Tienda de Autoservicio,Soriana Hiper Sucursal Consulado (418),Rio Consulado 2355. Esq. Carlos Marx. Col. Simon Bolivar. Cp. 15410,Ciudad de México,Venustiano Carranza,19.449572,-99.100376
Carne Pollo,1 Kg. Granel. Pierna con Muslo. Pigmentada,S/M,Carne de Ave,Pacic,29.9,2026/04/13,Hipermercado Soriana,Supermercado / Tienda de Autoservicio,Soriana Hiper Sucursal Cimatario,Ctra. a Huimilpan 1001. Int. del Centro Comercial Plaza del Sol. Col. Plazas del Sol. Iii Seccion. Cp. 76099,Querétaro,Santiago de Querétaro,20.563227,-100.375284
Carne Pollo,1 Kg. Granel. Pierna o Pierna Bate,S/M,Carne de Ave,Basicos,102,2026/04/06,Wal-mart,Supermercado / Tienda de Autoservicio,Walmart Sucursal Aeropuerto,Calz. Ignacio Zaragoza 58. Esq. Blvd. Puerto Aereo. Col. Federal. Cp. 15700,Ciudad de México,Venustiano Carranza,19.41926,-99.094521
Carne Pollo,1 Kg. Granel. Pierna o Pierna Bate,S/M,Carne de Ave,Basicos,102,2026/04/06,Wal-mart,Supermercado / Tienda de Autoservicio,Walmart Sucursal Balbuena,Fray Servando Teresa de Mier 881. Entre Fernando Iglesia Calderon y Genaro Garcia. Col. Jardin Balbuena. Cp. 15900,Ciudad de México,Venustiano Carranza,19.418067,-99.105639
Carne Pollo,1 Kg. Granel. Pierna o Pierna Bate,S/M,Carne de Ave,Basicos,102,2026/04/07,Wal-mart,Supermercado / Tienda de Autoservicio,Walmart Sucursal Unidad Plaza de Toros,Autopista Queretaro Celaya 5501. Int. del Centro Comercial Plaza Esfera. Col. el Jacal. Cp. 76187,Querétaro,Santiago de Querétaro,20.574076,-100.408704
Carne Pollo,1 Kg. Granel. Pierna o Pierna Bate,S/M,Carne de Ave,Basicos,82,2026/04/06,Bodega Aurrera,Supermercado / Tienda de Autoservicio,Bodega Aurrera Sucursal la Viga,Calz. de la Viga 136 Esq. del Taller. Col. Lorenzo Boturini. Cp. 15820,Ciudad de México,Venustiano Carranza,19.414749,-99.127874
Carne Pollo,1 Kg. Granel. Pierna o Pierna Bate,S/M,Carne de Ave,Basicos,84,2026/04/01,Bodega Aurrera,Supermercado / Tienda de Autoservicio,Bodega Aurrera Sucursal Centro Constituyentes,Constituyentes Oriente 334. Entre Pasteur y Manuel Ponce. Col. Mercurio. Cp. 76040,Querétaro,Santiago de Querétaro,20.586349,-100.382801
Carne Pollo,1 Kg. Granel. Pierna o Pierna Bate,S/M,Carne de Ave,Basicos,84,2026/04/10,Bodega Aurrera,Supermercado / Tienda de Autoservicio,Bodega Aurrera Sucursal Centro Constituyentes,Constituyentes Oriente 334. Entre Pasteur y Manuel Ponce. Col. Mercurio. Cp. 76040,Querétaro,Santiago de Querétaro,20.586349,-100.382801
Carne Pollo,1 Kg. Granel. Pierna o Pierna Bate,S/M,Carne de Ave,Basicos,90,2026/04/09,La Comer,Supermercado / Tienda de Autoservicio,Lacomer Sucursal Queretaro Estadio,Luis M. Vega y Monroy 1300. Esq.cimatario . Col. Cimatario. Cp. 76090,Querétaro,Santiago de Querétaro,20.577804,-100.373626
Carne Pollo,1 Kg. Granel. Pierna o Pierna Bate,S/M,Carne de Ave,Basicos,98,2026/04/15,Chedraui,Supermercado / Tienda de Autoservicio,Chedraui Sucursal Centro Sur,Blvd. Bernardo Quintana 502. Carr. con Direccion a Centro Civico. Col. Centro Sur. Cp. 76087,Querétaro,Santiago de Querétaro,20.569354,-100.358831
Carne Res,1 Kg. Granel. Bistec Corte Delgado o Bistec,S/M,Carne y Visceras de Res,Basicos,229,2026/04/08,Chedraui,Supermercado / Tienda de Autoservicio,Chedraui Sucursal Centro Sur,Blvd. Bernardo Quintana 502. Carr. con Direccion a Centro Civico. Col. Centro Sur. Cp. 76087,Querétaro,Santiago de Querétaro,20.569354,-100.358831
Carne Res,1 Kg. Granel. Bistec Corte Delgado o Bistec,S/M,Carne y Visceras de Res,Basicos,229,2026/04/15,Chedraui,Supermercado / Tienda de Autoservicio,Chedraui Sucursal Centro Sur,Blvd. Bernardo Quintana 502. Carr. con Direccion a Centro Civico. Col. Centro Sur. Cp. 76087,Querétaro,Santiago de Querétaro,20.569354,-100.358831
Carne Res,1 Kg. Granel. Bistec Corte Delgado o Bistec,S/M,Carne y Visceras de Res,Basicos,249,2026/04/10,Bodega Aurrera,Supermercado / Tienda de Autoservicio,Bodega Aurrera Sucursal Centro Constituyentes,Constituyentes Oriente 334. Entre Pasteur y Manuel Ponce. Col. Mercurio. Cp. 76040,Querétaro,Santiago de Querétaro,20.586349,-100.382801
Carne Res,1 Kg. Granel. Bistec Corte Delgado o Bistec,S/M,Carne y Visceras de Res,Basicos,256,2026/04/06,Wal-mart,Supermercado / Tienda de Autoservicio,Walmart Sucursal Balbuena,Fray Servando Teresa de Mier 881. Entre Fernando Iglesia Calderon y Genaro Garcia. Col. Jardin Balbuena. Cp. 15900,Ciudad de México,Venustiano Carranza,19.418067,-99.105639
Carne Res,1 Kg. Granel. Bistec Diezmillo o Diezmillo Sin Hueso,S/M,Carne y Visceras de Res,Basicos,274.9,2026/04/06,Hipermercado Soriana,Supermercado / Tienda de Autoservicio,Soriana Hiper Sucursal Consulado (418),Rio Consulado 2355. Esq. Carlos Marx. Col. Simon Bolivar. Cp. 15410,Ciudad de México,Venustiano Carranza,19.449572,-99.100376
Carne Res,1 Kg. Granel. Bistec Diezmillo o Diezmillo Sin Hueso,S/M,Carne y Visceras de Res,Basicos,274.9,2026/04/13,Hipermercado Soriana,Supermercado / Tienda de Autoservicio,Soriana Hiper Sucursal Cimatario,Ctra. a Huimilpan 1001. Int. del Centro Comercial Plaza del Sol. Col. Plazas del Sol. Iii Seccion. Cp. 76099,Querétaro,Santiago de Querétaro,20.563227,-100.375284
Carne Res,1 Kg. Granel. Bistec Flecha para Asar,S/M,Carne y Visceras de Res,Pacic,125.6,2026/04/06,Hipermercado Soriana,Supermercado / Tienda de Autoservicio,Soriana Hiper Sucursal Cimatario,Ctra. a Huimilpan 1001. Int. del Centro Comercial Plaza del Sol. Col. Plazas del Sol. Iii Seccion. Cp. 76099,Querétaro,Santiago de Querétaro,20.563227,-100.375284
Carne Res,1 Kg. Granel. Bistec Flecha para Asar,S/M,Carne y Visceras de Res,Pacic,125.6,2026/04/06,Hipermercado Soriana,Supermercado / Tienda de Autoservicio,Soriana Hiper Sucursal Consulado (418),Rio Consulado 2355. Esq. Carlos Marx. Col. Simon Bolivar. Cp. 15410,Ciudad de México,Venustiano Carranza,19.449572,-99.100376
Carne Res,1 Kg. Granel. Bistec Flecha para Asar,S/M,Carne y Visceras de Res,Pacic,125.6,2026/04/13,Hipermercado Soriana,Supermercado / Tienda de Autoservicio,Soriana Hiper Sucursal Cimatario,Ctra. a Huimilpan 1001. Int. del Centro Comercial Plaza del Sol. Col. Plazas del Sol. Iii Seccion. Cp. 76099,Querétaro,Santiago de Querétaro,20.563227,-100.375284
Carne Res,1 Kg. Granel. Bistec Pulpa Blanca,S/M,Carne y Visceras de Res,Pacic,187,2026/04/01,Chedraui,Supermercado / Tienda de Autoservicio,Chedraui Sucursal Centro Sur,Blvd. Bernardo Quintana 502. Carr. con Direccion a Centro Civico. Col. Centro Sur. Cp. 76087,Querétaro,Santiago de Querétaro,20.569354,-100.358831
Carne Res,1 Kg. Granel. Bistec Pulpa Blanca,S/M,Carne y Visceras de Res,Pacic,229,2026/04/06,Chedraui,Supermercado / Tienda de Autoservicio,Chedraui Sucursal Anfora,Anfora 71. Esq. Eje 1 Norte. Col. Madero. Cp. 15320,Ciudad de México,Venustiano Carranza,19.437353,-99.110088
Carne Res,1 Kg. Granel. Bistec Pulpa Blanca,S/M,Carne y Visceras de Res,Pacic,229,2026/04/08,Chedraui,Supermercado / Tienda de Autoservicio,Chedraui Sucursal Centro Sur,Blvd. Bernardo Quintana 502. Carr. con Direccion a Centro Civico. Col. Centro Sur. Cp. 76087,Querétaro,Santiago de Querétaro,20.569354,-100.358831
Carne Res,1 Kg. Granel. Bistec Pulpa Blanca,S/M,Carne y Visceras de Res,Pacic,229,2026/04/15,Chedraui,Supermercado / Tienda de Autoservicio,Chedraui Sucursal Centro Sur,Blvd. Bernardo Quintana 502. Carr. con Direccion a Centro Civico. Col. Centro Sur. Cp. 76087,Querétaro,Santiago de Querétaro,20.569354,-100.358831
Carne Res,1 Kg. Granel. Bistec Ranchero,S/M,Carne y Visceras de Res,Basicos,254,2026/04/06,Hipermercado Soriana,Supermercado / Tienda de Autoservicio,Soriana Hiper Sucursal Consulado (418),Rio Consulado 2355. Esq. Carlos Marx. Col. Simon Bolivar. Cp. 15410,Ciudad de México,Venustiano Carranza,19.449572,-99.100376
Carne Res,1 Kg. Granel. Bistec Ranchero,S/M,Carne y Visceras de Res,Basicos,254,2026/04/13,Hipermercado Soriana,Supermercado / Tienda de Autoservicio,Soriana Hiper Sucursal Cimatario,Ctra. a Huimilpan 1001. Int. del Centro Comercial Plaza del Sol. Col. Plazas del Sol. Iii Seccion. Cp. 76099,Querétaro,Santiago de Querétaro,20.563227,-100.375284
Carne Res,1 Kg. Granel. Bistec del 0,S/M,Carne y Visceras de Res,Basicos,138,2026/04/06,Chedraui,Supermercado / Tienda de Autoservicio,Chedraui Sucursal Anfora,Anfora 71. Esq. Eje 1 Norte. Col. Madero. Cp. 15320,Ciudad de México,Venustiano Carranza,19.437353,-99.110088
Carne Res,1 Kg. Granel. Bistec del 0,S/M,Carne y Visceras de Res,Basicos,138,2026/04/08,Chedraui,Supermercado / Tienda de Autoservicio,Chedraui Sucursal Centro Sur,Blvd. Bernardo Quintana 502. Carr. con Direccion a Centro Civico. Col. Centro Sur. Cp. 76087,Querétaro,Santiago de Querétaro,20.569354,-100.358831
Carne Res,1 Kg. Granel. Bistec del 0,S/M,Carne y Visceras de Res,Basicos,138,2026/04/15,Chedraui,Supermercado / Tienda de Autoservicio,Chedraui Sucursal Centro Sur,Blvd. Bernardo Quintana 502. Carr. con Direccion a Centro Civico. Col. Centro Sur. Cp. 76087,Querétaro,Santiago de Querétaro,20.569354,-100.358831
Carne Res,1 Kg. Granel. Bistec del 0,S/M,Carne y Visceras de Res,Basicos,179.9,2026/04/13,Hipermercado Soriana,Supermercado / Tienda de Autoservicio,Soriana Hiper Sucursal Cimatario,Ctra. a Huimilpan 1001. Int. del Centro Comercial Plaza del Sol. Col. Plazas del Sol. Iii Seccion. Cp. 76099,Querétaro,Santiago de Querétaro,20.563227,-100.375284
Carne Res,1 Kg. Granel. Bistec del 0,S/M,Carne y Visceras de Res,Pacic,138,2026/04/01,Chedraui,Supermercado / Tienda de Autoservicio,Chedraui Sucursal Centro Sur,Blvd. Bernardo Quintana 502. Carr. con Direccion a Centro Civico. Col. Centro Sur. Cp. 76087,Querétaro,Santiago de Querétaro,20.569354,-100.358831
Carne Res,1 Kg. Granel. Bistec del 0,S/M,Carne y Visceras de Res,Pacic,138,2026/04/06,Chedraui,Supermercado / Tienda de Autoservicio,Chedraui Sucursal Anfora,Anfora 71. Esq. Eje 1 Norte. Col. Madero. Cp. 15320,Ciudad de México,Venustiano Carranza,19.437353,-99.110088
Carne Res,1 Kg. Granel. Bistec del 0,S/M,Carne y Visceras de Res,Pacic,138,2026/04/08,Chedraui,Supermercado / Tienda de Autoservicio,Chedraui Sucursal Centro Sur,Blvd. Bernardo Quintana 502. Carr. con Direccion a Centro Civico. Col. Centro Sur. Cp. 76087,Querétaro,Santiago de Querétaro,20.569354,-100.358831
Carne Res,1 Kg. Granel. Bistec del 0,S/M,Carne y Visceras de Res,Pacic,138,2026/04/15,Chedraui,Supermercado / Tienda de Autoservicio,Chedraui Sucursal Centro Sur,Blvd. Bernardo Quintana 502. Carr. con Direccion a Centro Civico. Col. Centro Sur. Cp. 76087,Querétaro,Santiago de Querétaro,20.569354,-100.358831
Carne Res,1 Kg. Granel. Bistec del 7,S/M,Carne y Visceras de Res,Pacic,138,2026/04/01,Chedraui,Supermercado / Tienda de Autoservicio,Chedraui Sucursal Centro Sur,Blvd. Bernardo Quintana 502. Carr. con Direccion a Centro Civico. Col. Centro Sur. Cp. 76087,Querétaro,Santiago de Querétaro,20.569354,-100.358831
Carne Res,1 Kg. Granel. Bistec del 7,S/M,Carne y Visceras de Res,Pacic,138,2026/04/06,Chedraui,Supermercado / Tienda de Autoservicio,Chedraui Sucursal Anfora,Anfora 71. Esq. Eje 1 Norte. Col. Madero. Cp. 15320,Ciudad de México,Venustiano Carranza,19.437353,-99.110088
Carne Res,1 Kg. Granel. Bistec del 7,S/M,Carne y Visceras de Res,Pacic,138,2026/04/08,Chedraui,Supermercado / Tienda de Autoservicio,Chedraui Sucursal Centro Sur,Blvd. Bernardo Quintana 502. Carr. con Direccion a Centro Civico. Col. Centro Sur. Cp. 76087,Querétaro,Santiago de Querétaro,20.569354,-100.358831
Carne Res,1 Kg. Granel. Bistec del 7,S/M,Carne y Visceras de Res,Pacic,138,2026/04/15,Chedraui,Supermercado / Tienda de Autoservicio,Chedraui Sucursal Centro Sur,Blvd. Bernardo Quintana 502. Carr. con Direccion a Centro Civico. Col. Centro Sur. Cp. 76087,Querétaro,Santiago de Querétaro,20.569354,-100.358831
Carne Res,1 Kg. Granel. Carne para Asar,S/M,Carne y Visceras de Res,Basicos,120,2026/04/09,La Comer,Supermercado / Tienda de Autoservicio,Lacomer Sucursal Queretaro Estadio,Luis M. Vega y Monroy 1300. Esq.cimatario . Col. Cimatario. Cp. 76090,Querétaro,Santiago de Querétaro,20.577804,-100.373626
Carne Res,1 Kg. Granel. Carne para Asar,S/M,Carne y Visceras de Res,Basicos,198,2026/04/06,Hipermercado Soriana,Supermercado / Tienda de Autoservicio,Soriana Hiper Sucursal Consulado (418),Rio Consulado 2355. Esq. Carlos Marx. Col. Simon Bolivar. Cp. 15410,Ciudad de México,Venustiano Carranza,19.449572,-99.100376
Carne Res,1 Kg. Granel. Carne para Asar,S/M,Carne y Visceras de Res,Basicos,249,2026/04/13,Hipermercado Soriana,Supermercado / Tienda de Autoservicio,Soriana Hiper Sucursal Cimatario,Ctra. a Huimilpan 1001. Int. del Centro Comercial Plaza del Sol. Col. Plazas del Sol. Iii Seccion. Cp. 76099,Querétaro,Santiago de Querétaro,20.563227,-100.375284
Carne Res,1 Kg. Granel. Carne para Asar,S/M,Carne y Visceras de Res,Basicos,252,2026/04/01,Bodega Aurrera,Supermercado / Tienda de Autoservicio,Bodega Aurrera Sucursal Centro Constituyentes,Constituyentes Oriente 334. Entre Pasteur y Manuel Ponce. Col. Mercurio. Cp. 76040,Querétaro,Santiago de Querétaro,20.586349,-100.382801
Carne Res,1 Kg. Granel. Carne para Asar,S/M,Carne y Visceras de Res,Basicos,252,2026/04/10,Bodega Aurrera,Supermercado / Tienda de Autoservicio,Bodega Aurrera Sucursal Centro Constituyentes,Constituyentes Oriente 334. Entre Pasteur y Manuel Ponce. Col. Mercurio. Cp. 76040,Querétaro,Santiago de Querétaro,20.586349,-100.382801
Carne Res,1 Kg. Granel. Carne para Asar,S/M,Carne y Visceras de Res,Basicos,253,2026/04/06,Wal-mart,Supermercado / Tienda de Autoservicio,Walmart Sucursal Balbuena,Fray Servando Teresa de Mier 881. Entre Fernando Iglesia Calderon y Genaro Garcia. Col. Jardin Balbuena. Cp. 15900,Ciudad de México,Venustiano Carranza,19.418067,-99.105639
Carne Res,1 Kg. Granel. Carne para Asar,S/M,Carne y Visceras de Res,Pacic,120,2026/04/09,La Comer,Supermercado / Tienda de Autoservicio,Lacomer Sucursal Queretaro Estadio,Luis M. Vega y Monroy 1300. Esq.cimatario . Col. Cimatario. Cp. 76090,Querétaro,Santiago de Querétaro,20.577804,-100.373626
Carne Res,1 Kg. Granel. Carne para Asar,S/M,Carne y Visceras de Res,Pacic,121,2026/04/01,La Comer,Supermercado / Tienda de Autoservicio,Lacomer Sucursal Queretaro Estadio,Luis M. Vega y Monroy 1300. Esq.cimatario . Col. Cimatario. Cp. 76090,Querétaro,Santiago de Querétaro,20.577804,-100.373626
Carne Res,1 Kg. Granel. Carne para Asar,S/M,Carne y Visceras de Res,Pacic,198,2026/04/06,Hipermercado Soriana,Supermercado / Tienda de Autoservicio,Soriana Hiper Sucursal Cimatario,Ctra. a Huimilpan 1001. Int. del Centro Comercial Plaza del Sol. Col. Plazas del Sol. Iii Seccion. Cp. 76099,Querétaro,Santiago de Querétaro,20.563227,-100.375284
Carne Res,1 Kg. Granel. Carne para Asar,S/M,Carne y Visceras de Res,Pacic,198,2026/04/06,Hipermercado Soriana,Supermercado / Tienda de Autoservicio,Soriana Hiper Sucursal Consulado (418),Rio Consulado 2355. Esq. Carlos Marx. Col. Simon Bolivar. Cp. 15410,Ciudad de México,Venustiano Carranza,19.449572,-99.100376
Carne Res,1 Kg. Granel. Carne para Asar,S/M,Carne y Visceras de Res,Pacic,249,2026/04/13,Hipermercado Soriana,Supermercado / Tienda de Autoservicio,Soriana Hiper Sucursal Cimatario,Ctra. a Huimilpan 1001. Int. del Centro Comercial Plaza del Sol. Col. Plazas del Sol. Iii Seccion. Cp. 76099,Querétaro,Santiago de Querétaro,20.563227,-100.375284
Carne Res,1 Kg. Granel. Chambarete con Hueso,S/M,Carne y Visceras de Res,Pacic,100,2026/04/01,Wal-mart,Supermercado / Tienda de Autoservicio,Walmart Sucursal Unidad Plaza de Toros,Autopista Queretaro Celaya 5501. Int. del Centro Comercial Plaza Esfera. Col. el Jacal. Cp. 76187,Querétaro,Santiago de Querétaro,20.574076,-100.408704
Carne Res,1 Kg. Granel. Chambarete con Hueso,S/M,Carne y Visceras de Res,Pacic,100,2026/04/07,Wal-mart,Supermercado / Tienda de Autoservicio,Walmart Sucursal Unidad Plaza de Toros,Autopista Queretaro Celaya 5501. Int. del Centro Comercial Plaza Esfera. Col. el Jacal. Cp. 76187,Querétaro,Santiago de Querétaro,20.574076,-100.408704
Carne Res,1 Kg. Granel. Chambarete con Hueso,S/M,Carne y Visceras de Res,Pacic,110,2026/04/01,Bodega Aurrera,Supermercado / Tienda de Autoservicio,Bodega Aurrera Sucursal Centro Constituyentes,Constituyentes Oriente 334. Entre Pasteur y Manuel Ponce. Col. Mercurio. Cp. 76040,Querétaro,Santiago de Querétaro,20.586349,-100.382801
Carne Res,1 Kg. Granel. Chambarete con Hueso,S/M,Carne y Visceras de Res,Pacic,110,2026/04/10,Bodega Aurrera,Supermercado / Tienda de Autoservicio,Bodega Aurrera Sucursal Centro Constituyentes,Constituyentes Oriente 334. Entre Pasteur y Manuel Ponce. Col. Mercurio. Cp. 76040,Querétaro,Santiago de Querétaro,20.586349,-100.382801
Carne Res,1 Kg. Granel. Chambarete con Hueso,S/M,Carne y Visceras de Res,Pacic,156,2026/04/14,Wal-mart,Supermercado / Tienda de Autoservicio,Walmart Sucursal Unidad Plaza de Toros,Autopista Queretaro Celaya 5501. Int. del Centro Comercial Plaza Esfera. Col. el Jacal. Cp. 76187,Querétaro,Santiago de Querétaro,20.574076,-100.408704
Carne Res,1 Kg. Granel. Chambarete con Hueso,S/M,Carne y Visceras de Res,Pacic,169,2026/04/06,Hipermercado Soriana,Supermercado / Tienda de Autoservicio,Soriana Hiper Sucursal Consulado (418),Rio Consulado 2355. Esq. Carlos Marx. Col. Simon Bolivar. Cp. 15410,Ciudad de México,Venustiano Carranza,19.449572,-99.100376
Carne Res,1 Kg. Granel. Chambarete con Hueso,S/M,Carne y Visceras de Res,Pacic,179,2026/04/13,Hipermercado Soriana,Supermercado / Tienda de Autoservicio,Soriana Hiper Sucursal Cimatario,Ctra. a Huimilpan 1001. Int. del Centro Comercial Plaza del Sol. Col. Plazas del Sol. Iii Seccion. Cp. 76099,Querétaro,Santiago de Querétaro,20.563227,-100.375284
Carne Res,1 Kg. Granel. Chuleta o Chuleta Costilla o Chuletón,S/M,Carne y Visceras de Res,Basicos,182,2026/04/06,Wal-mart,Supermercado / Tienda de Autoservicio,Walmart Sucursal Aeropuerto,Calz. Ignacio Zaragoza 58. Esq. Blvd. Puerto Aereo. Col. Federal. Cp. 15700,Ciudad de México,Venustiano Carranza,19.41926,-99.094521
Carne Res,1 Kg. Granel. Chuleta o Chuleta Costilla o Chuletón,S/M,Carne y Visceras de Res,Basicos,182,2026/04/06,Wal-mart,Supermercado / Tienda de Autoservicio,Walmart Sucursal Balbuena,Fray Servando Teresa de Mier 881. Entre Fernando Iglesia Calderon y Genaro Garcia. Col. Jardin Balbuena. Cp. 15900,Ciudad de México,Venustiano Carranza,19.418067,-99.105639
Carne Res,1 Kg. Granel. Chuleta o Chuleta Costilla o Chuletón,S/M,Carne y Visceras de Res,Basicos,333,2026/04/09,La Comer,Supermercado / Tienda de Autoservicio,Lacomer Sucursal Queretaro Estadio,Luis M. Vega y Monroy 1300. Esq.cimatario . Col. Cimatario. Cp. 76090,Querétaro,Santiago de Querétaro,20.577804,-100.373626
Carne Res,1 Kg. Granel. Costilla para Asar. Rdfs,S/M,Carne y Visceras de Res,Pacic,139,2026/04/13,Hipermercado Soriana,Supermercado / Tienda de Autoservicio,Soriana Hiper Sucursal Cimatario,Ctra. a Huimilpan 1001. Int. del Centro Comercial Plaza del Sol. Col. Plazas del Sol. Iii Seccion. Cp. 76099,Querétaro,Santiago de Querétaro,20.563227,-100.375284
Carne Res,1 Kg. Granel. Costilla para Asar. Rdfs,S/M,Carne y Visceras de Res,Pacic,139.9,2026/04/06,Hipermercado Soriana,Supermercado / Tienda de Autoservicio,Soriana Hiper Sucursal Cimatario,Ctra. a Huimilpan 1001. Int. del Centro Comercial Plaza del Sol. Col. Plazas del Sol. Iii Seccion. Cp. 76099,Querétaro,Santiago de Querétaro,20.563227,-100.375284
Carne Res,1 Kg. Granel. Costilla para Asar. Rdfs,S/M,Carne y Visceras de Res,Pacic,139.9,2026/04/06,Hipermercado Soriana,Supermercado / Tienda de Autoservicio,Soriana Hiper Sucursal Consulado (418),Rio Consulado 2355. Esq. Carlos Marx. Col. Simon Bolivar. Cp. 15410,Ciudad de México,Venustiano Carranza,19.449572,-99.100376
Carne Res,1 Kg. Granel. Costilla para Cocer,S/M,Carne y Visceras de Res,Pacic,170,2026/04/01,Bodega Aurrera,Supermercado / Tienda de Autoservicio,Bodega Aurrera Sucursal Centro Constituyentes,Constituyentes Oriente 334. Entre Pasteur y Manuel Ponce. Col. Mercurio. Cp. 76040,Querétaro,Santiago de Querétaro,20.586349,-100.382801
Carne Res,1 Kg. Granel. Costilla para Cocer,S/M,Carne y Visceras de Res,Pacic,170,2026/04/10,Bodega Aurrera,Supermercado / Tienda de Autoservicio,Bodega Aurrera Sucursal Centro Constituyentes,Constituyentes Oriente 334. Entre Pasteur y Manuel Ponce. Col. Mercurio. Cp. 76040,Querétaro,Santiago de Querétaro,20.586349,-100.382801
Carne Res,1 Kg. Granel. Costilla para Cocer,S/M,Carne y Visceras de Res,Pacic,173,2026/04/01,Wal-mart,Supermercado / Tienda de Autoservicio,Walmart Sucursal Unidad Plaza de Toros,Autopista Queretaro Celaya 5501. Int. del Centro Comercial Plaza Esfera. Col. el Jacal. Cp. 76187,Querétaro,Santiago de Querétaro,20.574076,-100.408704
Carne Res,1 Kg. Granel. Costilla para Cocer,S/M,Carne y Visceras de Res,Pacic,173,2026/04/06,Wal-mart,Supermercado / Tienda de Autoservicio,Walmart Sucursal Aeropuerto,Calz. Ignacio Zaragoza 58. Esq. Blvd. Puerto Aereo. Col. Federal. Cp. 15700,Ciudad de México,Venustiano Carranza,19.41926,-99.094521
Carne Res,1 Kg. Granel. Costilla para Cocer,S/M,Carne y Visceras de Res,Pacic,173,2026/04/14,Wal-mart,Supermercado / Tienda de Autoservicio,Walmart Sucursal Unidad Plaza de Toros,Autopista Queretaro Celaya 5501. Int. del Centro Comercial Plaza Esfera. Col. el Jacal. Cp. 76187,Querétaro,Santiago de Querétaro,20.574076,-100.408704
Carne Res,1 Kg. Granel. Falda o para Deshebrar o Deshebrada,S/M,Carne y Visceras de Res,Basicos,224,2026/04/06,Wal-mart,Supermercado / Tienda de Autoservicio,Walmart Sucursal Aeropuerto,Calz. Ignacio Zaragoza 58. Esq. Blvd. Puerto Aereo. Col. Federal. Cp. 15700,Ciudad de México,Venustiano Carranza,19.41926,-99.094521
Carne Res,1 Kg. Granel. Falda o para Deshebrar o Deshebrada,S/M,Carne y Visceras de Res,Basicos,224,2026/04/06,Wal-mart,Supermercado / Tienda de Autoservicio,Walmart Sucursal Balbuena,Fray Servando Teresa de Mier 881. Entre Fernando Iglesia Calderon y Genaro Garcia. Col. Jardin Balbuena. Cp. 15900,Ciudad de México,Venustiano Carranza,19.418067,-99.105639
Carne Res,1 Kg. Granel. Hígado,S/M,Carne y Visceras de Res,Mercados,90,2026/04/13,Mercado Publico,Mercados,Mercado Lomas de Casablanca,Avenida 10. Esq. Calle 23. Col. Lomas de Casa Blanca. Cp. 76080,Querétaro,Santiago de Querétaro,20.603024,-100.396263
Carne Res,1 Kg. Granel. Milanesa de Bola o Auténtica de Bola o de Bola Corte Delgado o de Pulpa Bola,S/M,Carne y Visceras de Res,Basicos,248,2026/04/01,Bodega Aurrera,Supermercado / Tienda de Autoservicio,Bodega Aurrera Sucursal Centro Constituyentes,Constituyentes Oriente 334. Entre Pasteur y Manuel Ponce. Col. Mercurio. Cp. 76040,Querétaro,Santiago de Querétaro,20.586349,-100.382801
Carne Res,1 Kg. Granel. Milanesa de Bola o Auténtica de Bola o de Bola Corte Delgado o de Pulpa Bola,S/M,Carne y Visceras de Res,Basicos,248,2026/04/10,Bodega Aurrera,Supermercado / Tienda de Autoservicio,Bodega Aurrera Sucursal Centro Constituyentes,Constituyentes Oriente 334. Entre Pasteur y Manuel Ponce. Col. Mercurio. Cp. 76040,Querétaro,Santiago de Querétaro,20.586349,-100.382801
Carne Res,1 Kg. Granel. Milanesa de Bola o Auténtica de Bola o de Bola Corte Delgado o de Pulpa Bola,S/M,Carne y Visceras de Res,Basicos,249,2026/04/07,Wal-mart,Supermercado / Tienda de Autoservicio,Walmart Sucursal Unidad Plaza de Toros,Autopista Queretaro Celaya 5501. Int. del Centro Comercial Plaza Esfera. Col. el Jacal. Cp. 76187,Querétaro,Santiago de Querétaro,20.574076,-100.408704
Carne Res,1 Kg. Granel. Milanesa de Bola o Auténtica de Bola o de Bola Corte Delgado o de Pulpa Bola,S/M,Carne y Visceras de Res,Basicos,249,2026/04/14,Wal-mart,Supermercado / Tienda de Autoservicio,Walmart Sucursal Unidad Plaza de Toros,Autopista Queretaro Celaya 5501. Int. del Centro Comercial Plaza Esfera. Col. el Jacal. Cp. 76187,Querétaro,Santiago de Querétaro,20.574076,-100.408704
Carne Res,1 Kg. Granel. Milanesa de Bola o Auténtica de Bola o de Bola Corte Delgado o de Pulpa Bola,S/M,Carne y Visceras de Res,Basicos,256,2026/04/06,Wal-mart,Supermercado / Tienda de Autoservicio,Walmart Sucursal Aeropuerto,Calz. Ignacio Zaragoza 58. Esq. Blvd. Puerto Aereo. Col. Federal. Cp. 15700,Ciudad de México,Venustiano Carranza,19.41926,-99.094521
Carne Res,1 Kg. Granel. Milanesa de Bola o Auténtica de Bola o de Bola Corte Delgado o de Pulpa Bola,S/M,Carne y Visceras de Res,Basicos,256,2026/04/06,Wal-mart,Supermercado / Tienda de Autoservicio,Walmart Sucursal Balbuena,Fray Servando Teresa de Mier 881. Entre Fernando Iglesia Calderon y Genaro Garcia. Col. Jardin Balbuena. Cp. 15900,Ciudad de México,Venustiano Carranza,19.418067,-99.105639
Carne Res,1 Kg. Granel. Milanesa de Bola o Auténtica de Bola o de Bola Corte Delgado o de Pulpa Bola,S/M,Carne y Visceras de Res,Basicos,259,2026/04/06,Hipermercado Soriana,Supermercado / Tienda de Autoservicio,Soriana Hiper Sucursal Consulado (418),Rio Consulado 2355. Esq. Carlos Marx. Col. Simon Bolivar. Cp. 15410,Ciudad de México,Venustiano Carranza,19.449572,-99.100376
Carne Res,1 Kg. Granel. Milanesa de Bola o Auténtica de Bola o de Bola Corte Delgado o de Pulpa Bola,S/M,Carne y Visceras de Res,Basicos,259,2026/04/13,Hipermercado Soriana,Supermercado / Tienda de Autoservicio,Soriana Hiper Sucursal Cimatario,Ctra. a Huimilpan 1001. Int. del Centro Comercial Plaza del Sol. Col. Plazas del Sol. Iii Seccion. Cp. 76099,Querétaro,Santiago de Querétaro,20.563227,-100.375284
Carne Res,1 Kg. Granel. Milanesa de Bola o Auténtica de Bola o de Bola Corte Delgado o de Pulpa Bola,S/M,Carne y Visceras de Res,Basicos,277,2026/04/09,La Comer,Supermercado / Tienda de Autoservicio,Lacomer Sucursal Queretaro Estadio,Luis M. Vega y Monroy 1300. Esq.cimatario . Col. Cimatario. Cp. 76090,Querétaro,Santiago de Querétaro,20.577804,-100.373626
Carne Res,1 Kg. Granel. Milanesa de Bola o Auténtica de Bola o de Bola Corte Delgado o de Pulpa Bola,S/M,Carne y Visceras de Res,Basicos,287,2026/04/06,Chedraui,Supermercado / Tienda de Autoservicio,Chedraui Sucursal Anfora,Anfora 71. Esq. Eje 1 Norte. Col. Madero. Cp. 15320,Ciudad de México,Venustiano Carranza,19.437353,-99.110088
Carne Res,1 Kg. Granel. Milanesa o de Corte Delgado o de Pulpa Blanca,S/M,Carne y Visceras de Res,Basicos,206,2026/04/06,Bodega Aurrera,Supermercado / Tienda de Autoservicio,Bodega Aurrera Sucursal la Viga,Calz. de la Viga 136 Esq. del Taller. Col. Lorenzo Boturini. Cp. 15820,Ciudad de México,Venustiano Carranza,19.414749,-99.127874
Carne Res,1 Kg. Granel. Milanesa o de Corte Delgado o de Pulpa Blanca,S/M,Carne y Visceras de Res,Basicos,226,2026/04/01,Bodega Aurrera,Supermercado / Tienda de Autoservicio,Bodega Aurrera Sucursal Centro Constituyentes,Constituyentes Oriente 334. Entre Pasteur y Manuel Ponce. Col. Mercurio. Cp. 76040,Querétaro,Santiago de Querétaro,20.586349,-100.382801
Carne Res,1 Kg. Granel. Milanesa o de Corte Delgado o de Pulpa Blanca,S/M,Carne y Visceras de Res,Basicos,228,2026/04/10,Bodega Aurrera,Supermercado / Tienda de Autoservicio,Bodega Aurrera Sucursal Centro Constituyentes,Constituyentes Oriente 334. Entre Pasteur y Manuel Ponce. Col. Mercurio. Cp. 76040,Querétaro,Santiago de Querétaro,20.586349,-100.382801
Carne Res,1 Kg. Granel. Milanesa o de Corte Delgado o de Pulpa Blanca,S/M,Carne y Visceras de Res,Basicos,229,2026/04/06,Chedraui,Supermercado / Tienda de Autoservicio,Chedraui Sucursal Anfora,Anfora 71. Esq. Eje 1 Norte. Col. Madero. Cp. 15320,Ciudad de México,Venustiano Carranza,19.437353,-99.110088
Carne Res,1 Kg. Granel. Milanesa o de Corte Delgado o de Pulpa Blanca,S/M,Carne y Visceras de Res,Basicos,229,2026/04/07,Wal-mart,Supermercado / Tienda de Autoservicio,Walmart Sucursal Unidad Plaza de Toros,Autopista Queretaro Celaya 5501. Int. del Centro Comercial Plaza Esfera. Col. el Jacal. Cp. 76187,Querétaro,Santiago de Querétaro,20.574076,-100.408704
Carne Res,1 Kg. Granel. Milanesa o de Corte Delgado o de Pulpa Blanca,S/M,Carne y Visceras de Res,Basicos,229,2026/04/14,Wal-mart,Supermercado / Tienda de Autoservicio,Walmart Sucursal Unidad Plaza de Toros,Autopista Queretaro Celaya 5501. Int. del Centro Comercial Plaza Esfera. Col. el Jacal. Cp. 76187,Querétaro,Santiago de Querétaro,20.574076,-100.408704
Carne Res,1 Kg. Granel. Milanesa o de Corte Delgado o de Pulpa Blanca,S/M,Carne y Visceras de Res,Basicos,239,2026/04/06,Hipermercado Soriana,Supermercado / Tienda de Autoservicio,Soriana Hiper Sucursal Consulado (418),Rio Consulado 2355. Esq. Carlos Marx. Col. Simon Bolivar. Cp. 15410,Ciudad de México,Venustiano Carranza,19.449572,-99.100376
Carne Res,1 Kg. Granel. Milanesa o de Corte Delgado o de Pulpa Blanca,S/M,Carne y Visceras de Res,Basicos,239,2026/04/13,Hipermercado Soriana,Supermercado / Tienda de Autoservicio,Soriana Hiper Sucursal Cimatario,Ctra. a Huimilpan 1001. Int. del Centro Comercial Plaza del Sol. Col. Plazas del Sol. Iii Seccion. Cp. 76099,Querétaro,Santiago de Querétaro,20.563227,-100.375284
Carne Res,1 Kg. Granel. Milanesa o de Corte Delgado o de Pulpa Blanca,S/M,Carne y Visceras de Res,Basicos,248,2026/04/09,La Comer,Supermercado / Tienda de Autoservicio,Lacomer Sucursal Queretaro Estadio,Luis M. Vega y Monroy 1300. Esq.cimatario . Col. Cimatario. Cp. 76090,Querétaro,Santiago de Querétaro,20.577804,-100.373626
Carne Res,1 Kg. Granel. Molida,S/M,Carne y Visceras de Res,Basicos,124,2026/04/06,Chedraui,Supermercado / Tienda de Autoservicio,Chedraui Sucursal Anfora,Anfora 71. Esq. Eje 1 Norte. Col. Madero. Cp. 15320,Ciudad de México,Venustiano Carranza,19.437353,-99.110088
Carne Res,1 Kg. Granel. Molida,S/M,Carne y Visceras de Res,Basicos,138.9,2026/04/13,Hipermercado Soriana,Supermercado / Tienda de Autoservicio,Soriana Hiper Sucursal Cimatario,Ctra. a Huimilpan 1001. Int. del Centro Comercial Plaza del Sol. Col. Plazas del Sol. Iii Seccion. Cp. 76099,Querétaro,Santiago de Querétaro,20.563227,-100.375284
Carne Res,1 Kg. Granel. Molida,S/M,Carne y Visceras de Res,Basicos,149,2026/04/08,Chedraui,Supermercado / Tienda de Autoservicio,Chedraui Sucursal Centro Sur,Blvd. Bernardo Quintana 502. Carr. con Direccion a Centro Civico. Col. Centro Sur. Cp. 76087,Querétaro,Santiago de Querétaro,20.569354,-100.358831
Carne Res,1 Kg. Granel. Molida,S/M,Carne y Visceras de Res,Basicos,149,2026/04/15,Chedraui,Supermercado / Tienda de Autoservicio,Chedraui Sucursal Centro Sur,Blvd. Bernardo Quintana 502. Carr. con Direccion a Centro Civico. Col. Centro Sur. Cp. 76087,Querétaro,Santiago de Querétaro,20.569354,-100.358831
Carne Res,1 Kg. Granel. Molida,S/M,Carne y Visceras de Res,Basicos,154.9,2026/04/06,Hipermercado Soriana,Supermercado / Tienda de Autoservicio,Soriana Hiper Sucursal Consulado (418),Rio Consulado 2355. Esq. Carlos Marx. Col. Simon Bolivar. Cp. 15410,Ciudad de México,Venustiano Carranza,19.449572,-99.100376
Carne Res,1 Kg. Granel. Molida Especial 80/20,S/M,Carne y Visceras de Res,Basicos,109,2026/04/13,Hipermercado Soriana,Supermercado / Tienda de Autoservicio,Soriana Hiper Sucursal Cimatario,Ctra. a Huimilpan 1001. Int. del Centro Comercial Plaza del Sol. Col. Plazas del Sol. Iii Seccion. Cp. 76099,Querétaro,Santiago de Querétaro,20.563227,-100.375284
Carne Res,1 Kg. Granel. Molida Especial 80/20,S/M,Carne y Visceras de Res,Basicos,146,2026/04/06,Bodega Aurrera,Supermercado / Tienda de Autoservicio,Bodega Aurrera Sucursal la Viga,Calz. de la Viga 136 Esq. del Taller. Col. Lorenzo Boturini. Cp. 15820,Ciudad de México,Venustiano Carranza,19.414749,-99.127874
Carne Res,1 Kg. Granel. Molida Especial 80/20,S/M,Carne y Visceras de Res,Basicos,147,2026/04/06,Wal-mart,Supermercado / Tienda de Autoservicio,Walmart Sucursal Aeropuerto,Calz. Ignacio Zaragoza 58. Esq. Blvd. Puerto Aereo. Col. Federal. Cp. 15700,Ciudad de México,Venustiano Carranza,19.41926,-99.094521
Carne Res,1 Kg. Granel. Molida Especial 80/20,S/M,Carne y Visceras de Res,Basicos,147,2026/04/06,Wal-mart,Supermercado / Tienda de Autoservicio,Walmart Sucursal Balbuena,Fray Servando Teresa de Mier 881. Entre Fernando Iglesia Calderon y Genaro Garcia. Col. Jardin Balbuena. Cp. 15900,Ciudad de México,Venustiano Carranza,19.418067,-99.105639
Carne Res,1 Kg. Granel. Molida Especial 80/20,S/M,Carne y Visceras de Res,Basicos,147,2026/04/07,Wal-mart,Supermercado / Tienda de Autoservicio,Walmart Sucursal Unidad Plaza de Toros,Autopista Queretaro Celaya 5501. Int. del Centro Comercial Plaza Esfera. Col. el Jacal. Cp. 76187,Querétaro,Santiago de Querétaro,20.574076,-100.408704
Carne Res,1 Kg. Granel. Molida Especial 80/20,S/M,Carne y Visceras de Res,Basicos,147,2026/04/14,Wal-mart,Supermercado / Tienda de Autoservicio,Walmart Sucursal Unidad Plaza de Toros,Autopista Queretaro Celaya 5501. Int. del Centro Comercial Plaza Esfera. Col. el Jacal. Cp. 76187,Querétaro,Santiago de Querétaro,20.574076,-100.408704
Carne Res,1 Kg. Granel. Molida Especial 80/20,S/M,Carne y Visceras de Res,Basicos,239,2026/04/09,La Comer,Supermercado / Tienda de Autoservicio,Lacomer Sucursal Queretaro Estadio,Luis M. Vega y Monroy 1300. Esq.cimatario . Col. Cimatario. Cp. 76090,Querétaro,Santiago de Querétaro,20.577804,-100.373626
Carne Res,1 Kg. Granel. Molida Top Sirlion 90/10 o de Sirlion 90/10,S/M,Carne y Visceras de Res,Basicos,234,2026/04/06,Chedraui,Supermercado / Tienda de Autoservicio,Chedraui Sucursal Anfora,Anfora 71. Esq. Eje 1 Norte. Col. Madero. Cp. 15320,Ciudad de México,Venustiano Carranza,19.437353,-99.110088
Carne Res,1 Kg. Granel. Molida Top Sirlion 90/10 o de Sirlion 90/10,S/M,Carne y Visceras de Res,Basicos,236,2026/04/01,Bodega Aurrera,Supermercado / Tienda de Autoservicio,Bodega Aurrera Sucursal Centro Constituyentes,Constituyentes Oriente 334. Entre Pasteur y Manuel Ponce. Col. Mercurio. Cp. 76040,Querétaro,Santiago de Querétaro,20.586349,-100.382801
Carne Res,1 Kg. Granel. Molida Top Sirlion 90/10 o de Sirlion 90/10,S/M,Carne y Visceras de Res,Basicos,238,2026/04/06,Bodega Aurrera,Supermercado / Tienda de Autoservicio,Bodega Aurrera Sucursal la Viga,Calz. de la Viga 136 Esq. del Taller. Col. Lorenzo Boturini. Cp. 15820,Ciudad de México,Venustiano Carranza,19.414749,-99.127874
Carne Res,1 Kg. Granel. Molida Top Sirlion 90/10 o de Sirlion 90/10,S/M,Carne y Visceras de Res,Basicos,238,2026/04/10,Bodega Aurrera,Supermercado / Tienda de Autoservicio,Bodega Aurrera Sucursal Centro Constituyentes,Constituyentes Oriente 334. Entre Pasteur y Manuel Ponce. Col. Mercurio. Cp. 76040,Querétaro,Santiago de Querétaro,20.586349,-100.382801
Carne Res,1 Kg. Granel. Molida Top Sirlion 90/10 o de Sirlion 90/10,S/M,Carne y Visceras de Res,Basicos,239,2026/04/06,Wal-mart,Supermercado / Tienda de Autoservicio,Walmart Sucursal Aeropuerto,Calz. Ignacio Zaragoza 58. Esq. Blvd. Puerto Aereo. Col. Federal. Cp. 15700,Ciudad de México,Venustiano Carranza,19.41926,-99.094521
Carne Res,1 Kg. Granel. Molida Top Sirlion 90/10 o de Sirlion 90/10,S/M,Carne y Visceras de Res,Basicos,239,2026/04/06,Wal-mart,Supermercado / Tienda de Autoservicio,Walmart Sucursal Balbuena,Fray Servando Teresa de Mier 881. Entre Fernando Iglesia Calderon y Genaro Garcia. Col. Jardin Balbuena. Cp. 15900,Ciudad de México,Venustiano Carranza,19.418067,-99.105639
Carne Res,1 Kg. Granel. Molida Top Sirlion 90/10 o de Sirlion 90/10,S/M,Carne y Visceras de Res,Basicos,239,2026/04/07,Wal-mart,Supermercado / Tienda de Autoservicio,Walmart Sucursal Unidad Plaza de Toros,Autopista Queretaro Celaya 5501. Int. del Centro Comercial Plaza Esfera. Col. el Jacal. Cp. 76187,Querétaro,Santiago de Querétaro,20.574076,-100.408704
Carne Res,1 Kg. Granel. Molida Top Sirlion 90/10 o de Sirlion 90/10,S/M,Carne y Visceras de Res,Basicos,240.9,2026/04/06,Hipermercado Soriana,Supermercado / Tienda de Autoservicio,Soriana Hiper Sucursal Consulado (418),Rio Consulado 2355. Esq. Carlos Marx. Col. Simon Bolivar. Cp. 15410,Ciudad de México,Venustiano Carranza,19.449572,-99.100376
Carne Res,1 Kg. Granel. Panza o Menudo. Cocidos,S/M,Carne y Visceras de Res,Basicos,109,2026/04/09,La Comer,Supermercado / Tienda de Autoservicio,Lacomer Sucursal Queretaro Estadio,Luis M. Vega y Monroy 1300. Esq.cimatario . Col. Cimatario. Cp. 76090,Querétaro,Santiago de Querétaro,20.577804,-100.373626
Carne Res,1 Kg. Granel. Panza o Menudo. Cocidos,S/M,Carne y Visceras de Res,Basicos,158,2026/04/01,Bodega Aurrera,Supermercado / Tienda de Autoservicio,Bodega Aurrera Sucursal Centro Constituyentes,Constituyentes Oriente 334. Entre Pasteur y Manuel Ponce. Col. Mercurio. Cp. 76040,Querétaro,Santiago de Querétaro,20.586349,-100.382801
Carne Res,1 Kg. Granel. Panza o Menudo. Cocidos,S/M,Carne y Visceras de Res,Basicos,158,2026/04/10,Bodega Aurrera,Supermercado / Tienda de Autoservicio,Bodega Aurrera Sucursal Centro Constituyentes,Constituyentes Oriente 334. Entre Pasteur y Manuel Ponce. Col. Mercurio. Cp. 76040,Querétaro,Santiago de Querétaro,20.586349,-100.382801
Carne Res,1 Kg. Granel. Panza o Menudo. Cocidos,S/M,Carne y Visceras de Res,Basicos,159,2026/04/06,Wal-mart,Supermercado / Tienda de Autoservicio,Walmart Sucursal Balbuena,Fray Servando Teresa de Mier 881. Entre Fernando Iglesia Calderon y Genaro Garcia. Col. Jardin Balbuena. Cp. 15900,Ciudad de México,Venustiano Carranza,19.418067,-99.105639
Carne Res,1 Kg. Granel. Panza o Menudo. Crudos,S/M,Carne y Visceras de Res,Basicos,108,2026/04/01,Bodega Aurrera,Supermercado / Tienda de Autoservicio,Bodega Aurrera Sucursal Centro Constituyentes,Constituyentes Oriente 334. Entre Pasteur y Manuel Ponce. Col. Mercurio. Cp. 76040,Querétaro,Santiago de Querétaro,20.586349,-100.382801
Carne Res,1 Kg. Granel. Panza o Menudo. Crudos,S/M,Carne y Visceras de Res,Basicos,108,2026/04/10,Bodega Aurrera,Supermercado / Tienda de Autoservicio,Bodega Aurrera Sucursal Centro Constituyentes,Constituyentes Oriente 334. Entre Pasteur y Manuel Ponce. Col. Mercurio. Cp. 76040,Querétaro,Santiago de Querétaro,20.586349,-100.382801
Carne Res,1 Kg. Granel. Panza o Menudo. Crudos,S/M,Carne y Visceras de Res,Basicos,109,2026/04/06,Wal-mart,Supermercado / Tienda de Autoservicio,Walmart Sucursal Aeropuerto,Calz. Ignacio Zaragoza 58. Esq. Blvd. Puerto Aereo. Col. Federal. Cp. 15700,Ciudad de México,Venustiano Carranza,19.41926,-99.094521
Carne Res,1 Kg. Granel. Panza o Menudo. Crudos,S/M,Carne y Visceras de Res,Basicos,109,2026/04/06,Wal-mart,Supermercado / Tienda de Autoservicio,Walmart Sucursal Balbuena,Fray Servando Teresa de Mier 881. Entre Fernando Iglesia Calderon y Genaro Garcia. Col. Jardin Balbuena. Cp. 15900,Ciudad de México,Venustiano Carranza,19.418067,-99.105639
Carne Res,1 Kg. Granel. Panza o Menudo. Crudos,S/M,Carne y Visceras de Res,Basicos,124,2026/04/06,Hipermercado Soriana,Supermercado / Tienda de Autoservicio,Soriana Hiper Sucursal Consulado (418),Rio Consulado 2355. Esq. Carlos Marx. Col. Simon Bolivar. Cp. 15410,Ciudad de México,Venustiano Carranza,19.449572,-99.100376
Carne Res,1 Kg. Granel. Panza o Menudo. Crudos,S/M,Carne y Visceras de Res,Basicos,164,2026/04/09,La Comer,Supermercado / Tienda de Autoservicio,Lacomer Sucursal Queretaro Estadio,Luis M. Vega y Monroy 1300. Esq.cimatario . Col. Cimatario. Cp. 76090,Querétaro,Santiago de Querétaro,20.577804,-100.373626
Carne Res,1 Kg. Granel. Retazo con Hueso o Cocido Comercial,S/M,Carne y Visceras de Res,Basicos,134,2026/04/06,Chedraui,Supermercado / Tienda de Autoservicio,Chedraui Sucursal Anfora,Anfora 71. Esq. Eje 1 Norte. Col. Madero. Cp. 15320,Ciudad de México,Venustiano Carranza,19.437353,-99.110088
Carne Res,1 Kg. Granel. Retazo con Hueso o Cocido Comercial,S/M,Carne y Visceras de Res,Basicos,142,2026/04/01,Bodega Aurrera,Supermercado / Tienda de Autoservicio,Bodega Aurrera Sucursal Centro Constituyentes,Constituyentes Oriente 334. Entre Pasteur y Manuel Ponce. Col. Mercurio. Cp. 76040,Querétaro,Santiago de Querétaro,20.586349,-100.382801
Carne Res,1 Kg. Granel. Retazo con Hueso o Cocido Comercial,S/M,Carne y Visceras de Res,Basicos,142,2026/04/10,Bodega Aurrera,Supermercado / Tienda de Autoservicio,Bodega Aurrera Sucursal Centro Constituyentes,Constituyentes Oriente 334. Entre Pasteur y Manuel Ponce. Col. Mercurio. Cp. 76040,Querétaro,Santiago de Querétaro,20.586349,-100.382801
Carne Res,1 Kg. Granel. Retazo con Hueso o Cocido Comercial,S/M,Carne y Visceras de Res,Basicos,148,2026/04/06,Wal-mart,Supermercado / Tienda de Autoservicio,Walmart Sucursal Aeropuerto,Calz. Ignacio Zaragoza 58. Esq. Blvd. Puerto Aereo. Col. Federal. Cp. 15700,Ciudad de México,Venustiano Carranza,19.41926,-99.094521
Carne Res,1 Kg. Granel. Retazo con Hueso o Cocido Comercial,S/M,Carne y Visceras de Res,Basicos,148,2026/04/06,Wal-mart,Supermercado / Tienda de Autoservicio,Walmart Sucursal Balbuena,Fray Servando Teresa de Mier 881. Entre Fernando Iglesia Calderon y Genaro Garcia. Col. Jardin Balbuena. Cp. 15900,Ciudad de México,Venustiano Carranza,19.418067,-99.105639
Carne Res,1 Kg. Granel. Retazo con Hueso o Cocido Comercial,S/M,Carne y Visceras de Res,Basicos,148,2026/04/07,Wal-mart,Supermercado / Tienda de Autoservicio,Walmart Sucursal Unidad Plaza de Toros,Autopista Queretaro Celaya 5501. Int. del Centro Comercial Plaza Esfera. Col. el Jacal. Cp. 76187,Querétaro,Santiago de Querétaro,20.574076,-100.408704
Carne Res,1 Kg. Granel. Retazo con Hueso o Cocido Comercial,S/M,Carne y Visceras de Res,Basicos,148,2026/04/14,Wal-mart,Supermercado / Tienda de Autoservicio,Walmart Sucursal Unidad Plaza de Toros,Autopista Queretaro Celaya 5501. Int. del Centro Comercial Plaza Esfera. Col. el Jacal. Cp. 76187,Querétaro,Santiago de Querétaro,20.574076,-100.408704
Carne Res,1 Kg. Granel. Retazo con Hueso o Cocido Comercial,S/M,Carne y Visceras de Res,Mercados,150,2026/04/13,Mercado Publico,Mercados,Mercado Lomas de Casablanca,Avenida 10. Esq. Calle 23. Col. Lomas de Casa Blanca. Cp. 76080,Querétaro,Santiago de Querétaro,20.603024,-100.396263
Carne Res,Paquete 500 Gr. Hígado Rebanado,Sukarne,Carne y Visceras de Res,Basicos,37,2026/04/06,Hipermercado Soriana,Supermercado / Tienda de Autoservicio,Soriana Hiper Sucursal Consulado (418),Rio Consulado 2355. Esq. Carlos Marx. Col. Simon Bolivar. Cp. 15410,Ciudad de México,Venustiano Carranza,19.449572,-99.100376
Carne Res,Paquete 500 Gr. Hígado Rebanado,Sukarne,Carne y Visceras de Res,Basicos,39,2026/04/07,Wal-mart,Supermercado / Tienda de Autoservicio,Walmart Sucursal Unidad Plaza de Toros,Autopista Queretaro Celaya 5501. Int. del Centro Comercial Plaza Esfera. Col. el Jacal. Cp. 76187,Querétaro,Santiago de Querétaro,20.574076,-100.408704
Carne Res,Paquete 500 Gr. Hígado Rebanado,Sukarne,Carne y Visceras de Res,Basicos,39,2026/04/08,Chedraui,Supermercado / Tienda de Autoservicio,Chedraui Sucursal Centro Sur,Blvd. Bernardo Quintana 502. Carr. con Direccion a Centro Civico. Col. Centro Sur. Cp. 76087,Querétaro,Santiago de Querétaro,20.569354,-100.358831
Carne Res,Paquete 500 Gr. Hígado Rebanado,Sukarne,Carne y Visceras de Res,Basicos,39,2026/04/09,La Comer,Supermercado / Tienda de Autoservicio,Lacomer Sucursal Queretaro Estadio,Luis M. Vega y Monroy 1300. Esq.cimatario . Col. Cimatario. Cp. 76090,Querétaro,Santiago de Querétaro,20.577804,-100.373626
Carne Res,Paquete 500 Gr. Hígado Rebanado,Sukarne,Carne y Visceras de Res,Basicos,39,2026/04/14,Wal-mart,Supermercado / Tienda de Autoservicio,Walmart Sucursal Unidad Plaza de Toros,Autopista Queretaro Celaya 5501. Int. del Centro Comercial Plaza Esfera. Col. el Jacal. Cp. 76187,Querétaro,Santiago de Querétaro,20.574076,-100.408704
Cebolla,1 Kg. Granel. Amarilla,S/M,Hortalizas Frescas,Pacic,13.9,2026/04/06,Hipermercado Soriana,Supermercado / Tienda de Autoservicio,Soriana Hiper Sucursal Cimatario,Ctra. a Huimilpan 1001. Int. del Centro Comercial Plaza del Sol. Col. Plazas del Sol. Iii Seccion. Cp. 76099,Querétaro,Santiago de Querétaro,20.563227,-100.375284
Cebolla,1 Kg. Granel. Amarilla,S/M,Hortalizas Frescas,Pacic,13.9,2026/04/06,Hipermercado Soriana,Supermercado / Tienda de Autoservicio,Soriana Hiper Sucursal Consulado (418),Rio Consulado 2355. Esq. Carlos Marx. Col. Simon Bolivar. Cp. 15410,Ciudad de México,Venustiano Carranza,19.449572,-99.100376
Cebolla,1 Kg. Granel. Amarilla,S/M,Hortalizas Frescas,Pacic,13.9,2026/04/13,Hipermercado Soriana,Supermercado / Tienda de Autoservicio,Soriana Hiper Sucursal Cimatario,Ctra. a Huimilpan 1001. Int. del Centro Comercial Plaza del Sol. Col. Plazas del Sol. Iii Seccion. Cp. 76099,Querétaro,Santiago de Querétaro,20.563227,-100.375284
Cebolla,1 Kg. Granel. Blanca Sin Rabo,S/M,Hortalizas Frescas,Frutas y Legumbres,13.9,2026/04/06,Hipermercado Soriana,Supermercado / Tienda de Autoservicio,Soriana Hiper Sucursal Cimatario,Ctra. a Huimilpan 1001. Int. del Centro Comercial Plaza del Sol. Col. Plazas del Sol. Iii Seccion. Cp. 76099,Querétaro,Santiago de Querétaro,20.563227,-100.375284
Cebolla,1 Kg. Granel. Blanca Sin Rabo,S/M,Hortalizas Frescas,Frutas y Legumbres,15,2026/04/13,Mercado Publico,Mercados,Mercado Lomas de Casablanca,Avenida 10. Esq. Calle 23. Col. Lomas de Casa Blanca. Cp. 76080,Querétaro,Santiago de Querétaro,20.603024,-100.396263
Cebolla,1 Kg. Granel. Blanca Sin Rabo,S/M,Hortalizas Frescas,Frutas y Legumbres,16,2026/04/01,Chedraui,Supermercado / Tienda de Autoservicio,Chedraui Sucursal Centro Sur,Blvd. Bernardo Quintana 502. Carr. con Direccion a Centro Civico. Col. Centro Sur. Cp. 76087,Querétaro,Santiago de Querétaro,20.569354,-100.358831
Cebolla,1 Kg. Granel. Blanca Sin Rabo,S/M,Hortalizas Frescas,Frutas y Legumbres,16,2026/04/06,Mercado Publico,Mercados,Mercado Romero Rubio,Cairo S/n. Esq. Persia. Col. Romero Rubio. Cp. 15400,Ciudad de México,Venustiano Carranza,19.388643,-99.066708
Cebolla,1 Kg. Granel. Blanca Sin Rabo,S/M,Hortalizas Frescas,Frutas y Legumbres,16,2026/04/08,Chedraui,Supermercado / Tienda de Autoservicio,Chedraui Sucursal Centro Sur,Blvd. Bernardo Quintana 502. Carr. con Direccion a Centro Civico. Col. Centro Sur. Cp. 76087,Querétaro,Santiago de Querétaro,20.569354,-100.358831
Cebolla,1 Kg. Granel. Blanca Sin Rabo,S/M,Hortalizas Frescas,Frutas y Legumbres,16,2026/04/15,Chedraui,Supermercado / Tienda de Autoservicio,Chedraui Sucursal Centro Sur,Blvd. Bernardo Quintana 502. Carr. con Direccion a Centro Civico. Col. Centro Sur. Cp. 76087,Querétaro,Santiago de Querétaro,20.569354,-100.358831
Cebolla,1 Kg. Granel. Blanca Sin Rabo,S/M,Hortalizas Frescas,Frutas y Legumbres,18,2026/04/10,Mercado Publico,Mercados,Mercado Lomas de Casablanca,Avenida 10. Esq. Calle 23. Col. Lomas de Casa Blanca. Cp. 76080,Querétaro,Santiago de Querétaro,20.603024,-100.396263
Cebolla,1 Kg. Granel. Blanca Sin Rabo,S/M,Hortalizas Frescas,Frutas y Legumbres,19.9,2026/04/03,Superissste,Supermercado / Tienda de Autoservicio,Superissste Sucursal 011,Calle Peluqueros No. 310 Esquina Calle Tizayuca. Col. Michoacana. Cp. 15240,Ciudad de México,Venustiano Carranza,19.446139,-99.113372
Cebolla,1 Kg. Granel. Blanca Sin Rabo,S/M,Hortalizas Frescas,Frutas y Legumbres,19.9,2026/04/03,Superissste,Supermercado / Tienda de Autoservicio,Superissste Sucursal 022,Av. del Taller y Retorno No. 38 Dentro del Retorno 38. Col. Jardin Balbuena. Cp. 15900,Ciudad de México,Venustiano Carranza,19.412842,-99.105666
Cebolla,1 Kg. Granel. Blanca Sin Rabo,S/M,Hortalizas Frescas,Frutas y Legumbres,19.9,2026/04/10,Superissste,Supermercado / Tienda de Autoservicio,Superissste Sucursal 011,Calle Peluqueros No. 310 Esquina Calle Tizayuca. Col. Michoacana. Cp. 15240,Ciudad de México,Venustiano Carranza,19.446139,-99.113372
Cebolla,1 Kg. Granel. Blanca Sin Rabo,S/M,Hortalizas Frescas,Frutas y Legumbres,19.9,2026/04/10,Superissste,Supermercado / Tienda de Autoservicio,Superissste Sucursal 022,Av. del Taller y Retorno No. 38 Dentro del Retorno 38. Col. Jardin Balbuena. Cp. 15900,Ciudad de México,Venustiano Carranza,19.412842,-99.105666
Cebolla,1 Kg. Granel. Blanca Sin Rabo,S/M,Hortalizas Frescas,Frutas y Legumbres,20.6,2026/04/13,Hipermercado Soriana,Supermercado / Tienda de Autoservicio,Soriana Hiper Sucursal Cimatario,Ctra. a Huimilpan 1001. Int. del Centro Comercial Plaza del Sol. Col. Plazas del Sol. Iii Seccion. Cp. 76099,Querétaro,Santiago de Querétaro,20.563227,-100.375284
Cebolla,1 Kg. Granel. Blanca Sin Rabo,S/M,Hortalizas Frescas,Frutas y Legumbres,22.9,2026/04/09,La Comer,Supermercado / Tienda de Autoservicio,Lacomer Sucursal Queretaro Estadio,Luis M. Vega y Monroy 1300. Esq.cimatario . Col. Cimatario. Cp. 76090,Querétaro,Santiago de Querétaro,20.577804,-100.373626
Cebolla,1 Kg. Granel. Blanca Sin Rabo,S/M,Hortalizas Frescas,Frutas y Legumbres,23.8,2026/04/06,Hipermercado Soriana,Supermercado / Tienda de Autoservicio,Soriana Hiper Sucursal Consulado (418),Rio Consulado 2355. Esq. Carlos Marx. Col. Simon Bolivar. Cp. 15410,Ciudad de México,Venustiano Carranza,19.449572,-99.100376
Cebolla,1 Kg. Granel. Blanca Sin Rabo,S/M,Hortalizas Frescas,Frutas y Legumbres,24.9,2026/04/06,Chedraui,Supermercado / Tienda de Autoservicio,Chedraui Sucursal Anfora,Anfora 71. Esq. Eje 1 Norte. Col. Madero. Cp. 15320,Ciudad de México,Venustiano Carranza,19.437353,-99.110088
Cebolla,1 Kg. Granel. Blanca Sin Rabo,S/M,Hortalizas Frescas,Frutas y Legumbres,25,2026/04/01,Bodega Aurrera,Supermercado / Tienda de Autoservicio,Bodega Aurrera Sucursal Centro Constituyentes,Constituyentes Oriente 334. Entre Pasteur y Manuel Ponce. Col. Mercurio. Cp. 76040,Querétaro,Santiago de Querétaro,20.586349,-100.382801
Cebolla,1 Kg. Granel. Blanca Sin Rabo,S/M,Hortalizas Frescas,Frutas y Legumbres,25,2026/04/06,Bodega Aurrera,Supermercado / Tienda de Autoservicio,Bodega Aurrera Sucursal la Viga,Calz. de la Viga 136 Esq. del Taller. Col. Lorenzo Boturini. Cp. 15820,Ciudad de México,Venustiano Carranza,19.414749,-99.127874
Cebolla,1 Kg. Granel. Blanca Sin Rabo,S/M,Hortalizas Frescas,Frutas y Legumbres,27.9,2026/04/06,Wal-mart,Supermercado / Tienda de Autoservicio,Walmart Sucursal Aeropuerto,Calz. Ignacio Zaragoza 58. Esq. Blvd. Puerto Aereo. Col. Federal. Cp. 15700,Ciudad de México,Venustiano Carranza,19.41926,-99.094521
Cebolla,1 Kg. Granel. Blanca Sin Rabo,S/M,Hortalizas Frescas,Frutas y Legumbres,27.9,2026/04/06,Wal-mart,Supermercado / Tienda de Autoservicio,Walmart Sucursal Balbuena,Fray Servando Teresa de Mier 881. Entre Fernando Iglesia Calderon y Genaro Garcia. Col. Jardin Balbuena. Cp. 15900,Ciudad de México,Venustiano Carranza,19.418067,-99.105639
Cebolla,1 Kg. Granel. Blanca Sin Rabo,S/M,Hortalizas Frescas,Frutas y Legumbres,27.9,2026/04/07,Wal-mart,Supermercado / Tienda de Autoservicio,Walmart Sucursal Unidad Plaza de Toros,Autopista Queretaro Celaya 5501. Int. del Centro Comercial Plaza Esfera. Col. el Jacal. Cp. 76187,Querétaro,Santiago de Querétaro,20.574076,-100.408704
Cebolla,1 Kg. Granel. Blanca Sin Rabo,S/M,Hortalizas Frescas,Frutas y Legumbres,28,2026/04/10,Bodega Aurrera,Supermercado / Tienda de Autoservicio,Bodega Aurrera Sucursal Centro Constituyentes,Constituyentes Oriente 334. Entre Pasteur y Manuel Ponce. Col. Mercurio. Cp. 76040,Querétaro,Santiago de Querétaro,20.586349,-100.382801
Cebolla,1 Kg. Granel. Blanca Sin Rabo,S/M,Hortalizas Frescas,Frutas y Legumbres,32,2026/04/14,Wal-mart,Supermercado / Tienda de Autoservicio,Walmart Sucursal Unidad Plaza de Toros,Autopista Queretaro Celaya 5501. Int. del Centro Comercial Plaza Esfera. Col. el Jacal. Cp. 76187,Querétaro,Santiago de Querétaro,20.574076,-100.408704
Cebolla,1 Kg. Granel. Blanca Sin Rabo,S/M,Hortalizas Frescas,Pacic,13.9,2026/04/06,Hipermercado Soriana,Supermercado / Tienda de Autoservicio,Soriana Hiper Sucursal Cimatario,Ctra. a Huimilpan 1001. Int. del Centro Comercial Plaza del Sol. Col. Plazas del Sol. Iii Seccion. Cp. 76099,Querétaro,Santiago de Querétaro,20.563227,-100.375284
Cebolla,1 Kg. Granel. Blanca Sin Rabo,S/M,Hortalizas Frescas,Pacic,16,2026/04/01,Chedraui,Supermercado / Tienda de Autoservicio,Chedraui Sucursal Centro Sur,Blvd. Bernardo Quintana 502. Carr. con Direccion a Centro Civico. Col. Centro Sur. Cp. 76087,Querétaro,Santiago de Querétaro,20.569354,-100.358831
Cebolla,1 Kg. Granel. Blanca Sin Rabo,S/M,Hortalizas Frescas,Pacic,16,2026/04/08,Chedraui,Supermercado / Tienda de Autoservicio,Chedraui Sucursal Centro Sur,Blvd. Bernardo Quintana 502. Carr. con Direccion a Centro Civico. Col. Centro Sur. Cp. 76087,Querétaro,Santiago de Querétaro,20.569354,-100.358831
Cebolla,1 Kg. Granel. Blanca Sin Rabo,S/M,Hortalizas Frescas,Pacic,16,2026/04/15,Chedraui,Supermercado / Tienda de Autoservicio,Chedraui Sucursal Centro Sur,Blvd. Bernardo Quintana 502. Carr. con Direccion a Centro Civico. Col. Centro Sur. Cp. 76087,Querétaro,Santiago de Querétaro,20.569354,-100.358831
Cebolla,1 Kg. Granel. Blanca Sin Rabo,S/M,Hortalizas Frescas,Pacic,18.9,2026/04/01,La Comer,Supermercado / Tienda de Autoservicio,Lacomer Sucursal Queretaro Estadio,Luis M. Vega y Monroy 1300. Esq.cimatario . Col. Cimatario. Cp. 76090,Querétaro,Santiago de Querétaro,20.577804,-100.373626
Cebolla,1 Kg. Granel. Blanca Sin Rabo,S/M,Hortalizas Frescas,Pacic,20.6,2026/04/13,Hipermercado Soriana,Supermercado / Tienda de Autoservicio,Soriana Hiper Sucursal Cimatario,Ctra. a Huimilpan 1001. Int. del Centro Comercial Plaza del Sol. Col. Plazas del Sol. Iii Seccion. Cp. 76099,Querétaro,Santiago de Querétaro,20.563227,-100.375284
Cebolla,1 Kg. Granel. Blanca Sin Rabo,S/M,Hortalizas Frescas,Pacic,22.9,2026/04/09,La Comer,Supermercado / Tienda de Autoservicio,Lacomer Sucursal Queretaro Estadio,Luis M. Vega y Monroy 1300. Esq.cimatario . Col. Cimatario. Cp. 76090,Querétaro,Santiago de Querétaro,20.577804,-100.373626
Cebolla,1 Kg. Granel. Blanca Sin Rabo,S/M,Hortalizas Frescas,Pacic,23.8,2026/04/06,Hipermercado Soriana,Supermercado / Tienda de Autoservicio,Soriana Hiper Sucursal Consulado (418),Rio Consulado 2355. Esq. Carlos Marx. Col. Simon Bolivar. Cp. 15410,Ciudad de México,Venustiano Carranza,19.449572,-99.100376
Cebolla,1 Kg. Granel. Blanca Sin Rabo,S/M,Hortalizas Frescas,Pacic,24.9,2026/04/06,Chedraui,Supermercado / Tienda de Autoservicio,Chedraui Sucursal Anfora,Anfora 71. Esq. Eje 1 Norte. Col. Madero. Cp. 15320,Ciudad de México,Venustiano Carranza,19.437353,-99.110088
Cebolla,1 Kg. Granel. Blanca Sin Rabo,S/M,Hortalizas Frescas,Pacic,25,2026/04/01,Bodega Aurrera,Supermercado / Tienda de Autoservicio,Bodega Aurrera Sucursal Centro Constituyentes,Constituyentes Oriente 334. Entre Pasteur y Manuel Ponce. Col. Mercurio. Cp. 76040,Querétaro,Santiago de Querétaro,20.586349,-100.382801
Cebolla,1 Kg. Granel. Blanca Sin Rabo,S/M,Hortalizas Frescas,Pacic,25,2026/04/06,Bodega Aurrera,Supermercado / Tienda de Autoservicio,Bodega Aurrera Sucursal la Viga,Calz. de la Viga 136 Esq. del Taller. Col. Lorenzo Boturini. Cp. 15820,Ciudad de México,Venustiano Carranza,19.414749,-99.127874
Cebolla,1 Kg. Granel. Blanca Sin Rabo,S/M,Hortalizas Frescas,Pacic,27.9,2026/04/01,Wal-mart,Supermercado / Tienda de Autoservicio,Walmart Sucursal Unidad Plaza de Toros,Autopista Queretaro Celaya 5501. Int. del Centro Comercial Plaza Esfera. Col. el Jacal. Cp. 76187,Querétaro,Santiago de Querétaro,20.574076,-100.408704
Cebolla,1 Kg. Granel. Blanca Sin Rabo,S/M,Hortalizas Frescas,Pacic,27.9,2026/04/06,Wal-mart,Supermercado / Tienda de Autoservicio,Walmart Sucursal Aeropuerto,Calz. Ignacio Zaragoza 58. Esq. Blvd. Puerto Aereo. Col. Federal. Cp. 15700,Ciudad de México,Venustiano Carranza,19.41926,-99.094521
Cebolla,1 Kg. Granel. Blanca Sin Rabo,S/M,Hortalizas Frescas,Pacic,27.9,2026/04/06,Wal-mart,Supermercado / Tienda de Autoservicio,Walmart Sucursal Balbuena,Fray Servando Teresa de Mier 881. Entre Fernando Iglesia Calderon y Genaro Garcia. Col. Jardin Balbuena. Cp. 15900,Ciudad de México,Venustiano Carranza,19.418067,-99.105639
Cebolla,1 Kg. Granel. Blanca Sin Rabo,S/M,Hortalizas Frescas,Pacic,27.9,2026/04/07,Wal-mart,Supermercado / Tienda de Autoservicio,Walmart Sucursal Unidad Plaza de Toros,Autopista Queretaro Celaya 5501. Int. del Centro Comercial Plaza Esfera. Col. el Jacal. Cp. 76187,Querétaro,Santiago de Querétaro,20.574076,-100.408704
Cebolla,1 Kg. Granel. Blanca Sin Rabo,S/M,Hortalizas Frescas,Pacic,28,2026/04/10,Bodega Aurrera,Supermercado / Tienda de Autoservicio,Bodega Aurrera Sucursal Centro Constituyentes,Constituyentes Oriente 334. Entre Pasteur y Manuel Ponce. Col. Mercurio. Cp. 76040,Querétaro,Santiago de Querétaro,20.586349,-100.382801
Cebolla,1 Kg. Granel. Blanca Sin Rabo,S/M,Hortalizas Frescas,Pacic,32,2026/04/14,Wal-mart,Supermercado / Tienda de Autoservicio,Walmart Sucursal Unidad Plaza de Toros,Autopista Queretaro Celaya 5501. Int. del Centro Comercial Plaza Esfera. Col. el Jacal. Cp. 76187,Querétaro,Santiago de Querétaro,20.574076,-100.408704
Cebolla,1 Kg. Granel. Blanca Sin Rabo. en Malla,S/M,Hortalizas Frescas,Pacic,19,2026/04/06,Bodega Aurrera,Supermercado / Tienda de Autoservicio,Bodega Aurrera Sucursal la Viga,Calz. de la Viga 136 Esq. del Taller. Col. Lorenzo Boturini. Cp. 15820,Ciudad de México,Venustiano Carranza,19.414749,-99.127874
Cebolla,1 Kg. Granel. Blanca Sin Rabo. en Malla,S/M,Hortalizas Frescas,Pacic,19,2026/04/10,Bodega Aurrera,Supermercado / Tienda de Autoservicio,Bodega Aurrera Sucursal Centro Constituyentes,Constituyentes Oriente 334. Entre Pasteur y Manuel Ponce. Col. Mercurio. Cp. 76040,Querétaro,Santiago de Querétaro,20.586349,-100.382801
Cebolla,1 Kg. Granel. Blanca Sin Rabo. en Malla,S/M,Hortalizas Frescas,Pacic,22,2026/04/01,Bodega Aurrera,Supermercado / Tienda de Autoservicio,Bodega Aurrera Sucursal Centro Constituyentes,Constituyentes Oriente 334. Entre Pasteur y Manuel Ponce. Col. Mercurio. Cp. 76040,Querétaro,Santiago de Querétaro,20.586349,-100.382801
Cebolla,1 Kg. Granel. Blanca Sin Rabo. en Malla,S/M,Hortalizas Frescas,Pacic,22,2026/04/01,Wal-mart,Supermercado / Tienda de Autoservicio,Walmart Sucursal Unidad Plaza de Toros,Autopista Queretaro Celaya 5501. Int. del Centro Comercial Plaza Esfera. Col. el Jacal. Cp. 76187,Querétaro,Santiago de Querétaro,20.574076,-100.408704
Cebolla,1 Kg. Granel. Blanca Sin Rabo. en Malla,S/M,Hortalizas Frescas,Pacic,23,2026/04/06,Wal-mart,Supermercado / Tienda de Autoservicio,Walmart Sucursal Aeropuerto,Calz. Ignacio Zaragoza 58. Esq. Blvd. Puerto Aereo. Col. Federal. Cp. 15700,Ciudad de México,Venustiano Carranza,19.41926,-99.094521
Cebolla,1 Kg. Granel. Blanca Sin Rabo. en Malla,S/M,Hortalizas Frescas,Pacic,23,2026/04/06,Wal-mart,Supermercado / Tienda de Autoservicio,Walmart Sucursal Balbuena,Fray Servando Teresa de Mier 881. Entre Fernando Iglesia Calderon y Genaro Garcia. Col. Jardin Balbuena. Cp. 15900,Ciudad de México,Venustiano Carranza,19.418067,-99.105639
Cebolla,1 Kg. Granel. Blanca Sin Rabo. en Malla,S/M,Hortalizas Frescas,Pacic,23,2026/04/07,Wal-mart,Supermercado / Tienda de Autoservicio,Walmart Sucursal Unidad Plaza de Toros,Autopista Queretaro Celaya 5501. Int. del Centro Comercial Plaza Esfera. Col. el Jacal. Cp. 76187,Querétaro,Santiago de Querétaro,20.574076,-100.408704
Cebolla,1 Kg. Granel. Blanca Sin Rabo. en Malla,S/M,Hortalizas Frescas,Pacic,23,2026/04/14,Wal-mart,Supermercado / Tienda de Autoservicio,Walmart Sucursal Unidad Plaza de Toros,Autopista Queretaro Celaya 5501. Int. del Centro Comercial Plaza Esfera. Col. el Jacal. Cp. 76187,Querétaro,Santiago de Querétaro,20.574076,-100.408704
Cebolla,1 Kg. Granel. Morada,S/M,Hortalizas Frescas,Pacic,36.9,2026/04/06,Hipermercado Soriana,Supermercado / Tienda de Autoservicio,Soriana Hiper Sucursal Cimatario,Ctra. a Huimilpan 1001. Int. del Centro Comercial Plaza del Sol. Col. Plazas del Sol. Iii Seccion. Cp. 76099,Querétaro,Santiago de Querétaro,20.563227,-100.375284
Cebolla,1 Kg. Granel. Morada,S/M,Hortalizas Frescas,Pacic,36.9,2026/04/06,Hipermercado Soriana,Supermercado / Tienda de Autoservicio,Soriana Hiper Sucursal Consulado (418),Rio Consulado 2355. Esq. Carlos Marx. Col. Simon Bolivar. Cp. 15410,Ciudad de México,Venustiano Carranza,19.449572,-99.100376
Cebolla,1 Kg. Granel. Morada,S/M,Hortalizas Frescas,Pacic,36.9,2026/04/13,Hipermercado Soriana,Supermercado / Tienda de Autoservicio,Soriana Hiper Sucursal Cimatario,Ctra. a Huimilpan 1001. Int. del Centro Comercial Plaza del Sol. Col. Plazas del Sol. Iii Seccion. Cp. 76099,Querétaro,Santiago de Querétaro,20.563227,-100.375284
Cebolla,Manojo. Cambray,S/M,Hortalizas Frescas,Frutas y Legumbres,11.8,2026/04/13,Hipermercado Soriana,Supermercado / Tienda de Autoservicio,Soriana Hiper Sucursal Cimatario,Ctra. a Huimilpan 1001. Int. del Centro Comercial Plaza del Sol. Col. Plazas del Sol. Iii Seccion. Cp. 76099,Querétaro,Santiago de Querétaro,20.563227,-100.375284
Cebolla,Manojo. Cambray,S/M,Hortalizas Frescas,Frutas y Legumbres,12.5,2026/04/15,Chedraui,Supermercado / Tienda de Autoservicio,Chedraui Sucursal Centro Sur,Blvd. Bernardo Quintana 502. Carr. con Direccion a Centro Civico. Col. Centro Sur. Cp. 76087,Querétaro,Santiago de Querétaro,20.569354,-100.358831
Cebolla,Manojo. Cambray,S/M,Hortalizas Frescas,Frutas y Legumbres,13.5,2026/04/01,Chedraui,Supermercado / Tienda de Autoservicio,Chedraui Sucursal Centro Sur,Blvd. Bernardo Quintana 502. Carr. con Direccion a Centro Civico. Col. Centro Sur. Cp. 76087,Querétaro,Santiago de Querétaro,20.569354,-100.358831
Cebolla,Manojo. Cambray,S/M,Hortalizas Frescas,Frutas y Legumbres,14.5,2026/04/06,Chedraui,Supermercado / Tienda de Autoservicio,Chedraui Sucursal Anfora,Anfora 71. Esq. Eje 1 Norte. Col. Madero. Cp. 15320,Ciudad de México,Venustiano Carranza,19.437353,-99.110088
Cebolla,Manojo. Cambray,S/M,Hortalizas Frescas,Frutas y Legumbres,14.5,2026/04/08,Chedraui,Supermercado / Tienda de Autoservicio,Chedraui Sucursal Centro Sur,Blvd. Bernardo Quintana 502. Carr. con Direccion a Centro Civico. Col. Centro Sur. Cp. 76087,Querétaro,Santiago de Querétaro,20.569354,-100.358831
Cebolla,Manojo. Cambray,S/M,Hortalizas Frescas,Frutas y Legumbres,14.9,2026/04/06,Hipermercado Soriana,Supermercado / Tienda de Autoservicio,Soriana Hiper Sucursal Consulado (418),Rio Consulado 2355. Esq. Carlos Marx. Col. Simon Bolivar. Cp. 15410,Ciudad de México,Venustiano Carranza,19.449572,-99.100376
Cebolla,Manojo. Cambray,S/M,Hortalizas Frescas,Frutas y Legumbres,16.9,2026/04/01,Bodega Aurrera,Supermercado / Tienda de Autoservicio,Bodega Aurrera Sucursal Centro Constituyentes,Constituyentes Oriente 334. Entre Pasteur y Manuel Ponce. Col. Mercurio. Cp. 76040,Querétaro,Santiago de Querétaro,20.586349,-100.382801
Cebolla,Manojo. Cambray,S/M,Hortalizas Frescas,Frutas y Legumbres,16.9,2026/04/06,Wal-mart,Supermercado / Tienda de Autoservicio,Walmart Sucursal Aeropuerto,Calz. Ignacio Zaragoza 58. Esq. Blvd. Puerto Aereo. Col. Federal. Cp. 15700,Ciudad de México,Venustiano Carranza,19.41926,-99.094521
Cebolla,Manojo. Cambray,S/M,Hortalizas Frescas,Frutas y Legumbres,16.9,2026/04/06,Wal-mart,Supermercado / Tienda de Autoservicio,Walmart Sucursal Balbuena,Fray Servando Teresa de Mier 881. Entre Fernando Iglesia Calderon y Genaro Garcia. Col. Jardin Balbuena. Cp. 15900,Ciudad de México,Venustiano Carranza,19.418067,-99.105639
Cebolla,Manojo. Cambray,S/M,Hortalizas Frescas,Frutas y Legumbres,16.9,2026/04/07,Wal-mart,Supermercado / Tienda de Autoservicio,Walmart Sucursal Unidad Plaza de Toros,Autopista Queretaro Celaya 5501. Int. del Centro Comercial Plaza Esfera. Col. el Jacal. Cp. 76187,Querétaro,Santiago de Querétaro,20.574076,-100.408704
Cebolla,Manojo. Cambray,S/M,Hortalizas Frescas,Frutas y Legumbres,16.9,2026/04/10,Bodega Aurrera,Supermercado / Tienda de Autoservicio,Bodega Aurrera Sucursal Centro Constituyentes,Constituyentes Oriente 334. Entre Pasteur y Manuel Ponce. Col. Mercurio. Cp. 76040,Querétaro,Santiago de Querétaro,20.586349,-100.382801
Cebolla,Manojo. Cambray,S/M,Hortalizas Frescas,Frutas y Legumbres,20,2026/04/10,Mercado Publico,Mercados,Mercado Lomas de Casablanca,Avenida 10. Esq. Calle 23. Col. Lomas de Casa Blanca. Cp. 76080,Querétaro,Santiago de Querétaro,20.603024,-100.396263
Cebolla,Manojo. Cambray,S/M,Hortalizas Frescas,Frutas y Legumbres,20,2026/04/13,Mercado Publico,Mercados,Mercado Lomas de Casablanca,Avenida 10. Esq. Calle 23. Col. Lomas de Casa Blanca. Cp. 76080,Querétaro,Santiago de Querétaro,20.603024,-100.396263
Ceftrex Im,"Caja con 1 Frasco Ámpula con 1 Gr. de Polvo, 1 Ampolleta con 3.5 Ml. de Disolvente",S/M,Medicamentos,Medicamentos,574,2026/04/06,Hipermercado Soriana,Supermercado / Tienda de Autoservicio,Soriana Hiper Sucursal Cimatario,Ctra. a Huimilpan 1001. Int. del Centro Comercial Plaza del Sol. Col. Plazas del Sol. Iii Seccion. Cp. 76099,Querétaro,Santiago de Querétaro,20.563227,-100.375284
Ceftrex Im,"Caja con 1 Frasco Ámpula con 1 Gr. de Polvo, 1 Ampolleta con 3.5 Ml. de Disolvente",S/M,Medicamentos,Medicamentos,576,2026/04/09,Benavides,Farmacias,Farmacia Benavides Sucursal Isla de Montecristo,Av. del Parque 401. Esq. Calle Isla de Montecristo. Col. Lindavista. Cp. 76070,Querétaro,Santiago de Querétaro,20.568451,-100.380021
Ceftrex Im,"Caja con 1 Frasco Ámpula con 1 Gr. de Polvo, 1 Ampolleta con 3.5 Ml. de Disolvente",S/M,Medicamentos,Medicamentos,630,2026/04/06,Chedraui,Supermercado / Tienda de Autoservicio,Chedraui Sucursal Anfora,Anfora 71. Esq. Eje 1 Norte. Col. Madero. Cp. 15320,Ciudad de México,Venustiano Carranza,19.437353,-99.110088
Celebrex,Caja con 20 Cápsulas de 200 Mg.,S/M,Medicamentos,Medicamentos,1649,2026/04/08,Sanborn S Hnos.,Farmacias,Sanborns Sucursal los Arquitos,Constituyentes Oriente 172. Esq. de los Arquitos. Col. los Arquitos. Cp. 76050,Querétaro,Santiago de Querétaro,20.588117,-100.36869
Celestamine-ns,Caja con Frasco 60 Ml. Solución Pediátrica,S/M,Medicamentos,Medicamentos,470,2026/04/06,Wal-mart,Supermercado / Tienda de Autoservicio,Walmart Sucursal Aeropuerto,Calz. Ignacio Zaragoza 58. Esq. Blvd. Puerto Aereo. Col. Federal. Cp. 15700,Ciudad de México,Venustiano Carranza,19.41926,-99.094521
Celulares,Moto G15. Android 15/memoria Interna 256 Gb. Cámara 50 Mp + 5 Mp/frontal 8 Mp. 6.6 Plgs. Micro Sd Hasta 1 Tb,Motorola,Aparatos Electronicos,Electrodomesticos,3999,2026/04/06,Chedraui,Supermercado / Tienda de Autoservicio,Chedraui Sucursal Anfora,Anfora 71. Esq. Eje 1 Norte. Col. Madero. Cp. 15320,Ciudad de México,Venustiano Carranza,19.437353,-99.110088
Cepillo Dental,Blister 2 Piezas. Mediano 40,Oral-b. Complete,Arts. para el Cuidado Personal,Basicos,35,2026/04/03,Superissste,Supermercado / Tienda de Autoservicio,Superissste Sucursal 011,Calle Peluqueros No. 310 Esquina Calle Tizayuca. Col. Michoacana. Cp. 15240,Ciudad de México,Venustiano Carranza,19.446139,-99.113372
Cereales,Caja 30 Gr.,Zucaritas. Kellogg´s,Arroz y Cereales Preparados,Basicos,9.5,2026/04/03,Superissste,Supermercado / Tienda de Autoservicio,Superissste Sucursal 022,Av. del Taller y Retorno No. 38 Dentro del Retorno 38. Col. Jardin Balbuena. Cp. 15900,Ciudad de México,Venustiano Carranza,19.412842,-99.105666
Cereales,Caja 38 Gr.,Choco Krispis. Kellogg´s,Arroz y Cereales Preparados,Basicos,10.5,2026/04/06,Bodega Aurrera,Supermercado / Tienda de Autoservicio,Bodega Aurrera Sucursal la Viga,Calz. de la Viga 136 Esq. del Taller. Col. Lorenzo Boturini. Cp. 15820,Ciudad de México,Venustiano Carranza,19.414749,-99.127874
Cereales,Caja 38 Gr.,Choco Krispis. Kellogg´s,Arroz y Cereales Preparados,Basicos,11,2026/04/14,Wal-mart,Supermercado / Tienda de Autoservicio,Walmart Sucursal Unidad Plaza de Toros,Autopista Queretaro Celaya 5501. Int. del Centro Comercial Plaza Esfera. Col. el Jacal. Cp. 76187,Querétaro,Santiago de Querétaro,20.574076,-100.408704
Cereales,Caja 450 Gr.,Corn Pops. Kellogg´s,Arroz y Cereales Preparados,Basicos,94,2026/04/06,Wal-mart,Supermercado / Tienda de Autoservicio,Walmart Sucursal Aeropuerto,Calz. Ignacio Zaragoza 58. Esq. Blvd. Puerto Aereo. Col. Federal. Cp. 15700,Ciudad de México,Venustiano Carranza,19.41926,-99.094521
Cereales,Caja 560 Gr.,Choco Krispis. Kellogg´s,Arroz y Cereales Preparados,Basicos,79,2026/04/10,Bodega Aurrera,Supermercado / Tienda de Autoservicio,Bodega Aurrera Sucursal Centro Constituyentes,Constituyentes Oriente 334. Entre Pasteur y Manuel Ponce. Col. Mercurio. Cp. 76040,Querétaro,Santiago de Querétaro,20.586349,-100.382801
Cerillos,Paquete 10 Cajas. 50 Piezas C/u,La Central. Clásicos,Cigarrillos,Basicos,23.9,2026/04/10,Superissste,Supermercado / Tienda de Autoservicio,Superissste Sucursal 022,Av. del Taller y Retorno No. 38 Dentro del Retorno 38. Col. Jardin Balbuena. Cp. 15900,Ciudad de México,Venustiano Carranza,19.412842,-99.105666
Cerveza,Canasta con 6 Botellas de 325 Ml.,Barrilito,Cerveza,Basicos,67,2026/04/09,La Comer,Supermercado / Tienda de Autoservicio,Lacomer Sucursal Queretaro Estadio,Luis M. Vega y Monroy 1300. Esq.cimatario . Col. Cimatario. Cp. 76090,Querétaro,Santiago de Querétaro,20.577804,-100.373626
Cerveza,Canasta con 6 Botellas de 355 Ml. No Retornable,Negra Modelo,Cerveza,Basicos,162,2026/04/07,Oxxo,Tienda de Conveniencia,Oxxo Sucursal Corregidora 50 Cr,Circuito Moises Solana No. 128. Esq. Gertrudis Bocanegra. Col. Burocratas. Cp. 76070,Querétaro,Santiago de Querétaro,20.57462,-100.384232
Chile Fresco,1 Kg. Granel. Poblano o para Rellenar,S/M,Hortalizas Frescas,Frutas y Legumbres,85,2026/04/10,Mercado Publico,Mercados,Mercado Lomas de Casablanca,Avenida 10. Esq. Calle 23. Col. Lomas de Casa Blanca. Cp. 76080,Querétaro,Santiago de Querétaro,20.603024,-100.396263
Chile Fresco,1 Kg. Granel. Serrano,S/M,Hortalizas Frescas,Frutas y Legumbres,69.9,2026/04/09,La Comer,Supermercado / Tienda de Autoservicio,Lacomer Sucursal Queretaro Estadio,Luis M. Vega y Monroy 1300. Esq.cimatario . Col. Cimatario. Cp. 76090,Querétaro,Santiago de Querétaro,20.577804,-100.373626
Chile Seco,1 Kg. Granel. Pasilla,S/M,Legumbres Secas,Mercados,240,2026/04/06,Mercado Publico,Mercados,Mercado Romero Rubio,Cairo S/n. Esq. Persia. Col. Romero Rubio. Cp. 15400,Ciudad de México,Venustiano Carranza,19.388643,-99.066708
Chiles,Lata 220 Gr. Jalapeño. Enteros,La Costeña,Frutas y Legumbres Procesadas,Basicos,14.5,2026/04/06,Wal-mart,Supermercado / Tienda de Autoservicio,Walmart Sucursal Aeropuerto,Calz. Ignacio Zaragoza 58. Esq. Blvd. Puerto Aereo. Col. Federal. Cp. 15700,Ciudad de México,Venustiano Carranza,19.41926,-99.094521
Chiles,Lata 220 Gr. Serrano. Enteros,La Costeña,Frutas y Legumbres Procesadas,Basicos,18,2026/04/06,Wal-mart,Supermercado / Tienda de Autoservicio,Walmart Sucursal Aeropuerto,Calz. Ignacio Zaragoza 58. Esq. Blvd. Puerto Aereo. Col. Federal. Cp. 15700,Ciudad de México,Venustiano Carranza,19.41926,-99.094521
Chiles,Lata 380 Gr. Jalapeños Rajas,La Costeña,Frutas y Legumbres Procesadas,Basicos,28.5,2026/04/03,Superissste,Supermercado / Tienda de Autoservicio,Superissste Sucursal 011,Calle Peluqueros No. 310 Esquina Calle Tizayuca. Col. Michoacana. Cp. 15240,Ciudad de México,Venustiano Carranza,19.446139,-99.113372
Chocolate en Tablillas,Paquete 540 Gr.,Ibarra,Chocolates y Golosinas,Basicos,132,2026/04/06,Wal-mart,Supermercado / Tienda de Autoservicio,Walmart Sucursal Balbuena,Fray Servando Teresa de Mier 881. Entre Fernando Iglesia Calderon y Genaro Garcia. Col. Jardin Balbuena. Cp. 15900,Ciudad de México,Venustiano Carranza,19.418067,-99.105639
Cholal Modificado,Caja con 10 Ampolletas de 5 Ml. Suplemento Alimenticio. Solución Oral,S/M,Medicamentos,Medicamentos,458,2026/04/09,La Comer,Supermercado / Tienda de Autoservicio,Lacomer Sucursal Queretaro Estadio,Luis M. Vega y Monroy 1300. Esq.cimatario . Col. Cimatario. Cp. 76090,Querétaro,Santiago de Querétaro,20.577804,-100.373626
Chorizo,1 Kg. Granel. Cantimpalo,Fud,Carnes Frias Secas y Embutidos,Basicos,249,2026/04/09,La Comer,Supermercado / Tienda de Autoservicio,Lacomer Sucursal Queretaro Estadio,Luis M. Vega y Monroy 1300. Esq.cimatario . Col. Cimatario. Cp. 76090,Querétaro,Santiago de Querétaro,20.577804,-100.373626
Chía,Envase 220 Gr. Semilla,Wand´s,Legumbres Secas,Basicos,42,2026/04/10,Bodega Aurrera,Supermercado / Tienda de Autoservicio,Bodega Aurrera Sucursal Centro Constituyentes,Constituyentes Oriente 334. Entre Pasteur y Manuel Ponce. Col. Mercurio. Cp. 76040,Querétaro,Santiago de Querétaro,20.586349,-100.382801
Chía,Envase 220 Gr. Semilla,Wand´s,Legumbres Secas,Basicos,44,2026/04/06,Wal-mart,Supermercado / Tienda de Autoservicio,Walmart Sucursal Aeropuerto,Calz. Ignacio Zaragoza 58. Esq. Blvd. Puerto Aereo. Col. Federal. Cp. 15700,Ciudad de México,Venustiano Carranza,19.41926,-99.094521
Clendix,Caja con 21 Cápsulas de 300 Mg.,S/M,Medicamentos,Medicamentos,669,2026/04/09,La Comer,Supermercado / Tienda de Autoservicio,Lacomer Sucursal Queretaro Estadio,Luis M. Vega y Monroy 1300. Esq.cimatario . Col. Cimatario. Cp. 76090,Querétaro,Santiago de Querétaro,20.577804,-100.373626
Clendix,Caja con 21 Cápsulas de 300 Mg.,S/M,Medicamentos,Medicamentos,789,2026/04/08,Sanborn S Hnos.,Farmacias,Sanborns Sucursal los Arquitos,Constituyentes Oriente 172. Esq. de los Arquitos. Col. los Arquitos. Cp. 76050,Querétaro,Santiago de Querétaro,20.588117,-100.36869
Coctel de Frutas en Almíbar,Lata 850 Gr.,Clemente Jacques,Frutas y Legumbres Procesadas,Basicos,68,2026/04/06,Chedraui,Supermercado / Tienda de Autoservicio,Chedraui Sucursal Anfora,Anfora 71. Esq. Eje 1 Norte. Col. Madero. Cp. 15320,Ciudad de México,Venustiano Carranza,19.437353,-99.110088
Col,1 Kg. Granel. Blanca o Repollo,S/M,Hortalizas Frescas,Frutas y Legumbres,29.9,2026/04/06,Bodega Aurrera,Supermercado / Tienda de Autoservicio,Bodega Aurrera Sucursal la Viga,Calz. de la Viga 136 Esq. del Taller. Col. Lorenzo Boturini. Cp. 15820,Ciudad de México,Venustiano Carranza,19.414749,-99.127874
Col,1 Kg. Granel. Blanca o Repollo,S/M,Hortalizas Frescas,Frutas y Legumbres,29.9,2026/04/14,Wal-mart,Supermercado / Tienda de Autoservicio,Walmart Sucursal Unidad Plaza de Toros,Autopista Queretaro Celaya 5501. Int. del Centro Comercial Plaza Esfera. Col. el Jacal. Cp. 76187,Querétaro,Santiago de Querétaro,20.574076,-100.408704
Col,1 Kg. Granel. Morada,S/M,Hortalizas Frescas,Frutas y Legumbres,65,2026/04/06,Wal-mart,Supermercado / Tienda de Autoservicio,Walmart Sucursal Aeropuerto,Calz. Ignacio Zaragoza 58. Esq. Blvd. Puerto Aereo. Col. Federal. Cp. 15700,Ciudad de México,Venustiano Carranza,19.41926,-99.094521
Componentes de Audio,"Cj 45. Cd´s 1 (mp3, Usb, Bluetooth). Potencia 8100 W (pmpo)",Lg,Aparatos Electronicos,Electrodomesticos,5865.2,2026/04/14,Liverpool,Tienda Departamentales,Liverpool Sucursal Queretaro,5 de Febrero 99. Plaza Galerias. Carr. Libre a Celaya. Col. Virreyes. Cp. 76000,Querétaro,Santiago de Querétaro,20.578334,-100.404099
Contac,Caja con 12 Tabletas. Ultra,S/M,Medicamentos,Medicamentos,44,2026/04/09,Benavides,Farmacias,Farmacia Benavides Sucursal Isla de Montecristo,Av. del Parque 401. Esq. Calle Isla de Montecristo. Col. Lindavista. Cp. 76070,Querétaro,Santiago de Querétaro,20.568451,-100.380021
Contac,Caja con 12 Tabletas. Ultra,S/M,Medicamentos,Medicamentos,48.5,2026/04/13,Hipermercado Soriana,Supermercado / Tienda de Autoservicio,Soriana Hiper Sucursal Cimatario,Ctra. a Huimilpan 1001. Int. del Centro Comercial Plaza del Sol. Col. Plazas del Sol. Iii Seccion. Cp. 76099,Querétaro,Santiago de Querétaro,20.563227,-100.375284
Crema,Bote 426 Ml. Reducida en Grasa,Alpura,Derivados de Leche,Basicos,42,2026/04/09,La Comer,Supermercado / Tienda de Autoservicio,Lacomer Sucursal Queretaro Estadio,Luis M. Vega y Monroy 1300. Esq.cimatario . Col. Cimatario. Cp. 76090,Querétaro,Santiago de Querétaro,20.577804,-100.373626
Crema,Vaso 196 Gr.,Lala,Derivados de Leche,Mercados,20,2026/04/06,Mercado Publico,Mercados,Mercado Romero Rubio,Cairo S/n. Esq. Persia. Col. Romero Rubio. Cp. 15400,Ciudad de México,Venustiano Carranza,19.388643,-99.066708
Crema,Vaso 196 Gr.,Lala,Derivados de Leche,Mercados,23,2026/04/13,Mercado Publico,Mercados,Mercado Lomas de Casablanca,Avenida 10. Esq. Calle 23. Col. Lomas de Casa Blanca. Cp. 76080,Querétaro,Santiago de Querétaro,20.603024,-100.396263
Crema,Vaso 200 Ml.,Alpura,Derivados de Leche,Basicos,22,2026/04/06,Wal-mart,Supermercado / Tienda de Autoservicio,Walmart Sucursal Aeropuerto,Calz. Ignacio Zaragoza 58. Esq. Blvd. Puerto Aereo. Col. Federal. Cp. 15700,Ciudad de México,Venustiano Carranza,19.41926,-99.094521
Crema,Vaso 200 Ml.,Alpura,Derivados de Leche,Mercados,22,2026/04/13,Mercado Publico,Mercados,Mercado Lomas de Casablanca,Avenida 10. Esq. Calle 23. Col. Lomas de Casa Blanca. Cp. 76080,Querétaro,Santiago de Querétaro,20.603024,-100.396263
Crema Batida,Bote 500 Ml. Vegetal,Chantilly,Derivados de Leche,Basicos,26,2026/04/06,Wal-mart,Supermercado / Tienda de Autoservicio,Walmart Sucursal Balbuena,Fray Servando Teresa de Mier 881. Entre Fernando Iglesia Calderon y Genaro Garcia. Col. Jardin Balbuena. Cp. 15900,Ciudad de México,Venustiano Carranza,19.418067,-99.105639
Crema Batida,Bote 500 Ml. Vegetal,Chantilly,Derivados de Leche,Basicos,28,2026/04/10,Bodega Aurrera,Supermercado / Tienda de Autoservicio,Bodega Aurrera Sucursal Centro Constituyentes,Constituyentes Oriente 334. Entre Pasteur y Manuel Ponce. Col. Mercurio. Cp. 76040,Querétaro,Santiago de Querétaro,20.586349,-100.382801
Crema Líquida,Botella 400 Ml. Humectación Diaria. Piel Normal a Seca,Lubriderm,Arts. para el Cuidado Personal,Basicos,130,2026/04/06,Wal-mart,Supermercado / Tienda de Autoservicio,Walmart Sucursal Aeropuerto,Calz. Ignacio Zaragoza 58. Esq. Blvd. Puerto Aereo. Col. Federal. Cp. 15700,Ciudad de México,Venustiano Carranza,19.41926,-99.094521
Crema Líquida,Botella 400 Ml. Pro-ceramidas. Piel Seca,Dove,Arts. para el Cuidado Personal,Basicos,145,2026/04/14,Wal-mart,Supermercado / Tienda de Autoservicio,Walmart Sucursal Unidad Plaza de Toros,Autopista Queretaro Celaya 5501. Int. del Centro Comercial Plaza Esfera. Col. el Jacal. Cp. 76187,Querétaro,Santiago de Querétaro,20.574076,-100.408704
Crema Líquida,Botella 400 Ml. Soft Milk. Piel Seca,Nivea,Arts. para el Cuidado Personal,Basicos,110,2026/04/06,Wal-mart,Supermercado / Tienda de Autoservicio,Walmart Sucursal Balbuena,Fray Servando Teresa de Mier 881. Entre Fernando Iglesia Calderon y Genaro Garcia. Col. Jardin Balbuena. Cp. 15900,Ciudad de México,Venustiano Carranza,19.418067,-99.105639
Crema Líquida,Botella 400 Ml. Soft Milk. Piel Seca,Nivea,Arts. para el Cuidado Personal,Basicos,110,2026/04/08,Chedraui,Supermercado / Tienda de Autoservicio,Chedraui Sucursal Centro Sur,Blvd. Bernardo Quintana 502. Carr. con Direccion a Centro Civico. Col. Centro Sur. Cp. 76087,Querétaro,Santiago de Querétaro,20.569354,-100.358831
Crestor,Caja con 30 Tabletas de 10 Mg.,S/M,Medicamentos,Medicamentos,1719,2026/04/08,Sanborn S Hnos.,Farmacias,Sanborns Sucursal los Arquitos,Constituyentes Oriente 172. Esq. de los Arquitos. Col. los Arquitos. Cp. 76050,Querétaro,Santiago de Querétaro,20.588117,-100.36869
Crestor,Caja con 30 Tabletas de 10 Mg.,S/M,Medicamentos,Medicamentos,1732,2026/04/09,Benavides,Farmacias,Farmacia Benavides Sucursal Isla de Montecristo,Av. del Parque 401. Esq. Calle Isla de Montecristo. Col. Lindavista. Cp. 76070,Querétaro,Santiago de Querétaro,20.568451,-100.380021
Cubrebocas,Bolsa con 1 Pieza. Kn95. Mascarilla,Protect,Arts. para el Cuidado Personal,Medicamentos,31,2026/04/09,La Comer,Supermercado / Tienda de Autoservicio,Lacomer Sucursal Queretaro Estadio,Luis M. Vega y Monroy 1300. Esq.cimatario . Col. Cimatario. Cp. 76090,Querétaro,Santiago de Querétaro,20.577804,-100.373626
Cubrebocas,Bolsa con 10 Piezas,Vitascom,Arts. para el Cuidado Personal,Medicamentos,42,2026/04/13,Hipermercado Soriana,Supermercado / Tienda de Autoservicio,Soriana Hiper Sucursal Cimatario,Ctra. a Huimilpan 1001. Int. del Centro Comercial Plaza del Sol. Col. Plazas del Sol. Iii Seccion. Cp. 76099,Querétaro,Santiago de Querétaro,20.563227,-100.375284
Cubrebocas,Bolsa con 5 Piezas. Plisado. Camuflaje,Le Roy,Arts. para el Cuidado Personal,Medicamentos,68.5,2026/04/09,La Comer,Supermercado / Tienda de Autoservicio,Lacomer Sucursal Queretaro Estadio,Luis M. Vega y Monroy 1300. Esq.cimatario . Col. Cimatario. Cp. 76090,Querétaro,Santiago de Querétaro,20.577804,-100.373626
Cubrebocas,Bolsa con 5 Piezas. Plisado. Tricapa. Azul,Le Roy,Arts. para el Cuidado Personal,Medicamentos,36,2026/04/10,Bodega Aurrera,Supermercado / Tienda de Autoservicio,Bodega Aurrera Sucursal Centro Constituyentes,Constituyentes Oriente 334. Entre Pasteur y Manuel Ponce. Col. Mercurio. Cp. 76040,Querétaro,Santiago de Querétaro,20.586349,-100.382801
Cubrebocas,Bolsa con 5 Piezas. Plisado. Tricapa. Azul,Le Roy,Arts. para el Cuidado Personal,Medicamentos,45,2026/04/08,Sanborn S Hnos.,Farmacias,Sanborns Sucursal los Arquitos,Constituyentes Oriente 172. Esq. de los Arquitos. Col. los Arquitos. Cp. 76050,Querétaro,Santiago de Querétaro,20.588117,-100.36869
Curvina,1 Kg. Granel. Entero. Fresco,S/M,Pescados y Mariscos,Pescados y Mariscos,99.9,2026/04/06,Hipermercado Soriana,Supermercado / Tienda de Autoservicio,Soriana Hiper Sucursal Cimatario,Ctra. a Huimilpan 1001. Int. del Centro Comercial Plaza del Sol. Col. Plazas del Sol. Iii Seccion. Cp. 76099,Querétaro,Santiago de Querétaro,20.563227,-100.375284
Cytotec,Caja con 28 Tabletas de 200 Mcg.,S/M,Medicamentos,Medicamentos,4349,2026/04/09,Benavides,Farmacias,Farmacia Benavides Sucursal Isla de Montecristo,Av. del Parque 401. Esq. Calle Isla de Montecristo. Col. Lindavista. Cp. 76070,Querétaro,Santiago de Querétaro,20.568451,-100.380021
Cúrcuma,Frasco 51 Gr.,Mc Cormick,Condimentos,Basicos,43,2026/04/06,Wal-mart,Supermercado / Tienda de Autoservicio,Walmart Sucursal Balbuena,Fray Servando Teresa de Mier 881. Entre Fernando Iglesia Calderon y Genaro Garcia. Col. Jardin Balbuena. Cp. 15900,Ciudad de México,Venustiano Carranza,19.418067,-99.105639
Desenfriol-d,Caja con 12 Tabletas,S/M,Medicamentos,Medicamentos,38,2026/04/08,Chedraui,Supermercado / Tienda de Autoservicio,Chedraui Sucursal Centro Sur,Blvd. Bernardo Quintana 502. Carr. con Direccion a Centro Civico. Col. Centro Sur. Cp. 76087,Querétaro,Santiago de Querétaro,20.569354,-100.358831
Desenfriol-d,Caja con 24 Tabletas,S/M,Medicamentos,Medicamentos,67,2026/04/01,Farmacias del Ahorro,Farmacias,Farmacias del Ahorro Sucursal Queretaro,Constituyentes Pte. 46. Entre Fernando de Tapia y Melchor Ocampo. Col. Centro. Cp. 76000,Querétaro,Santiago de Querétaro,20.584013,-100.394346
Desenfriol-d,Caja con 24 Tabletas,S/M,Medicamentos,Medicamentos,67,2026/04/07,Farmacias del Ahorro,Farmacias,Farmacias del Ahorro Sucursal Queretaro,Constituyentes Pte. 46. Entre Fernando de Tapia y Melchor Ocampo. Col. Centro. Cp. 76000,Querétaro,Santiago de Querétaro,20.584013,-100.394346
Desodorante,Barra 45 Gr. Invisible. Floral. para Dama,Lady Speed Stick,Arts. para el Cuidado Personal,Basicos,67.5,2026/04/06,Hipermercado Soriana,Supermercado / Tienda de Autoservicio,Soriana Hiper Sucursal Cimatario,Ctra. a Huimilpan 1001. Int. del Centro Comercial Plaza del Sol. Col. Plazas del Sol. Iii Seccion. Cp. 76099,Querétaro,Santiago de Querétaro,20.563227,-100.375284
Desodorante,Barra 60 Gr. Spazio. para Caballero,Stefano,Arts. para el Cuidado Personal,Basicos,61.5,2026/04/06,Chedraui,Supermercado / Tienda de Autoservicio,Chedraui Sucursal Anfora,Anfora 71. Esq. Eje 1 Norte. Col. Madero. Cp. 15320,Ciudad de México,Venustiano Carranza,19.437353,-99.110088
Desodorante,Barra 82 Gr. Specialized. Cool Wave. Gel Antitranspirante. para Caballero,Gillette,Arts. para el Cuidado Personal,Basicos,90,2026/04/10,Bodega Aurrera,Supermercado / Tienda de Autoservicio,Bodega Aurrera Sucursal Centro Constituyentes,Constituyentes Oriente 334. Entre Pasteur y Manuel Ponce. Col. Mercurio. Cp. 76040,Querétaro,Santiago de Querétaro,20.586349,-100.382801
Detergente P/ropa,Bolsa 1 Kg. Polvo,Blanca Nieves,Detergentes y Productos Similares,Basicos,40,2026/04/06,Bodega Aurrera,Supermercado / Tienda de Autoservicio,Bodega Aurrera Sucursal la Viga,Calz. de la Viga 136 Esq. del Taller. Col. Lorenzo Boturini. Cp. 15820,Ciudad de México,Venustiano Carranza,19.414749,-99.127874
Detergente P/ropa,Bolsa 1 Kg. Polvo,Blanca Nieves,Detergentes y Productos Similares,Basicos,40.5,2026/04/03,Superissste,Supermercado / Tienda de Autoservicio,Superissste Sucursal 011,Calle Peluqueros No. 310 Esquina Calle Tizayuca. Col. Michoacana. Cp. 15240,Ciudad de México,Venustiano Carranza,19.446139,-99.113372
Detergente P/ropa,Bolsa 1 Kg. Polvo,Blanca Nieves,Detergentes y Productos Similares,Basicos,40.5,2026/04/03,Superissste,Supermercado / Tienda de Autoservicio,Superissste Sucursal 022,Av. del Taller y Retorno No. 38 Dentro del Retorno 38. Col. Jardin Balbuena. Cp. 15900,Ciudad de México,Venustiano Carranza,19.412842,-99.105666
Detergente P/ropa,Bolsa 1 Kg. Polvo,Blanca Nieves,Detergentes y Productos Similares,Basicos,40.5,2026/04/10,Superissste,Supermercado / Tienda de Autoservicio,Superissste Sucursal 011,Calle Peluqueros No. 310 Esquina Calle Tizayuca. Col. Michoacana. Cp. 15240,Ciudad de México,Venustiano Carranza,19.446139,-99.113372
Detergente P/ropa,Bolsa 1 Kg. Polvo,Blanca Nieves,Detergentes y Productos Similares,Basicos,40.5,2026/04/10,Superissste,Supermercado / Tienda de Autoservicio,Superissste Sucursal 022,Av. del Taller y Retorno No. 38 Dentro del Retorno 38. Col. Jardin Balbuena. Cp. 15900,Ciudad de México,Venustiano Carranza,19.412842,-99.105666
Detergente P/ropa,Bolsa 1 Kg. Polvo,Blanca Nieves,Detergentes y Productos Similares,Basicos,45,2026/04/06,Chedraui,Supermercado / Tienda de Autoservicio,Chedraui Sucursal Anfora,Anfora 71. Esq. Eje 1 Norte. Col. Madero. Cp. 15320,Ciudad de México,Venustiano Carranza,19.437353,-99.110088
Detergente P/ropa,Bolsa 1 Kg. Polvo,Blanca Nieves,Detergentes y Productos Similares,Basicos,45.5,2026/04/09,La Comer,Supermercado / Tienda de Autoservicio,Lacomer Sucursal Queretaro Estadio,Luis M. Vega y Monroy 1300. Esq.cimatario . Col. Cimatario. Cp. 76090,Querétaro,Santiago de Querétaro,20.577804,-100.373626
Detergente P/ropa,Bolsa 1 Kg. Polvo,Blanca Nieves,Detergentes y Productos Similares,Basicos,46,2026/04/06,Wal-mart,Supermercado / Tienda de Autoservicio,Walmart Sucursal Aeropuerto,Calz. Ignacio Zaragoza 58. Esq. Blvd. Puerto Aereo. Col. Federal. Cp. 15700,Ciudad de México,Venustiano Carranza,19.41926,-99.094521
Detergente P/ropa,Bolsa 1 Kg. Polvo,Blanca Nieves,Detergentes y Productos Similares,Basicos,46,2026/04/06,Wal-mart,Supermercado / Tienda de Autoservicio,Walmart Sucursal Balbuena,Fray Servando Teresa de Mier 881. Entre Fernando Iglesia Calderon y Genaro Garcia. Col. Jardin Balbuena. Cp. 15900,Ciudad de México,Venustiano Carranza,19.418067,-99.105639
Detergente P/ropa,Bolsa 1 Kg. Polvo,Blanca Nieves,Detergentes y Productos Similares,Basicos,46,2026/04/10,Bodega Aurrera,Supermercado / Tienda de Autoservicio,Bodega Aurrera Sucursal Centro Constituyentes,Constituyentes Oriente 334. Entre Pasteur y Manuel Ponce. Col. Mercurio. Cp. 76040,Querétaro,Santiago de Querétaro,20.586349,-100.382801
Detergente P/ropa,Bolsa 1 Kg. Polvo,Blanca Nieves,Detergentes y Productos Similares,Basicos,46,2026/04/14,Wal-mart,Supermercado / Tienda de Autoservicio,Walmart Sucursal Unidad Plaza de Toros,Autopista Queretaro Celaya 5501. Int. del Centro Comercial Plaza Esfera. Col. el Jacal. Cp. 76187,Querétaro,Santiago de Querétaro,20.574076,-100.408704
Detergente P/ropa,Bolsa 1 Kg. Polvo,Blanca Nieves,Detergentes y Productos Similares,Basicos,46,2026/04/15,Chedraui,Supermercado / Tienda de Autoservicio,Chedraui Sucursal Centro Sur,Blvd. Bernardo Quintana 502. Carr. con Direccion a Centro Civico. Col. Centro Sur. Cp. 76087,Querétaro,Santiago de Querétaro,20.569354,-100.358831
Detergente P/ropa,Bolsa 1 Kg. Polvo,Blanca Nieves,Detergentes y Productos Similares,Basicos,47.5,2026/04/13,Hipermercado Soriana,Supermercado / Tienda de Autoservicio,Soriana Hiper Sucursal Cimatario,Ctra. a Huimilpan 1001. Int. del Centro Comercial Plaza del Sol. Col. Plazas del Sol. Iii Seccion. Cp. 76099,Querétaro,Santiago de Querétaro,20.563227,-100.375284
Detergente P/ropa,Bolsa 1 Kg. Polvo,Blanca Nieves,Detergentes y Productos Similares,Basicos,48.5,2026/04/06,Hipermercado Soriana,Supermercado / Tienda de Autoservicio,Soriana Hiper Sucursal Consulado (418),Rio Consulado 2355. Esq. Carlos Marx. Col. Simon Bolivar. Cp. 15410,Ciudad de México,Venustiano Carranza,19.449572,-99.100376
Detergente P/ropa,Bolsa 1 Kg. Polvo,Foca,Detergentes y Productos Similares,Basicos,40,2026/04/06,Bodega Aurrera,Supermercado / Tienda de Autoservicio,Bodega Aurrera Sucursal la Viga,Calz. de la Viga 136 Esq. del Taller. Col. Lorenzo Boturini. Cp. 15820,Ciudad de México,Venustiano Carranza,19.414749,-99.127874
Detergente P/ropa,Bolsa 1 Kg. Polvo,Foca,Detergentes y Productos Similares,Basicos,45,2026/04/06,Chedraui,Supermercado / Tienda de Autoservicio,Chedraui Sucursal Anfora,Anfora 71. Esq. Eje 1 Norte. Col. Madero. Cp. 15320,Ciudad de México,Venustiano Carranza,19.437353,-99.110088
Detergente P/ropa,Bolsa 1 Kg. Polvo,Foca,Detergentes y Productos Similares,Basicos,47.9,2026/04/13,Hipermercado Soriana,Supermercado / Tienda de Autoservicio,Soriana Hiper Sucursal Cimatario,Ctra. a Huimilpan 1001. Int. del Centro Comercial Plaza del Sol. Col. Plazas del Sol. Iii Seccion. Cp. 76099,Querétaro,Santiago de Querétaro,20.563227,-100.375284
Detergente P/ropa,Bolsa 1 Kg. Polvo,Foca,Detergentes y Productos Similares,Basicos,48,2026/04/06,Wal-mart,Supermercado / Tienda de Autoservicio,Walmart Sucursal Balbuena,Fray Servando Teresa de Mier 881. Entre Fernando Iglesia Calderon y Genaro Garcia. Col. Jardin Balbuena. Cp. 15900,Ciudad de México,Venustiano Carranza,19.418067,-99.105639
Detergente P/ropa,Bolsa 1 Kg. Polvo,Foca,Detergentes y Productos Similares,Basicos,48,2026/04/10,Bodega Aurrera,Supermercado / Tienda de Autoservicio,Bodega Aurrera Sucursal Centro Constituyentes,Constituyentes Oriente 334. Entre Pasteur y Manuel Ponce. Col. Mercurio. Cp. 76040,Querétaro,Santiago de Querétaro,20.586349,-100.382801
Detergente P/ropa,Bolsa 1 Kg. Polvo,Foca,Detergentes y Productos Similares,Basicos,48,2026/04/14,Wal-mart,Supermercado / Tienda de Autoservicio,Walmart Sucursal Unidad Plaza de Toros,Autopista Queretaro Celaya 5501. Int. del Centro Comercial Plaza Esfera. Col. el Jacal. Cp. 76187,Querétaro,Santiago de Querétaro,20.574076,-100.408704
Detergente P/ropa,Bolsa 1 Kg. Polvo,Foca,Detergentes y Productos Similares,Basicos,48,2026/04/15,Chedraui,Supermercado / Tienda de Autoservicio,Chedraui Sucursal Centro Sur,Blvd. Bernardo Quintana 502. Carr. con Direccion a Centro Civico. Col. Centro Sur. Cp. 76087,Querétaro,Santiago de Querétaro,20.569354,-100.358831
Detergente P/ropa,Bolsa 1 Kg. Polvo,Foca,Detergentes y Productos Similares,Basicos,50.9,2026/04/06,Hipermercado Soriana,Supermercado / Tienda de Autoservicio,Soriana Hiper Sucursal Consulado (418),Rio Consulado 2355. Esq. Carlos Marx. Col. Simon Bolivar. Cp. 15410,Ciudad de México,Venustiano Carranza,19.449572,-99.100376
Detergente P/ropa,Bolsa 1 Kg. Polvo. Multiusos,Maestro Limpio,Detergentes y Productos Similares,Basicos,25,2026/04/06,Bodega Aurrera,Supermercado / Tienda de Autoservicio,Bodega Aurrera Sucursal la Viga,Calz. de la Viga 136 Esq. del Taller. Col. Lorenzo Boturini. Cp. 15820,Ciudad de México,Venustiano Carranza,19.414749,-99.127874
Detergente P/ropa,Bolsa 1 Kg. Polvo. Multiusos,Maestro Limpio,Detergentes y Productos Similares,Basicos,25,2026/04/09,La Comer,Supermercado / Tienda de Autoservicio,Lacomer Sucursal Queretaro Estadio,Luis M. Vega y Monroy 1300. Esq.cimatario . Col. Cimatario. Cp. 76090,Querétaro,Santiago de Querétaro,20.577804,-100.373626
Detergente P/ropa,Bolsa 1 Kg. Polvo. Multiusos,Maestro Limpio,Detergentes y Productos Similares,Basicos,25,2026/04/10,Bodega Aurrera,Supermercado / Tienda de Autoservicio,Bodega Aurrera Sucursal Centro Constituyentes,Constituyentes Oriente 334. Entre Pasteur y Manuel Ponce. Col. Mercurio. Cp. 76040,Querétaro,Santiago de Querétaro,20.586349,-100.382801
Detergente P/ropa,Bolsa 1 Kg. Polvo. Multiusos,Maestro Limpio,Detergentes y Productos Similares,Basicos,31.5,2026/04/15,Chedraui,Supermercado / Tienda de Autoservicio,Chedraui Sucursal Centro Sur,Blvd. Bernardo Quintana 502. Carr. con Direccion a Centro Civico. Col. Centro Sur. Cp. 76087,Querétaro,Santiago de Querétaro,20.569354,-100.358831
Detergente P/ropa,Bolsa 3.564 Gr. Polvo. Oxigeno Activo,Ace,Detergentes y Productos Similares,Basicos,149.5,2026/04/09,La Comer,Supermercado / Tienda de Autoservicio,Lacomer Sucursal Queretaro Estadio,Luis M. Vega y Monroy 1300. Esq.cimatario . Col. Cimatario. Cp. 76090,Querétaro,Santiago de Querétaro,20.577804,-100.373626
Detergente P/ropa,Bolsa 3.564 Gr. Polvo. Oxigeno Activo,Ace,Detergentes y Productos Similares,Basicos,154,2026/04/10,Bodega Aurrera,Supermercado / Tienda de Autoservicio,Bodega Aurrera Sucursal Centro Constituyentes,Constituyentes Oriente 334. Entre Pasteur y Manuel Ponce. Col. Mercurio. Cp. 76040,Querétaro,Santiago de Querétaro,20.586349,-100.382801
Detergente P/ropa,Bolsa 3.564 Gr. Polvo. Oxigeno Activo,Ace,Detergentes y Productos Similares,Basicos,155,2026/04/06,Wal-mart,Supermercado / Tienda de Autoservicio,Walmart Sucursal Aeropuerto,Calz. Ignacio Zaragoza 58. Esq. Blvd. Puerto Aereo. Col. Federal. Cp. 15700,Ciudad de México,Venustiano Carranza,19.41926,-99.094521
Detergente P/ropa,Bolsa 3.564 Gr. Polvo. Oxigeno Activo,Ace,Detergentes y Productos Similares,Basicos,155,2026/04/14,Wal-mart,Supermercado / Tienda de Autoservicio,Walmart Sucursal Unidad Plaza de Toros,Autopista Queretaro Celaya 5501. Int. del Centro Comercial Plaza Esfera. Col. el Jacal. Cp. 76187,Querétaro,Santiago de Querétaro,20.574076,-100.408704
Detergente P/ropa,Bolsa 3.564 Gr. Polvo. Oxigeno Activo,Ace,Detergentes y Productos Similares,Basicos,155,2026/04/15,Chedraui,Supermercado / Tienda de Autoservicio,Chedraui Sucursal Centro Sur,Blvd. Bernardo Quintana 502. Carr. con Direccion a Centro Civico. Col. Centro Sur. Cp. 76087,Querétaro,Santiago de Querétaro,20.569354,-100.358831
Detergente P/ropa,Bolsa 3.564 Gr. Polvo. Oxigeno Activo,Ace,Detergentes y Productos Similares,Basicos,169,2026/04/06,Wal-mart,Supermercado / Tienda de Autoservicio,Walmart Sucursal Balbuena,Fray Servando Teresa de Mier 881. Entre Fernando Iglesia Calderon y Genaro Garcia. Col. Jardin Balbuena. Cp. 15900,Ciudad de México,Venustiano Carranza,19.418067,-99.105639
Detergente P/ropa,Bolsa 3.564 Gr. Polvo. Oxigeno Activo,Ace,Detergentes y Productos Similares,Basicos,182,2026/04/06,Hipermercado Soriana,Supermercado / Tienda de Autoservicio,Soriana Hiper Sucursal Consulado (418),Rio Consulado 2355. Esq. Carlos Marx. Col. Simon Bolivar. Cp. 15410,Ciudad de México,Venustiano Carranza,19.449572,-99.100376
Detergente P/ropa,Bolsa 5 Kg. Polvo,Foca,Detergentes y Productos Similares,Basicos,205,2026/04/03,Superissste,Supermercado / Tienda de Autoservicio,Superissste Sucursal 011,Calle Peluqueros No. 310 Esquina Calle Tizayuca. Col. Michoacana. Cp. 15240,Ciudad de México,Venustiano Carranza,19.446139,-99.113372
Detergente P/ropa,Bolsa 5 Kg. Polvo,Foca,Detergentes y Productos Similares,Basicos,205,2026/04/03,Superissste,Supermercado / Tienda de Autoservicio,Superissste Sucursal 022,Av. del Taller y Retorno No. 38 Dentro del Retorno 38. Col. Jardin Balbuena. Cp. 15900,Ciudad de México,Venustiano Carranza,19.412842,-99.105666
Detergente P/ropa,Bolsa 5 Kg. Polvo,Foca,Detergentes y Productos Similares,Basicos,205,2026/04/10,Superissste,Supermercado / Tienda de Autoservicio,Superissste Sucursal 011,Calle Peluqueros No. 310 Esquina Calle Tizayuca. Col. Michoacana. Cp. 15240,Ciudad de México,Venustiano Carranza,19.446139,-99.113372
Detergente P/ropa,Bolsa 5 Kg. Polvo,Foca,Detergentes y Productos Similares,Basicos,205,2026/04/10,Superissste,Supermercado / Tienda de Autoservicio,Superissste Sucursal 022,Av. del Taller y Retorno No. 38 Dentro del Retorno 38. Col. Jardin Balbuena. Cp. 15900,Ciudad de México,Venustiano Carranza,19.412842,-99.105666
Detergente P/ropa,Bolsa 5 Kg. Polvo,Foca,Detergentes y Productos Similares,Basicos,209,2026/04/13,Hipermercado Soriana,Supermercado / Tienda de Autoservicio,Soriana Hiper Sucursal Cimatario,Ctra. a Huimilpan 1001. Int. del Centro Comercial Plaza del Sol. Col. Plazas del Sol. Iii Seccion. Cp. 76099,Querétaro,Santiago de Querétaro,20.563227,-100.375284
Detergente P/ropa,Bolsa 648 Gr. Polvo. Oxigeno Activo,Ace,Detergentes y Productos Similares,Basicos,28.5,2026/04/15,Chedraui,Supermercado / Tienda de Autoservicio,Chedraui Sucursal Centro Sur,Blvd. Bernardo Quintana 502. Carr. con Direccion a Centro Civico. Col. Centro Sur. Cp. 76087,Querétaro,Santiago de Querétaro,20.569354,-100.358831
Detergente P/ropa,Bolsa 648 Gr. Polvo. Oxigeno Activo,Ace,Detergentes y Productos Similares,Basicos,29.5,2026/04/09,La Comer,Supermercado / Tienda de Autoservicio,Lacomer Sucursal Queretaro Estadio,Luis M. Vega y Monroy 1300. Esq.cimatario . Col. Cimatario. Cp. 76090,Querétaro,Santiago de Querétaro,20.577804,-100.373626
Detergente P/ropa,Bolsa 750 Gr. Polvo. Poder y Cuidado,Ariel,Detergentes y Productos Similares,Basicos,35,2026/04/07,Oxxo,Tienda de Conveniencia,Oxxo Sucursal Corregidora 50 Cr,Circuito Moises Solana No. 128. Esq. Gertrudis Bocanegra. Col. Burocratas. Cp. 76070,Querétaro,Santiago de Querétaro,20.57462,-100.384232
Detergente P/ropa,Bolsa 750 Gr. Polvo. Poder y Cuidado,Ariel,Detergentes y Productos Similares,Basicos,35,2026/04/14,Oxxo,Tienda de Conveniencia,Oxxo Sucursal Corregidora 50 Cr,Circuito Moises Solana No. 128. Esq. Gertrudis Bocanegra. Col. Burocratas. Cp. 76070,Querétaro,Santiago de Querétaro,20.57462,-100.384232
Detergente P/ropa,Bolsa 750 Gr. Polvo. Poder y Cuidado,Ariel,Detergentes y Productos Similares,Basicos,37,2026/04/06,Chedraui,Supermercado / Tienda de Autoservicio,Chedraui Sucursal Anfora,Anfora 71. Esq. Eje 1 Norte. Col. Madero. Cp. 15320,Ciudad de México,Venustiano Carranza,19.437353,-99.110088
Detergente P/ropa,Bolsa 750 Gr. Polvo. Poder y Cuidado,Ariel,Detergentes y Productos Similares,Basicos,37,2026/04/09,La Comer,Supermercado / Tienda de Autoservicio,Lacomer Sucursal Queretaro Estadio,Luis M. Vega y Monroy 1300. Esq.cimatario . Col. Cimatario. Cp. 76090,Querétaro,Santiago de Querétaro,20.577804,-100.373626
Detergente P/ropa,Bolsa 750 Gr. Polvo. Poder y Cuidado,Ariel,Detergentes y Productos Similares,Basicos,37,2026/04/15,Chedraui,Supermercado / Tienda de Autoservicio,Chedraui Sucursal Centro Sur,Blvd. Bernardo Quintana 502. Carr. con Direccion a Centro Civico. Col. Centro Sur. Cp. 76087,Querétaro,Santiago de Querétaro,20.569354,-100.358831
Detergente P/ropa,Bolsa 750 Gr. Polvo. Poder y Cuidado,Ariel,Detergentes y Productos Similares,Basicos,40,2026/04/13,Hipermercado Soriana,Supermercado / Tienda de Autoservicio,Soriana Hiper Sucursal Cimatario,Ctra. a Huimilpan 1001. Int. del Centro Comercial Plaza del Sol. Col. Plazas del Sol. Iii Seccion. Cp. 76099,Querétaro,Santiago de Querétaro,20.563227,-100.375284
Detergente P/ropa,Bolsa 750 Gr. Polvo. Poder y Cuidado,Ariel,Detergentes y Productos Similares,Basicos,40.9,2026/04/06,Hipermercado Soriana,Supermercado / Tienda de Autoservicio,Soriana Hiper Sucursal Consulado (418),Rio Consulado 2355. Esq. Carlos Marx. Col. Simon Bolivar. Cp. 15410,Ciudad de México,Venustiano Carranza,19.449572,-99.100376
Detergente P/ropa,Bolsa 750 Gr. Polvo. con Un Toque de Downy,Ariel,Detergentes y Productos Similares,Basicos,37,2026/04/09,La Comer,Supermercado / Tienda de Autoservicio,Lacomer Sucursal Queretaro Estadio,Luis M. Vega y Monroy 1300. Esq.cimatario . Col. Cimatario. Cp. 76090,Querétaro,Santiago de Querétaro,20.577804,-100.373626
Detergente P/ropa,Bolsa 750 Gr. Polvo. con Un Toque de Downy,Ariel,Detergentes y Productos Similares,Basicos,37,2026/04/15,Chedraui,Supermercado / Tienda de Autoservicio,Chedraui Sucursal Centro Sur,Blvd. Bernardo Quintana 502. Carr. con Direccion a Centro Civico. Col. Centro Sur. Cp. 76087,Querétaro,Santiago de Querétaro,20.569354,-100.358831
Detergente P/ropa,Bolsa 756 Gr. Polvo. Oxigeno Activo,Ace,Detergentes y Productos Similares,Basicos,33,2026/04/10,Bodega Aurrera,Supermercado / Tienda de Autoservicio,Bodega Aurrera Sucursal Centro Constituyentes,Constituyentes Oriente 334. Entre Pasteur y Manuel Ponce. Col. Mercurio. Cp. 76040,Querétaro,Santiago de Querétaro,20.586349,-100.382801
Detergente P/ropa,Bolsa 756 Gr. Polvo. Oxigeno Activo,Ace,Detergentes y Productos Similares,Basicos,33.5,2026/04/03,Superissste,Supermercado / Tienda de Autoservicio,Superissste Sucursal 011,Calle Peluqueros No. 310 Esquina Calle Tizayuca. Col. Michoacana. Cp. 15240,Ciudad de México,Venustiano Carranza,19.446139,-99.113372
Detergente P/ropa,Bolsa 756 Gr. Polvo. Oxigeno Activo,Ace,Detergentes y Productos Similares,Basicos,33.5,2026/04/03,Superissste,Supermercado / Tienda de Autoservicio,Superissste Sucursal 022,Av. del Taller y Retorno No. 38 Dentro del Retorno 38. Col. Jardin Balbuena. Cp. 15900,Ciudad de México,Venustiano Carranza,19.412842,-99.105666
Detergente P/ropa,Bolsa 756 Gr. Polvo. Oxigeno Activo,Ace,Detergentes y Productos Similares,Basicos,33.5,2026/04/10,Superissste,Supermercado / Tienda de Autoservicio,Superissste Sucursal 011,Calle Peluqueros No. 310 Esquina Calle Tizayuca. Col. Michoacana. Cp. 15240,Ciudad de México,Venustiano Carranza,19.446139,-99.113372
Detergente P/ropa,Bolsa 756 Gr. Polvo. Oxigeno Activo,Ace,Detergentes y Productos Similares,Basicos,33.5,2026/04/10,Superissste,Supermercado / Tienda de Autoservicio,Superissste Sucursal 022,Av. del Taller y Retorno No. 38 Dentro del Retorno 38. Col. Jardin Balbuena. Cp. 15900,Ciudad de México,Venustiano Carranza,19.412842,-99.105666
Detergente P/ropa,Bolsa 756 Gr. Polvo. Oxigeno Activo,Ace,Detergentes y Productos Similares,Basicos,35,2026/04/06,Wal-mart,Supermercado / Tienda de Autoservicio,Walmart Sucursal Aeropuerto,Calz. Ignacio Zaragoza 58. Esq. Blvd. Puerto Aereo. Col. Federal. Cp. 15700,Ciudad de México,Venustiano Carranza,19.41926,-99.094521
Detergente P/ropa,Bolsa 756 Gr. Polvo. Oxigeno Activo,Ace,Detergentes y Productos Similares,Basicos,35,2026/04/06,Wal-mart,Supermercado / Tienda de Autoservicio,Walmart Sucursal Balbuena,Fray Servando Teresa de Mier 881. Entre Fernando Iglesia Calderon y Genaro Garcia. Col. Jardin Balbuena. Cp. 15900,Ciudad de México,Venustiano Carranza,19.418067,-99.105639
Detergente P/ropa,Bolsa 756 Gr. Polvo. Oxigeno Activo,Ace,Detergentes y Productos Similares,Basicos,35,2026/04/14,Wal-mart,Supermercado / Tienda de Autoservicio,Walmart Sucursal Unidad Plaza de Toros,Autopista Queretaro Celaya 5501. Int. del Centro Comercial Plaza Esfera. Col. el Jacal. Cp. 76187,Querétaro,Santiago de Querétaro,20.574076,-100.408704
Detergente P/ropa,Bolsa 800 Gr. Polvo,1_2_3,Detergentes y Productos Similares,Basicos,31.5,2026/04/03,Superissste,Supermercado / Tienda de Autoservicio,Superissste Sucursal 011,Calle Peluqueros No. 310 Esquina Calle Tizayuca. Col. Michoacana. Cp. 15240,Ciudad de México,Venustiano Carranza,19.446139,-99.113372
Detergente P/ropa,Bolsa 800 Gr. Polvo,1_2_3,Detergentes y Productos Similares,Basicos,31.5,2026/04/03,Superissste,Supermercado / Tienda de Autoservicio,Superissste Sucursal 022,Av. del Taller y Retorno No. 38 Dentro del Retorno 38. Col. Jardin Balbuena. Cp. 15900,Ciudad de México,Venustiano Carranza,19.412842,-99.105666
Detergente P/ropa,Bolsa 800 Gr. Polvo,1_2_3,Detergentes y Productos Similares,Basicos,31.5,2026/04/10,Superissste,Supermercado / Tienda de Autoservicio,Superissste Sucursal 011,Calle Peluqueros No. 310 Esquina Calle Tizayuca. Col. Michoacana. Cp. 15240,Ciudad de México,Venustiano Carranza,19.446139,-99.113372
Detergente P/ropa,Bolsa 800 Gr. Polvo,1_2_3,Detergentes y Productos Similares,Basicos,31.5,2026/04/10,Superissste,Supermercado / Tienda de Autoservicio,Superissste Sucursal 022,Av. del Taller y Retorno No. 38 Dentro del Retorno 38. Col. Jardin Balbuena. Cp. 15900,Ciudad de México,Venustiano Carranza,19.412842,-99.105666
Detergente P/ropa,Bolsa 850 Gr. Polvo,Viva,Detergentes y Productos Similares,Basicos,27,2026/04/15,Chedraui,Supermercado / Tienda de Autoservicio,Chedraui Sucursal Centro Sur,Blvd. Bernardo Quintana 502. Carr. con Direccion a Centro Civico. Col. Centro Sur. Cp. 76087,Querétaro,Santiago de Querétaro,20.569354,-100.358831
Detergente P/ropa,Bolsa 850 Gr. Polvo,Viva,Detergentes y Productos Similares,Basicos,28.5,2026/04/06,Hipermercado Soriana,Supermercado / Tienda de Autoservicio,Soriana Hiper Sucursal Consulado (418),Rio Consulado 2355. Esq. Carlos Marx. Col. Simon Bolivar. Cp. 15410,Ciudad de México,Venustiano Carranza,19.449572,-99.100376
Detergente P/ropa,Bolsa 850 Gr. Polvo,Viva,Detergentes y Productos Similares,Basicos,28.5,2026/04/09,La Comer,Supermercado / Tienda de Autoservicio,Lacomer Sucursal Queretaro Estadio,Luis M. Vega y Monroy 1300. Esq.cimatario . Col. Cimatario. Cp. 76090,Querétaro,Santiago de Querétaro,20.577804,-100.373626
Detergente P/ropa,Bolsa 850 Gr. Polvo,Viva,Detergentes y Productos Similares,Basicos,35,2026/04/07,Oxxo,Tienda de Conveniencia,Oxxo Sucursal Corregidora 50 Cr,Circuito Moises Solana No. 128. Esq. Gertrudis Bocanegra. Col. Burocratas. Cp. 76070,Querétaro,Santiago de Querétaro,20.57462,-100.384232
Detergente P/ropa,Bolsa 850 Gr. Polvo,Viva,Detergentes y Productos Similares,Basicos,35,2026/04/14,Oxxo,Tienda de Conveniencia,Oxxo Sucursal Corregidora 50 Cr,Circuito Moises Solana No. 128. Esq. Gertrudis Bocanegra. Col. Burocratas. Cp. 76070,Querétaro,Santiago de Querétaro,20.57462,-100.384232
Detergente P/ropa,Bolsa 850 Gr. Polvo,Viva,Detergentes y Productos Similares,Basicos,36,2026/04/06,Chedraui,Supermercado / Tienda de Autoservicio,Chedraui Sucursal Anfora,Anfora 71. Esq. Eje 1 Norte. Col. Madero. Cp. 15320,Ciudad de México,Venustiano Carranza,19.437353,-99.110088
Detergente P/ropa,Bolsa 850 Gr. Polvo,Viva. Fresca Lavanda,Detergentes y Productos Similares,Basicos,27,2026/04/15,Chedraui,Supermercado / Tienda de Autoservicio,Chedraui Sucursal Centro Sur,Blvd. Bernardo Quintana 502. Carr. con Direccion a Centro Civico. Col. Centro Sur. Cp. 76087,Querétaro,Santiago de Querétaro,20.569354,-100.358831
Detergente P/ropa,Bolsa 850 Gr. Polvo,Viva. Fresca Lavanda,Detergentes y Productos Similares,Basicos,28.5,2026/04/09,La Comer,Supermercado / Tienda de Autoservicio,Lacomer Sucursal Queretaro Estadio,Luis M. Vega y Monroy 1300. Esq.cimatario . Col. Cimatario. Cp. 76090,Querétaro,Santiago de Querétaro,20.577804,-100.373626
Detergente P/ropa,Bolsa 850 Gr. Polvo,Viva. Fresca Lavanda,Detergentes y Productos Similares,Basicos,36,2026/04/06,Chedraui,Supermercado / Tienda de Autoservicio,Chedraui Sucursal Anfora,Anfora 71. Esq. Eje 1 Norte. Col. Madero. Cp. 15320,Ciudad de México,Venustiano Carranza,19.437353,-99.110088
Detergente P/ropa,Bolsa 850 Gr. Polvo,Viva. Fresca Lavanda,Detergentes y Productos Similares,Basicos,36.9,2026/04/03,Superissste,Supermercado / Tienda de Autoservicio,Superissste Sucursal 011,Calle Peluqueros No. 310 Esquina Calle Tizayuca. Col. Michoacana. Cp. 15240,Ciudad de México,Venustiano Carranza,19.446139,-99.113372
Detergente P/ropa,Bolsa 850 Gr. Polvo,Viva. Fresca Lavanda,Detergentes y Productos Similares,Basicos,36.9,2026/04/03,Superissste,Supermercado / Tienda de Autoservicio,Superissste Sucursal 022,Av. del Taller y Retorno No. 38 Dentro del Retorno 38. Col. Jardin Balbuena. Cp. 15900,Ciudad de México,Venustiano Carranza,19.412842,-99.105666
Detergente P/ropa,Bolsa 850 Gr. Polvo,Viva. Fresca Lavanda,Detergentes y Productos Similares,Basicos,36.9,2026/04/10,Superissste,Supermercado / Tienda de Autoservicio,Superissste Sucursal 011,Calle Peluqueros No. 310 Esquina Calle Tizayuca. Col. Michoacana. Cp. 15240,Ciudad de México,Venustiano Carranza,19.446139,-99.113372
Detergente P/ropa,Bolsa 850 Gr. Polvo,Viva. Fresca Lavanda,Detergentes y Productos Similares,Basicos,36.9,2026/04/10,Superissste,Supermercado / Tienda de Autoservicio,Superissste Sucursal 022,Av. del Taller y Retorno No. 38 Dentro del Retorno 38. Col. Jardin Balbuena. Cp. 15900,Ciudad de México,Venustiano Carranza,19.412842,-99.105666
Detergente P/ropa,Bolsa 850 Gr. Polvo. Aromas de Primavera,Bold 3,Detergentes y Productos Similares,Basicos,26,2026/04/06,Bodega Aurrera,Supermercado / Tienda de Autoservicio,Bodega Aurrera Sucursal la Viga,Calz. de la Viga 136 Esq. del Taller. Col. Lorenzo Boturini. Cp. 15820,Ciudad de México,Venustiano Carranza,19.414749,-99.127874
Detergente P/ropa,Bolsa 850 Gr. Polvo. Aromas de Primavera,Bold 3,Detergentes y Productos Similares,Basicos,26,2026/04/10,Bodega Aurrera,Supermercado / Tienda de Autoservicio,Bodega Aurrera Sucursal Centro Constituyentes,Constituyentes Oriente 334. Entre Pasteur y Manuel Ponce. Col. Mercurio. Cp. 76040,Querétaro,Santiago de Querétaro,20.586349,-100.382801
Detergente P/ropa,Bolsa 850 Gr. Polvo. Aromas de Primavera,Bold 3,Detergentes y Productos Similares,Basicos,28,2026/04/07,Oxxo,Tienda de Conveniencia,Oxxo Sucursal Corregidora 50 Cr,Circuito Moises Solana No. 128. Esq. Gertrudis Bocanegra. Col. Burocratas. Cp. 76070,Querétaro,Santiago de Querétaro,20.57462,-100.384232
Detergente P/ropa,Bolsa 850 Gr. Polvo. Aromas de Primavera,Bold 3,Detergentes y Productos Similares,Basicos,28,2026/04/14,Oxxo,Tienda de Conveniencia,Oxxo Sucursal Corregidora 50 Cr,Circuito Moises Solana No. 128. Esq. Gertrudis Bocanegra. Col. Burocratas. Cp. 76070,Querétaro,Santiago de Querétaro,20.57462,-100.384232
Detergente P/ropa,Bolsa 850 Gr. Polvo. Aromas de Primavera,Bold 3,Detergentes y Productos Similares,Basicos,28.9,2026/04/06,Hipermercado Soriana,Supermercado / Tienda de Autoservicio,Soriana Hiper Sucursal Consulado (418),Rio Consulado 2355. Esq. Carlos Marx. Col. Simon Bolivar. Cp. 15410,Ciudad de México,Venustiano Carranza,19.449572,-99.100376
Detergente P/ropa,Bolsa 850 Gr. Polvo. Aromas de Primavera,Bold 3,Detergentes y Productos Similares,Basicos,29.9,2026/04/03,Superissste,Supermercado / Tienda de Autoservicio,Superissste Sucursal 011,Calle Peluqueros No. 310 Esquina Calle Tizayuca. Col. Michoacana. Cp. 15240,Ciudad de México,Venustiano Carranza,19.446139,-99.113372
Detergente P/ropa,Bolsa 850 Gr. Polvo. Aromas de Primavera,Bold 3,Detergentes y Productos Similares,Basicos,29.9,2026/04/03,Superissste,Supermercado / Tienda de Autoservicio,Superissste Sucursal 022,Av. del Taller y Retorno No. 38 Dentro del Retorno 38. Col. Jardin Balbuena. Cp. 15900,Ciudad de México,Venustiano Carranza,19.412842,-99.105666
Detergente P/ropa,Bolsa 850 Gr. Polvo. Aromas de Primavera,Bold 3,Detergentes y Productos Similares,Basicos,29.9,2026/04/10,Superissste,Supermercado / Tienda de Autoservicio,Superissste Sucursal 011,Calle Peluqueros No. 310 Esquina Calle Tizayuca. Col. Michoacana. Cp. 15240,Ciudad de México,Venustiano Carranza,19.446139,-99.113372
Detergente P/ropa,Bolsa 850 Gr. Polvo. Aromas de Primavera,Bold 3,Detergentes y Productos Similares,Basicos,29.9,2026/04/10,Superissste,Supermercado / Tienda de Autoservicio,Superissste Sucursal 022,Av. del Taller y Retorno No. 38 Dentro del Retorno 38. Col. Jardin Balbuena. Cp. 15900,Ciudad de México,Venustiano Carranza,19.412842,-99.105666
Detergente P/ropa,Bolsa 850 Gr. Polvo. Aromas de Primavera,Bold 3,Detergentes y Productos Similares,Basicos,30,2026/04/09,La Comer,Supermercado / Tienda de Autoservicio,Lacomer Sucursal Queretaro Estadio,Luis M. Vega y Monroy 1300. Esq.cimatario . Col. Cimatario. Cp. 76090,Querétaro,Santiago de Querétaro,20.577804,-100.373626
Detergente P/ropa,Bolsa 850 Gr. Polvo. Aromas de Primavera,Bold 3,Detergentes y Productos Similares,Basicos,31,2026/04/06,Chedraui,Supermercado / Tienda de Autoservicio,Chedraui Sucursal Anfora,Anfora 71. Esq. Eje 1 Norte. Col. Madero. Cp. 15320,Ciudad de México,Venustiano Carranza,19.437353,-99.110088
Detergente P/ropa,Bolsa 850 Gr. Polvo. Aromas de Primavera,Bold 3,Detergentes y Productos Similares,Basicos,34.9,2026/04/13,Hipermercado Soriana,Supermercado / Tienda de Autoservicio,Soriana Hiper Sucursal Cimatario,Ctra. a Huimilpan 1001. Int. del Centro Comercial Plaza del Sol. Col. Plazas del Sol. Iii Seccion. Cp. 76099,Querétaro,Santiago de Querétaro,20.563227,-100.375284
Detergente P/ropa,Bolsa 900 Gr. Polvo. Universal,Persil,Detergentes y Productos Similares,Basicos,33,2026/04/06,Bodega Aurrera,Supermercado / Tienda de Autoservicio,Bodega Aurrera Sucursal la Viga,Calz. de la Viga 136 Esq. del Taller. Col. Lorenzo Boturini. Cp. 15820,Ciudad de México,Venustiano Carranza,19.414749,-99.127874
Detergente P/ropa,Bolsa 900 Gr. Polvo. Universal,Persil,Detergentes y Productos Similares,Basicos,35,2026/04/15,Chedraui,Supermercado / Tienda de Autoservicio,Chedraui Sucursal Centro Sur,Blvd. Bernardo Quintana 502. Carr. con Direccion a Centro Civico. Col. Centro Sur. Cp. 76087,Querétaro,Santiago de Querétaro,20.569354,-100.358831
Detergente P/ropa,Bolsa 900 Gr. Polvo. Universal,Persil,Detergentes y Productos Similares,Basicos,36,2026/04/06,Wal-mart,Supermercado / Tienda de Autoservicio,Walmart Sucursal Aeropuerto,Calz. Ignacio Zaragoza 58. Esq. Blvd. Puerto Aereo. Col. Federal. Cp. 15700,Ciudad de México,Venustiano Carranza,19.41926,-99.094521
Detergente P/ropa,Bolsa 900 Gr. Polvo. Universal,Persil,Detergentes y Productos Similares,Basicos,40.9,2026/04/13,Hipermercado Soriana,Supermercado / Tienda de Autoservicio,Soriana Hiper Sucursal Cimatario,Ctra. a Huimilpan 1001. Int. del Centro Comercial Plaza del Sol. Col. Plazas del Sol. Iii Seccion. Cp. 76099,Querétaro,Santiago de Querétaro,20.563227,-100.375284
Detergente P/ropa,Bolsa 900 Gr. Polvo. Universal,Persil,Detergentes y Productos Similares,Basicos,41,2026/04/09,La Comer,Supermercado / Tienda de Autoservicio,Lacomer Sucursal Queretaro Estadio,Luis M. Vega y Monroy 1300. Esq.cimatario . Col. Cimatario. Cp. 76090,Querétaro,Santiago de Querétaro,20.577804,-100.373626
Detergente P/ropa,Bolsa 900 Gr. Polvo. Universal,Persil,Detergentes y Productos Similares,Basicos,44.9,2026/04/03,Superissste,Supermercado / Tienda de Autoservicio,Superissste Sucursal 011,Calle Peluqueros No. 310 Esquina Calle Tizayuca. Col. Michoacana. Cp. 15240,Ciudad de México,Venustiano Carranza,19.446139,-99.113372
Detergente P/ropa,Bolsa 900 Gr. Polvo. Universal,Persil,Detergentes y Productos Similares,Basicos,44.9,2026/04/03,Superissste,Supermercado / Tienda de Autoservicio,Superissste Sucursal 022,Av. del Taller y Retorno No. 38 Dentro del Retorno 38. Col. Jardin Balbuena. Cp. 15900,Ciudad de México,Venustiano Carranza,19.412842,-99.105666
Detergente P/ropa,Bolsa 900 Gr. Polvo. Universal,Persil,Detergentes y Productos Similares,Basicos,44.9,2026/04/10,Superissste,Supermercado / Tienda de Autoservicio,Superissste Sucursal 011,Calle Peluqueros No. 310 Esquina Calle Tizayuca. Col. Michoacana. Cp. 15240,Ciudad de México,Venustiano Carranza,19.446139,-99.113372
Detergente P/ropa,Bolsa 900 Gr. Polvo. Universal,Persil,Detergentes y Productos Similares,Basicos,44.9,2026/04/10,Superissste,Supermercado / Tienda de Autoservicio,Superissste Sucursal 022,Av. del Taller y Retorno No. 38 Dentro del Retorno 38. Col. Jardin Balbuena. Cp. 15900,Ciudad de México,Venustiano Carranza,19.412842,-99.105666
Detergente P/ropa,Bolsa 900 Gr. Polvo. Universal,Persil,Detergentes y Productos Similares,Basicos,49,2026/04/06,Chedraui,Supermercado / Tienda de Autoservicio,Chedraui Sucursal Anfora,Anfora 71. Esq. Eje 1 Norte. Col. Madero. Cp. 15320,Ciudad de México,Venustiano Carranza,19.437353,-99.110088
Detergente P/ropa,Bolsa 900 Gr. Polvo. Universal,Persil,Detergentes y Productos Similares,Basicos,51.9,2026/04/06,Hipermercado Soriana,Supermercado / Tienda de Autoservicio,Soriana Hiper Sucursal Consulado (418),Rio Consulado 2355. Esq. Carlos Marx. Col. Simon Bolivar. Cp. 15410,Ciudad de México,Venustiano Carranza,19.449572,-99.100376
Detergente P/ropa,Botella 1 Lt. Liquido. Delicada,Vel Rosita,Detergentes y Productos Similares,Basicos,72,2026/04/03,Superissste,Supermercado / Tienda de Autoservicio,Superissste Sucursal 011,Calle Peluqueros No. 310 Esquina Calle Tizayuca. Col. Michoacana. Cp. 15240,Ciudad de México,Venustiano Carranza,19.446139,-99.113372
Detergente P/ropa,Botella 1 Lt. Liquido. Delicada,Vel Rosita,Detergentes y Productos Similares,Basicos,72,2026/04/03,Superissste,Supermercado / Tienda de Autoservicio,Superissste Sucursal 022,Av. del Taller y Retorno No. 38 Dentro del Retorno 38. Col. Jardin Balbuena. Cp. 15900,Ciudad de México,Venustiano Carranza,19.412842,-99.105666
Detergente P/ropa,Botella 1 Lt. Liquido. Delicada,Vel Rosita,Detergentes y Productos Similares,Basicos,72,2026/04/10,Superissste,Supermercado / Tienda de Autoservicio,Superissste Sucursal 011,Calle Peluqueros No. 310 Esquina Calle Tizayuca. Col. Michoacana. Cp. 15240,Ciudad de México,Venustiano Carranza,19.446139,-99.113372
Detergente P/ropa,Botella 1 Lt. Liquido. Delicada,Vel Rosita,Detergentes y Productos Similares,Basicos,72,2026/04/10,Superissste,Supermercado / Tienda de Autoservicio,Superissste Sucursal 022,Av. del Taller y Retorno No. 38 Dentro del Retorno 38. Col. Jardin Balbuena. Cp. 15900,Ciudad de México,Venustiano Carranza,19.412842,-99.105666
Detergente P/ropa,Botella 1 Lt. Liquido. Delicada,Vel Rosita,Detergentes y Productos Similares,Basicos,95.5,2026/04/09,La Comer,Supermercado / Tienda de Autoservicio,Lacomer Sucursal Queretaro Estadio,Luis M. Vega y Monroy 1300. Esq.cimatario . Col. Cimatario. Cp. 76090,Querétaro,Santiago de Querétaro,20.577804,-100.373626
Detergente P/ropa,Botella 1.36 Lt. Liquido. Delicada,Vel Rosita,Detergentes y Productos Similares,Basicos,114,2026/04/10,Bodega Aurrera,Supermercado / Tienda de Autoservicio,Bodega Aurrera Sucursal Centro Constituyentes,Constituyentes Oriente 334. Entre Pasteur y Manuel Ponce. Col. Mercurio. Cp. 76040,Querétaro,Santiago de Querétaro,20.586349,-100.382801
Detergente P/ropa,Botella 1.36 Lt. Liquido. Delicada,Vel Rosita,Detergentes y Productos Similares,Basicos,120,2026/04/06,Bodega Aurrera,Supermercado / Tienda de Autoservicio,Bodega Aurrera Sucursal la Viga,Calz. de la Viga 136 Esq. del Taller. Col. Lorenzo Boturini. Cp. 15820,Ciudad de México,Venustiano Carranza,19.414749,-99.127874
Detergente P/ropa,Botella 1.36 Lt. Liquido. Delicada,Vel Rosita,Detergentes y Productos Similares,Basicos,120,2026/04/09,La Comer,Supermercado / Tienda de Autoservicio,Lacomer Sucursal Queretaro Estadio,Luis M. Vega y Monroy 1300. Esq.cimatario . Col. Cimatario. Cp. 76090,Querétaro,Santiago de Querétaro,20.577804,-100.373626
Detergente P/ropa,Botella 1.36 Lt. Liquido. Delicada,Vel Rosita,Detergentes y Productos Similares,Basicos,121,2026/04/06,Wal-mart,Supermercado / Tienda de Autoservicio,Walmart Sucursal Balbuena,Fray Servando Teresa de Mier 881. Entre Fernando Iglesia Calderon y Genaro Garcia. Col. Jardin Balbuena. Cp. 15900,Ciudad de México,Venustiano Carranza,19.418067,-99.105639
Detergente P/ropa,Botella 1.36 Lt. Liquido. Delicada,Vel Rosita,Detergentes y Productos Similares,Basicos,121,2026/04/15,Chedraui,Supermercado / Tienda de Autoservicio,Chedraui Sucursal Centro Sur,Blvd. Bernardo Quintana 502. Carr. con Direccion a Centro Civico. Col. Centro Sur. Cp. 76087,Querétaro,Santiago de Querétaro,20.569354,-100.358831
Detergente P/ropa,Botella 1.36 Lt. Liquido. Delicada,Vel Rosita,Detergentes y Productos Similares,Basicos,128,2026/04/06,Hipermercado Soriana,Supermercado / Tienda de Autoservicio,Soriana Hiper Sucursal Consulado (418),Rio Consulado 2355. Esq. Carlos Marx. Col. Simon Bolivar. Cp. 15410,Ciudad de México,Venustiano Carranza,19.449572,-99.100376
Detergente P/ropa,Botella 1.36 Lt. Liquido. Delicada,Vel Rosita,Detergentes y Productos Similares,Basicos,128,2026/04/13,Hipermercado Soriana,Supermercado / Tienda de Autoservicio,Soriana Hiper Sucursal Cimatario,Ctra. a Huimilpan 1001. Int. del Centro Comercial Plaza del Sol. Col. Plazas del Sol. Iii Seccion. Cp. 76099,Querétaro,Santiago de Querétaro,20.563227,-100.375284
Detergente P/ropa,Botella 1.83 Lt. Liquido,Mas Color,Detergentes y Productos Similares,Basicos,100,2026/04/06,Chedraui,Supermercado / Tienda de Autoservicio,Chedraui Sucursal Anfora,Anfora 71. Esq. Eje 1 Norte. Col. Madero. Cp. 15320,Ciudad de México,Venustiano Carranza,19.437353,-99.110088
Detergente P/ropa,Botella 1.83 Lt. Liquido,Mas Color,Detergentes y Productos Similares,Basicos,90,2026/04/15,Chedraui,Supermercado / Tienda de Autoservicio,Chedraui Sucursal Centro Sur,Blvd. Bernardo Quintana 502. Carr. con Direccion a Centro Civico. Col. Centro Sur. Cp. 76087,Querétaro,Santiago de Querétaro,20.569354,-100.358831
Detergente P/ropa,Botella 2.8 Lt. 1 para Todo,Ace,Detergentes y Productos Similares,Basicos,122,2026/04/03,Superissste,Supermercado / Tienda de Autoservicio,Superissste Sucursal 011,Calle Peluqueros No. 310 Esquina Calle Tizayuca. Col. Michoacana. Cp. 15240,Ciudad de México,Venustiano Carranza,19.446139,-99.113372
Detergente P/ropa,Botella 2.8 Lt. 1 para Todo,Ace,Detergentes y Productos Similares,Basicos,122,2026/04/03,Superissste,Supermercado / Tienda de Autoservicio,Superissste Sucursal 022,Av. del Taller y Retorno No. 38 Dentro del Retorno 38. Col. Jardin Balbuena. Cp. 15900,Ciudad de México,Venustiano Carranza,19.412842,-99.105666
Detergente P/ropa,Botella 2.8 Lt. 1 para Todo,Ace,Detergentes y Productos Similares,Basicos,122,2026/04/10,Superissste,Supermercado / Tienda de Autoservicio,Superissste Sucursal 011,Calle Peluqueros No. 310 Esquina Calle Tizayuca. Col. Michoacana. Cp. 15240,Ciudad de México,Venustiano Carranza,19.446139,-99.113372
Detergente P/ropa,Botella 2.8 Lt. 1 para Todo,Ace,Detergentes y Productos Similares,Basicos,122,2026/04/10,Superissste,Supermercado / Tienda de Autoservicio,Superissste Sucursal 022,Av. del Taller y Retorno No. 38 Dentro del Retorno 38. Col. Jardin Balbuena. Cp. 15900,Ciudad de México,Venustiano Carranza,19.412842,-99.105666
Detergente P/ropa,Botella 2.8 Lt. 1 para Todo,Ace,Detergentes y Productos Similares,Basicos,124,2026/04/09,La Comer,Supermercado / Tienda de Autoservicio,Lacomer Sucursal Queretaro Estadio,Luis M. Vega y Monroy 1300. Esq.cimatario . Col. Cimatario. Cp. 76090,Querétaro,Santiago de Querétaro,20.577804,-100.373626
Detergente P/ropa,Botella 2.8 Lt. 1 para Todo,Ace,Detergentes y Productos Similares,Basicos,125,2026/04/06,Hipermercado Soriana,Supermercado / Tienda de Autoservicio,Soriana Hiper Sucursal Consulado (418),Rio Consulado 2355. Esq. Carlos Marx. Col. Simon Bolivar. Cp. 15410,Ciudad de México,Venustiano Carranza,19.449572,-99.100376
Detergente P/ropa,Botella 2.8 Lt. 1 para Todo,Ace,Detergentes y Productos Similares,Basicos,126,2026/04/15,Chedraui,Supermercado / Tienda de Autoservicio,Chedraui Sucursal Centro Sur,Blvd. Bernardo Quintana 502. Carr. con Direccion a Centro Civico. Col. Centro Sur. Cp. 76087,Querétaro,Santiago de Querétaro,20.569354,-100.358831
Detergente P/ropa,Botella 2.8 Lt. Concentrado. Revitacolor,Ariel,Detergentes y Productos Similares,Basicos,141,2026/04/03,Superissste,Supermercado / Tienda de Autoservicio,Superissste Sucursal 011,Calle Peluqueros No. 310 Esquina Calle Tizayuca. Col. Michoacana. Cp. 15240,Ciudad de México,Venustiano Carranza,19.446139,-99.113372
Detergente P/ropa,Botella 2.8 Lt. Concentrado. Revitacolor,Ariel,Detergentes y Productos Similares,Basicos,141,2026/04/03,Superissste,Supermercado / Tienda de Autoservicio,Superissste Sucursal 022,Av. del Taller y Retorno No. 38 Dentro del Retorno 38. Col. Jardin Balbuena. Cp. 15900,Ciudad de México,Venustiano Carranza,19.412842,-99.105666
Detergente P/ropa,Botella 2.8 Lt. Concentrado. Revitacolor,Ariel,Detergentes y Productos Similares,Basicos,141,2026/04/10,Superissste,Supermercado / Tienda de Autoservicio,Superissste Sucursal 011,Calle Peluqueros No. 310 Esquina Calle Tizayuca. Col. Michoacana. Cp. 15240,Ciudad de México,Venustiano Carranza,19.446139,-99.113372
Detergente P/ropa,Botella 2.8 Lt. Concentrado. Revitacolor,Ariel,Detergentes y Productos Similares,Basicos,141,2026/04/10,Superissste,Supermercado / Tienda de Autoservicio,Superissste Sucursal 022,Av. del Taller y Retorno No. 38 Dentro del Retorno 38. Col. Jardin Balbuena. Cp. 15900,Ciudad de México,Venustiano Carranza,19.412842,-99.105666
Detergente P/ropa,Botella 3 Lt. Líquido,Mas Oscura,Detergentes y Productos Similares,Basicos,127,2026/04/06,Chedraui,Supermercado / Tienda de Autoservicio,Chedraui Sucursal Anfora,Anfora 71. Esq. Eje 1 Norte. Col. Madero. Cp. 15320,Ciudad de México,Venustiano Carranza,19.437353,-99.110088
Detergente P/ropa,Botella 3 Lt. Líquido,Mas Oscura,Detergentes y Productos Similares,Basicos,129,2026/04/09,La Comer,Supermercado / Tienda de Autoservicio,Lacomer Sucursal Queretaro Estadio,Luis M. Vega y Monroy 1300. Esq.cimatario . Col. Cimatario. Cp. 76090,Querétaro,Santiago de Querétaro,20.577804,-100.373626
Detergente P/ropa,Botella 3 Lt. Líquido,Mas Oscura,Detergentes y Productos Similares,Basicos,129,2026/04/15,Chedraui,Supermercado / Tienda de Autoservicio,Chedraui Sucursal Centro Sur,Blvd. Bernardo Quintana 502. Carr. con Direccion a Centro Civico. Col. Centro Sur. Cp. 76087,Querétaro,Santiago de Querétaro,20.569354,-100.358831
Detergente P/ropa,Botella 3 Lt. Líquido,Mas Oscura,Detergentes y Productos Similares,Basicos,129.9,2026/04/06,Hipermercado Soriana,Supermercado / Tienda de Autoservicio,Soriana Hiper Sucursal Consulado (418),Rio Consulado 2355. Esq. Carlos Marx. Col. Simon Bolivar. Cp. 15410,Ciudad de México,Venustiano Carranza,19.449572,-99.100376
Detergente P/ropa,Botella 3 Lt. Líquido,Mas Oscura,Detergentes y Productos Similares,Basicos,130,2026/04/06,Wal-mart,Supermercado / Tienda de Autoservicio,Walmart Sucursal Aeropuerto,Calz. Ignacio Zaragoza 58. Esq. Blvd. Puerto Aereo. Col. Federal. Cp. 15700,Ciudad de México,Venustiano Carranza,19.41926,-99.094521
Detergente P/ropa y Trastes,Bolsa 1 Kg. Polvo,Roma,Detergentes y Productos Similares,Basicos,39.5,2026/04/03,Superissste,Supermercado / Tienda de Autoservicio,Superissste Sucursal 022,Av. del Taller y Retorno No. 38 Dentro del Retorno 38. Col. Jardin Balbuena. Cp. 15900,Ciudad de México,Venustiano Carranza,19.412842,-99.105666
Detergente P/trastes,Bolsa 720 Gr. Polvo (roja). Limón,Axion,Detergentes y Productos Similares,Basicos,40,2026/04/10,Superissste,Supermercado / Tienda de Autoservicio,Superissste Sucursal 022,Av. del Taller y Retorno No. 38 Dentro del Retorno 38. Col. Jardin Balbuena. Cp. 15900,Ciudad de México,Venustiano Carranza,19.412842,-99.105666
Detergente P/trastes,Bolsa 720 Gr. Polvo. (verde),Salvo,Detergentes y Productos Similares,Basicos,39,2026/04/06,Bodega Aurrera,Supermercado / Tienda de Autoservicio,Bodega Aurrera Sucursal la Viga,Calz. de la Viga 136 Esq. del Taller. Col. Lorenzo Boturini. Cp. 15820,Ciudad de México,Venustiano Carranza,19.414749,-99.127874
Detergente P/trastes,Botella 750 Ml. Liquido (verde). Limon,Salvo,Detergentes y Productos Similares,Basicos,52.5,2026/04/10,Superissste,Supermercado / Tienda de Autoservicio,Superissste Sucursal 011,Calle Peluqueros No. 310 Esquina Calle Tizayuca. Col. Michoacana. Cp. 15240,Ciudad de México,Venustiano Carranza,19.446139,-99.113372
Detergente P/trastes,Botella 900 Ml. Liquido (verde). Limon,Salvo,Detergentes y Productos Similares,Basicos,53.5,2026/04/09,La Comer,Supermercado / Tienda de Autoservicio,Lacomer Sucursal Queretaro Estadio,Luis M. Vega y Monroy 1300. Esq.cimatario . Col. Cimatario. Cp. 76090,Querétaro,Santiago de Querétaro,20.577804,-100.373626
Diane,Caja con 21 Tabletas,S/M,Medicamentos,Medicamentos,585,2026/04/06,Wal-mart,Supermercado / Tienda de Autoservicio,Walmart Sucursal Aeropuerto,Calz. Ignacio Zaragoza 58. Esq. Blvd. Puerto Aereo. Col. Federal. Cp. 15700,Ciudad de México,Venustiano Carranza,19.41926,-99.094521
Dimoflax,Caja con 45 Cápsulas,S/M,Medicamentos,Medicamentos,1125,2026/04/06,Hipermercado Soriana,Supermercado / Tienda de Autoservicio,Soriana Hiper Sucursal Cimatario,Ctra. a Huimilpan 1001. Int. del Centro Comercial Plaza del Sol. Col. Plazas del Sol. Iii Seccion. Cp. 76099,Querétaro,Santiago de Querétaro,20.563227,-100.375284
Dorixina Relax,Caja con 20 Comprimidos de 125/5 Mg.,S/M,Medicamentos,Medicamentos,649,2026/04/07,Wal-mart,Supermercado / Tienda de Autoservicio,Walmart Sucursal Unidad Plaza de Toros,Autopista Queretaro Celaya 5501. Int. del Centro Comercial Plaza Esfera. Col. el Jacal. Cp. 76187,Querétaro,Santiago de Querétaro,20.574076,-100.408704
Electrolitos Orales,Frasco con 500 Ml. Suero Rehidratante Sabor Manzana,S/M,Medicamentos,Medicamentos,25,2026/04/07,Farmacias del Ahorro,Farmacias,Farmacias del Ahorro Sucursal Queretaro,Constituyentes Pte. 46. Entre Fernando de Tapia y Melchor Ocampo. Col. Centro. Cp. 76000,Querétaro,Santiago de Querétaro,20.584013,-100.394346
Electrónicos de Video,Switch Oled. White. Mario Kart 8. 64 Gb. Mario Kart 8 (descarga),Nintendo,Arts. de Esparcimiento (juguetes),Electrodomesticos,7390,2026/04/06,Wal-mart,Supermercado / Tienda de Autoservicio,Walmart Sucursal Aeropuerto,Calz. Ignacio Zaragoza 58. Esq. Blvd. Puerto Aereo. Col. Federal. Cp. 15700,Ciudad de México,Venustiano Carranza,19.41926,-99.094521
Elote,Lata 220 Gr. en Grano,Clemente Jacques,Hortalizas Frescas,Basicos,14,2026/04/06,Wal-mart,Supermercado / Tienda de Autoservicio,Walmart Sucursal Balbuena,Fray Servando Teresa de Mier 881. Entre Fernando Iglesia Calderon y Genaro Garcia. Col. Jardin Balbuena. Cp. 15900,Ciudad de México,Venustiano Carranza,19.418067,-99.105639
Elote,Lata 220 Gr. en Grano,Herdez,Hortalizas Frescas,Basicos,12.5,2026/04/09,La Comer,Supermercado / Tienda de Autoservicio,Lacomer Sucursal Queretaro Estadio,Luis M. Vega y Monroy 1300. Esq.cimatario . Col. Cimatario. Cp. 76090,Querétaro,Santiago de Querétaro,20.577804,-100.373626
Elote,Lata 400 Gr. en Grano,Del Monte,Hortalizas Frescas,Basicos,17.5,2026/04/07,Oxxo,Tienda de Conveniencia,Oxxo Sucursal Corregidora 50 Cr,Circuito Moises Solana No. 128. Esq. Gertrudis Bocanegra. Col. Burocratas. Cp. 76070,Querétaro,Santiago de Querétaro,20.57462,-100.384232
Elote,Lata 400 Gr. en Grano,Herdez,Hortalizas Frescas,Basicos,19,2026/04/06,Wal-mart,Supermercado / Tienda de Autoservicio,Walmart Sucursal Balbuena,Fray Servando Teresa de Mier 881. Entre Fernando Iglesia Calderon y Genaro Garcia. Col. Jardin Balbuena. Cp. 15900,Ciudad de México,Venustiano Carranza,19.418067,-99.105639
Elote,Pieza,S/M,Hortalizas Frescas,Frutas y Legumbres,12.9,2026/04/13,Hipermercado Soriana,Supermercado / Tienda de Autoservicio,Soriana Hiper Sucursal Cimatario,Ctra. a Huimilpan 1001. Int. del Centro Comercial Plaza del Sol. Col. Plazas del Sol. Iii Seccion. Cp. 76099,Querétaro,Santiago de Querétaro,20.563227,-100.375284
Empanizadores,Bolsa 210 Gr. Pan Molido. Clásico,Bimbo,Pan,Basicos,30.9,2026/04/06,Hipermercado Soriana,Supermercado / Tienda de Autoservicio,Soriana Hiper Sucursal Consulado (418),Rio Consulado 2355. Esq. Carlos Marx. Col. Simon Bolivar. Cp. 15410,Ciudad de México,Venustiano Carranza,19.449572,-99.100376
Enalapril,Caja con 30 Tabletas de 10 Mg.,S/M,Medicamentos,Medicamentos,67,2026/04/10,Bodega Aurrera,Supermercado / Tienda de Autoservicio,Bodega Aurrera Sucursal Centro Constituyentes,Constituyentes Oriente 334. Entre Pasteur y Manuel Ponce. Col. Mercurio. Cp. 76040,Querétaro,Santiago de Querétaro,20.586349,-100.382801
Espinacas,Manojo,S/M,Hortalizas Frescas,Frutas y Legumbres,13.9,2026/04/06,Bodega Aurrera,Supermercado / Tienda de Autoservicio,Bodega Aurrera Sucursal la Viga,Calz. de la Viga 136 Esq. del Taller. Col. Lorenzo Boturini. Cp. 15820,Ciudad de México,Venustiano Carranza,19.414749,-99.127874
Espinacas,Manojo,S/M,Hortalizas Frescas,Frutas y Legumbres,14.5,2026/04/08,Chedraui,Supermercado / Tienda de Autoservicio,Chedraui Sucursal Centro Sur,Blvd. Bernardo Quintana 502. Carr. con Direccion a Centro Civico. Col. Centro Sur. Cp. 76087,Querétaro,Santiago de Querétaro,20.569354,-100.358831
Estufas,Em 5030 Bais0a o Bais0b o Bais0c. 20 Plgs. 4 Quemadores. Encendido Manual. Color Gris/acero,Mabe,Aparatos Electricos,Electrodomesticos,5999,2026/04/13,Coppel,Tienda de Electrodomésticos,Coppel Sucursal Cimatario (233),Del Parque 1001. Int. del Centro Comercial Plaza del Sol. Col. Plazas del Sol. Iii Sección. Cp. 76099,Querétaro,Santiago de Querétaro,20.564142,-100.374792
Estufas,Em 7620 Bais2a. 30 Plgs. 6 Quemadores. Encendido Manual. Gris/acero,Mabe,Aparatos Electricos,Electrodomesticos,8105,2026/04/06,Hipermercado Soriana,Supermercado / Tienda de Autoservicio,Soriana Hiper Sucursal Consulado (418),Rio Consulado 2355. Esq. Carlos Marx. Col. Simon Bolivar. Cp. 15410,Ciudad de México,Venustiano Carranza,19.449572,-99.100376
Estufas,Emh 7602 Jbs0b o Jbs0a o Jbs0c. 30 Plgs. 6 Quemadores. Encendido Electrónico. Color Negro,Mabe,Aparatos Electricos,Electrodomesticos,9599,2026/04/15,Salinas y Rocha,Tienda de Electrodomésticos,Salinas y Rocha,Constituyentes Ote. 1204. Entre Popocatepetl y Nevado de Colima. Col. Palmas. Cp. 76040,Querétaro,Santiago de Querétaro,20.586768,-100.375909
Exforge,Caja con 28 Comprimidos de 5 Mg./160 Mg.,S/M,Medicamentos,Medicamentos,1709,2026/04/08,Sanborn S Hnos.,Farmacias,Sanborns Sucursal los Arquitos,Constituyentes Oriente 172. Esq. de los Arquitos. Col. los Arquitos. Cp. 76050,Querétaro,Santiago de Querétaro,20.588117,-100.36869
Extractores de Jugos y Exprimidores,Zp520dmx. Exprimidor,T-fal. Turbo Press,Aparatos Electricos,Electrodomesticos,1249,2026/04/14,Liverpool,Tienda Departamentales,Liverpool Sucursal Queretaro,5 de Febrero 99. Plaza Galerias. Carr. Libre a Celaya. Col. Virreyes. Cp. 76000,Querétaro,Santiago de Querétaro,20.578334,-100.404099
Ferranina Fol,Caja con 30 Tabletas o Grageas de 100 Mg./800 Mcg.,S/M,Medicamentos,Medicamentos,563,2026/04/09,Benavides,Farmacias,Farmacia Benavides Sucursal Isla de Montecristo,Av. del Parque 401. Esq. Calle Isla de Montecristo. Col. Lindavista. Cp. 76070,Querétaro,Santiago de Querétaro,20.568451,-100.380021
Fosamax Plus,Caja con 4 Comprimidos de 70 Mg./2800 Ui,S/M,Medicamentos,Medicamentos,2372,2026/04/08,Sanborn S Hnos.,Farmacias,Sanborns Sucursal los Arquitos,Constituyentes Oriente 172. Esq. de los Arquitos. Col. los Arquitos. Cp. 76050,Querétaro,Santiago de Querétaro,20.588117,-100.36869
Fosamax Plus,Caja con 4 Comprimidos de 70 Mg./5600 Ui,S/M,Medicamentos,Medicamentos,2239,2026/04/06,Hipermercado Soriana,Supermercado / Tienda de Autoservicio,Soriana Hiper Sucursal Cimatario,Ctra. a Huimilpan 1001. Int. del Centro Comercial Plaza del Sol. Col. Plazas del Sol. Iii Seccion. Cp. 76099,Querétaro,Santiago de Querétaro,20.563227,-100.375284
Fosamax Plus,Caja con 4 Comprimidos de 70 Mg./5600 Ui,S/M,Medicamentos,Medicamentos,2494,2026/04/09,Benavides,Farmacias,Farmacia Benavides Sucursal Isla de Montecristo,Av. del Parque 401. Esq. Calle Isla de Montecristo. Col. Lindavista. Cp. 76070,Querétaro,Santiago de Querétaro,20.568451,-100.380021
Fosfocil,Caja con Frasco Ámpula y Ampolleta 1 G. Im. Solución Inyectable,S/M,Medicamentos,Medicamentos,321,2026/04/06,Hipermercado Soriana,Supermercado / Tienda de Autoservicio,Soriana Hiper Sucursal Consulado (418),Rio Consulado 2355. Esq. Carlos Marx. Col. Simon Bolivar. Cp. 15410,Ciudad de México,Venustiano Carranza,19.449572,-99.100376
Frijol,Bolsa 1 Kg. Negro,Verde Valle,Legumbres Secas,Basicos,47,2026/04/06,Bodega Aurrera,Supermercado / Tienda de Autoservicio,Bodega Aurrera Sucursal la Viga,Calz. de la Viga 136 Esq. del Taller. Col. Lorenzo Boturini. Cp. 15820,Ciudad de México,Venustiano Carranza,19.414749,-99.127874
Frijol,Bolsa 1 Kg. Negro,Verde Valle,Legumbres Secas,Basicos,47,2026/04/10,Bodega Aurrera,Supermercado / Tienda de Autoservicio,Bodega Aurrera Sucursal Centro Constituyentes,Constituyentes Oriente 334. Entre Pasteur y Manuel Ponce. Col. Mercurio. Cp. 76040,Querétaro,Santiago de Querétaro,20.586349,-100.382801
Frijol,Bolsa 1 Kg. Negro,Verde Valle,Legumbres Secas,Basicos,48,2026/04/06,Wal-mart,Supermercado / Tienda de Autoservicio,Walmart Sucursal Aeropuerto,Calz. Ignacio Zaragoza 58. Esq. Blvd. Puerto Aereo. Col. Federal. Cp. 15700,Ciudad de México,Venustiano Carranza,19.41926,-99.094521
Frijol,Bolsa 1 Kg. Negro,Verde Valle,Legumbres Secas,Basicos,48,2026/04/06,Wal-mart,Supermercado / Tienda de Autoservicio,Walmart Sucursal Balbuena,Fray Servando Teresa de Mier 881. Entre Fernando Iglesia Calderon y Genaro Garcia. Col. Jardin Balbuena. Cp. 15900,Ciudad de México,Venustiano Carranza,19.418067,-99.105639
Frijol,Bolsa 1 Kg. Negro,Verde Valle,Legumbres Secas,Basicos,48,2026/04/07,Wal-mart,Supermercado / Tienda de Autoservicio,Walmart Sucursal Unidad Plaza de Toros,Autopista Queretaro Celaya 5501. Int. del Centro Comercial Plaza Esfera. Col. el Jacal. Cp. 76187,Querétaro,Santiago de Querétaro,20.574076,-100.408704
Frijol,Bolsa 1 Kg. Negro,Verde Valle,Legumbres Secas,Basicos,48,2026/04/14,Wal-mart,Supermercado / Tienda de Autoservicio,Walmart Sucursal Unidad Plaza de Toros,Autopista Queretaro Celaya 5501. Int. del Centro Comercial Plaza Esfera. Col. el Jacal. Cp. 76187,Querétaro,Santiago de Querétaro,20.574076,-100.408704
Frijol,Bolsa 1 Kg. Negro,Verde Valle,Legumbres Secas,Basicos,49,2026/04/01,Bodega Aurrera,Supermercado / Tienda de Autoservicio,Bodega Aurrera Sucursal Centro Constituyentes,Constituyentes Oriente 334. Entre Pasteur y Manuel Ponce. Col. Mercurio. Cp. 76040,Querétaro,Santiago de Querétaro,20.586349,-100.382801
Frijol,Bolsa 1 Kg. Negro. Jamapa,Verde Valle,Legumbres Secas,Basicos,58,2026/04/10,Bodega Aurrera,Supermercado / Tienda de Autoservicio,Bodega Aurrera Sucursal Centro Constituyentes,Constituyentes Oriente 334. Entre Pasteur y Manuel Ponce. Col. Mercurio. Cp. 76040,Querétaro,Santiago de Querétaro,20.586349,-100.382801
Frijol,Bolsa 1 Kg. Negro. Jamapa,Verde Valle,Legumbres Secas,Basicos,59,2026/04/06,Wal-mart,Supermercado / Tienda de Autoservicio,Walmart Sucursal Aeropuerto,Calz. Ignacio Zaragoza 58. Esq. Blvd. Puerto Aereo. Col. Federal. Cp. 15700,Ciudad de México,Venustiano Carranza,19.41926,-99.094521
Frijol,Bolsa 1 Kg. Negro. Jamapa,Verde Valle,Legumbres Secas,Basicos,59,2026/04/06,Wal-mart,Supermercado / Tienda de Autoservicio,Walmart Sucursal Balbuena,Fray Servando Teresa de Mier 881. Entre Fernando Iglesia Calderon y Genaro Garcia. Col. Jardin Balbuena. Cp. 15900,Ciudad de México,Venustiano Carranza,19.418067,-99.105639
Frijol,Bolsa 1 Kg. Negro. Jamapa,Verde Valle,Legumbres Secas,Basicos,59,2026/04/07,Wal-mart,Supermercado / Tienda de Autoservicio,Walmart Sucursal Unidad Plaza de Toros,Autopista Queretaro Celaya 5501. Int. del Centro Comercial Plaza Esfera. Col. el Jacal. Cp. 76187,Querétaro,Santiago de Querétaro,20.574076,-100.408704
Frijol,Bolsa 1 Kg. Negro. Jamapa,Verde Valle,Legumbres Secas,Basicos,59,2026/04/14,Wal-mart,Supermercado / Tienda de Autoservicio,Walmart Sucursal Unidad Plaza de Toros,Autopista Queretaro Celaya 5501. Int. del Centro Comercial Plaza Esfera. Col. el Jacal. Cp. 76187,Querétaro,Santiago de Querétaro,20.574076,-100.408704
Frijol,Bolsa 1 Kg. Negro. Jamapa,Verde Valle,Legumbres Secas,Basicos,64.5,2026/04/03,Superissste,Supermercado / Tienda de Autoservicio,Superissste Sucursal 011,Calle Peluqueros No. 310 Esquina Calle Tizayuca. Col. Michoacana. Cp. 15240,Ciudad de México,Venustiano Carranza,19.446139,-99.113372
Frijol,Bolsa 1 Kg. Negro. Jamapa,Verde Valle,Legumbres Secas,Basicos,64.5,2026/04/03,Superissste,Supermercado / Tienda de Autoservicio,Superissste Sucursal 022,Av. del Taller y Retorno No. 38 Dentro del Retorno 38. Col. Jardin Balbuena. Cp. 15900,Ciudad de México,Venustiano Carranza,19.412842,-99.105666
Frijol,Bolsa 1 Kg. Negro. Jamapa,Verde Valle,Legumbres Secas,Basicos,64.5,2026/04/10,Superissste,Supermercado / Tienda de Autoservicio,Superissste Sucursal 011,Calle Peluqueros No. 310 Esquina Calle Tizayuca. Col. Michoacana. Cp. 15240,Ciudad de México,Venustiano Carranza,19.446139,-99.113372
Frijol,Bolsa 1 Kg. Negro. Jamapa,Verde Valle,Legumbres Secas,Basicos,64.5,2026/04/10,Superissste,Supermercado / Tienda de Autoservicio,Superissste Sucursal 022,Av. del Taller y Retorno No. 38 Dentro del Retorno 38. Col. Jardin Balbuena. Cp. 15900,Ciudad de México,Venustiano Carranza,19.412842,-99.105666
Frijol,Bolsa 1 Kg. Negro. Jamapa,Verde Valle,Legumbres Secas,Basicos,65,2026/04/01,Bodega Aurrera,Supermercado / Tienda de Autoservicio,Bodega Aurrera Sucursal Centro Constituyentes,Constituyentes Oriente 334. Entre Pasteur y Manuel Ponce. Col. Mercurio. Cp. 76040,Querétaro,Santiago de Querétaro,20.586349,-100.382801
Frijol,Bolsa 1 Kg. Pinto,Verde Valle,Legumbres Secas,Basicos,39,2026/04/01,Bodega Aurrera,Supermercado / Tienda de Autoservicio,Bodega Aurrera Sucursal Centro Constituyentes,Constituyentes Oriente 334. Entre Pasteur y Manuel Ponce. Col. Mercurio. Cp. 76040,Querétaro,Santiago de Querétaro,20.586349,-100.382801
Frijol,Bolsa 1 Kg. Pinto,Verde Valle,Legumbres Secas,Basicos,43,2026/04/06,Bodega Aurrera,Supermercado / Tienda de Autoservicio,Bodega Aurrera Sucursal la Viga,Calz. de la Viga 136 Esq. del Taller. Col. Lorenzo Boturini. Cp. 15820,Ciudad de México,Venustiano Carranza,19.414749,-99.127874
Frijol,Bolsa 1 Kg. Pinto,Verde Valle,Legumbres Secas,Basicos,43,2026/04/10,Bodega Aurrera,Supermercado / Tienda de Autoservicio,Bodega Aurrera Sucursal Centro Constituyentes,Constituyentes Oriente 334. Entre Pasteur y Manuel Ponce. Col. Mercurio. Cp. 76040,Querétaro,Santiago de Querétaro,20.586349,-100.382801
Frijol,Bolsa 1 Kg. Pinto,Verde Valle,Legumbres Secas,Basicos,44,2026/04/06,Wal-mart,Supermercado / Tienda de Autoservicio,Walmart Sucursal Aeropuerto,Calz. Ignacio Zaragoza 58. Esq. Blvd. Puerto Aereo. Col. Federal. Cp. 15700,Ciudad de México,Venustiano Carranza,19.41926,-99.094521
Frijol,Bolsa 1 Kg. Pinto,Verde Valle,Legumbres Secas,Basicos,44,2026/04/06,Wal-mart,Supermercado / Tienda de Autoservicio,Walmart Sucursal Balbuena,Fray Servando Teresa de Mier 881. Entre Fernando Iglesia Calderon y Genaro Garcia. Col. Jardin Balbuena. Cp. 15900,Ciudad de México,Venustiano Carranza,19.418067,-99.105639
Frijol,Bolsa 1 Kg. Pinto,Verde Valle,Legumbres Secas,Basicos,44,2026/04/07,Wal-mart,Supermercado / Tienda de Autoservicio,Walmart Sucursal Unidad Plaza de Toros,Autopista Queretaro Celaya 5501. Int. del Centro Comercial Plaza Esfera. Col. el Jacal. Cp. 76187,Querétaro,Santiago de Querétaro,20.574076,-100.408704
Frijol,Bolsa 1 Kg. Pinto,Verde Valle,Legumbres Secas,Basicos,44,2026/04/14,Wal-mart,Supermercado / Tienda de Autoservicio,Walmart Sucursal Unidad Plaza de Toros,Autopista Queretaro Celaya 5501. Int. del Centro Comercial Plaza Esfera. Col. el Jacal. Cp. 76187,Querétaro,Santiago de Querétaro,20.574076,-100.408704
Frijol,Bolsa 1 Kg. Pinto,Verde Valle,Legumbres Secas,Basicos,54.9,2026/04/10,Superissste,Supermercado / Tienda de Autoservicio,Superissste Sucursal 011,Calle Peluqueros No. 310 Esquina Calle Tizayuca. Col. Michoacana. Cp. 15240,Ciudad de México,Venustiano Carranza,19.446139,-99.113372
Frijol,Bolsa 1 Kg. Pinto,Verde Valle,Legumbres Secas,Basicos,54.9,2026/04/10,Superissste,Supermercado / Tienda de Autoservicio,Superissste Sucursal 022,Av. del Taller y Retorno No. 38 Dentro del Retorno 38. Col. Jardin Balbuena. Cp. 15900,Ciudad de México,Venustiano Carranza,19.412842,-99.105666
Frijol,Bolsa 750 Gr. Flor de Mayo,La Merced,Legumbres Secas,Basicos,37,2026/04/06,Bodega Aurrera,Supermercado / Tienda de Autoservicio,Bodega Aurrera Sucursal la Viga,Calz. de la Viga 136 Esq. del Taller. Col. Lorenzo Boturini. Cp. 15820,Ciudad de México,Venustiano Carranza,19.414749,-99.127874
Frijol,Bolsa 750 Gr. Flor de Mayo,La Merced,Legumbres Secas,Basicos,45,2026/04/06,Wal-mart,Supermercado / Tienda de Autoservicio,Walmart Sucursal Aeropuerto,Calz. Ignacio Zaragoza 58. Esq. Blvd. Puerto Aereo. Col. Federal. Cp. 15700,Ciudad de México,Venustiano Carranza,19.41926,-99.094521
Frijol,Bolsa 750 Gr. Flor de Mayo,La Merced,Legumbres Secas,Basicos,45,2026/04/06,Wal-mart,Supermercado / Tienda de Autoservicio,Walmart Sucursal Balbuena,Fray Servando Teresa de Mier 881. Entre Fernando Iglesia Calderon y Genaro Garcia. Col. Jardin Balbuena. Cp. 15900,Ciudad de México,Venustiano Carranza,19.418067,-99.105639
Frijol,Bolsa 750 Gr. Flor de Mayo,La Merced,Legumbres Secas,Basicos,45,2026/04/07,Wal-mart,Supermercado / Tienda de Autoservicio,Walmart Sucursal Unidad Plaza de Toros,Autopista Queretaro Celaya 5501. Int. del Centro Comercial Plaza Esfera. Col. el Jacal. Cp. 76187,Querétaro,Santiago de Querétaro,20.574076,-100.408704
Frijol,Bolsa 750 Gr. Flor de Mayo,La Merced,Legumbres Secas,Basicos,45,2026/04/14,Wal-mart,Supermercado / Tienda de Autoservicio,Walmart Sucursal Unidad Plaza de Toros,Autopista Queretaro Celaya 5501. Int. del Centro Comercial Plaza Esfera. Col. el Jacal. Cp. 76187,Querétaro,Santiago de Querétaro,20.574076,-100.408704
Frijol,Bolsa 900 Gr. Bayo,Bueno,Legumbres Secas,Basicos,39,2026/04/06,Chedraui,Supermercado / Tienda de Autoservicio,Chedraui Sucursal Anfora,Anfora 71. Esq. Eje 1 Norte. Col. Madero. Cp. 15320,Ciudad de México,Venustiano Carranza,19.437353,-99.110088
Frijol,Bolsa 900 Gr. Bayo,Bueno,Legumbres Secas,Basicos,52,2026/04/08,Chedraui,Supermercado / Tienda de Autoservicio,Chedraui Sucursal Centro Sur,Blvd. Bernardo Quintana 502. Carr. con Direccion a Centro Civico. Col. Centro Sur. Cp. 76087,Querétaro,Santiago de Querétaro,20.569354,-100.358831
Frijol,Bolsa 900 Gr. Bayo,La Merced,Legumbres Secas,Basicos,46.5,2026/04/03,Superissste,Supermercado / Tienda de Autoservicio,Superissste Sucursal 011,Calle Peluqueros No. 310 Esquina Calle Tizayuca. Col. Michoacana. Cp. 15240,Ciudad de México,Venustiano Carranza,19.446139,-99.113372
Frijol,Bolsa 900 Gr. Bayo,La Merced,Legumbres Secas,Basicos,46.5,2026/04/03,Superissste,Supermercado / Tienda de Autoservicio,Superissste Sucursal 022,Av. del Taller y Retorno No. 38 Dentro del Retorno 38. Col. Jardin Balbuena. Cp. 15900,Ciudad de México,Venustiano Carranza,19.412842,-99.105666
Frijol,Bolsa 900 Gr. Bayo,La Merced,Legumbres Secas,Basicos,46.5,2026/04/10,Superissste,Supermercado / Tienda de Autoservicio,Superissste Sucursal 011,Calle Peluqueros No. 310 Esquina Calle Tizayuca. Col. Michoacana. Cp. 15240,Ciudad de México,Venustiano Carranza,19.446139,-99.113372
Frijol,Bolsa 900 Gr. Bayo,La Merced,Legumbres Secas,Basicos,46.5,2026/04/10,Superissste,Supermercado / Tienda de Autoservicio,Superissste Sucursal 022,Av. del Taller y Retorno No. 38 Dentro del Retorno 38. Col. Jardin Balbuena. Cp. 15900,Ciudad de México,Venustiano Carranza,19.412842,-99.105666
Frijol,Bolsa 900 Gr. Bayo,La Merced,Legumbres Secas,Basicos,58.5,2026/04/06,Hipermercado Soriana,Supermercado / Tienda de Autoservicio,Soriana Hiper Sucursal Consulado (418),Rio Consulado 2355. Esq. Carlos Marx. Col. Simon Bolivar. Cp. 15410,Ciudad de México,Venustiano Carranza,19.449572,-99.100376
Frijol,Bolsa 900 Gr. Bayo,La Merced,Legumbres Secas,Basicos,58.5,2026/04/13,Hipermercado Soriana,Supermercado / Tienda de Autoservicio,Soriana Hiper Sucursal Cimatario,Ctra. a Huimilpan 1001. Int. del Centro Comercial Plaza del Sol. Col. Plazas del Sol. Iii Seccion. Cp. 76099,Querétaro,Santiago de Querétaro,20.563227,-100.375284
Frijol,Bolsa 900 Gr. Flor de Mayo,Great Value,Legumbres Secas,Basicos,31,2026/04/06,Wal-mart,Supermercado / Tienda de Autoservicio,Walmart Sucursal Balbuena,Fray Servando Teresa de Mier 881. Entre Fernando Iglesia Calderon y Genaro Garcia. Col. Jardin Balbuena. Cp. 15900,Ciudad de México,Venustiano Carranza,19.418067,-99.105639
Frijol,Bolsa 900 Gr. Flor de Mayo,La Merced,Legumbres Secas,Basicos,44.5,2026/04/03,Superissste,Supermercado / Tienda de Autoservicio,Superissste Sucursal 011,Calle Peluqueros No. 310 Esquina Calle Tizayuca. Col. Michoacana. Cp. 15240,Ciudad de México,Venustiano Carranza,19.446139,-99.113372
Frijol,Bolsa 900 Gr. Flor de Mayo,La Merced,Legumbres Secas,Basicos,44.5,2026/04/03,Superissste,Supermercado / Tienda de Autoservicio,Superissste Sucursal 022,Av. del Taller y Retorno No. 38 Dentro del Retorno 38. Col. Jardin Balbuena. Cp. 15900,Ciudad de México,Venustiano Carranza,19.412842,-99.105666
Frijol,Bolsa 900 Gr. Flor de Mayo,La Merced,Legumbres Secas,Basicos,44.5,2026/04/10,Superissste,Supermercado / Tienda de Autoservicio,Superissste Sucursal 011,Calle Peluqueros No. 310 Esquina Calle Tizayuca. Col. Michoacana. Cp. 15240,Ciudad de México,Venustiano Carranza,19.446139,-99.113372
Frijol,Bolsa 900 Gr. Flor de Mayo,La Merced,Legumbres Secas,Basicos,44.5,2026/04/10,Superissste,Supermercado / Tienda de Autoservicio,Superissste Sucursal 022,Av. del Taller y Retorno No. 38 Dentro del Retorno 38. Col. Jardin Balbuena. Cp. 15900,Ciudad de México,Venustiano Carranza,19.412842,-99.105666
Frijol,Bolsa 900 Gr. Flor de Mayo,La Merced,Legumbres Secas,Basicos,48.9,2026/04/06,Hipermercado Soriana,Supermercado / Tienda de Autoservicio,Soriana Hiper Sucursal Consulado (418),Rio Consulado 2355. Esq. Carlos Marx. Col. Simon Bolivar. Cp. 15410,Ciudad de México,Venustiano Carranza,19.449572,-99.100376
Frijol,Bolsa 900 Gr. Flor de Mayo,La Merced,Legumbres Secas,Basicos,48.9,2026/04/13,Hipermercado Soriana,Supermercado / Tienda de Autoservicio,Soriana Hiper Sucursal Cimatario,Ctra. a Huimilpan 1001. Int. del Centro Comercial Plaza del Sol. Col. Plazas del Sol. Iii Seccion. Cp. 76099,Querétaro,Santiago de Querétaro,20.563227,-100.375284
Frijol,Bolsa 900 Gr. Flor de Mayo,La Merced,Legumbres Secas,Basicos,57,2026/04/09,La Comer,Supermercado / Tienda de Autoservicio,Lacomer Sucursal Queretaro Estadio,Luis M. Vega y Monroy 1300. Esq.cimatario . Col. Cimatario. Cp. 76090,Querétaro,Santiago de Querétaro,20.577804,-100.373626
Frijol,Bolsa 900 Gr. Flor de Mayo,Verde Valle,Legumbres Secas,Basicos,59,2026/04/01,Bodega Aurrera,Supermercado / Tienda de Autoservicio,Bodega Aurrera Sucursal Centro Constituyentes,Constituyentes Oriente 334. Entre Pasteur y Manuel Ponce. Col. Mercurio. Cp. 76040,Querétaro,Santiago de Querétaro,20.586349,-100.382801
Frijol,Bolsa 900 Gr. Flor de Mayo,Verde Valle,Legumbres Secas,Basicos,59,2026/04/03,Superissste,Supermercado / Tienda de Autoservicio,Superissste Sucursal 011,Calle Peluqueros No. 310 Esquina Calle Tizayuca. Col. Michoacana. Cp. 15240,Ciudad de México,Venustiano Carranza,19.446139,-99.113372
Frijol,Bolsa 900 Gr. Flor de Mayo,Verde Valle,Legumbres Secas,Basicos,59,2026/04/03,Superissste,Supermercado / Tienda de Autoservicio,Superissste Sucursal 022,Av. del Taller y Retorno No. 38 Dentro del Retorno 38. Col. Jardin Balbuena. Cp. 15900,Ciudad de México,Venustiano Carranza,19.412842,-99.105666
Frijol,Bolsa 900 Gr. Flor de Mayo,Verde Valle,Legumbres Secas,Basicos,59,2026/04/06,Bodega Aurrera,Supermercado / Tienda de Autoservicio,Bodega Aurrera Sucursal la Viga,Calz. de la Viga 136 Esq. del Taller. Col. Lorenzo Boturini. Cp. 15820,Ciudad de México,Venustiano Carranza,19.414749,-99.127874
Frijol,Bolsa 900 Gr. Flor de Mayo,Verde Valle,Legumbres Secas,Basicos,59,2026/04/06,Wal-mart,Supermercado / Tienda de Autoservicio,Walmart Sucursal Aeropuerto,Calz. Ignacio Zaragoza 58. Esq. Blvd. Puerto Aereo. Col. Federal. Cp. 15700,Ciudad de México,Venustiano Carranza,19.41926,-99.094521
Frijol,Bolsa 900 Gr. Flor de Mayo,Verde Valle,Legumbres Secas,Basicos,59,2026/04/06,Wal-mart,Supermercado / Tienda de Autoservicio,Walmart Sucursal Balbuena,Fray Servando Teresa de Mier 881. Entre Fernando Iglesia Calderon y Genaro Garcia. Col. Jardin Balbuena. Cp. 15900,Ciudad de México,Venustiano Carranza,19.418067,-99.105639
Frijol,Bolsa 900 Gr. Flor de Mayo,Verde Valle,Legumbres Secas,Basicos,59,2026/04/07,Wal-mart,Supermercado / Tienda de Autoservicio,Walmart Sucursal Unidad Plaza de Toros,Autopista Queretaro Celaya 5501. Int. del Centro Comercial Plaza Esfera. Col. el Jacal. Cp. 76187,Querétaro,Santiago de Querétaro,20.574076,-100.408704
Frijol,Bolsa 900 Gr. Flor de Mayo,Verde Valle,Legumbres Secas,Basicos,59,2026/04/08,Chedraui,Supermercado / Tienda de Autoservicio,Chedraui Sucursal Centro Sur,Blvd. Bernardo Quintana 502. Carr. con Direccion a Centro Civico. Col. Centro Sur. Cp. 76087,Querétaro,Santiago de Querétaro,20.569354,-100.358831
Frijol,Bolsa 900 Gr. Flor de Mayo,Verde Valle,Legumbres Secas,Basicos,59,2026/04/10,Superissste,Supermercado / Tienda de Autoservicio,Superissste Sucursal 011,Calle Peluqueros No. 310 Esquina Calle Tizayuca. Col. Michoacana. Cp. 15240,Ciudad de México,Venustiano Carranza,19.446139,-99.113372
Frijol,Bolsa 900 Gr. Flor de Mayo,Verde Valle,Legumbres Secas,Basicos,59,2026/04/10,Superissste,Supermercado / Tienda de Autoservicio,Superissste Sucursal 022,Av. del Taller y Retorno No. 38 Dentro del Retorno 38. Col. Jardin Balbuena. Cp. 15900,Ciudad de México,Venustiano Carranza,19.412842,-99.105666
Frijol,Bolsa 900 Gr. Negro,Chedraui,Legumbres Secas,Basicos,21,2026/04/06,Chedraui,Supermercado / Tienda de Autoservicio,Chedraui Sucursal Anfora,Anfora 71. Esq. Eje 1 Norte. Col. Madero. Cp. 15320,Ciudad de México,Venustiano Carranza,19.437353,-99.110088
Frijol,Bolsa 900 Gr. Negro,Chedraui,Legumbres Secas,Basicos,30,2026/04/08,Chedraui,Supermercado / Tienda de Autoservicio,Chedraui Sucursal Centro Sur,Blvd. Bernardo Quintana 502. Carr. con Direccion a Centro Civico. Col. Centro Sur. Cp. 76087,Querétaro,Santiago de Querétaro,20.569354,-100.358831
Frijol,Bolsa 900 Gr. Negro,Chedraui,Legumbres Secas,Basicos,30,2026/04/15,Chedraui,Supermercado / Tienda de Autoservicio,Chedraui Sucursal Centro Sur,Blvd. Bernardo Quintana 502. Carr. con Direccion a Centro Civico. Col. Centro Sur. Cp. 76087,Querétaro,Santiago de Querétaro,20.569354,-100.358831
Frijol,Bolsa 900 Gr. Negro,Chedraui,Legumbres Secas,Pacic,21,2026/04/06,Chedraui,Supermercado / Tienda de Autoservicio,Chedraui Sucursal Anfora,Anfora 71. Esq. Eje 1 Norte. Col. Madero. Cp. 15320,Ciudad de México,Venustiano Carranza,19.437353,-99.110088
Frijol,Bolsa 900 Gr. Negro,Chedraui,Legumbres Secas,Pacic,22,2026/04/01,Chedraui,Supermercado / Tienda de Autoservicio,Chedraui Sucursal Centro Sur,Blvd. Bernardo Quintana 502. Carr. con Direccion a Centro Civico. Col. Centro Sur. Cp. 76087,Querétaro,Santiago de Querétaro,20.569354,-100.358831
Frijol,Bolsa 900 Gr. Negro,Chedraui,Legumbres Secas,Pacic,30,2026/04/08,Chedraui,Supermercado / Tienda de Autoservicio,Chedraui Sucursal Centro Sur,Blvd. Bernardo Quintana 502. Carr. con Direccion a Centro Civico. Col. Centro Sur. Cp. 76087,Querétaro,Santiago de Querétaro,20.569354,-100.358831
Frijol,Bolsa 900 Gr. Negro,Chedraui,Legumbres Secas,Pacic,30,2026/04/15,Chedraui,Supermercado / Tienda de Autoservicio,Chedraui Sucursal Centro Sur,Blvd. Bernardo Quintana 502. Carr. con Direccion a Centro Civico. Col. Centro Sur. Cp. 76087,Querétaro,Santiago de Querétaro,20.569354,-100.358831
Frijol,Bolsa 900 Gr. Negro,Great Value,Legumbres Secas,Basicos,23,2026/04/06,Wal-mart,Supermercado / Tienda de Autoservicio,Walmart Sucursal Aeropuerto,Calz. Ignacio Zaragoza 58. Esq. Blvd. Puerto Aereo. Col. Federal. Cp. 15700,Ciudad de México,Venustiano Carranza,19.41926,-99.094521
Frijol,Bolsa 900 Gr. Negro,Great Value,Legumbres Secas,Basicos,23,2026/04/06,Wal-mart,Supermercado / Tienda de Autoservicio,Walmart Sucursal Balbuena,Fray Servando Teresa de Mier 881. Entre Fernando Iglesia Calderon y Genaro Garcia. Col. Jardin Balbuena. Cp. 15900,Ciudad de México,Venustiano Carranza,19.418067,-99.105639
Frijol,Bolsa 900 Gr. Negro,Great Value,Legumbres Secas,Basicos,23,2026/04/07,Wal-mart,Supermercado / Tienda de Autoservicio,Walmart Sucursal Unidad Plaza de Toros,Autopista Queretaro Celaya 5501. Int. del Centro Comercial Plaza Esfera. Col. el Jacal. Cp. 76187,Querétaro,Santiago de Querétaro,20.574076,-100.408704
Frijol,Bolsa 900 Gr. Negro,Verde Valle,Legumbres Secas,Basicos,42.9,2026/04/13,Hipermercado Soriana,Supermercado / Tienda de Autoservicio,Soriana Hiper Sucursal Cimatario,Ctra. a Huimilpan 1001. Int. del Centro Comercial Plaza del Sol. Col. Plazas del Sol. Iii Seccion. Cp. 76099,Querétaro,Santiago de Querétaro,20.563227,-100.375284
Frijol,Bolsa 900 Gr. Negro,Verde Valle,Legumbres Secas,Basicos,43.5,2026/04/09,La Comer,Supermercado / Tienda de Autoservicio,Lacomer Sucursal Queretaro Estadio,Luis M. Vega y Monroy 1300. Esq.cimatario . Col. Cimatario. Cp. 76090,Querétaro,Santiago de Querétaro,20.577804,-100.373626
Frijol,Bolsa 900 Gr. Negro,Verde Valle,Legumbres Secas,Basicos,49,2026/04/08,Chedraui,Supermercado / Tienda de Autoservicio,Chedraui Sucursal Centro Sur,Blvd. Bernardo Quintana 502. Carr. con Direccion a Centro Civico. Col. Centro Sur. Cp. 76087,Querétaro,Santiago de Querétaro,20.569354,-100.358831
Frijol,Bolsa 900 Gr. Negro,Verde Valle,Legumbres Secas,Basicos,51.5,2026/04/06,Hipermercado Soriana,Supermercado / Tienda de Autoservicio,Soriana Hiper Sucursal Consulado (418),Rio Consulado 2355. Esq. Carlos Marx. Col. Simon Bolivar. Cp. 15410,Ciudad de México,Venustiano Carranza,19.449572,-99.100376
Frijol,Bolsa 900 Gr. Negro,Verde Valle,Legumbres Secas,Basicos,54,2026/04/06,Chedraui,Supermercado / Tienda de Autoservicio,Chedraui Sucursal Anfora,Anfora 71. Esq. Eje 1 Norte. Col. Madero. Cp. 15320,Ciudad de México,Venustiano Carranza,19.437353,-99.110088
Frijol,Bolsa 900 Gr. Negro,Verde Valle,Legumbres Secas,Basicos,56.5,2026/04/07,Oxxo,Tienda de Conveniencia,Oxxo Sucursal Corregidora 50 Cr,Circuito Moises Solana No. 128. Esq. Gertrudis Bocanegra. Col. Burocratas. Cp. 76070,Querétaro,Santiago de Querétaro,20.57462,-100.384232
Frijol,Bolsa 900 Gr. Negro,Verde Valle,Legumbres Secas,Basicos,56.5,2026/04/14,Oxxo,Tienda de Conveniencia,Oxxo Sucursal Corregidora 50 Cr,Circuito Moises Solana No. 128. Esq. Gertrudis Bocanegra. Col. Burocratas. Cp. 76070,Querétaro,Santiago de Querétaro,20.57462,-100.384232
Frijol,Bolsa 900 Gr. Negro. Jamapa,Verde Valle,Legumbres Secas,Basicos,62,2026/04/06,Chedraui,Supermercado / Tienda de Autoservicio,Chedraui Sucursal Anfora,Anfora 71. Esq. Eje 1 Norte. Col. Madero. Cp. 15320,Ciudad de México,Venustiano Carranza,19.437353,-99.110088
Frijol,Bolsa 900 Gr. Negro. Jamapa,Verde Valle,Legumbres Secas,Basicos,66.9,2026/04/09,La Comer,Supermercado / Tienda de Autoservicio,Lacomer Sucursal Queretaro Estadio,Luis M. Vega y Monroy 1300. Esq.cimatario . Col. Cimatario. Cp. 76090,Querétaro,Santiago de Querétaro,20.577804,-100.373626
Frijol,Bolsa 900 Gr. Negro. Jamapa,Verde Valle,Legumbres Secas,Basicos,68.5,2026/04/06,Hipermercado Soriana,Supermercado / Tienda de Autoservicio,Soriana Hiper Sucursal Consulado (418),Rio Consulado 2355. Esq. Carlos Marx. Col. Simon Bolivar. Cp. 15410,Ciudad de México,Venustiano Carranza,19.449572,-99.100376
Frijol,Bolsa 900 Gr. Negro. Jamapa,Verde Valle,Legumbres Secas,Basicos,72.9,2026/04/13,Hipermercado Soriana,Supermercado / Tienda de Autoservicio,Soriana Hiper Sucursal Cimatario,Ctra. a Huimilpan 1001. Int. del Centro Comercial Plaza del Sol. Col. Plazas del Sol. Iii Seccion. Cp. 76099,Querétaro,Santiago de Querétaro,20.563227,-100.375284
Frijol,Bolsa 900 Gr. Negro. Querétaro,Aurrera,Legumbres Secas,Pacic,19,2026/04/10,Bodega Aurrera,Supermercado / Tienda de Autoservicio,Bodega Aurrera Sucursal Centro Constituyentes,Constituyentes Oriente 334. Entre Pasteur y Manuel Ponce. Col. Mercurio. Cp. 76040,Querétaro,Santiago de Querétaro,20.586349,-100.382801
Frijol,Bolsa 900 Gr. Negro. Querétaro,Aurrera,Legumbres Secas,Pacic,21,2026/04/01,Bodega Aurrera,Supermercado / Tienda de Autoservicio,Bodega Aurrera Sucursal Centro Constituyentes,Constituyentes Oriente 334. Entre Pasteur y Manuel Ponce. Col. Mercurio. Cp. 76040,Querétaro,Santiago de Querétaro,20.586349,-100.382801
Frijol,Bolsa 900 Gr. Negro. Querétaro,Aurrera,Legumbres Secas,Pacic,21,2026/04/01,Wal-mart,Supermercado / Tienda de Autoservicio,Walmart Sucursal Unidad Plaza de Toros,Autopista Queretaro Celaya 5501. Int. del Centro Comercial Plaza Esfera. Col. el Jacal. Cp. 76187,Querétaro,Santiago de Querétaro,20.574076,-100.408704
Frijol,Bolsa 900 Gr. Negro. Querétaro,Aurrera,Legumbres Secas,Pacic,21,2026/04/07,Wal-mart,Supermercado / Tienda de Autoservicio,Walmart Sucursal Unidad Plaza de Toros,Autopista Queretaro Celaya 5501. Int. del Centro Comercial Plaza Esfera. Col. el Jacal. Cp. 76187,Querétaro,Santiago de Querétaro,20.574076,-100.408704
Frijol,Bolsa 900 Gr. Negro. Querétaro,Aurrera,Legumbres Secas,Pacic,21,2026/04/14,Wal-mart,Supermercado / Tienda de Autoservicio,Walmart Sucursal Unidad Plaza de Toros,Autopista Queretaro Celaya 5501. Int. del Centro Comercial Plaza Esfera. Col. el Jacal. Cp. 76187,Querétaro,Santiago de Querétaro,20.574076,-100.408704
Frijol,Bolsa 900 Gr. Negro. Querétaro,La Merced,Legumbres Secas,Basicos,30,2026/04/06,Chedraui,Supermercado / Tienda de Autoservicio,Chedraui Sucursal Anfora,Anfora 71. Esq. Eje 1 Norte. Col. Madero. Cp. 15320,Ciudad de México,Venustiano Carranza,19.437353,-99.110088
Frijol,Bolsa 900 Gr. Negro. Querétaro,La Merced,Legumbres Secas,Basicos,31.9,2026/04/13,Hipermercado Soriana,Supermercado / Tienda de Autoservicio,Soriana Hiper Sucursal Cimatario,Ctra. a Huimilpan 1001. Int. del Centro Comercial Plaza del Sol. Col. Plazas del Sol. Iii Seccion. Cp. 76099,Querétaro,Santiago de Querétaro,20.563227,-100.375284
Frijol,Bolsa 900 Gr. Negro. Querétaro,La Merced,Legumbres Secas,Basicos,43.9,2026/04/03,Superissste,Supermercado / Tienda de Autoservicio,Superissste Sucursal 011,Calle Peluqueros No. 310 Esquina Calle Tizayuca. Col. Michoacana. Cp. 15240,Ciudad de México,Venustiano Carranza,19.446139,-99.113372
Frijol,Bolsa 900 Gr. Negro. Querétaro,La Merced,Legumbres Secas,Basicos,43.9,2026/04/03,Superissste,Supermercado / Tienda de Autoservicio,Superissste Sucursal 022,Av. del Taller y Retorno No. 38 Dentro del Retorno 38. Col. Jardin Balbuena. Cp. 15900,Ciudad de México,Venustiano Carranza,19.412842,-99.105666
Frijol,Bolsa 900 Gr. Negro. Querétaro,La Merced,Legumbres Secas,Basicos,43.9,2026/04/10,Superissste,Supermercado / Tienda de Autoservicio,Superissste Sucursal 011,Calle Peluqueros No. 310 Esquina Calle Tizayuca. Col. Michoacana. Cp. 15240,Ciudad de México,Venustiano Carranza,19.446139,-99.113372
Frijol,Bolsa 900 Gr. Negro. Querétaro,La Merced,Legumbres Secas,Basicos,43.9,2026/04/10,Superissste,Supermercado / Tienda de Autoservicio,Superissste Sucursal 022,Av. del Taller y Retorno No. 38 Dentro del Retorno 38. Col. Jardin Balbuena. Cp. 15900,Ciudad de México,Venustiano Carranza,19.412842,-99.105666
Frijol,Bolsa 900 Gr. Negro. Querétaro,La Merced,Legumbres Secas,Basicos,44.9,2026/04/06,Hipermercado Soriana,Supermercado / Tienda de Autoservicio,Soriana Hiper Sucursal Consulado (418),Rio Consulado 2355. Esq. Carlos Marx. Col. Simon Bolivar. Cp. 15410,Ciudad de México,Venustiano Carranza,19.449572,-99.100376
Frijol,Bolsa 900 Gr. Negro. Querétaro,La Merced,Legumbres Secas,Basicos,48,2026/04/09,La Comer,Supermercado / Tienda de Autoservicio,Lacomer Sucursal Queretaro Estadio,Luis M. Vega y Monroy 1300. Esq.cimatario . Col. Cimatario. Cp. 76090,Querétaro,Santiago de Querétaro,20.577804,-100.373626
Frijol,Bolsa 900 Gr. Negro. Querétaro,Schettino,Legumbres Secas,Basicos,21.7,2026/04/09,La Comer,Supermercado / Tienda de Autoservicio,Lacomer Sucursal Queretaro Estadio,Luis M. Vega y Monroy 1300. Esq.cimatario . Col. Cimatario. Cp. 76090,Querétaro,Santiago de Querétaro,20.577804,-100.373626
Frijol,Bolsa 900 Gr. Negro. Querétaro,Schettino,Legumbres Secas,Basicos,26.5,2026/04/03,Superissste,Supermercado / Tienda de Autoservicio,Superissste Sucursal 011,Calle Peluqueros No. 310 Esquina Calle Tizayuca. Col. Michoacana. Cp. 15240,Ciudad de México,Venustiano Carranza,19.446139,-99.113372
Frijol,Bolsa 900 Gr. Negro. Querétaro,Schettino,Legumbres Secas,Basicos,26.5,2026/04/03,Superissste,Supermercado / Tienda de Autoservicio,Superissste Sucursal 022,Av. del Taller y Retorno No. 38 Dentro del Retorno 38. Col. Jardin Balbuena. Cp. 15900,Ciudad de México,Venustiano Carranza,19.412842,-99.105666
Frijol,Bolsa 900 Gr. Negro. Querétaro,Schettino,Legumbres Secas,Basicos,26.5,2026/04/10,Superissste,Supermercado / Tienda de Autoservicio,Superissste Sucursal 011,Calle Peluqueros No. 310 Esquina Calle Tizayuca. Col. Michoacana. Cp. 15240,Ciudad de México,Venustiano Carranza,19.446139,-99.113372
Frijol,Bolsa 900 Gr. Negro. Querétaro,Schettino,Legumbres Secas,Basicos,26.5,2026/04/10,Superissste,Supermercado / Tienda de Autoservicio,Superissste Sucursal 022,Av. del Taller y Retorno No. 38 Dentro del Retorno 38. Col. Jardin Balbuena. Cp. 15900,Ciudad de México,Venustiano Carranza,19.412842,-99.105666
Frijol,Bolsa 900 Gr. Negro. Querétaro,Schettino,Legumbres Secas,Basicos,28,2026/04/06,Chedraui,Supermercado / Tienda de Autoservicio,Chedraui Sucursal Anfora,Anfora 71. Esq. Eje 1 Norte. Col. Madero. Cp. 15320,Ciudad de México,Venustiano Carranza,19.437353,-99.110088
Frijol,Bolsa 900 Gr. Negro. Querétaro,Schettino,Legumbres Secas,Basicos,28,2026/04/08,Chedraui,Supermercado / Tienda de Autoservicio,Chedraui Sucursal Centro Sur,Blvd. Bernardo Quintana 502. Carr. con Direccion a Centro Civico. Col. Centro Sur. Cp. 76087,Querétaro,Santiago de Querétaro,20.569354,-100.358831
Frijol,Bolsa 900 Gr. Negro. Querétaro,Schettino,Legumbres Secas,Basicos,28,2026/04/15,Chedraui,Supermercado / Tienda de Autoservicio,Chedraui Sucursal Centro Sur,Blvd. Bernardo Quintana 502. Carr. con Direccion a Centro Civico. Col. Centro Sur. Cp. 76087,Querétaro,Santiago de Querétaro,20.569354,-100.358831
Frijol,Bolsa 900 Gr. Negro. Querétaro,Schettino,Legumbres Secas,Basicos,30.5,2026/04/13,Hipermercado Soriana,Supermercado / Tienda de Autoservicio,Soriana Hiper Sucursal Cimatario,Ctra. a Huimilpan 1001. Int. del Centro Comercial Plaza del Sol. Col. Plazas del Sol. Iii Seccion. Cp. 76099,Querétaro,Santiago de Querétaro,20.563227,-100.375284
Frijol,Bolsa 900 Gr. Negro. Querétaro,Schettino,Legumbres Secas,Basicos,37.9,2026/04/06,Hipermercado Soriana,Supermercado / Tienda de Autoservicio,Soriana Hiper Sucursal Consulado (418),Rio Consulado 2355. Esq. Carlos Marx. Col. Simon Bolivar. Cp. 15410,Ciudad de México,Venustiano Carranza,19.449572,-99.100376
Frijol,Bolsa 900 Gr. Negro. Querétaro,Schettino,Legumbres Secas,Pacic,21.7,2026/04/01,La Comer,Supermercado / Tienda de Autoservicio,Lacomer Sucursal Queretaro Estadio,Luis M. Vega y Monroy 1300. Esq.cimatario . Col. Cimatario. Cp. 76090,Querétaro,Santiago de Querétaro,20.577804,-100.373626
Frijol,Bolsa 900 Gr. Negro. Querétaro,Schettino,Legumbres Secas,Pacic,21.7,2026/04/09,La Comer,Supermercado / Tienda de Autoservicio,Lacomer Sucursal Queretaro Estadio,Luis M. Vega y Monroy 1300. Esq.cimatario . Col. Cimatario. Cp. 76090,Querétaro,Santiago de Querétaro,20.577804,-100.373626
Frijol,Bolsa 900 Gr. Negro. Querétaro,Schettino,Legumbres Secas,Pacic,28,2026/04/01,Chedraui,Supermercado / Tienda de Autoservicio,Chedraui Sucursal Centro Sur,Blvd. Bernardo Quintana 502. Carr. con Direccion a Centro Civico. Col. Centro Sur. Cp. 76087,Querétaro,Santiago de Querétaro,20.569354,-100.358831
Frijol,Bolsa 900 Gr. Negro. Querétaro,Schettino,Legumbres Secas,Pacic,28,2026/04/06,Chedraui,Supermercado / Tienda de Autoservicio,Chedraui Sucursal Anfora,Anfora 71. Esq. Eje 1 Norte. Col. Madero. Cp. 15320,Ciudad de México,Venustiano Carranza,19.437353,-99.110088
Frijol,Bolsa 900 Gr. Negro. Querétaro,Schettino,Legumbres Secas,Pacic,28,2026/04/08,Chedraui,Supermercado / Tienda de Autoservicio,Chedraui Sucursal Centro Sur,Blvd. Bernardo Quintana 502. Carr. con Direccion a Centro Civico. Col. Centro Sur. Cp. 76087,Querétaro,Santiago de Querétaro,20.569354,-100.358831
Frijol,Bolsa 900 Gr. Negro. Querétaro,Schettino,Legumbres Secas,Pacic,28,2026/04/15,Chedraui,Supermercado / Tienda de Autoservicio,Chedraui Sucursal Centro Sur,Blvd. Bernardo Quintana 502. Carr. con Direccion a Centro Civico. Col. Centro Sur. Cp. 76087,Querétaro,Santiago de Querétaro,20.569354,-100.358831
Frijol,Bolsa 900 Gr. Peruano,Verde Valle,Legumbres Secas,Basicos,62,2026/04/06,Wal-mart,Supermercado / Tienda de Autoservicio,Walmart Sucursal Aeropuerto,Calz. Ignacio Zaragoza 58. Esq. Blvd. Puerto Aereo. Col. Federal. Cp. 15700,Ciudad de México,Venustiano Carranza,19.41926,-99.094521
Frijol,Bolsa 900 Gr. Peruano,Verde Valle,Legumbres Secas,Basicos,62,2026/04/06,Wal-mart,Supermercado / Tienda de Autoservicio,Walmart Sucursal Balbuena,Fray Servando Teresa de Mier 881. Entre Fernando Iglesia Calderon y Genaro Garcia. Col. Jardin Balbuena. Cp. 15900,Ciudad de México,Venustiano Carranza,19.418067,-99.105639
Frijol,Bolsa 900 Gr. Peruano,Verde Valle,Legumbres Secas,Basicos,62,2026/04/07,Wal-mart,Supermercado / Tienda de Autoservicio,Walmart Sucursal Unidad Plaza de Toros,Autopista Queretaro Celaya 5501. Int. del Centro Comercial Plaza Esfera. Col. el Jacal. Cp. 76187,Querétaro,Santiago de Querétaro,20.574076,-100.408704
Frijol,Bolsa 900 Gr. Peruano,Verde Valle,Legumbres Secas,Basicos,62,2026/04/14,Wal-mart,Supermercado / Tienda de Autoservicio,Walmart Sucursal Unidad Plaza de Toros,Autopista Queretaro Celaya 5501. Int. del Centro Comercial Plaza Esfera. Col. el Jacal. Cp. 76187,Querétaro,Santiago de Querétaro,20.574076,-100.408704
Frijol,Bolsa 900 Gr. Peruano,Verde Valle,Legumbres Secas,Basicos,65.9,2026/04/13,Hipermercado Soriana,Supermercado / Tienda de Autoservicio,Soriana Hiper Sucursal Cimatario,Ctra. a Huimilpan 1001. Int. del Centro Comercial Plaza del Sol. Col. Plazas del Sol. Iii Seccion. Cp. 76099,Querétaro,Santiago de Querétaro,20.563227,-100.375284
Frijol,Bolsa 900 Gr. Peruano,Verde Valle,Legumbres Secas,Basicos,66.5,2026/04/06,Hipermercado Soriana,Supermercado / Tienda de Autoservicio,Soriana Hiper Sucursal Consulado (418),Rio Consulado 2355. Esq. Carlos Marx. Col. Simon Bolivar. Cp. 15410,Ciudad de México,Venustiano Carranza,19.449572,-99.100376
Frijol,Bolsa 900 Gr. Pinto,Great Value,Legumbres Secas,Basicos,25,2026/04/06,Wal-mart,Supermercado / Tienda de Autoservicio,Walmart Sucursal Aeropuerto,Calz. Ignacio Zaragoza 58. Esq. Blvd. Puerto Aereo. Col. Federal. Cp. 15700,Ciudad de México,Venustiano Carranza,19.41926,-99.094521
Frijol,Bolsa 900 Gr. Pinto,Great Value,Legumbres Secas,Basicos,25,2026/04/06,Wal-mart,Supermercado / Tienda de Autoservicio,Walmart Sucursal Balbuena,Fray Servando Teresa de Mier 881. Entre Fernando Iglesia Calderon y Genaro Garcia. Col. Jardin Balbuena. Cp. 15900,Ciudad de México,Venustiano Carranza,19.418067,-99.105639
Frijol,Bolsa 900 Gr. Pinto,Great Value,Legumbres Secas,Basicos,25,2026/04/14,Wal-mart,Supermercado / Tienda de Autoservicio,Walmart Sucursal Unidad Plaza de Toros,Autopista Queretaro Celaya 5501. Int. del Centro Comercial Plaza Esfera. Col. el Jacal. Cp. 76187,Querétaro,Santiago de Querétaro,20.574076,-100.408704
Frijol,Bolsa 900 Gr. Pinto,Great Value,Legumbres Secas,Basicos,28,2026/04/07,Wal-mart,Supermercado / Tienda de Autoservicio,Walmart Sucursal Unidad Plaza de Toros,Autopista Queretaro Celaya 5501. Int. del Centro Comercial Plaza Esfera. Col. el Jacal. Cp. 76187,Querétaro,Santiago de Querétaro,20.574076,-100.408704
Frijol,Bolsa 900 Gr. Pinto,Schettino,Legumbres Secas,Basicos,29,2026/04/03,Superissste,Supermercado / Tienda de Autoservicio,Superissste Sucursal 011,Calle Peluqueros No. 310 Esquina Calle Tizayuca. Col. Michoacana. Cp. 15240,Ciudad de México,Venustiano Carranza,19.446139,-99.113372
Frijol,Bolsa 900 Gr. Pinto,Schettino,Legumbres Secas,Basicos,29,2026/04/03,Superissste,Supermercado / Tienda de Autoservicio,Superissste Sucursal 022,Av. del Taller y Retorno No. 38 Dentro del Retorno 38. Col. Jardin Balbuena. Cp. 15900,Ciudad de México,Venustiano Carranza,19.412842,-99.105666
Frijol,Bolsa 900 Gr. Pinto,Schettino,Legumbres Secas,Basicos,29,2026/04/10,Superissste,Supermercado / Tienda de Autoservicio,Superissste Sucursal 011,Calle Peluqueros No. 310 Esquina Calle Tizayuca. Col. Michoacana. Cp. 15240,Ciudad de México,Venustiano Carranza,19.446139,-99.113372
Frijol,Bolsa 900 Gr. Pinto,Schettino,Legumbres Secas,Basicos,29,2026/04/10,Superissste,Supermercado / Tienda de Autoservicio,Superissste Sucursal 022,Av. del Taller y Retorno No. 38 Dentro del Retorno 38. Col. Jardin Balbuena. Cp. 15900,Ciudad de México,Venustiano Carranza,19.412842,-99.105666
Frijol,Bolsa 900 Gr. Pinto,Schettino,Legumbres Secas,Basicos,31.9,2026/04/13,Hipermercado Soriana,Supermercado / Tienda de Autoservicio,Soriana Hiper Sucursal Cimatario,Ctra. a Huimilpan 1001. Int. del Centro Comercial Plaza del Sol. Col. Plazas del Sol. Iii Seccion. Cp. 76099,Querétaro,Santiago de Querétaro,20.563227,-100.375284
Frijol,Bolsa 900 Gr. Pinto,Schettino,Legumbres Secas,Basicos,33,2026/04/06,Chedraui,Supermercado / Tienda de Autoservicio,Chedraui Sucursal Anfora,Anfora 71. Esq. Eje 1 Norte. Col. Madero. Cp. 15320,Ciudad de México,Venustiano Carranza,19.437353,-99.110088
Frijol,Bolsa 900 Gr. Pinto,Schettino,Legumbres Secas,Basicos,34.9,2026/04/06,Hipermercado Soriana,Supermercado / Tienda de Autoservicio,Soriana Hiper Sucursal Consulado (418),Rio Consulado 2355. Esq. Carlos Marx. Col. Simon Bolivar. Cp. 15410,Ciudad de México,Venustiano Carranza,19.449572,-99.100376
Frijol,Bolsa 900 Gr. Pinto,Schettino,Legumbres Secas,Basicos,38.2,2026/04/09,La Comer,Supermercado / Tienda de Autoservicio,Lacomer Sucursal Queretaro Estadio,Luis M. Vega y Monroy 1300. Esq.cimatario . Col. Cimatario. Cp. 76090,Querétaro,Santiago de Querétaro,20.577804,-100.373626
Frijol,Bolsa 900 Gr. Pinto,Verde Valle,Legumbres Secas,Basicos,40.5,2026/04/13,Hipermercado Soriana,Supermercado / Tienda de Autoservicio,Soriana Hiper Sucursal Cimatario,Ctra. a Huimilpan 1001. Int. del Centro Comercial Plaza del Sol. Col. Plazas del Sol. Iii Seccion. Cp. 76099,Querétaro,Santiago de Querétaro,20.563227,-100.375284
Frijol,Bolsa 900 Gr. Pinto,Verde Valle,Legumbres Secas,Basicos,41.5,2026/04/06,Chedraui,Supermercado / Tienda de Autoservicio,Chedraui Sucursal Anfora,Anfora 71. Esq. Eje 1 Norte. Col. Madero. Cp. 15320,Ciudad de México,Venustiano Carranza,19.437353,-99.110088
Frijol,Bolsa 900 Gr. Pinto,Verde Valle,Legumbres Secas,Basicos,46.9,2026/04/09,La Comer,Supermercado / Tienda de Autoservicio,Lacomer Sucursal Queretaro Estadio,Luis M. Vega y Monroy 1300. Esq.cimatario . Col. Cimatario. Cp. 76090,Querétaro,Santiago de Querétaro,20.577804,-100.373626
Frijol,Bolsa 900 Gr. Pinto,Verde Valle,Legumbres Secas,Basicos,48.5,2026/04/06,Hipermercado Soriana,Supermercado / Tienda de Autoservicio,Soriana Hiper Sucursal Consulado (418),Rio Consulado 2355. Esq. Carlos Marx. Col. Simon Bolivar. Cp. 15410,Ciudad de México,Venustiano Carranza,19.449572,-99.100376
Frijol,Bolsa 900 Gr. Pinto,Verde Valle,Legumbres Secas,Basicos,53,2026/04/07,Oxxo,Tienda de Conveniencia,Oxxo Sucursal Corregidora 50 Cr,Circuito Moises Solana No. 128. Esq. Gertrudis Bocanegra. Col. Burocratas. Cp. 76070,Querétaro,Santiago de Querétaro,20.57462,-100.384232
Frijol,Bolsa 900 Gr. Pinto,Verde Valle,Legumbres Secas,Basicos,53,2026/04/14,Oxxo,Tienda de Conveniencia,Oxxo Sucursal Corregidora 50 Cr,Circuito Moises Solana No. 128. Esq. Gertrudis Bocanegra. Col. Burocratas. Cp. 76070,Querétaro,Santiago de Querétaro,20.57462,-100.384232
Frijol,Bolsa 900 Gr. Pinto (nacional),La Merced,Legumbres Secas,Basicos,31.9,2026/04/06,Hipermercado Soriana,Supermercado / Tienda de Autoservicio,Soriana Hiper Sucursal Consulado (418),Rio Consulado 2355. Esq. Carlos Marx. Col. Simon Bolivar. Cp. 15410,Ciudad de México,Venustiano Carranza,19.449572,-99.100376
Frijol,Bolsa 900 Gr. Pinto (nacional),La Merced,Legumbres Secas,Basicos,31.9,2026/04/13,Hipermercado Soriana,Supermercado / Tienda de Autoservicio,Soriana Hiper Sucursal Cimatario,Ctra. a Huimilpan 1001. Int. del Centro Comercial Plaza del Sol. Col. Plazas del Sol. Iii Seccion. Cp. 76099,Querétaro,Santiago de Querétaro,20.563227,-100.375284
Frijol,Bolsa 900 Gr. Pinto (nacional),La Merced,Legumbres Secas,Basicos,43.9,2026/04/03,Superissste,Supermercado / Tienda de Autoservicio,Superissste Sucursal 011,Calle Peluqueros No. 310 Esquina Calle Tizayuca. Col. Michoacana. Cp. 15240,Ciudad de México,Venustiano Carranza,19.446139,-99.113372
Frijol,Bolsa 900 Gr. Pinto (nacional),La Merced,Legumbres Secas,Basicos,43.9,2026/04/03,Superissste,Supermercado / Tienda de Autoservicio,Superissste Sucursal 022,Av. del Taller y Retorno No. 38 Dentro del Retorno 38. Col. Jardin Balbuena. Cp. 15900,Ciudad de México,Venustiano Carranza,19.412842,-99.105666
Frijol,Bolsa 900 Gr. Pinto (nacional),La Merced,Legumbres Secas,Basicos,43.9,2026/04/10,Superissste,Supermercado / Tienda de Autoservicio,Superissste Sucursal 011,Calle Peluqueros No. 310 Esquina Calle Tizayuca. Col. Michoacana. Cp. 15240,Ciudad de México,Venustiano Carranza,19.446139,-99.113372
Frijol,Bolsa 900 Gr. Pinto (nacional),La Merced,Legumbres Secas,Basicos,43.9,2026/04/10,Superissste,Supermercado / Tienda de Autoservicio,Superissste Sucursal 022,Av. del Taller y Retorno No. 38 Dentro del Retorno 38. Col. Jardin Balbuena. Cp. 15900,Ciudad de México,Venustiano Carranza,19.412842,-99.105666
Frijol,Bolsa 900 Gr. Pinto (nacional),La Merced,Legumbres Secas,Basicos,45,2026/04/06,Chedraui,Supermercado / Tienda de Autoservicio,Chedraui Sucursal Anfora,Anfora 71. Esq. Eje 1 Norte. Col. Madero. Cp. 15320,Ciudad de México,Venustiano Carranza,19.437353,-99.110088
Frijol,Bolsa 900 Gr. Pinto (nacional),La Merced,Legumbres Secas,Basicos,48,2026/04/09,La Comer,Supermercado / Tienda de Autoservicio,Lacomer Sucursal Queretaro Estadio,Luis M. Vega y Monroy 1300. Esq.cimatario . Col. Cimatario. Cp. 76090,Querétaro,Santiago de Querétaro,20.577804,-100.373626
Frijol,Bolsa 907 Gr. Negro. Querétaro,La Merced,Legumbres Secas,Pacic,30,2026/04/01,Bodega Aurrera,Supermercado / Tienda de Autoservicio,Bodega Aurrera Sucursal Centro Constituyentes,Constituyentes Oriente 334. Entre Pasteur y Manuel Ponce. Col. Mercurio. Cp. 76040,Querétaro,Santiago de Querétaro,20.586349,-100.382801
Frijol,Bolsa 907 Gr. Negro. Querétaro,La Merced,Legumbres Secas,Pacic,30,2026/04/01,Wal-mart,Supermercado / Tienda de Autoservicio,Walmart Sucursal Unidad Plaza de Toros,Autopista Queretaro Celaya 5501. Int. del Centro Comercial Plaza Esfera. Col. el Jacal. Cp. 76187,Querétaro,Santiago de Querétaro,20.574076,-100.408704
Frijol,Bolsa 907 Gr. Negro. Querétaro,La Merced,Legumbres Secas,Pacic,30,2026/04/06,Wal-mart,Supermercado / Tienda de Autoservicio,Walmart Sucursal Aeropuerto,Calz. Ignacio Zaragoza 58. Esq. Blvd. Puerto Aereo. Col. Federal. Cp. 15700,Ciudad de México,Venustiano Carranza,19.41926,-99.094521
Frijol,Bolsa 907 Gr. Negro. Querétaro,La Merced,Legumbres Secas,Pacic,30,2026/04/06,Wal-mart,Supermercado / Tienda de Autoservicio,Walmart Sucursal Balbuena,Fray Servando Teresa de Mier 881. Entre Fernando Iglesia Calderon y Genaro Garcia. Col. Jardin Balbuena. Cp. 15900,Ciudad de México,Venustiano Carranza,19.418067,-99.105639
Frijol,Bolsa 907 Gr. Negro. Querétaro,La Merced,Legumbres Secas,Pacic,30,2026/04/07,Wal-mart,Supermercado / Tienda de Autoservicio,Walmart Sucursal Unidad Plaza de Toros,Autopista Queretaro Celaya 5501. Int. del Centro Comercial Plaza Esfera. Col. el Jacal. Cp. 76187,Querétaro,Santiago de Querétaro,20.574076,-100.408704
Frijol,Bolsa 907 Gr. Negro. Querétaro,La Merced,Legumbres Secas,Pacic,30,2026/04/10,Bodega Aurrera,Supermercado / Tienda de Autoservicio,Bodega Aurrera Sucursal Centro Constituyentes,Constituyentes Oriente 334. Entre Pasteur y Manuel Ponce. Col. Mercurio. Cp. 76040,Querétaro,Santiago de Querétaro,20.586349,-100.382801
Frijol,Bolsa 907 Gr. Negro. Querétaro,La Merced,Legumbres Secas,Pacic,30,2026/04/14,Wal-mart,Supermercado / Tienda de Autoservicio,Walmart Sucursal Unidad Plaza de Toros,Autopista Queretaro Celaya 5501. Int. del Centro Comercial Plaza Esfera. Col. el Jacal. Cp. 76187,Querétaro,Santiago de Querétaro,20.574076,-100.408704
Frijol,Bolsa 907 Gr. Negro. Querétaro,La Merced,Legumbres Secas,Pacic,37,2026/04/06,Bodega Aurrera,Supermercado / Tienda de Autoservicio,Bodega Aurrera Sucursal la Viga,Calz. de la Viga 136 Esq. del Taller. Col. Lorenzo Boturini. Cp. 15820,Ciudad de México,Venustiano Carranza,19.414749,-99.127874
Frijol,Bolsa 907 Gr. Negro. Querétaro,Schettino,Legumbres Secas,Pacic,25,2026/04/01,Bodega Aurrera,Supermercado / Tienda de Autoservicio,Bodega Aurrera Sucursal Centro Constituyentes,Constituyentes Oriente 334. Entre Pasteur y Manuel Ponce. Col. Mercurio. Cp. 76040,Querétaro,Santiago de Querétaro,20.586349,-100.382801
Frijol,Bolsa 907 Gr. Negro. Querétaro,Schettino,Legumbres Secas,Pacic,25,2026/04/01,Wal-mart,Supermercado / Tienda de Autoservicio,Walmart Sucursal Unidad Plaza de Toros,Autopista Queretaro Celaya 5501. Int. del Centro Comercial Plaza Esfera. Col. el Jacal. Cp. 76187,Querétaro,Santiago de Querétaro,20.574076,-100.408704
Frijol,Bolsa 907 Gr. Negro. Querétaro,Schettino,Legumbres Secas,Pacic,25,2026/04/06,Wal-mart,Supermercado / Tienda de Autoservicio,Walmart Sucursal Aeropuerto,Calz. Ignacio Zaragoza 58. Esq. Blvd. Puerto Aereo. Col. Federal. Cp. 15700,Ciudad de México,Venustiano Carranza,19.41926,-99.094521
Frijol,Bolsa 907 Gr. Negro. Querétaro,Schettino,Legumbres Secas,Pacic,25,2026/04/06,Wal-mart,Supermercado / Tienda de Autoservicio,Walmart Sucursal Balbuena,Fray Servando Teresa de Mier 881. Entre Fernando Iglesia Calderon y Genaro Garcia. Col. Jardin Balbuena. Cp. 15900,Ciudad de México,Venustiano Carranza,19.418067,-99.105639
Frijol,Bolsa 907 Gr. Negro. Querétaro,Schettino,Legumbres Secas,Pacic,25,2026/04/07,Wal-mart,Supermercado / Tienda de Autoservicio,Walmart Sucursal Unidad Plaza de Toros,Autopista Queretaro Celaya 5501. Int. del Centro Comercial Plaza Esfera. Col. el Jacal. Cp. 76187,Querétaro,Santiago de Querétaro,20.574076,-100.408704
Frijol,Bolsa 907 Gr. Negro. Querétaro,Schettino,Legumbres Secas,Pacic,25,2026/04/10,Bodega Aurrera,Supermercado / Tienda de Autoservicio,Bodega Aurrera Sucursal Centro Constituyentes,Constituyentes Oriente 334. Entre Pasteur y Manuel Ponce. Col. Mercurio. Cp. 76040,Querétaro,Santiago de Querétaro,20.586349,-100.382801
Frijol,Bolsa 907 Gr. Negro. Querétaro,Schettino,Legumbres Secas,Pacic,25,2026/04/14,Wal-mart,Supermercado / Tienda de Autoservicio,Walmart Sucursal Unidad Plaza de Toros,Autopista Queretaro Celaya 5501. Int. del Centro Comercial Plaza Esfera. Col. el Jacal. Cp. 76187,Querétaro,Santiago de Querétaro,20.574076,-100.408704
Frijol,Bolsa 907 Gr. Negro. Querétaro,Schettino,Legumbres Secas,Pacic,28,2026/04/06,Bodega Aurrera,Supermercado / Tienda de Autoservicio,Bodega Aurrera Sucursal la Viga,Calz. de la Viga 136 Esq. del Taller. Col. Lorenzo Boturini. Cp. 15820,Ciudad de México,Venustiano Carranza,19.414749,-99.127874
Frijol,Bolsa 907 Gr. Pinto,La Merced,Legumbres Secas,Basicos,30,2026/04/06,Wal-mart,Supermercado / Tienda de Autoservicio,Walmart Sucursal Balbuena,Fray Servando Teresa de Mier 881. Entre Fernando Iglesia Calderon y Genaro Garcia. Col. Jardin Balbuena. Cp. 15900,Ciudad de México,Venustiano Carranza,19.418067,-99.105639
Frijol,Bolsa 907 Gr. Pinto,La Merced,Legumbres Secas,Basicos,30,2026/04/07,Wal-mart,Supermercado / Tienda de Autoservicio,Walmart Sucursal Unidad Plaza de Toros,Autopista Queretaro Celaya 5501. Int. del Centro Comercial Plaza Esfera. Col. el Jacal. Cp. 76187,Querétaro,Santiago de Querétaro,20.574076,-100.408704
Frijol,Bolsa 907 Gr. Pinto,La Merced,Legumbres Secas,Basicos,47,2026/04/01,Bodega Aurrera,Supermercado / Tienda de Autoservicio,Bodega Aurrera Sucursal Centro Constituyentes,Constituyentes Oriente 334. Entre Pasteur y Manuel Ponce. Col. Mercurio. Cp. 76040,Querétaro,Santiago de Querétaro,20.586349,-100.382801
Frijol,Bolsa 907 Gr. Pinto,La Merced,Legumbres Secas,Basicos,47,2026/04/10,Bodega Aurrera,Supermercado / Tienda de Autoservicio,Bodega Aurrera Sucursal Centro Constituyentes,Constituyentes Oriente 334. Entre Pasteur y Manuel Ponce. Col. Mercurio. Cp. 76040,Querétaro,Santiago de Querétaro,20.586349,-100.382801
Frijol,Bolsa 907 Gr. Pinto,Schettino,Legumbres Secas,Basicos,28,2026/04/01,Bodega Aurrera,Supermercado / Tienda de Autoservicio,Bodega Aurrera Sucursal Centro Constituyentes,Constituyentes Oriente 334. Entre Pasteur y Manuel Ponce. Col. Mercurio. Cp. 76040,Querétaro,Santiago de Querétaro,20.586349,-100.382801
Frijol,Bolsa 907 Gr. Pinto,Schettino,Legumbres Secas,Basicos,28,2026/04/06,Wal-mart,Supermercado / Tienda de Autoservicio,Walmart Sucursal Aeropuerto,Calz. Ignacio Zaragoza 58. Esq. Blvd. Puerto Aereo. Col. Federal. Cp. 15700,Ciudad de México,Venustiano Carranza,19.41926,-99.094521
Frijol,Bolsa 907 Gr. Pinto,Schettino,Legumbres Secas,Basicos,28,2026/04/06,Wal-mart,Supermercado / Tienda de Autoservicio,Walmart Sucursal Balbuena,Fray Servando Teresa de Mier 881. Entre Fernando Iglesia Calderon y Genaro Garcia. Col. Jardin Balbuena. Cp. 15900,Ciudad de México,Venustiano Carranza,19.418067,-99.105639
Frijol,Bolsa 907 Gr. Pinto,Schettino,Legumbres Secas,Basicos,28,2026/04/07,Wal-mart,Supermercado / Tienda de Autoservicio,Walmart Sucursal Unidad Plaza de Toros,Autopista Queretaro Celaya 5501. Int. del Centro Comercial Plaza Esfera. Col. el Jacal. Cp. 76187,Querétaro,Santiago de Querétaro,20.574076,-100.408704
Frijol,Bolsa 907 Gr. Pinto,Schettino,Legumbres Secas,Basicos,28,2026/04/10,Bodega Aurrera,Supermercado / Tienda de Autoservicio,Bodega Aurrera Sucursal Centro Constituyentes,Constituyentes Oriente 334. Entre Pasteur y Manuel Ponce. Col. Mercurio. Cp. 76040,Querétaro,Santiago de Querétaro,20.586349,-100.382801
Frijol,Bolsa 907 Gr. Pinto,Schettino,Legumbres Secas,Basicos,28,2026/04/14,Wal-mart,Supermercado / Tienda de Autoservicio,Walmart Sucursal Unidad Plaza de Toros,Autopista Queretaro Celaya 5501. Int. del Centro Comercial Plaza Esfera. Col. el Jacal. Cp. 76187,Querétaro,Santiago de Querétaro,20.574076,-100.408704
Frijol,Bolsa 908 Gr. Negro,Precíssimo,Legumbres Secas,Basicos,23.5,2026/04/13,Hipermercado Soriana,Supermercado / Tienda de Autoservicio,Soriana Hiper Sucursal Cimatario,Ctra. a Huimilpan 1001. Int. del Centro Comercial Plaza del Sol. Col. Plazas del Sol. Iii Seccion. Cp. 76099,Querétaro,Santiago de Querétaro,20.563227,-100.375284
Frijol,Bolsa 908 Gr. Negro,Precíssimo,Legumbres Secas,Basicos,24.5,2026/04/06,Hipermercado Soriana,Supermercado / Tienda de Autoservicio,Soriana Hiper Sucursal Cimatario,Ctra. a Huimilpan 1001. Int. del Centro Comercial Plaza del Sol. Col. Plazas del Sol. Iii Seccion. Cp. 76099,Querétaro,Santiago de Querétaro,20.563227,-100.375284
Frijol,Bolsa 908 Gr. Negro,Precíssimo,Legumbres Secas,Basicos,24.5,2026/04/06,Hipermercado Soriana,Supermercado / Tienda de Autoservicio,Soriana Hiper Sucursal Consulado (418),Rio Consulado 2355. Esq. Carlos Marx. Col. Simon Bolivar. Cp. 15410,Ciudad de México,Venustiano Carranza,19.449572,-99.100376
Frijol,Bolsa 908 Gr. Negro,Precíssimo,Legumbres Secas,Pacic,23.5,2026/04/13,Hipermercado Soriana,Supermercado / Tienda de Autoservicio,Soriana Hiper Sucursal Cimatario,Ctra. a Huimilpan 1001. Int. del Centro Comercial Plaza del Sol. Col. Plazas del Sol. Iii Seccion. Cp. 76099,Querétaro,Santiago de Querétaro,20.563227,-100.375284
Frijol,Bolsa 908 Gr. Negro,Precíssimo,Legumbres Secas,Pacic,24.5,2026/04/06,Hipermercado Soriana,Supermercado / Tienda de Autoservicio,Soriana Hiper Sucursal Cimatario,Ctra. a Huimilpan 1001. Int. del Centro Comercial Plaza del Sol. Col. Plazas del Sol. Iii Seccion. Cp. 76099,Querétaro,Santiago de Querétaro,20.563227,-100.375284
Frijol,Bolsa 908 Gr. Negro,Precíssimo,Legumbres Secas,Pacic,24.5,2026/04/06,Hipermercado Soriana,Supermercado / Tienda de Autoservicio,Soriana Hiper Sucursal Consulado (418),Rio Consulado 2355. Esq. Carlos Marx. Col. Simon Bolivar. Cp. 15410,Ciudad de México,Venustiano Carranza,19.449572,-99.100376
Frijol,Bolsa 908 Gr. Pinto,Precíssimo,Legumbres Secas,Basicos,25.5,2026/04/13,Hipermercado Soriana,Supermercado / Tienda de Autoservicio,Soriana Hiper Sucursal Cimatario,Ctra. a Huimilpan 1001. Int. del Centro Comercial Plaza del Sol. Col. Plazas del Sol. Iii Seccion. Cp. 76099,Querétaro,Santiago de Querétaro,20.563227,-100.375284
Frijol,Bolsa 908 Gr. Pinto,Precíssimo,Legumbres Secas,Basicos,26.5,2026/04/06,Hipermercado Soriana,Supermercado / Tienda de Autoservicio,Soriana Hiper Sucursal Consulado (418),Rio Consulado 2355. Esq. Carlos Marx. Col. Simon Bolivar. Cp. 15410,Ciudad de México,Venustiano Carranza,19.449572,-99.100376
Frijoles,Bolsa 430 Gr. Refritos. Negros,Isadora,Frutas y Legumbres Procesadas,Basicos,17.5,2026/04/03,Superissste,Supermercado / Tienda de Autoservicio,Superissste Sucursal 022,Av. del Taller y Retorno No. 38 Dentro del Retorno 38. Col. Jardin Balbuena. Cp. 15900,Ciudad de México,Venustiano Carranza,19.412842,-99.105666
Fórmula Láctea,Lata 400 Gr. para Lactante,Nan 1. Optimal Pro,Leche Procesada,Basicos,219,2026/04/06,Wal-mart,Supermercado / Tienda de Autoservicio,Walmart Sucursal Balbuena,Fray Servando Teresa de Mier 881. Entre Fernando Iglesia Calderon y Genaro Garcia. Col. Jardin Balbuena. Cp. 15900,Ciudad de México,Venustiano Carranza,19.418067,-99.105639
Fórmula Láctea,Lata 400 Gr. para Lactante,Nan 1. Optimal Pro,Leche Procesada,Basicos,219,2026/04/15,Chedraui,Supermercado / Tienda de Autoservicio,Chedraui Sucursal Centro Sur,Blvd. Bernardo Quintana 502. Carr. con Direccion a Centro Civico. Col. Centro Sur. Cp. 76087,Querétaro,Santiago de Querétaro,20.569354,-100.358831
Galletas Dulces,Caja 252 Gr. Sandwich. Oreo. Chocolate con Relleno Cremoso Sabor Vainilla,Nabisco,Galletas Pastas y Harinas de Trigo,Basicos,39,2026/04/06,Wal-mart,Supermercado / Tienda de Autoservicio,Walmart Sucursal Balbuena,Fray Servando Teresa de Mier 881. Entre Fernando Iglesia Calderon y Genaro Garcia. Col. Jardin Balbuena. Cp. 15900,Ciudad de México,Venustiano Carranza,19.418067,-99.105639
Galletas Populares,Caja 850 Gr. Marias,Gamesa,Galletas Pastas y Harinas de Trigo,Basicos,98.5,2026/04/06,Hipermercado Soriana,Supermercado / Tienda de Autoservicio,Soriana Hiper Sucursal Consulado (418),Rio Consulado 2355. Esq. Carlos Marx. Col. Simon Bolivar. Cp. 15410,Ciudad de México,Venustiano Carranza,19.449572,-99.100376
Galletas Saladas,Caja 424 Gr. Habaneras. Clásica,Gamesa,Galletas Pastas y Harinas de Trigo,Basicos,64.5,2026/04/03,Superissste,Supermercado / Tienda de Autoservicio,Superissste Sucursal 011,Calle Peluqueros No. 310 Esquina Calle Tizayuca. Col. Michoacana. Cp. 15240,Ciudad de México,Venustiano Carranza,19.446139,-99.113372
Galletas Saladas,Paquete 186 Gr. Saladitas,Gamesa,Galletas Pastas y Harinas de Trigo,Basicos,21,2026/04/06,Bodega Aurrera,Supermercado / Tienda de Autoservicio,Bodega Aurrera Sucursal la Viga,Calz. de la Viga 136 Esq. del Taller. Col. Lorenzo Boturini. Cp. 15820,Ciudad de México,Venustiano Carranza,19.414749,-99.127874
Gel Antibacterial,Botella 125 Ml. Básico o Puro. 70% Alcohol Etílico,S/M,Arts. para el Cuidado Personal,Medicamentos,18,2026/04/14,Farmacias del Ahorro,Farmacias,Farmacias del Ahorro Sucursal Queretaro,Constituyentes Pte. 46. Entre Fernando de Tapia y Melchor Ocampo. Col. Centro. Cp. 76000,Querétaro,Santiago de Querétaro,20.584013,-100.394346
Gel Antibacterial,Botella 250 Ml.,Zuum,Arts. para el Cuidado Personal,Medicamentos,66.5,2026/04/06,Hipermercado Soriana,Supermercado / Tienda de Autoservicio,Soriana Hiper Sucursal Cimatario,Ctra. a Huimilpan 1001. Int. del Centro Comercial Plaza del Sol. Col. Plazas del Sol. Iii Seccion. Cp. 76099,Querétaro,Santiago de Querétaro,20.563227,-100.375284
Gel Antibacterial,Botella 250 Ml. Básico o Puro. 70% Alcohol Etílico,S/M,Arts. para el Cuidado Personal,Medicamentos,55,2026/04/01,Sanborn S Hnos.,Farmacias,Sanborns Sucursal los Arquitos,Constituyentes Oriente 172. Esq. de los Arquitos. Col. los Arquitos. Cp. 76050,Querétaro,Santiago de Querétaro,20.588117,-100.36869
Gel Antibacterial,Botella 980 Ml.,Vitascom,Arts. para el Cuidado Personal,Medicamentos,100,2026/04/06,Hipermercado Soriana,Supermercado / Tienda de Autoservicio,Soriana Hiper Sucursal Cimatario,Ctra. a Huimilpan 1001. Int. del Centro Comercial Plaza del Sol. Col. Plazas del Sol. Iii Seccion. Cp. 76099,Querétaro,Santiago de Querétaro,20.563227,-100.375284
Gelatina en Polvo,Bolsa 120 Gr. Limón,D´gari,Chocolates y Golosinas,Basicos,16.1,2026/04/06,Hipermercado Soriana,Supermercado / Tienda de Autoservicio,Soriana Hiper Sucursal Consulado (418),Rio Consulado 2355. Esq. Carlos Marx. Col. Simon Bolivar. Cp. 15410,Ciudad de México,Venustiano Carranza,19.449572,-99.100376
Glucómetro,Caja con 1 Pieza. Free Style. Optium Neo,Abbott,Arts. para el Cuidado Personal,Medicamentos,655,2026/04/15,Sanborn S Hnos.,Farmacias,Sanborns Sucursal los Arquitos,Constituyentes Oriente 172. Esq. de los Arquitos. Col. los Arquitos. Cp. 76050,Querétaro,Santiago de Querétaro,20.588117,-100.36869
Grasa Comestible,Paquete 1 Kg.,Inca,Aceites y Grasas Veg. Comestibles,Basicos,80,2026/04/06,Bodega Aurrera,Supermercado / Tienda de Autoservicio,Bodega Aurrera Sucursal la Viga,Calz. de la Viga 136 Esq. del Taller. Col. Lorenzo Boturini. Cp. 15820,Ciudad de México,Venustiano Carranza,19.414749,-99.127874
Guantes de Látex,Bolsa con 10 Piezas. Mediano,Dalux,Arts. para el Cuidado Personal,Medicamentos,56,2026/04/06,Chedraui,Supermercado / Tienda de Autoservicio,Chedraui Sucursal Anfora,Anfora 71. Esq. Eje 1 Norte. Col. Madero. Cp. 15320,Ciudad de México,Venustiano Carranza,19.437353,-99.110088
Guarnición de Verduras,Bolsa 500 Gr. Hortalizas Congeladas,La Huerta,Frutas y Legumbres Procesadas,Basicos,34,2026/04/03,Superissste,Supermercado / Tienda de Autoservicio,Superissste Sucursal 022,Av. del Taller y Retorno No. 38 Dentro del Retorno 38. Col. Jardin Balbuena. Cp. 15900,Ciudad de México,Venustiano Carranza,19.412842,-99.105666
Guayaba,1 Kg. Granel,S/M,Frutas Frescas,Frutas y Legumbres,22,2026/04/10,Mercado Publico,Mercados,Mercado Lomas de Casablanca,Avenida 10. Esq. Calle 23. Col. Lomas de Casa Blanca. Cp. 76080,Querétaro,Santiago de Querétaro,20.603024,-100.396263
Harina de Maíz,Caja 425 Gr. Fécula. Natural,Maizena,Tortillas y Derivados del Maiz,Basicos,57,2026/04/06,Bodega Aurrera,Supermercado / Tienda de Autoservicio,Bodega Aurrera Sucursal la Viga,Calz. de la Viga 136 Esq. del Taller. Col. Lorenzo Boturini. Cp. 15820,Ciudad de México,Venustiano Carranza,19.414749,-99.127874
Harina de Maíz,Caja 425 Gr. Fécula. Natural,Maizena,Tortillas y Derivados del Maiz,Basicos,61,2026/04/06,Wal-mart,Supermercado / Tienda de Autoservicio,Walmart Sucursal Balbuena,Fray Servando Teresa de Mier 881. Entre Fernando Iglesia Calderon y Genaro Garcia. Col. Jardin Balbuena. Cp. 15900,Ciudad de México,Venustiano Carranza,19.418067,-99.105639
Harina de Maíz,Caja 425 Gr. Fécula. Natural,Maizena,Tortillas y Derivados del Maiz,Basicos,62,2026/04/06,Wal-mart,Supermercado / Tienda de Autoservicio,Walmart Sucursal Aeropuerto,Calz. Ignacio Zaragoza 58. Esq. Blvd. Puerto Aereo. Col. Federal. Cp. 15700,Ciudad de México,Venustiano Carranza,19.41926,-99.094521
Harina de Maíz,Caja 425 Gr. Fécula. Natural,Maizena,Tortillas y Derivados del Maiz,Basicos,63,2026/04/06,Chedraui,Supermercado / Tienda de Autoservicio,Chedraui Sucursal Anfora,Anfora 71. Esq. Eje 1 Norte. Col. Madero. Cp. 15320,Ciudad de México,Venustiano Carranza,19.437353,-99.110088
Harina de Maíz,Paquete 1 Kg.,Alimentación para el Bienestar,Tortillas y Derivados del Maiz,Basicos,20,2026/04/03,Superissste,Supermercado / Tienda de Autoservicio,Superissste Sucursal 011,Calle Peluqueros No. 310 Esquina Calle Tizayuca. Col. Michoacana. Cp. 15240,Ciudad de México,Venustiano Carranza,19.446139,-99.113372
Harina de Maíz,Paquete 1 Kg.,Alimentación para el Bienestar,Tortillas y Derivados del Maiz,Basicos,20,2026/04/03,Superissste,Supermercado / Tienda de Autoservicio,Superissste Sucursal 022,Av. del Taller y Retorno No. 38 Dentro del Retorno 38. Col. Jardin Balbuena. Cp. 15900,Ciudad de México,Venustiano Carranza,19.412842,-99.105666
Harina de Maíz,Paquete 1 Kg.,Alimentación para el Bienestar,Tortillas y Derivados del Maiz,Basicos,20,2026/04/10,Superissste,Supermercado / Tienda de Autoservicio,Superissste Sucursal 011,Calle Peluqueros No. 310 Esquina Calle Tizayuca. Col. Michoacana. Cp. 15240,Ciudad de México,Venustiano Carranza,19.446139,-99.113372
Harina de Maíz,Paquete 1 Kg.,Alimentación para el Bienestar,Tortillas y Derivados del Maiz,Basicos,20,2026/04/10,Superissste,Supermercado / Tienda de Autoservicio,Superissste Sucursal 022,Av. del Taller y Retorno No. 38 Dentro del Retorno 38. Col. Jardin Balbuena. Cp. 15900,Ciudad de México,Venustiano Carranza,19.412842,-99.105666
Harina de Maíz,Paquete 1 Kg.,Maseca,Tortillas y Derivados del Maiz,Basicos,18.5,2026/04/14,Oxxo,Tienda de Conveniencia,Oxxo Sucursal Corregidora 50 Cr,Circuito Moises Solana No. 128. Esq. Gertrudis Bocanegra. Col. Burocratas. Cp. 76070,Querétaro,Santiago de Querétaro,20.57462,-100.384232
Harina de Maíz,Paquete 1 Kg.,Maseca,Tortillas y Derivados del Maiz,Basicos,20.5,2026/04/06,Hipermercado Soriana,Supermercado / Tienda de Autoservicio,Soriana Hiper Sucursal Consulado (418),Rio Consulado 2355. Esq. Carlos Marx. Col. Simon Bolivar. Cp. 15410,Ciudad de México,Venustiano Carranza,19.449572,-99.100376
Harina de Maíz,Paquete 1 Kg.,Maseca,Tortillas y Derivados del Maiz,Basicos,22,2026/04/06,Chedraui,Supermercado / Tienda de Autoservicio,Chedraui Sucursal Anfora,Anfora 71. Esq. Eje 1 Norte. Col. Madero. Cp. 15320,Ciudad de México,Venustiano Carranza,19.437353,-99.110088
Harina de Maíz,Paquete 1 Kg.,Maseca,Tortillas y Derivados del Maiz,Basicos,24,2026/04/06,Bodega Aurrera,Supermercado / Tienda de Autoservicio,Bodega Aurrera Sucursal la Viga,Calz. de la Viga 136 Esq. del Taller. Col. Lorenzo Boturini. Cp. 15820,Ciudad de México,Venustiano Carranza,19.414749,-99.127874
Harina de Maíz,Paquete 1 Kg.,Maseca,Tortillas y Derivados del Maiz,Basicos,24,2026/04/06,Wal-mart,Supermercado / Tienda de Autoservicio,Walmart Sucursal Aeropuerto,Calz. Ignacio Zaragoza 58. Esq. Blvd. Puerto Aereo. Col. Federal. Cp. 15700,Ciudad de México,Venustiano Carranza,19.41926,-99.094521
Harina de Maíz,Paquete 1 Kg.,Maseca,Tortillas y Derivados del Maiz,Basicos,24,2026/04/06,Wal-mart,Supermercado / Tienda de Autoservicio,Walmart Sucursal Balbuena,Fray Servando Teresa de Mier 881. Entre Fernando Iglesia Calderon y Genaro Garcia. Col. Jardin Balbuena. Cp. 15900,Ciudad de México,Venustiano Carranza,19.418067,-99.105639
Harina de Maíz,Paquete 1 Kg. Maíz Blanco. Nixtamalizado,Minsa,Tortillas y Derivados del Maiz,Basicos,17,2026/04/06,Hipermercado Soriana,Supermercado / Tienda de Autoservicio,Soriana Hiper Sucursal Consulado (418),Rio Consulado 2355. Esq. Carlos Marx. Col. Simon Bolivar. Cp. 15410,Ciudad de México,Venustiano Carranza,19.449572,-99.100376
Harina de Trigo,Paquete 1 Kg.,San Antonio. Tres Estrellas,Galletas Pastas y Harinas de Trigo,Basicos,20,2026/04/06,Bodega Aurrera,Supermercado / Tienda de Autoservicio,Bodega Aurrera Sucursal la Viga,Calz. de la Viga 136 Esq. del Taller. Col. Lorenzo Boturini. Cp. 15820,Ciudad de México,Venustiano Carranza,19.414749,-99.127874
Horno de Microondas,Hmm111bs. 1.1 Pies Cúbicos. Color Gris/espejo,Mabe,Aparatos Electricos,Electrodomesticos,2899,2026/04/15,Salinas y Rocha,Tienda de Electrodomésticos,Salinas y Rocha,Constituyentes Ote. 1204. Entre Popocatepetl y Nevado de Colima. Col. Palmas. Cp. 76040,Querétaro,Santiago de Querétaro,20.586768,-100.375909
Huevo,Paquete C/12 Blanco,Aurrera,Huevo,Basicos,27,2026/04/01,Bodega Aurrera,Supermercado / Tienda de Autoservicio,Bodega Aurrera Sucursal Centro Constituyentes,Constituyentes Oriente 334. Entre Pasteur y Manuel Ponce. Col. Mercurio. Cp. 76040,Querétaro,Santiago de Querétaro,20.586349,-100.382801
Huevo,Paquete C/12 Blanco,Aurrera,Huevo,Basicos,30,2026/04/06,Bodega Aurrera,Supermercado / Tienda de Autoservicio,Bodega Aurrera Sucursal la Viga,Calz. de la Viga 136 Esq. del Taller. Col. Lorenzo Boturini. Cp. 15820,Ciudad de México,Venustiano Carranza,19.414749,-99.127874
Huevo,Paquete C/12 Blanco,Aurrera,Huevo,Basicos,30,2026/04/06,Wal-mart,Supermercado / Tienda de Autoservicio,Walmart Sucursal Aeropuerto,Calz. Ignacio Zaragoza 58. Esq. Blvd. Puerto Aereo. Col. Federal. Cp. 15700,Ciudad de México,Venustiano Carranza,19.41926,-99.094521
Huevo,Paquete C/12 Blanco,Aurrera,Huevo,Basicos,30,2026/04/06,Wal-mart,Supermercado / Tienda de Autoservicio,Walmart Sucursal Balbuena,Fray Servando Teresa de Mier 881. Entre Fernando Iglesia Calderon y Genaro Garcia. Col. Jardin Balbuena. Cp. 15900,Ciudad de México,Venustiano Carranza,19.418067,-99.105639
Huevo,Paquete C/12 Blanco,Aurrera,Huevo,Basicos,30,2026/04/07,Wal-mart,Supermercado / Tienda de Autoservicio,Walmart Sucursal Unidad Plaza de Toros,Autopista Queretaro Celaya 5501. Int. del Centro Comercial Plaza Esfera. Col. el Jacal. Cp. 76187,Querétaro,Santiago de Querétaro,20.574076,-100.408704
Huevo,Paquete C/12 Blanco,Aurrera,Huevo,Basicos,30,2026/04/10,Bodega Aurrera,Supermercado / Tienda de Autoservicio,Bodega Aurrera Sucursal Centro Constituyentes,Constituyentes Oriente 334. Entre Pasteur y Manuel Ponce. Col. Mercurio. Cp. 76040,Querétaro,Santiago de Querétaro,20.586349,-100.382801
Huevo,Paquete C/12 Blanco,Aurrera,Huevo,Basicos,30,2026/04/14,Wal-mart,Supermercado / Tienda de Autoservicio,Walmart Sucursal Unidad Plaza de Toros,Autopista Queretaro Celaya 5501. Int. del Centro Comercial Plaza Esfera. Col. el Jacal. Cp. 76187,Querétaro,Santiago de Querétaro,20.574076,-100.408704
Huevo,Paquete C/12 Blanco,Bachoco,Huevo,Basicos,39,2026/04/06,Hipermercado Soriana,Supermercado / Tienda de Autoservicio,Soriana Hiper Sucursal Cimatario,Ctra. a Huimilpan 1001. Int. del Centro Comercial Plaza del Sol. Col. Plazas del Sol. Iii Seccion. Cp. 76099,Querétaro,Santiago de Querétaro,20.563227,-100.375284
Huevo,Paquete C/12 Blanco,Bachoco,Huevo,Basicos,39,2026/04/13,Hipermercado Soriana,Supermercado / Tienda de Autoservicio,Soriana Hiper Sucursal Cimatario,Ctra. a Huimilpan 1001. Int. del Centro Comercial Plaza del Sol. Col. Plazas del Sol. Iii Seccion. Cp. 76099,Querétaro,Santiago de Querétaro,20.563227,-100.375284
Huevo,Paquete C/12 Blanco,Bachoco,Huevo,Basicos,43,2026/04/01,Bodega Aurrera,Supermercado / Tienda de Autoservicio,Bodega Aurrera Sucursal Centro Constituyentes,Constituyentes Oriente 334. Entre Pasteur y Manuel Ponce. Col. Mercurio. Cp. 76040,Querétaro,Santiago de Querétaro,20.586349,-100.382801
Huevo,Paquete C/12 Blanco,Bachoco,Huevo,Basicos,43,2026/04/10,Bodega Aurrera,Supermercado / Tienda de Autoservicio,Bodega Aurrera Sucursal Centro Constituyentes,Constituyentes Oriente 334. Entre Pasteur y Manuel Ponce. Col. Mercurio. Cp. 76040,Querétaro,Santiago de Querétaro,20.586349,-100.382801
Huevo,Paquete C/12 Blanco,Bachoco,Huevo,Basicos,43.5,2026/04/03,Superissste,Supermercado / Tienda de Autoservicio,Superissste Sucursal 011,Calle Peluqueros No. 310 Esquina Calle Tizayuca. Col. Michoacana. Cp. 15240,Ciudad de México,Venustiano Carranza,19.446139,-99.113372
Huevo,Paquete C/12 Blanco,Bachoco,Huevo,Basicos,43.5,2026/04/03,Superissste,Supermercado / Tienda de Autoservicio,Superissste Sucursal 022,Av. del Taller y Retorno No. 38 Dentro del Retorno 38. Col. Jardin Balbuena. Cp. 15900,Ciudad de México,Venustiano Carranza,19.412842,-99.105666
Huevo,Paquete C/12 Blanco,Bachoco,Huevo,Basicos,43.5,2026/04/10,Superissste,Supermercado / Tienda de Autoservicio,Superissste Sucursal 011,Calle Peluqueros No. 310 Esquina Calle Tizayuca. Col. Michoacana. Cp. 15240,Ciudad de México,Venustiano Carranza,19.446139,-99.113372
Huevo,Paquete C/12 Blanco,Bachoco,Huevo,Basicos,43.5,2026/04/10,Superissste,Supermercado / Tienda de Autoservicio,Superissste Sucursal 022,Av. del Taller y Retorno No. 38 Dentro del Retorno 38. Col. Jardin Balbuena. Cp. 15900,Ciudad de México,Venustiano Carranza,19.412842,-99.105666
Huevo,Paquete C/12 Blanco,Bachoco,Huevo,Basicos,44,2026/04/06,Wal-mart,Supermercado / Tienda de Autoservicio,Walmart Sucursal Aeropuerto,Calz. Ignacio Zaragoza 58. Esq. Blvd. Puerto Aereo. Col. Federal. Cp. 15700,Ciudad de México,Venustiano Carranza,19.41926,-99.094521
Huevo,Paquete C/12 Blanco,Bachoco,Huevo,Basicos,44,2026/04/07,Wal-mart,Supermercado / Tienda de Autoservicio,Walmart Sucursal Unidad Plaza de Toros,Autopista Queretaro Celaya 5501. Int. del Centro Comercial Plaza Esfera. Col. el Jacal. Cp. 76187,Querétaro,Santiago de Querétaro,20.574076,-100.408704
Huevo,Paquete C/12 Blanco,Bachoco,Huevo,Basicos,44,2026/04/08,Chedraui,Supermercado / Tienda de Autoservicio,Chedraui Sucursal Centro Sur,Blvd. Bernardo Quintana 502. Carr. con Direccion a Centro Civico. Col. Centro Sur. Cp. 76087,Querétaro,Santiago de Querétaro,20.569354,-100.358831
Huevo,Paquete C/12 Blanco,Bachoco,Huevo,Basicos,44,2026/04/09,La Comer,Supermercado / Tienda de Autoservicio,Lacomer Sucursal Queretaro Estadio,Luis M. Vega y Monroy 1300. Esq.cimatario . Col. Cimatario. Cp. 76090,Querétaro,Santiago de Querétaro,20.577804,-100.373626
Huevo,Paquete C/12 Blanco,Bachoco,Huevo,Basicos,44,2026/04/14,Wal-mart,Supermercado / Tienda de Autoservicio,Walmart Sucursal Unidad Plaza de Toros,Autopista Queretaro Celaya 5501. Int. del Centro Comercial Plaza Esfera. Col. el Jacal. Cp. 76187,Querétaro,Santiago de Querétaro,20.574076,-100.408704
Huevo,Paquete C/12 Blanco,Bachoco,Huevo,Basicos,44,2026/04/15,Chedraui,Supermercado / Tienda de Autoservicio,Chedraui Sucursal Centro Sur,Blvd. Bernardo Quintana 502. Carr. con Direccion a Centro Civico. Col. Centro Sur. Cp. 76087,Querétaro,Santiago de Querétaro,20.569354,-100.358831
Huevo,Paquete C/12 Blanco,Bachoco,Huevo,Basicos,45,2026/04/06,Bodega Aurrera,Supermercado / Tienda de Autoservicio,Bodega Aurrera Sucursal la Viga,Calz. de la Viga 136 Esq. del Taller. Col. Lorenzo Boturini. Cp. 15820,Ciudad de México,Venustiano Carranza,19.414749,-99.127874
Huevo,Paquete C/12 Blanco,Bachoco,Huevo,Basicos,47,2026/04/06,Chedraui,Supermercado / Tienda de Autoservicio,Chedraui Sucursal Anfora,Anfora 71. Esq. Eje 1 Norte. Col. Madero. Cp. 15320,Ciudad de México,Venustiano Carranza,19.437353,-99.110088
Huevo,Paquete C/12 Blanco,El Calvario,Huevo,Basicos,28,2026/04/01,Bodega Aurrera,Supermercado / Tienda de Autoservicio,Bodega Aurrera Sucursal Centro Constituyentes,Constituyentes Oriente 334. Entre Pasteur y Manuel Ponce. Col. Mercurio. Cp. 76040,Querétaro,Santiago de Querétaro,20.586349,-100.382801
Huevo,Paquete C/12 Blanco,El Calvario,Huevo,Basicos,28,2026/04/06,Bodega Aurrera,Supermercado / Tienda de Autoservicio,Bodega Aurrera Sucursal la Viga,Calz. de la Viga 136 Esq. del Taller. Col. Lorenzo Boturini. Cp. 15820,Ciudad de México,Venustiano Carranza,19.414749,-99.127874
Huevo,Paquete C/12 Blanco,El Calvario,Huevo,Basicos,28,2026/04/10,Bodega Aurrera,Supermercado / Tienda de Autoservicio,Bodega Aurrera Sucursal Centro Constituyentes,Constituyentes Oriente 334. Entre Pasteur y Manuel Ponce. Col. Mercurio. Cp. 76040,Querétaro,Santiago de Querétaro,20.586349,-100.382801
Huevo,Paquete C/12 Blanco,El Calvario,Huevo,Basicos,29,2026/04/06,Wal-mart,Supermercado / Tienda de Autoservicio,Walmart Sucursal Balbuena,Fray Servando Teresa de Mier 881. Entre Fernando Iglesia Calderon y Genaro Garcia. Col. Jardin Balbuena. Cp. 15900,Ciudad de México,Venustiano Carranza,19.418067,-99.105639
Huevo,Paquete C/12 Blanco,El Calvario,Huevo,Basicos,30,2026/04/14,Wal-mart,Supermercado / Tienda de Autoservicio,Walmart Sucursal Unidad Plaza de Toros,Autopista Queretaro Celaya 5501. Int. del Centro Comercial Plaza Esfera. Col. el Jacal. Cp. 76187,Querétaro,Santiago de Querétaro,20.574076,-100.408704
Huevo,Paquete C/12 Blanco,El Calvario,Huevo,Basicos,32.9,2026/04/06,Hipermercado Soriana,Supermercado / Tienda de Autoservicio,Soriana Hiper Sucursal Consulado (418),Rio Consulado 2355. Esq. Carlos Marx. Col. Simon Bolivar. Cp. 15410,Ciudad de México,Venustiano Carranza,19.449572,-99.100376
Huevo,Paquete C/12 Blanco,El Calvario,Huevo,Basicos,33.5,2026/04/03,Superissste,Supermercado / Tienda de Autoservicio,Superissste Sucursal 011,Calle Peluqueros No. 310 Esquina Calle Tizayuca. Col. Michoacana. Cp. 15240,Ciudad de México,Venustiano Carranza,19.446139,-99.113372
Huevo,Paquete C/12 Blanco,El Calvario,Huevo,Basicos,33.5,2026/04/03,Superissste,Supermercado / Tienda de Autoservicio,Superissste Sucursal 022,Av. del Taller y Retorno No. 38 Dentro del Retorno 38. Col. Jardin Balbuena. Cp. 15900,Ciudad de México,Venustiano Carranza,19.412842,-99.105666
Huevo,Paquete C/12 Blanco,El Calvario,Huevo,Basicos,33.5,2026/04/10,Superissste,Supermercado / Tienda de Autoservicio,Superissste Sucursal 011,Calle Peluqueros No. 310 Esquina Calle Tizayuca. Col. Michoacana. Cp. 15240,Ciudad de México,Venustiano Carranza,19.446139,-99.113372
Huevo,Paquete C/12 Blanco,El Calvario,Huevo,Basicos,33.5,2026/04/10,Superissste,Supermercado / Tienda de Autoservicio,Superissste Sucursal 022,Av. del Taller y Retorno No. 38 Dentro del Retorno 38. Col. Jardin Balbuena. Cp. 15900,Ciudad de México,Venustiano Carranza,19.412842,-99.105666
Huevo,Paquete C/12 Blanco,El Calvario,Huevo,Basicos,34,2026/04/06,Wal-mart,Supermercado / Tienda de Autoservicio,Walmart Sucursal Aeropuerto,Calz. Ignacio Zaragoza 58. Esq. Blvd. Puerto Aereo. Col. Federal. Cp. 15700,Ciudad de México,Venustiano Carranza,19.41926,-99.094521
Huevo,Paquete C/12 Blanco,El Calvario,Huevo,Basicos,34.9,2026/04/06,Hipermercado Soriana,Supermercado / Tienda de Autoservicio,Soriana Hiper Sucursal Cimatario,Ctra. a Huimilpan 1001. Int. del Centro Comercial Plaza del Sol. Col. Plazas del Sol. Iii Seccion. Cp. 76099,Querétaro,Santiago de Querétaro,20.563227,-100.375284
Huevo,Paquete C/12 Blanco,El Calvario,Huevo,Basicos,34.9,2026/04/13,Hipermercado Soriana,Supermercado / Tienda de Autoservicio,Soriana Hiper Sucursal Cimatario,Ctra. a Huimilpan 1001. Int. del Centro Comercial Plaza del Sol. Col. Plazas del Sol. Iii Seccion. Cp. 76099,Querétaro,Santiago de Querétaro,20.563227,-100.375284
Huevo,Paquete C/12 Blanco,Guadalupe,Huevo,Basicos,41,2026/04/07,Wal-mart,Supermercado / Tienda de Autoservicio,Walmart Sucursal Unidad Plaza de Toros,Autopista Queretaro Celaya 5501. Int. del Centro Comercial Plaza Esfera. Col. el Jacal. Cp. 76187,Querétaro,Santiago de Querétaro,20.574076,-100.408704
Huevo,Paquete C/12 Blanco,Precíssimo,Huevo,Basicos,33.9,2026/04/06,Hipermercado Soriana,Supermercado / Tienda de Autoservicio,Soriana Hiper Sucursal Cimatario,Ctra. a Huimilpan 1001. Int. del Centro Comercial Plaza del Sol. Col. Plazas del Sol. Iii Seccion. Cp. 76099,Querétaro,Santiago de Querétaro,20.563227,-100.375284
Huevo,Paquete C/12 Blanco,Precíssimo,Huevo,Basicos,33.9,2026/04/06,Hipermercado Soriana,Supermercado / Tienda de Autoservicio,Soriana Hiper Sucursal Consulado (418),Rio Consulado 2355. Esq. Carlos Marx. Col. Simon Bolivar. Cp. 15410,Ciudad de México,Venustiano Carranza,19.449572,-99.100376
Huevo,Paquete C/12 Blanco,Precíssimo,Huevo,Basicos,33.9,2026/04/13,Hipermercado Soriana,Supermercado / Tienda de Autoservicio,Soriana Hiper Sucursal Cimatario,Ctra. a Huimilpan 1001. Int. del Centro Comercial Plaza del Sol. Col. Plazas del Sol. Iii Seccion. Cp. 76099,Querétaro,Santiago de Querétaro,20.563227,-100.375284
Huevo,Paquete C/12 Blanco,San Juan,Huevo,Basicos,31,2026/04/06,Bodega Aurrera,Supermercado / Tienda de Autoservicio,Bodega Aurrera Sucursal la Viga,Calz. de la Viga 136 Esq. del Taller. Col. Lorenzo Boturini. Cp. 15820,Ciudad de México,Venustiano Carranza,19.414749,-99.127874
Huevo,Paquete C/12 Blanco,San Juan,Huevo,Basicos,31,2026/04/06,Wal-mart,Supermercado / Tienda de Autoservicio,Walmart Sucursal Aeropuerto,Calz. Ignacio Zaragoza 58. Esq. Blvd. Puerto Aereo. Col. Federal. Cp. 15700,Ciudad de México,Venustiano Carranza,19.41926,-99.094521
Huevo,Paquete C/12 Blanco,San Juan,Huevo,Basicos,31,2026/04/07,Wal-mart,Supermercado / Tienda de Autoservicio,Walmart Sucursal Unidad Plaza de Toros,Autopista Queretaro Celaya 5501. Int. del Centro Comercial Plaza Esfera. Col. el Jacal. Cp. 76187,Querétaro,Santiago de Querétaro,20.574076,-100.408704
Huevo,Paquete C/12 Blanco,San Juan,Huevo,Basicos,31,2026/04/08,Chedraui,Supermercado / Tienda de Autoservicio,Chedraui Sucursal Centro Sur,Blvd. Bernardo Quintana 502. Carr. con Direccion a Centro Civico. Col. Centro Sur. Cp. 76087,Querétaro,Santiago de Querétaro,20.569354,-100.358831
Huevo,Paquete C/12 Blanco,San Juan,Huevo,Basicos,31,2026/04/09,La Comer,Supermercado / Tienda de Autoservicio,Lacomer Sucursal Queretaro Estadio,Luis M. Vega y Monroy 1300. Esq.cimatario . Col. Cimatario. Cp. 76090,Querétaro,Santiago de Querétaro,20.577804,-100.373626
Huevo,Paquete C/12 Blanco,San Juan,Huevo,Basicos,31,2026/04/14,Wal-mart,Supermercado / Tienda de Autoservicio,Walmart Sucursal Unidad Plaza de Toros,Autopista Queretaro Celaya 5501. Int. del Centro Comercial Plaza Esfera. Col. el Jacal. Cp. 76187,Querétaro,Santiago de Querétaro,20.574076,-100.408704
Huevo,Paquete C/12 Blanco,San Juan,Huevo,Basicos,32.5,2026/04/10,Superissste,Supermercado / Tienda de Autoservicio,Superissste Sucursal 011,Calle Peluqueros No. 310 Esquina Calle Tizayuca. Col. Michoacana. Cp. 15240,Ciudad de México,Venustiano Carranza,19.446139,-99.113372
Huevo,Paquete C/12 Blanco,San Juan,Huevo,Basicos,32.5,2026/04/10,Superissste,Supermercado / Tienda de Autoservicio,Superissste Sucursal 022,Av. del Taller y Retorno No. 38 Dentro del Retorno 38. Col. Jardin Balbuena. Cp. 15900,Ciudad de México,Venustiano Carranza,19.412842,-99.105666
Huevo,Paquete C/12 Blanco,San Juan,Huevo,Basicos,40.5,2026/04/03,Superissste,Supermercado / Tienda de Autoservicio,Superissste Sucursal 011,Calle Peluqueros No. 310 Esquina Calle Tizayuca. Col. Michoacana. Cp. 15240,Ciudad de México,Venustiano Carranza,19.446139,-99.113372
Huevo,Paquete C/12 Blanco,San Juan,Huevo,Basicos,40.5,2026/04/03,Superissste,Supermercado / Tienda de Autoservicio,Superissste Sucursal 022,Av. del Taller y Retorno No. 38 Dentro del Retorno 38. Col. Jardin Balbuena. Cp. 15900,Ciudad de México,Venustiano Carranza,19.412842,-99.105666
Huevo,Paquete C/12 Blanco,San Juan,Huevo,Basicos,47.9,2026/04/14,Oxxo,Tienda de Conveniencia,Oxxo Sucursal Corregidora 50 Cr,Circuito Moises Solana No. 128. Esq. Gertrudis Bocanegra. Col. Burocratas. Cp. 76070,Querétaro,Santiago de Querétaro,20.57462,-100.384232
Huevo,Paquete C/12 Blanco,Tehuacán,Huevo,Basicos,36,2026/04/06,Bodega Aurrera,Supermercado / Tienda de Autoservicio,Bodega Aurrera Sucursal la Viga,Calz. de la Viga 136 Esq. del Taller. Col. Lorenzo Boturini. Cp. 15820,Ciudad de México,Venustiano Carranza,19.414749,-99.127874
Huevo,Paquete C/12 Blanco,Tehuacán,Huevo,Basicos,36,2026/04/10,Bodega Aurrera,Supermercado / Tienda de Autoservicio,Bodega Aurrera Sucursal Centro Constituyentes,Constituyentes Oriente 334. Entre Pasteur y Manuel Ponce. Col. Mercurio. Cp. 76040,Querétaro,Santiago de Querétaro,20.586349,-100.382801
Huevo,Paquete C/12 Blanco,Tehuacán,Huevo,Basicos,37,2026/04/07,Wal-mart,Supermercado / Tienda de Autoservicio,Walmart Sucursal Unidad Plaza de Toros,Autopista Queretaro Celaya 5501. Int. del Centro Comercial Plaza Esfera. Col. el Jacal. Cp. 76187,Querétaro,Santiago de Querétaro,20.574076,-100.408704
Huevo,Paquete C/12 Blanco,Tehuacán,Huevo,Basicos,37,2026/04/08,Chedraui,Supermercado / Tienda de Autoservicio,Chedraui Sucursal Centro Sur,Blvd. Bernardo Quintana 502. Carr. con Direccion a Centro Civico. Col. Centro Sur. Cp. 76087,Querétaro,Santiago de Querétaro,20.569354,-100.358831
Huevo,Paquete C/12 Blanco,Tehuacán,Huevo,Basicos,37,2026/04/14,Wal-mart,Supermercado / Tienda de Autoservicio,Walmart Sucursal Unidad Plaza de Toros,Autopista Queretaro Celaya 5501. Int. del Centro Comercial Plaza Esfera. Col. el Jacal. Cp. 76187,Querétaro,Santiago de Querétaro,20.574076,-100.408704
Huevo,Paquete C/12 Blanco,Tehuacán,Huevo,Basicos,45,2026/04/09,La Comer,Supermercado / Tienda de Autoservicio,Lacomer Sucursal Queretaro Estadio,Luis M. Vega y Monroy 1300. Esq.cimatario . Col. Cimatario. Cp. 76090,Querétaro,Santiago de Querétaro,20.577804,-100.373626
Huevo,Paquete C/12 Rojo,Bachoco,Huevo,Basicos,47,2026/04/01,Bodega Aurrera,Supermercado / Tienda de Autoservicio,Bodega Aurrera Sucursal Centro Constituyentes,Constituyentes Oriente 334. Entre Pasteur y Manuel Ponce. Col. Mercurio. Cp. 76040,Querétaro,Santiago de Querétaro,20.586349,-100.382801
Huevo,Paquete C/12 Rojo,Bachoco,Huevo,Basicos,47,2026/04/06,Hipermercado Soriana,Supermercado / Tienda de Autoservicio,Soriana Hiper Sucursal Cimatario,Ctra. a Huimilpan 1001. Int. del Centro Comercial Plaza del Sol. Col. Plazas del Sol. Iii Seccion. Cp. 76099,Querétaro,Santiago de Querétaro,20.563227,-100.375284
Huevo,Paquete C/12 Rojo,Bachoco,Huevo,Basicos,47,2026/04/13,Hipermercado Soriana,Supermercado / Tienda de Autoservicio,Soriana Hiper Sucursal Cimatario,Ctra. a Huimilpan 1001. Int. del Centro Comercial Plaza del Sol. Col. Plazas del Sol. Iii Seccion. Cp. 76099,Querétaro,Santiago de Querétaro,20.563227,-100.375284
Huevo,Paquete C/12 Rojo,Bachoco,Huevo,Basicos,47,2026/04/15,Chedraui,Supermercado / Tienda de Autoservicio,Chedraui Sucursal Centro Sur,Blvd. Bernardo Quintana 502. Carr. con Direccion a Centro Civico. Col. Centro Sur. Cp. 76087,Querétaro,Santiago de Querétaro,20.569354,-100.358831
Huevo,Paquete C/12 Rojo,Bachoco,Huevo,Basicos,51.9,2026/04/10,Superissste,Supermercado / Tienda de Autoservicio,Superissste Sucursal 011,Calle Peluqueros No. 310 Esquina Calle Tizayuca. Col. Michoacana. Cp. 15240,Ciudad de México,Venustiano Carranza,19.446139,-99.113372
Huevo,Paquete C/12 Rojo,Bachoco,Huevo,Basicos,51.9,2026/04/10,Superissste,Supermercado / Tienda de Autoservicio,Superissste Sucursal 022,Av. del Taller y Retorno No. 38 Dentro del Retorno 38. Col. Jardin Balbuena. Cp. 15900,Ciudad de México,Venustiano Carranza,19.412842,-99.105666
Huevo,Paquete C/12 Rojo,Bachoco,Huevo,Basicos,53,2026/04/03,Superissste,Supermercado / Tienda de Autoservicio,Superissste Sucursal 011,Calle Peluqueros No. 310 Esquina Calle Tizayuca. Col. Michoacana. Cp. 15240,Ciudad de México,Venustiano Carranza,19.446139,-99.113372
Huevo,Paquete C/12 Rojo,Bachoco,Huevo,Basicos,53,2026/04/03,Superissste,Supermercado / Tienda de Autoservicio,Superissste Sucursal 022,Av. del Taller y Retorno No. 38 Dentro del Retorno 38. Col. Jardin Balbuena. Cp. 15900,Ciudad de México,Venustiano Carranza,19.412842,-99.105666
Huevo,Paquete C/12 Rojo,Bachoco,Huevo,Basicos,55,2026/04/07,Wal-mart,Supermercado / Tienda de Autoservicio,Walmart Sucursal Unidad Plaza de Toros,Autopista Queretaro Celaya 5501. Int. del Centro Comercial Plaza Esfera. Col. el Jacal. Cp. 76187,Querétaro,Santiago de Querétaro,20.574076,-100.408704
Huevo,Paquete C/12 Rojo,Bachoco,Huevo,Basicos,55,2026/04/14,Wal-mart,Supermercado / Tienda de Autoservicio,Walmart Sucursal Unidad Plaza de Toros,Autopista Queretaro Celaya 5501. Int. del Centro Comercial Plaza Esfera. Col. el Jacal. Cp. 76187,Querétaro,Santiago de Querétaro,20.574076,-100.408704
Huevo,Paquete C/18 Blanco,Aurrera,Huevo,Basicos,40,2026/04/01,Bodega Aurrera,Supermercado / Tienda de Autoservicio,Bodega Aurrera Sucursal Centro Constituyentes,Constituyentes Oriente 334. Entre Pasteur y Manuel Ponce. Col. Mercurio. Cp. 76040,Querétaro,Santiago de Querétaro,20.586349,-100.382801
Huevo,Paquete C/18 Blanco,Aurrera,Huevo,Basicos,45,2026/04/06,Bodega Aurrera,Supermercado / Tienda de Autoservicio,Bodega Aurrera Sucursal la Viga,Calz. de la Viga 136 Esq. del Taller. Col. Lorenzo Boturini. Cp. 15820,Ciudad de México,Venustiano Carranza,19.414749,-99.127874
Huevo,Paquete C/18 Blanco,Aurrera,Huevo,Basicos,45,2026/04/06,Wal-mart,Supermercado / Tienda de Autoservicio,Walmart Sucursal Aeropuerto,Calz. Ignacio Zaragoza 58. Esq. Blvd. Puerto Aereo. Col. Federal. Cp. 15700,Ciudad de México,Venustiano Carranza,19.41926,-99.094521
Huevo,Paquete C/18 Blanco,Aurrera,Huevo,Basicos,45,2026/04/06,Wal-mart,Supermercado / Tienda de Autoservicio,Walmart Sucursal Balbuena,Fray Servando Teresa de Mier 881. Entre Fernando Iglesia Calderon y Genaro Garcia. Col. Jardin Balbuena. Cp. 15900,Ciudad de México,Venustiano Carranza,19.418067,-99.105639
Huevo,Paquete C/18 Blanco,Aurrera,Huevo,Basicos,45,2026/04/07,Wal-mart,Supermercado / Tienda de Autoservicio,Walmart Sucursal Unidad Plaza de Toros,Autopista Queretaro Celaya 5501. Int. del Centro Comercial Plaza Esfera. Col. el Jacal. Cp. 76187,Querétaro,Santiago de Querétaro,20.574076,-100.408704
Huevo,Paquete C/18 Blanco,Aurrera,Huevo,Basicos,45,2026/04/10,Bodega Aurrera,Supermercado / Tienda de Autoservicio,Bodega Aurrera Sucursal Centro Constituyentes,Constituyentes Oriente 334. Entre Pasteur y Manuel Ponce. Col. Mercurio. Cp. 76040,Querétaro,Santiago de Querétaro,20.586349,-100.382801
Huevo,Paquete C/18 Blanco,Aurrera,Huevo,Pacic,40,2026/04/01,Bodega Aurrera,Supermercado / Tienda de Autoservicio,Bodega Aurrera Sucursal Centro Constituyentes,Constituyentes Oriente 334. Entre Pasteur y Manuel Ponce. Col. Mercurio. Cp. 76040,Querétaro,Santiago de Querétaro,20.586349,-100.382801
Huevo,Paquete C/18 Blanco,Aurrera,Huevo,Pacic,45,2026/04/01,Wal-mart,Supermercado / Tienda de Autoservicio,Walmart Sucursal Unidad Plaza de Toros,Autopista Queretaro Celaya 5501. Int. del Centro Comercial Plaza Esfera. Col. el Jacal. Cp. 76187,Querétaro,Santiago de Querétaro,20.574076,-100.408704
Huevo,Paquete C/18 Blanco,Aurrera,Huevo,Pacic,45,2026/04/06,Bodega Aurrera,Supermercado / Tienda de Autoservicio,Bodega Aurrera Sucursal la Viga,Calz. de la Viga 136 Esq. del Taller. Col. Lorenzo Boturini. Cp. 15820,Ciudad de México,Venustiano Carranza,19.414749,-99.127874
Huevo,Paquete C/18 Blanco,Aurrera,Huevo,Pacic,45,2026/04/06,Wal-mart,Supermercado / Tienda de Autoservicio,Walmart Sucursal Aeropuerto,Calz. Ignacio Zaragoza 58. Esq. Blvd. Puerto Aereo. Col. Federal. Cp. 15700,Ciudad de México,Venustiano Carranza,19.41926,-99.094521
Huevo,Paquete C/18 Blanco,Aurrera,Huevo,Pacic,45,2026/04/06,Wal-mart,Supermercado / Tienda de Autoservicio,Walmart Sucursal Balbuena,Fray Servando Teresa de Mier 881. Entre Fernando Iglesia Calderon y Genaro Garcia. Col. Jardin Balbuena. Cp. 15900,Ciudad de México,Venustiano Carranza,19.418067,-99.105639
Huevo,Paquete C/18 Blanco,Aurrera,Huevo,Pacic,45,2026/04/07,Wal-mart,Supermercado / Tienda de Autoservicio,Walmart Sucursal Unidad Plaza de Toros,Autopista Queretaro Celaya 5501. Int. del Centro Comercial Plaza Esfera. Col. el Jacal. Cp. 76187,Querétaro,Santiago de Querétaro,20.574076,-100.408704
Huevo,Paquete C/18 Blanco,Aurrera,Huevo,Pacic,45,2026/04/10,Bodega Aurrera,Supermercado / Tienda de Autoservicio,Bodega Aurrera Sucursal Centro Constituyentes,Constituyentes Oriente 334. Entre Pasteur y Manuel Ponce. Col. Mercurio. Cp. 76040,Querétaro,Santiago de Querétaro,20.586349,-100.382801
Huevo,Paquete C/18 Blanco,Bachoco,Huevo,Basicos,47.1,2026/04/06,Hipermercado Soriana,Supermercado / Tienda de Autoservicio,Soriana Hiper Sucursal Cimatario,Ctra. a Huimilpan 1001. Int. del Centro Comercial Plaza del Sol. Col. Plazas del Sol. Iii Seccion. Cp. 76099,Querétaro,Santiago de Querétaro,20.563227,-100.375284
Huevo,Paquete C/18 Blanco,Bachoco,Huevo,Basicos,47.1,2026/04/06,Hipermercado Soriana,Supermercado / Tienda de Autoservicio,Soriana Hiper Sucursal Consulado (418),Rio Consulado 2355. Esq. Carlos Marx. Col. Simon Bolivar. Cp. 15410,Ciudad de México,Venustiano Carranza,19.449572,-99.100376
Huevo,Paquete C/18 Blanco,Bachoco,Huevo,Basicos,47.1,2026/04/13,Hipermercado Soriana,Supermercado / Tienda de Autoservicio,Soriana Hiper Sucursal Cimatario,Ctra. a Huimilpan 1001. Int. del Centro Comercial Plaza del Sol. Col. Plazas del Sol. Iii Seccion. Cp. 76099,Querétaro,Santiago de Querétaro,20.563227,-100.375284
Huevo,Paquete C/18 Blanco,Bachoco,Huevo,Basicos,49.9,2026/04/06,Chedraui,Supermercado / Tienda de Autoservicio,Chedraui Sucursal Anfora,Anfora 71. Esq. Eje 1 Norte. Col. Madero. Cp. 15320,Ciudad de México,Venustiano Carranza,19.437353,-99.110088
Huevo,Paquete C/18 Blanco,Bachoco,Huevo,Basicos,49.9,2026/04/08,Chedraui,Supermercado / Tienda de Autoservicio,Chedraui Sucursal Centro Sur,Blvd. Bernardo Quintana 502. Carr. con Direccion a Centro Civico. Col. Centro Sur. Cp. 76087,Querétaro,Santiago de Querétaro,20.569354,-100.358831
Huevo,Paquete C/18 Blanco,Bachoco,Huevo,Basicos,49.9,2026/04/15,Chedraui,Supermercado / Tienda de Autoservicio,Chedraui Sucursal Centro Sur,Blvd. Bernardo Quintana 502. Carr. con Direccion a Centro Civico. Col. Centro Sur. Cp. 76087,Querétaro,Santiago de Querétaro,20.569354,-100.358831
Huevo,Paquete C/18 Blanco,Bachoco,Huevo,Basicos,59,2026/04/01,Bodega Aurrera,Supermercado / Tienda de Autoservicio,Bodega Aurrera Sucursal Centro Constituyentes,Constituyentes Oriente 334. Entre Pasteur y Manuel Ponce. Col. Mercurio. Cp. 76040,Querétaro,Santiago de Querétaro,20.586349,-100.382801
Huevo,Paquete C/18 Blanco,Bachoco,Huevo,Basicos,59,2026/04/10,Bodega Aurrera,Supermercado / Tienda de Autoservicio,Bodega Aurrera Sucursal Centro Constituyentes,Constituyentes Oriente 334. Entre Pasteur y Manuel Ponce. Col. Mercurio. Cp. 76040,Querétaro,Santiago de Querétaro,20.586349,-100.382801
Huevo,Paquete C/18 Blanco,Bachoco,Huevo,Basicos,59.5,2026/04/03,Superissste,Supermercado / Tienda de Autoservicio,Superissste Sucursal 011,Calle Peluqueros No. 310 Esquina Calle Tizayuca. Col. Michoacana. Cp. 15240,Ciudad de México,Venustiano Carranza,19.446139,-99.113372
Huevo,Paquete C/18 Blanco,Bachoco,Huevo,Basicos,59.5,2026/04/03,Superissste,Supermercado / Tienda de Autoservicio,Superissste Sucursal 022,Av. del Taller y Retorno No. 38 Dentro del Retorno 38. Col. Jardin Balbuena. Cp. 15900,Ciudad de México,Venustiano Carranza,19.412842,-99.105666
Huevo,Paquete C/18 Blanco,Bachoco,Huevo,Basicos,59.5,2026/04/10,Superissste,Supermercado / Tienda de Autoservicio,Superissste Sucursal 011,Calle Peluqueros No. 310 Esquina Calle Tizayuca. Col. Michoacana. Cp. 15240,Ciudad de México,Venustiano Carranza,19.446139,-99.113372
Huevo,Paquete C/18 Blanco,Bachoco,Huevo,Basicos,59.5,2026/04/10,Superissste,Supermercado / Tienda de Autoservicio,Superissste Sucursal 022,Av. del Taller y Retorno No. 38 Dentro del Retorno 38. Col. Jardin Balbuena. Cp. 15900,Ciudad de México,Venustiano Carranza,19.412842,-99.105666
Huevo,Paquete C/18 Blanco,Bachoco,Huevo,Basicos,61,2026/04/06,Wal-mart,Supermercado / Tienda de Autoservicio,Walmart Sucursal Aeropuerto,Calz. Ignacio Zaragoza 58. Esq. Blvd. Puerto Aereo. Col. Federal. Cp. 15700,Ciudad de México,Venustiano Carranza,19.41926,-99.094521
Huevo,Paquete C/18 Blanco,Bachoco,Huevo,Basicos,61,2026/04/07,Wal-mart,Supermercado / Tienda de Autoservicio,Walmart Sucursal Unidad Plaza de Toros,Autopista Queretaro Celaya 5501. Int. del Centro Comercial Plaza Esfera. Col. el Jacal. Cp. 76187,Querétaro,Santiago de Querétaro,20.574076,-100.408704
Huevo,Paquete C/18 Blanco,Bachoco,Huevo,Basicos,61,2026/04/14,Wal-mart,Supermercado / Tienda de Autoservicio,Walmart Sucursal Unidad Plaza de Toros,Autopista Queretaro Celaya 5501. Int. del Centro Comercial Plaza Esfera. Col. el Jacal. Cp. 76187,Querétaro,Santiago de Querétaro,20.574076,-100.408704
Huevo,Paquete C/18 Blanco,Bachoco,Huevo,Pacic,42,2026/04/01,La Comer,Supermercado / Tienda de Autoservicio,Lacomer Sucursal Queretaro Estadio,Luis M. Vega y Monroy 1300. Esq.cimatario . Col. Cimatario. Cp. 76090,Querétaro,Santiago de Querétaro,20.577804,-100.373626
Huevo,Paquete C/18 Blanco,Bachoco,Huevo,Pacic,42,2026/04/09,La Comer,Supermercado / Tienda de Autoservicio,Lacomer Sucursal Queretaro Estadio,Luis M. Vega y Monroy 1300. Esq.cimatario . Col. Cimatario. Cp. 76090,Querétaro,Santiago de Querétaro,20.577804,-100.373626
Huevo,Paquete C/18 Blanco,Bachoco,Huevo,Pacic,47.1,2026/04/06,Hipermercado Soriana,Supermercado / Tienda de Autoservicio,Soriana Hiper Sucursal Cimatario,Ctra. a Huimilpan 1001. Int. del Centro Comercial Plaza del Sol. Col. Plazas del Sol. Iii Seccion. Cp. 76099,Querétaro,Santiago de Querétaro,20.563227,-100.375284
Huevo,Paquete C/18 Blanco,Bachoco,Huevo,Pacic,47.1,2026/04/06,Hipermercado Soriana,Supermercado / Tienda de Autoservicio,Soriana Hiper Sucursal Consulado (418),Rio Consulado 2355. Esq. Carlos Marx. Col. Simon Bolivar. Cp. 15410,Ciudad de México,Venustiano Carranza,19.449572,-99.100376
Huevo,Paquete C/18 Blanco,Bachoco,Huevo,Pacic,47.1,2026/04/13,Hipermercado Soriana,Supermercado / Tienda de Autoservicio,Soriana Hiper Sucursal Cimatario,Ctra. a Huimilpan 1001. Int. del Centro Comercial Plaza del Sol. Col. Plazas del Sol. Iii Seccion. Cp. 76099,Querétaro,Santiago de Querétaro,20.563227,-100.375284
Huevo,Paquete C/18 Blanco,Bachoco,Huevo,Pacic,49.9,2026/04/01,Chedraui,Supermercado / Tienda de Autoservicio,Chedraui Sucursal Centro Sur,Blvd. Bernardo Quintana 502. Carr. con Direccion a Centro Civico. Col. Centro Sur. Cp. 76087,Querétaro,Santiago de Querétaro,20.569354,-100.358831
Huevo,Paquete C/18 Blanco,Bachoco,Huevo,Pacic,49.9,2026/04/06,Chedraui,Supermercado / Tienda de Autoservicio,Chedraui Sucursal Anfora,Anfora 71. Esq. Eje 1 Norte. Col. Madero. Cp. 15320,Ciudad de México,Venustiano Carranza,19.437353,-99.110088
Huevo,Paquete C/18 Blanco,Bachoco,Huevo,Pacic,49.9,2026/04/08,Chedraui,Supermercado / Tienda de Autoservicio,Chedraui Sucursal Centro Sur,Blvd. Bernardo Quintana 502. Carr. con Direccion a Centro Civico. Col. Centro Sur. Cp. 76087,Querétaro,Santiago de Querétaro,20.569354,-100.358831
Huevo,Paquete C/18 Blanco,Bachoco,Huevo,Pacic,49.9,2026/04/15,Chedraui,Supermercado / Tienda de Autoservicio,Chedraui Sucursal Centro Sur,Blvd. Bernardo Quintana 502. Carr. con Direccion a Centro Civico. Col. Centro Sur. Cp. 76087,Querétaro,Santiago de Querétaro,20.569354,-100.358831
Huevo,Paquete C/18 Blanco,Bachoco,Huevo,Pacic,59,2026/04/01,Bodega Aurrera,Supermercado / Tienda de Autoservicio,Bodega Aurrera Sucursal Centro Constituyentes,Constituyentes Oriente 334. Entre Pasteur y Manuel Ponce. Col. Mercurio. Cp. 76040,Querétaro,Santiago de Querétaro,20.586349,-100.382801
Huevo,Paquete C/18 Blanco,Bachoco,Huevo,Pacic,59,2026/04/10,Bodega Aurrera,Supermercado / Tienda de Autoservicio,Bodega Aurrera Sucursal Centro Constituyentes,Constituyentes Oriente 334. Entre Pasteur y Manuel Ponce. Col. Mercurio. Cp. 76040,Querétaro,Santiago de Querétaro,20.586349,-100.382801
Huevo,Paquete C/18 Blanco,Bachoco,Huevo,Pacic,61,2026/04/01,Wal-mart,Supermercado / Tienda de Autoservicio,Walmart Sucursal Unidad Plaza de Toros,Autopista Queretaro Celaya 5501. Int. del Centro Comercial Plaza Esfera. Col. el Jacal. Cp. 76187,Querétaro,Santiago de Querétaro,20.574076,-100.408704
Huevo,Paquete C/18 Blanco,Bachoco,Huevo,Pacic,61,2026/04/06,Wal-mart,Supermercado / Tienda de Autoservicio,Walmart Sucursal Aeropuerto,Calz. Ignacio Zaragoza 58. Esq. Blvd. Puerto Aereo. Col. Federal. Cp. 15700,Ciudad de México,Venustiano Carranza,19.41926,-99.094521
Huevo,Paquete C/18 Blanco,Bachoco,Huevo,Pacic,61,2026/04/07,Wal-mart,Supermercado / Tienda de Autoservicio,Walmart Sucursal Unidad Plaza de Toros,Autopista Queretaro Celaya 5501. Int. del Centro Comercial Plaza Esfera. Col. el Jacal. Cp. 76187,Querétaro,Santiago de Querétaro,20.574076,-100.408704
Huevo,Paquete C/18 Blanco,Bachoco,Huevo,Pacic,61,2026/04/14,Wal-mart,Supermercado / Tienda de Autoservicio,Walmart Sucursal Unidad Plaza de Toros,Autopista Queretaro Celaya 5501. Int. del Centro Comercial Plaza Esfera. Col. el Jacal. Cp. 76187,Querétaro,Santiago de Querétaro,20.574076,-100.408704
Huevo,Paquete C/18 Blanco,El Calvario,Huevo,Basicos,41,2026/04/01,Bodega Aurrera,Supermercado / Tienda de Autoservicio,Bodega Aurrera Sucursal Centro Constituyentes,Constituyentes Oriente 334. Entre Pasteur y Manuel Ponce. Col. Mercurio. Cp. 76040,Querétaro,Santiago de Querétaro,20.586349,-100.382801
Huevo,Paquete C/18 Blanco,El Calvario,Huevo,Basicos,41,2026/04/10,Bodega Aurrera,Supermercado / Tienda de Autoservicio,Bodega Aurrera Sucursal Centro Constituyentes,Constituyentes Oriente 334. Entre Pasteur y Manuel Ponce. Col. Mercurio. Cp. 76040,Querétaro,Santiago de Querétaro,20.586349,-100.382801
Huevo,Paquete C/18 Blanco,El Calvario,Huevo,Basicos,42,2026/04/06,Wal-mart,Supermercado / Tienda de Autoservicio,Walmart Sucursal Balbuena,Fray Servando Teresa de Mier 881. Entre Fernando Iglesia Calderon y Genaro Garcia. Col. Jardin Balbuena. Cp. 15900,Ciudad de México,Venustiano Carranza,19.418067,-99.105639
Huevo,Paquete C/18 Blanco,El Calvario,Huevo,Basicos,46.9,2026/04/13,Hipermercado Soriana,Supermercado / Tienda de Autoservicio,Soriana Hiper Sucursal Cimatario,Ctra. a Huimilpan 1001. Int. del Centro Comercial Plaza del Sol. Col. Plazas del Sol. Iii Seccion. Cp. 76099,Querétaro,Santiago de Querétaro,20.563227,-100.375284
Huevo,Paquete C/18 Blanco,El Calvario,Huevo,Basicos,47.9,2026/04/10,Superissste,Supermercado / Tienda de Autoservicio,Superissste Sucursal 011,Calle Peluqueros No. 310 Esquina Calle Tizayuca. Col. Michoacana. Cp. 15240,Ciudad de México,Venustiano Carranza,19.446139,-99.113372
Huevo,Paquete C/18 Blanco,El Calvario,Huevo,Basicos,47.9,2026/04/10,Superissste,Supermercado / Tienda de Autoservicio,Superissste Sucursal 022,Av. del Taller y Retorno No. 38 Dentro del Retorno 38. Col. Jardin Balbuena. Cp. 15900,Ciudad de México,Venustiano Carranza,19.412842,-99.105666
Huevo,Paquete C/18 Blanco,El Calvario,Huevo,Basicos,48.5,2026/04/03,Superissste,Supermercado / Tienda de Autoservicio,Superissste Sucursal 011,Calle Peluqueros No. 310 Esquina Calle Tizayuca. Col. Michoacana. Cp. 15240,Ciudad de México,Venustiano Carranza,19.446139,-99.113372
Huevo,Paquete C/18 Blanco,El Calvario,Huevo,Basicos,48.5,2026/04/03,Superissste,Supermercado / Tienda de Autoservicio,Superissste Sucursal 022,Av. del Taller y Retorno No. 38 Dentro del Retorno 38. Col. Jardin Balbuena. Cp. 15900,Ciudad de México,Venustiano Carranza,19.412842,-99.105666
Huevo,Paquete C/18 Blanco,El Calvario,Huevo,Basicos,49.9,2026/04/06,Chedraui,Supermercado / Tienda de Autoservicio,Chedraui Sucursal Anfora,Anfora 71. Esq. Eje 1 Norte. Col. Madero. Cp. 15320,Ciudad de México,Venustiano Carranza,19.437353,-99.110088
Huevo,Paquete C/18 Blanco,El Calvario,Huevo,Basicos,49.9,2026/04/06,Hipermercado Soriana,Supermercado / Tienda de Autoservicio,Soriana Hiper Sucursal Cimatario,Ctra. a Huimilpan 1001. Int. del Centro Comercial Plaza del Sol. Col. Plazas del Sol. Iii Seccion. Cp. 76099,Querétaro,Santiago de Querétaro,20.563227,-100.375284
Huevo,Paquete C/18 Blanco,El Calvario,Huevo,Basicos,49.9,2026/04/08,Chedraui,Supermercado / Tienda de Autoservicio,Chedraui Sucursal Centro Sur,Blvd. Bernardo Quintana 502. Carr. con Direccion a Centro Civico. Col. Centro Sur. Cp. 76087,Querétaro,Santiago de Querétaro,20.569354,-100.358831
Huevo,Paquete C/18 Blanco,El Calvario,Huevo,Basicos,49.9,2026/04/15,Chedraui,Supermercado / Tienda de Autoservicio,Chedraui Sucursal Centro Sur,Blvd. Bernardo Quintana 502. Carr. con Direccion a Centro Civico. Col. Centro Sur. Cp. 76087,Querétaro,Santiago de Querétaro,20.569354,-100.358831
Huevo,Paquete C/18 Blanco,El Calvario,Huevo,Basicos,52,2026/04/06,Wal-mart,Supermercado / Tienda de Autoservicio,Walmart Sucursal Aeropuerto,Calz. Ignacio Zaragoza 58. Esq. Blvd. Puerto Aereo. Col. Federal. Cp. 15700,Ciudad de México,Venustiano Carranza,19.41926,-99.094521
Huevo,Paquete C/18 Blanco,El Calvario,Huevo,Basicos,53.9,2026/04/06,Hipermercado Soriana,Supermercado / Tienda de Autoservicio,Soriana Hiper Sucursal Consulado (418),Rio Consulado 2355. Esq. Carlos Marx. Col. Simon Bolivar. Cp. 15410,Ciudad de México,Venustiano Carranza,19.449572,-99.100376
Huevo,Paquete C/18 Blanco,El Calvario,Huevo,Basicos,54,2026/04/14,Wal-mart,Supermercado / Tienda de Autoservicio,Walmart Sucursal Unidad Plaza de Toros,Autopista Queretaro Celaya 5501. Int. del Centro Comercial Plaza Esfera. Col. el Jacal. Cp. 76187,Querétaro,Santiago de Querétaro,20.574076,-100.408704
Huevo,Paquete C/18 Blanco,El Calvario,Huevo,Pacic,49.9,2026/04/06,Chedraui,Supermercado / Tienda de Autoservicio,Chedraui Sucursal Anfora,Anfora 71. Esq. Eje 1 Norte. Col. Madero. Cp. 15320,Ciudad de México,Venustiano Carranza,19.437353,-99.110088
Huevo,Paquete C/18 Blanco,El Calvario,Huevo,Pacic,49.9,2026/04/15,Chedraui,Supermercado / Tienda de Autoservicio,Chedraui Sucursal Centro Sur,Blvd. Bernardo Quintana 502. Carr. con Direccion a Centro Civico. Col. Centro Sur. Cp. 76087,Querétaro,Santiago de Querétaro,20.569354,-100.358831
Huevo,Paquete C/18 Blanco,Guadalupe,Huevo,Basicos,58,2026/04/07,Wal-mart,Supermercado / Tienda de Autoservicio,Walmart Sucursal Unidad Plaza de Toros,Autopista Queretaro Celaya 5501. Int. del Centro Comercial Plaza Esfera. Col. el Jacal. Cp. 76187,Querétaro,Santiago de Querétaro,20.574076,-100.408704
Huevo,Paquete C/18 Blanco,Guadalupe,Huevo,Basicos,58,2026/04/14,Wal-mart,Supermercado / Tienda de Autoservicio,Walmart Sucursal Unidad Plaza de Toros,Autopista Queretaro Celaya 5501. Int. del Centro Comercial Plaza Esfera. Col. el Jacal. Cp. 76187,Querétaro,Santiago de Querétaro,20.574076,-100.408704
Huevo,Paquete C/18 Blanco,Guadalupe,Huevo,Pacic,58,2026/04/01,Wal-mart,Supermercado / Tienda de Autoservicio,Walmart Sucursal Unidad Plaza de Toros,Autopista Queretaro Celaya 5501. Int. del Centro Comercial Plaza Esfera. Col. el Jacal. Cp. 76187,Querétaro,Santiago de Querétaro,20.574076,-100.408704
Huevo,Paquete C/18 Blanco,Guadalupe,Huevo,Pacic,58,2026/04/07,Wal-mart,Supermercado / Tienda de Autoservicio,Walmart Sucursal Unidad Plaza de Toros,Autopista Queretaro Celaya 5501. Int. del Centro Comercial Plaza Esfera. Col. el Jacal. Cp. 76187,Querétaro,Santiago de Querétaro,20.574076,-100.408704
Huevo,Paquete C/18 Blanco,Guadalupe,Huevo,Pacic,58,2026/04/14,Wal-mart,Supermercado / Tienda de Autoservicio,Walmart Sucursal Unidad Plaza de Toros,Autopista Queretaro Celaya 5501. Int. del Centro Comercial Plaza Esfera. Col. el Jacal. Cp. 76187,Querétaro,Santiago de Querétaro,20.574076,-100.408704
Huevo,Paquete C/18 Blanco,Precíssimo,Huevo,Basicos,48.9,2026/04/06,Hipermercado Soriana,Supermercado / Tienda de Autoservicio,Soriana Hiper Sucursal Consulado (418),Rio Consulado 2355. Esq. Carlos Marx. Col. Simon Bolivar. Cp. 15410,Ciudad de México,Venustiano Carranza,19.449572,-99.100376
Huevo,Paquete C/18 Blanco,Precíssimo,Huevo,Basicos,49.9,2026/04/13,Hipermercado Soriana,Supermercado / Tienda de Autoservicio,Soriana Hiper Sucursal Cimatario,Ctra. a Huimilpan 1001. Int. del Centro Comercial Plaza del Sol. Col. Plazas del Sol. Iii Seccion. Cp. 76099,Querétaro,Santiago de Querétaro,20.563227,-100.375284
Huevo,Paquete C/18 Blanco,Precíssimo,Huevo,Pacic,48.9,2026/04/06,Hipermercado Soriana,Supermercado / Tienda de Autoservicio,Soriana Hiper Sucursal Cimatario,Ctra. a Huimilpan 1001. Int. del Centro Comercial Plaza del Sol. Col. Plazas del Sol. Iii Seccion. Cp. 76099,Querétaro,Santiago de Querétaro,20.563227,-100.375284
Huevo,Paquete C/18 Blanco,Precíssimo,Huevo,Pacic,48.9,2026/04/06,Hipermercado Soriana,Supermercado / Tienda de Autoservicio,Soriana Hiper Sucursal Consulado (418),Rio Consulado 2355. Esq. Carlos Marx. Col. Simon Bolivar. Cp. 15410,Ciudad de México,Venustiano Carranza,19.449572,-99.100376
Huevo,Paquete C/18 Blanco,Precíssimo,Huevo,Pacic,49.9,2026/04/13,Hipermercado Soriana,Supermercado / Tienda de Autoservicio,Soriana Hiper Sucursal Cimatario,Ctra. a Huimilpan 1001. Int. del Centro Comercial Plaza del Sol. Col. Plazas del Sol. Iii Seccion. Cp. 76099,Querétaro,Santiago de Querétaro,20.563227,-100.375284
Huevo,Paquete C/18 Blanco,San Juan,Huevo,Basicos,45,2026/04/06,Bodega Aurrera,Supermercado / Tienda de Autoservicio,Bodega Aurrera Sucursal la Viga,Calz. de la Viga 136 Esq. del Taller. Col. Lorenzo Boturini. Cp. 15820,Ciudad de México,Venustiano Carranza,19.414749,-99.127874
Huevo,Paquete C/18 Blanco,San Juan,Huevo,Basicos,46,2026/04/01,Bodega Aurrera,Supermercado / Tienda de Autoservicio,Bodega Aurrera Sucursal Centro Constituyentes,Constituyentes Oriente 334. Entre Pasteur y Manuel Ponce. Col. Mercurio. Cp. 76040,Querétaro,Santiago de Querétaro,20.586349,-100.382801
Huevo,Paquete C/18 Blanco,San Juan,Huevo,Basicos,46,2026/04/06,Hipermercado Soriana,Supermercado / Tienda de Autoservicio,Soriana Hiper Sucursal Cimatario,Ctra. a Huimilpan 1001. Int. del Centro Comercial Plaza del Sol. Col. Plazas del Sol. Iii Seccion. Cp. 76099,Querétaro,Santiago de Querétaro,20.563227,-100.375284
Huevo,Paquete C/18 Blanco,San Juan,Huevo,Basicos,46,2026/04/06,Wal-mart,Supermercado / Tienda de Autoservicio,Walmart Sucursal Aeropuerto,Calz. Ignacio Zaragoza 58. Esq. Blvd. Puerto Aereo. Col. Federal. Cp. 15700,Ciudad de México,Venustiano Carranza,19.41926,-99.094521
Huevo,Paquete C/18 Blanco,San Juan,Huevo,Basicos,46,2026/04/07,Wal-mart,Supermercado / Tienda de Autoservicio,Walmart Sucursal Unidad Plaza de Toros,Autopista Queretaro Celaya 5501. Int. del Centro Comercial Plaza Esfera. Col. el Jacal. Cp. 76187,Querétaro,Santiago de Querétaro,20.574076,-100.408704
Huevo,Paquete C/18 Blanco,San Juan,Huevo,Basicos,46,2026/04/08,Chedraui,Supermercado / Tienda de Autoservicio,Chedraui Sucursal Centro Sur,Blvd. Bernardo Quintana 502. Carr. con Direccion a Centro Civico. Col. Centro Sur. Cp. 76087,Querétaro,Santiago de Querétaro,20.569354,-100.358831
Huevo,Paquete C/18 Blanco,San Juan,Huevo,Basicos,46,2026/04/10,Bodega Aurrera,Supermercado / Tienda de Autoservicio,Bodega Aurrera Sucursal Centro Constituyentes,Constituyentes Oriente 334. Entre Pasteur y Manuel Ponce. Col. Mercurio. Cp. 76040,Querétaro,Santiago de Querétaro,20.586349,-100.382801
Huevo,Paquete C/18 Blanco,San Juan,Huevo,Basicos,46,2026/04/14,Wal-mart,Supermercado / Tienda de Autoservicio,Walmart Sucursal Unidad Plaza de Toros,Autopista Queretaro Celaya 5501. Int. del Centro Comercial Plaza Esfera. Col. el Jacal. Cp. 76187,Querétaro,Santiago de Querétaro,20.574076,-100.408704
Huevo,Paquete C/18 Blanco,San Juan,Huevo,Basicos,46.1,2026/04/09,La Comer,Supermercado / Tienda de Autoservicio,Lacomer Sucursal Queretaro Estadio,Luis M. Vega y Monroy 1300. Esq.cimatario . Col. Cimatario. Cp. 76090,Querétaro,Santiago de Querétaro,20.577804,-100.373626
Huevo,Paquete C/18 Blanco,San Juan,Huevo,Basicos,47,2026/04/15,Chedraui,Supermercado / Tienda de Autoservicio,Chedraui Sucursal Centro Sur,Blvd. Bernardo Quintana 502. Carr. con Direccion a Centro Civico. Col. Centro Sur. Cp. 76087,Querétaro,Santiago de Querétaro,20.569354,-100.358831
Huevo,Paquete C/18 Blanco,San Juan,Huevo,Basicos,47.5,2026/04/10,Superissste,Supermercado / Tienda de Autoservicio,Superissste Sucursal 011,Calle Peluqueros No. 310 Esquina Calle Tizayuca. Col. Michoacana. Cp. 15240,Ciudad de México,Venustiano Carranza,19.446139,-99.113372
Huevo,Paquete C/18 Blanco,San Juan,Huevo,Basicos,47.5,2026/04/10,Superissste,Supermercado / Tienda de Autoservicio,Superissste Sucursal 022,Av. del Taller y Retorno No. 38 Dentro del Retorno 38. Col. Jardin Balbuena. Cp. 15900,Ciudad de México,Venustiano Carranza,19.412842,-99.105666
Huevo,Paquete C/18 Blanco,San Juan,Huevo,Basicos,48.9,2026/04/13,Hipermercado Soriana,Supermercado / Tienda de Autoservicio,Soriana Hiper Sucursal Cimatario,Ctra. a Huimilpan 1001. Int. del Centro Comercial Plaza del Sol. Col. Plazas del Sol. Iii Seccion. Cp. 76099,Querétaro,Santiago de Querétaro,20.563227,-100.375284
Huevo,Paquete C/18 Blanco,San Juan,Huevo,Basicos,50.9,2026/04/06,Hipermercado Soriana,Supermercado / Tienda de Autoservicio,Soriana Hiper Sucursal Consulado (418),Rio Consulado 2355. Esq. Carlos Marx. Col. Simon Bolivar. Cp. 15410,Ciudad de México,Venustiano Carranza,19.449572,-99.100376
Huevo,Paquete C/18 Blanco,San Juan,Huevo,Basicos,57.5,2026/04/03,Superissste,Supermercado / Tienda de Autoservicio,Superissste Sucursal 011,Calle Peluqueros No. 310 Esquina Calle Tizayuca. Col. Michoacana. Cp. 15240,Ciudad de México,Venustiano Carranza,19.446139,-99.113372
Huevo,Paquete C/18 Blanco,San Juan,Huevo,Basicos,57.5,2026/04/03,Superissste,Supermercado / Tienda de Autoservicio,Superissste Sucursal 022,Av. del Taller y Retorno No. 38 Dentro del Retorno 38. Col. Jardin Balbuena. Cp. 15900,Ciudad de México,Venustiano Carranza,19.412842,-99.105666
Huevo,Paquete C/18 Blanco,San Juan,Huevo,Pacic,45,2026/04/06,Bodega Aurrera,Supermercado / Tienda de Autoservicio,Bodega Aurrera Sucursal la Viga,Calz. de la Viga 136 Esq. del Taller. Col. Lorenzo Boturini. Cp. 15820,Ciudad de México,Venustiano Carranza,19.414749,-99.127874
Huevo,Paquete C/18 Blanco,San Juan,Huevo,Pacic,46,2026/04/01,Bodega Aurrera,Supermercado / Tienda de Autoservicio,Bodega Aurrera Sucursal Centro Constituyentes,Constituyentes Oriente 334. Entre Pasteur y Manuel Ponce. Col. Mercurio. Cp. 76040,Querétaro,Santiago de Querétaro,20.586349,-100.382801
Huevo,Paquete C/18 Blanco,San Juan,Huevo,Pacic,46,2026/04/01,Wal-mart,Supermercado / Tienda de Autoservicio,Walmart Sucursal Unidad Plaza de Toros,Autopista Queretaro Celaya 5501. Int. del Centro Comercial Plaza Esfera. Col. el Jacal. Cp. 76187,Querétaro,Santiago de Querétaro,20.574076,-100.408704
Huevo,Paquete C/18 Blanco,San Juan,Huevo,Pacic,46,2026/04/06,Wal-mart,Supermercado / Tienda de Autoservicio,Walmart Sucursal Aeropuerto,Calz. Ignacio Zaragoza 58. Esq. Blvd. Puerto Aereo. Col. Federal. Cp. 15700,Ciudad de México,Venustiano Carranza,19.41926,-99.094521
Huevo,Paquete C/18 Blanco,San Juan,Huevo,Pacic,46,2026/04/07,Wal-mart,Supermercado / Tienda de Autoservicio,Walmart Sucursal Unidad Plaza de Toros,Autopista Queretaro Celaya 5501. Int. del Centro Comercial Plaza Esfera. Col. el Jacal. Cp. 76187,Querétaro,Santiago de Querétaro,20.574076,-100.408704
Huevo,Paquete C/18 Blanco,San Juan,Huevo,Pacic,46,2026/04/08,Chedraui,Supermercado / Tienda de Autoservicio,Chedraui Sucursal Centro Sur,Blvd. Bernardo Quintana 502. Carr. con Direccion a Centro Civico. Col. Centro Sur. Cp. 76087,Querétaro,Santiago de Querétaro,20.569354,-100.358831
Huevo,Paquete C/18 Blanco,San Juan,Huevo,Pacic,46,2026/04/10,Bodega Aurrera,Supermercado / Tienda de Autoservicio,Bodega Aurrera Sucursal Centro Constituyentes,Constituyentes Oriente 334. Entre Pasteur y Manuel Ponce. Col. Mercurio. Cp. 76040,Querétaro,Santiago de Querétaro,20.586349,-100.382801
Huevo,Paquete C/18 Blanco,San Juan,Huevo,Pacic,46,2026/04/14,Wal-mart,Supermercado / Tienda de Autoservicio,Walmart Sucursal Unidad Plaza de Toros,Autopista Queretaro Celaya 5501. Int. del Centro Comercial Plaza Esfera. Col. el Jacal. Cp. 76187,Querétaro,Santiago de Querétaro,20.574076,-100.408704
Huevo,Paquete C/18 Blanco,San Juan,Huevo,Pacic,47,2026/04/15,Chedraui,Supermercado / Tienda de Autoservicio,Chedraui Sucursal Centro Sur,Blvd. Bernardo Quintana 502. Carr. con Direccion a Centro Civico. Col. Centro Sur. Cp. 76087,Querétaro,Santiago de Querétaro,20.569354,-100.358831
Huevo,Paquete C/18 Blanco,San Juan,Huevo,Pacic,49.9,2026/04/01,Chedraui,Supermercado / Tienda de Autoservicio,Chedraui Sucursal Centro Sur,Blvd. Bernardo Quintana 502. Carr. con Direccion a Centro Civico. Col. Centro Sur. Cp. 76087,Querétaro,Santiago de Querétaro,20.569354,-100.358831
Huevo,Paquete C/18 Blanco,Tehuacán,Huevo,Basicos,53,2026/04/06,Bodega Aurrera,Supermercado / Tienda de Autoservicio,Bodega Aurrera Sucursal la Viga,Calz. de la Viga 136 Esq. del Taller. Col. Lorenzo Boturini. Cp. 15820,Ciudad de México,Venustiano Carranza,19.414749,-99.127874
Huevo,Paquete C/18 Blanco,Tehuacán,Huevo,Basicos,54,2026/04/07,Wal-mart,Supermercado / Tienda de Autoservicio,Walmart Sucursal Unidad Plaza de Toros,Autopista Queretaro Celaya 5501. Int. del Centro Comercial Plaza Esfera. Col. el Jacal. Cp. 76187,Querétaro,Santiago de Querétaro,20.574076,-100.408704
Huevo,Paquete C/18 Blanco,Tehuacán,Huevo,Basicos,54,2026/04/14,Wal-mart,Supermercado / Tienda de Autoservicio,Walmart Sucursal Unidad Plaza de Toros,Autopista Queretaro Celaya 5501. Int. del Centro Comercial Plaza Esfera. Col. el Jacal. Cp. 76187,Querétaro,Santiago de Querétaro,20.574076,-100.408704
Huevo,Paquete C/18 Rojo,Bachoco,Huevo,Basicos,64,2026/04/09,La Comer,Supermercado / Tienda de Autoservicio,Lacomer Sucursal Queretaro Estadio,Luis M. Vega y Monroy 1300. Esq.cimatario . Col. Cimatario. Cp. 76090,Querétaro,Santiago de Querétaro,20.577804,-100.373626
Huevo,Paquete C/18 Rojo,Bachoco,Huevo,Basicos,65,2026/04/06,Chedraui,Supermercado / Tienda de Autoservicio,Chedraui Sucursal Anfora,Anfora 71. Esq. Eje 1 Norte. Col. Madero. Cp. 15320,Ciudad de México,Venustiano Carranza,19.437353,-99.110088
Huevo,Paquete C/18 Rojo,Bachoco,Huevo,Basicos,65,2026/04/06,Hipermercado Soriana,Supermercado / Tienda de Autoservicio,Soriana Hiper Sucursal Cimatario,Ctra. a Huimilpan 1001. Int. del Centro Comercial Plaza del Sol. Col. Plazas del Sol. Iii Seccion. Cp. 76099,Querétaro,Santiago de Querétaro,20.563227,-100.375284
Huevo,Paquete C/18 Rojo,Bachoco,Huevo,Basicos,65,2026/04/08,Chedraui,Supermercado / Tienda de Autoservicio,Chedraui Sucursal Centro Sur,Blvd. Bernardo Quintana 502. Carr. con Direccion a Centro Civico. Col. Centro Sur. Cp. 76087,Querétaro,Santiago de Querétaro,20.569354,-100.358831
Huevo,Paquete C/18 Rojo,Bachoco,Huevo,Basicos,65,2026/04/13,Hipermercado Soriana,Supermercado / Tienda de Autoservicio,Soriana Hiper Sucursal Cimatario,Ctra. a Huimilpan 1001. Int. del Centro Comercial Plaza del Sol. Col. Plazas del Sol. Iii Seccion. Cp. 76099,Querétaro,Santiago de Querétaro,20.563227,-100.375284
Huevo,Paquete C/18 Rojo,Bachoco,Huevo,Basicos,65,2026/04/15,Chedraui,Supermercado / Tienda de Autoservicio,Chedraui Sucursal Centro Sur,Blvd. Bernardo Quintana 502. Carr. con Direccion a Centro Civico. Col. Centro Sur. Cp. 76087,Querétaro,Santiago de Querétaro,20.569354,-100.358831
Huevo,Paquete C/18 Rojo,Bachoco,Huevo,Basicos,66,2026/04/01,Bodega Aurrera,Supermercado / Tienda de Autoservicio,Bodega Aurrera Sucursal Centro Constituyentes,Constituyentes Oriente 334. Entre Pasteur y Manuel Ponce. Col. Mercurio. Cp. 76040,Querétaro,Santiago de Querétaro,20.586349,-100.382801
Huevo,Paquete C/18 Rojo,Bachoco,Huevo,Basicos,70,2026/04/10,Superissste,Supermercado / Tienda de Autoservicio,Superissste Sucursal 011,Calle Peluqueros No. 310 Esquina Calle Tizayuca. Col. Michoacana. Cp. 15240,Ciudad de México,Venustiano Carranza,19.446139,-99.113372
Huevo,Paquete C/18 Rojo,Bachoco,Huevo,Basicos,70,2026/04/10,Superissste,Supermercado / Tienda de Autoservicio,Superissste Sucursal 022,Av. del Taller y Retorno No. 38 Dentro del Retorno 38. Col. Jardin Balbuena. Cp. 15900,Ciudad de México,Venustiano Carranza,19.412842,-99.105666
Huevo,Paquete C/18 Rojo,Bachoco,Huevo,Basicos,72,2026/04/03,Superissste,Supermercado / Tienda de Autoservicio,Superissste Sucursal 011,Calle Peluqueros No. 310 Esquina Calle Tizayuca. Col. Michoacana. Cp. 15240,Ciudad de México,Venustiano Carranza,19.446139,-99.113372
Huevo,Paquete C/18 Rojo,Bachoco,Huevo,Basicos,72,2026/04/03,Superissste,Supermercado / Tienda de Autoservicio,Superissste Sucursal 022,Av. del Taller y Retorno No. 38 Dentro del Retorno 38. Col. Jardin Balbuena. Cp. 15900,Ciudad de México,Venustiano Carranza,19.412842,-99.105666
Huevo,Paquete C/18 Rojo,Bachoco,Huevo,Basicos,74,2026/04/07,Wal-mart,Supermercado / Tienda de Autoservicio,Walmart Sucursal Unidad Plaza de Toros,Autopista Queretaro Celaya 5501. Int. del Centro Comercial Plaza Esfera. Col. el Jacal. Cp. 76187,Querétaro,Santiago de Querétaro,20.574076,-100.408704
Huevo,Paquete C/18 Rojo,Bachoco,Huevo,Basicos,74,2026/04/14,Wal-mart,Supermercado / Tienda de Autoservicio,Walmart Sucursal Unidad Plaza de Toros,Autopista Queretaro Celaya 5501. Int. del Centro Comercial Plaza Esfera. Col. el Jacal. Cp. 76187,Querétaro,Santiago de Querétaro,20.574076,-100.408704
Huevo,Paquete C/30 Blanco,El Calvario,Huevo,Basicos,70,2026/04/01,Bodega Aurrera,Supermercado / Tienda de Autoservicio,Bodega Aurrera Sucursal Centro Constituyentes,Constituyentes Oriente 334. Entre Pasteur y Manuel Ponce. Col. Mercurio. Cp. 76040,Querétaro,Santiago de Querétaro,20.586349,-100.382801
Huevo,Paquete C/30 Blanco,El Calvario,Huevo,Basicos,70,2026/04/06,Bodega Aurrera,Supermercado / Tienda de Autoservicio,Bodega Aurrera Sucursal la Viga,Calz. de la Viga 136 Esq. del Taller. Col. Lorenzo Boturini. Cp. 15820,Ciudad de México,Venustiano Carranza,19.414749,-99.127874
Huevo,Paquete C/30 Blanco,El Calvario,Huevo,Basicos,72,2026/04/06,Wal-mart,Supermercado / Tienda de Autoservicio,Walmart Sucursal Aeropuerto,Calz. Ignacio Zaragoza 58. Esq. Blvd. Puerto Aereo. Col. Federal. Cp. 15700,Ciudad de México,Venustiano Carranza,19.41926,-99.094521
Huevo,Paquete C/30 Blanco,El Calvario,Huevo,Basicos,72,2026/04/06,Wal-mart,Supermercado / Tienda de Autoservicio,Walmart Sucursal Balbuena,Fray Servando Teresa de Mier 881. Entre Fernando Iglesia Calderon y Genaro Garcia. Col. Jardin Balbuena. Cp. 15900,Ciudad de México,Venustiano Carranza,19.418067,-99.105639
Huevo,Paquete C/30 Blanco,El Calvario,Huevo,Basicos,72,2026/04/08,Chedraui,Supermercado / Tienda de Autoservicio,Chedraui Sucursal Centro Sur,Blvd. Bernardo Quintana 502. Carr. con Direccion a Centro Civico. Col. Centro Sur. Cp. 76087,Querétaro,Santiago de Querétaro,20.569354,-100.358831
Huevo,Paquete C/30 Blanco,El Calvario,Huevo,Basicos,72,2026/04/13,Hipermercado Soriana,Supermercado / Tienda de Autoservicio,Soriana Hiper Sucursal Cimatario,Ctra. a Huimilpan 1001. Int. del Centro Comercial Plaza del Sol. Col. Plazas del Sol. Iii Seccion. Cp. 76099,Querétaro,Santiago de Querétaro,20.563227,-100.375284
Huevo,Paquete C/30 Blanco,El Calvario,Huevo,Basicos,78,2026/04/10,Superissste,Supermercado / Tienda de Autoservicio,Superissste Sucursal 011,Calle Peluqueros No. 310 Esquina Calle Tizayuca. Col. Michoacana. Cp. 15240,Ciudad de México,Venustiano Carranza,19.446139,-99.113372
Huevo,Paquete C/30 Blanco,El Calvario,Huevo,Basicos,78,2026/04/10,Superissste,Supermercado / Tienda de Autoservicio,Superissste Sucursal 022,Av. del Taller y Retorno No. 38 Dentro del Retorno 38. Col. Jardin Balbuena. Cp. 15900,Ciudad de México,Venustiano Carranza,19.412842,-99.105666
Huevo,Paquete C/30 Blanco,El Calvario,Huevo,Basicos,79.9,2026/04/06,Hipermercado Soriana,Supermercado / Tienda de Autoservicio,Soriana Hiper Sucursal Consulado (418),Rio Consulado 2355. Esq. Carlos Marx. Col. Simon Bolivar. Cp. 15410,Ciudad de México,Venustiano Carranza,19.449572,-99.100376
Huevo,Paquete C/30 Blanco,El Calvario,Huevo,Basicos,81,2026/04/03,Superissste,Supermercado / Tienda de Autoservicio,Superissste Sucursal 011,Calle Peluqueros No. 310 Esquina Calle Tizayuca. Col. Michoacana. Cp. 15240,Ciudad de México,Venustiano Carranza,19.446139,-99.113372
Huevo,Paquete C/30 Blanco,El Calvario,Huevo,Basicos,81,2026/04/03,Superissste,Supermercado / Tienda de Autoservicio,Superissste Sucursal 022,Av. del Taller y Retorno No. 38 Dentro del Retorno 38. Col. Jardin Balbuena. Cp. 15900,Ciudad de México,Venustiano Carranza,19.412842,-99.105666
Huevo,Paquete C/30 Blanco,San Juan,Huevo,Basicos,73,2026/04/15,Chedraui,Supermercado / Tienda de Autoservicio,Chedraui Sucursal Centro Sur,Blvd. Bernardo Quintana 502. Carr. con Direccion a Centro Civico. Col. Centro Sur. Cp. 76087,Querétaro,Santiago de Querétaro,20.569354,-100.358831
Huevo,Paquete C/30 Blanco,San Juan,Huevo,Basicos,74,2026/04/06,Bodega Aurrera,Supermercado / Tienda de Autoservicio,Bodega Aurrera Sucursal la Viga,Calz. de la Viga 136 Esq. del Taller. Col. Lorenzo Boturini. Cp. 15820,Ciudad de México,Venustiano Carranza,19.414749,-99.127874
Huevo,Paquete C/30 Blanco,San Juan,Huevo,Basicos,74,2026/04/06,Chedraui,Supermercado / Tienda de Autoservicio,Chedraui Sucursal Anfora,Anfora 71. Esq. Eje 1 Norte. Col. Madero. Cp. 15320,Ciudad de México,Venustiano Carranza,19.437353,-99.110088
Huevo,Paquete C/30 Blanco,San Juan,Huevo,Basicos,74,2026/04/06,Wal-mart,Supermercado / Tienda de Autoservicio,Walmart Sucursal Aeropuerto,Calz. Ignacio Zaragoza 58. Esq. Blvd. Puerto Aereo. Col. Federal. Cp. 15700,Ciudad de México,Venustiano Carranza,19.41926,-99.094521
Huevo,Paquete C/30 Blanco,San Juan,Huevo,Basicos,74,2026/04/06,Wal-mart,Supermercado / Tienda de Autoservicio,Walmart Sucursal Balbuena,Fray Servando Teresa de Mier 881. Entre Fernando Iglesia Calderon y Genaro Garcia. Col. Jardin Balbuena. Cp. 15900,Ciudad de México,Venustiano Carranza,19.418067,-99.105639
Huevo,Paquete C/30 Blanco,San Juan,Huevo,Basicos,74,2026/04/07,Wal-mart,Supermercado / Tienda de Autoservicio,Walmart Sucursal Unidad Plaza de Toros,Autopista Queretaro Celaya 5501. Int. del Centro Comercial Plaza Esfera. Col. el Jacal. Cp. 76187,Querétaro,Santiago de Querétaro,20.574076,-100.408704
Huevo,Paquete C/30 Blanco,San Juan,Huevo,Basicos,74,2026/04/08,Chedraui,Supermercado / Tienda de Autoservicio,Chedraui Sucursal Centro Sur,Blvd. Bernardo Quintana 502. Carr. con Direccion a Centro Civico. Col. Centro Sur. Cp. 76087,Querétaro,Santiago de Querétaro,20.569354,-100.358831
Huevo,Paquete C/30 Blanco,San Juan,Huevo,Basicos,74,2026/04/09,La Comer,Supermercado / Tienda de Autoservicio,Lacomer Sucursal Queretaro Estadio,Luis M. Vega y Monroy 1300. Esq.cimatario . Col. Cimatario. Cp. 76090,Querétaro,Santiago de Querétaro,20.577804,-100.373626
Huevo,Paquete C/30 Blanco,San Juan,Huevo,Basicos,74,2026/04/10,Bodega Aurrera,Supermercado / Tienda de Autoservicio,Bodega Aurrera Sucursal Centro Constituyentes,Constituyentes Oriente 334. Entre Pasteur y Manuel Ponce. Col. Mercurio. Cp. 76040,Querétaro,Santiago de Querétaro,20.586349,-100.382801
Huevo,Paquete C/30 Blanco,San Juan,Huevo,Basicos,74,2026/04/14,Wal-mart,Supermercado / Tienda de Autoservicio,Walmart Sucursal Unidad Plaza de Toros,Autopista Queretaro Celaya 5501. Int. del Centro Comercial Plaza Esfera. Col. el Jacal. Cp. 76187,Querétaro,Santiago de Querétaro,20.574076,-100.408704
Huevo,Paquete C/30 Blanco,San Juan,Huevo,Basicos,75.9,2026/04/06,Hipermercado Soriana,Supermercado / Tienda de Autoservicio,Soriana Hiper Sucursal Consulado (418),Rio Consulado 2355. Esq. Carlos Marx. Col. Simon Bolivar. Cp. 15410,Ciudad de México,Venustiano Carranza,19.449572,-99.100376
Huevo,Paquete C/30 Blanco,San Juan,Huevo,Basicos,76,2026/04/06,Hipermercado Soriana,Supermercado / Tienda de Autoservicio,Soriana Hiper Sucursal Cimatario,Ctra. a Huimilpan 1001. Int. del Centro Comercial Plaza del Sol. Col. Plazas del Sol. Iii Seccion. Cp. 76099,Querétaro,Santiago de Querétaro,20.563227,-100.375284
Huevo,Paquete C/30 Blanco,San Juan,Huevo,Basicos,76,2026/04/10,Superissste,Supermercado / Tienda de Autoservicio,Superissste Sucursal 011,Calle Peluqueros No. 310 Esquina Calle Tizayuca. Col. Michoacana. Cp. 15240,Ciudad de México,Venustiano Carranza,19.446139,-99.113372
Huevo,Paquete C/30 Blanco,San Juan,Huevo,Basicos,76,2026/04/10,Superissste,Supermercado / Tienda de Autoservicio,Superissste Sucursal 022,Av. del Taller y Retorno No. 38 Dentro del Retorno 38. Col. Jardin Balbuena. Cp. 15900,Ciudad de México,Venustiano Carranza,19.412842,-99.105666
Huevo,Paquete C/30 Blanco,San Juan,Huevo,Basicos,80,2026/04/01,Bodega Aurrera,Supermercado / Tienda de Autoservicio,Bodega Aurrera Sucursal Centro Constituyentes,Constituyentes Oriente 334. Entre Pasteur y Manuel Ponce. Col. Mercurio. Cp. 76040,Querétaro,Santiago de Querétaro,20.586349,-100.382801
Huevo,Paquete C/30 Blanco,San Juan,Huevo,Basicos,91,2026/04/03,Superissste,Supermercado / Tienda de Autoservicio,Superissste Sucursal 011,Calle Peluqueros No. 310 Esquina Calle Tizayuca. Col. Michoacana. Cp. 15240,Ciudad de México,Venustiano Carranza,19.446139,-99.113372
Huevo,Paquete C/30 Blanco,San Juan,Huevo,Basicos,91,2026/04/03,Superissste,Supermercado / Tienda de Autoservicio,Superissste Sucursal 022,Av. del Taller y Retorno No. 38 Dentro del Retorno 38. Col. Jardin Balbuena. Cp. 15900,Ciudad de México,Venustiano Carranza,19.412842,-99.105666
Huevo,Paquete C/30 Blanco,Tehuacán,Huevo,Basicos,79,2026/04/06,Chedraui,Supermercado / Tienda de Autoservicio,Chedraui Sucursal Anfora,Anfora 71. Esq. Eje 1 Norte. Col. Madero. Cp. 15320,Ciudad de México,Venustiano Carranza,19.437353,-99.110088
Huevo,Paquete C/30 Blanco,Tehuacán,Huevo,Basicos,80,2026/04/01,Bodega Aurrera,Supermercado / Tienda de Autoservicio,Bodega Aurrera Sucursal Centro Constituyentes,Constituyentes Oriente 334. Entre Pasteur y Manuel Ponce. Col. Mercurio. Cp. 76040,Querétaro,Santiago de Querétaro,20.586349,-100.382801
Huevo,Paquete C/30 Blanco,Tehuacán,Huevo,Basicos,81,2026/04/07,Wal-mart,Supermercado / Tienda de Autoservicio,Walmart Sucursal Unidad Plaza de Toros,Autopista Queretaro Celaya 5501. Int. del Centro Comercial Plaza Esfera. Col. el Jacal. Cp. 76187,Querétaro,Santiago de Querétaro,20.574076,-100.408704
Huevo,Paquete C/30 Blanco,Tehuacán,Huevo,Basicos,81,2026/04/14,Wal-mart,Supermercado / Tienda de Autoservicio,Walmart Sucursal Unidad Plaza de Toros,Autopista Queretaro Celaya 5501. Int. del Centro Comercial Plaza Esfera. Col. el Jacal. Cp. 76187,Querétaro,Santiago de Querétaro,20.574076,-100.408704
Huevo,Paquete C/30 Blanco,Tehuacán,Huevo,Basicos,93,2026/04/08,Chedraui,Supermercado / Tienda de Autoservicio,Chedraui Sucursal Centro Sur,Blvd. Bernardo Quintana 502. Carr. con Direccion a Centro Civico. Col. Centro Sur. Cp. 76087,Querétaro,Santiago de Querétaro,20.569354,-100.358831
Humylub Ofteno,Caja con Frasco Gotero con 15 Ml. Solución 1.8 Mg./1 Mg./ml.,S/M,Medicamentos,Medicamentos,475,2026/04/07,Wal-mart,Supermercado / Tienda de Autoservicio,Walmart Sucursal Unidad Plaza de Toros,Autopista Queretaro Celaya 5501. Int. del Centro Comercial Plaza Esfera. Col. el Jacal. Cp. 76187,Querétaro,Santiago de Querétaro,20.574076,-100.408704
Ibuprofeno,Caja con 10 Cápsulas de 400 Mg.,S/M,Medicamentos,Medicamentos,44,2026/04/01,Sanborn S Hnos.,Farmacias,Sanborns Sucursal los Arquitos,Constituyentes Oriente 172. Esq. de los Arquitos. Col. los Arquitos. Cp. 76050,Querétaro,Santiago de Querétaro,20.588117,-100.36869
Insecticida Aerosol,Bote 305 Gr./400 Ml. Base de Agua,Raid. Casa y Jardin,Detergentes y Productos Similares,Basicos,103,2026/04/06,Wal-mart,Supermercado / Tienda de Autoservicio,Walmart Sucursal Balbuena,Fray Servando Teresa de Mier 881. Entre Fernando Iglesia Calderon y Genaro Garcia. Col. Jardin Balbuena. Cp. 15900,Ciudad de México,Venustiano Carranza,19.418067,-99.105639
Insecticida Aerosol,Bote 338 Gr./400 Ml.,Raid. Max,Detergentes y Productos Similares,Basicos,99,2026/04/03,Superissste,Supermercado / Tienda de Autoservicio,Superissste Sucursal 022,Av. del Taller y Retorno No. 38 Dentro del Retorno 38. Col. Jardin Balbuena. Cp. 15900,Ciudad de México,Venustiano Carranza,19.412842,-99.105666
Jabón de Pasta,Barra 200 Gr. (blanco),Zote,Detergentes y Productos Similares,Basicos,11,2026/04/06,Chedraui,Supermercado / Tienda de Autoservicio,Chedraui Sucursal Anfora,Anfora 71. Esq. Eje 1 Norte. Col. Madero. Cp. 15320,Ciudad de México,Venustiano Carranza,19.437353,-99.110088
Jabón de Pasta,Barra 200 Gr. (blanco),Zote,Detergentes y Productos Similares,Basicos,11,2026/04/06,Hipermercado Soriana,Supermercado / Tienda de Autoservicio,Soriana Hiper Sucursal Cimatario,Ctra. a Huimilpan 1001. Int. del Centro Comercial Plaza del Sol. Col. Plazas del Sol. Iii Seccion. Cp. 76099,Querétaro,Santiago de Querétaro,20.563227,-100.375284
Jabón de Pasta,Barra 200 Gr. (blanco),Zote,Detergentes y Productos Similares,Basicos,12.5,2026/04/03,Superissste,Supermercado / Tienda de Autoservicio,Superissste Sucursal 011,Calle Peluqueros No. 310 Esquina Calle Tizayuca. Col. Michoacana. Cp. 15240,Ciudad de México,Venustiano Carranza,19.446139,-99.113372
Jabón de Pasta,Barra 200 Gr. (blanco),Zote,Detergentes y Productos Similares,Basicos,12.5,2026/04/03,Superissste,Supermercado / Tienda de Autoservicio,Superissste Sucursal 022,Av. del Taller y Retorno No. 38 Dentro del Retorno 38. Col. Jardin Balbuena. Cp. 15900,Ciudad de México,Venustiano Carranza,19.412842,-99.105666
Jabón de Pasta,Barra 200 Gr. (blanco),Zote,Detergentes y Productos Similares,Basicos,12.5,2026/04/06,Wal-mart,Supermercado / Tienda de Autoservicio,Walmart Sucursal Aeropuerto,Calz. Ignacio Zaragoza 58. Esq. Blvd. Puerto Aereo. Col. Federal. Cp. 15700,Ciudad de México,Venustiano Carranza,19.41926,-99.094521
Jabón de Pasta,Barra 200 Gr. (blanco),Zote,Detergentes y Productos Similares,Basicos,12.5,2026/04/06,Wal-mart,Supermercado / Tienda de Autoservicio,Walmart Sucursal Balbuena,Fray Servando Teresa de Mier 881. Entre Fernando Iglesia Calderon y Genaro Garcia. Col. Jardin Balbuena. Cp. 15900,Ciudad de México,Venustiano Carranza,19.418067,-99.105639
Jabón de Pasta,Barra 200 Gr. (blanco),Zote,Detergentes y Productos Similares,Basicos,12.5,2026/04/10,Superissste,Supermercado / Tienda de Autoservicio,Superissste Sucursal 011,Calle Peluqueros No. 310 Esquina Calle Tizayuca. Col. Michoacana. Cp. 15240,Ciudad de México,Venustiano Carranza,19.446139,-99.113372
Jabón de Pasta,Barra 200 Gr. (blanco),Zote,Detergentes y Productos Similares,Basicos,12.5,2026/04/10,Superissste,Supermercado / Tienda de Autoservicio,Superissste Sucursal 022,Av. del Taller y Retorno No. 38 Dentro del Retorno 38. Col. Jardin Balbuena. Cp. 15900,Ciudad de México,Venustiano Carranza,19.412842,-99.105666
Jabón de Pasta,Barra 200 Gr. (blanco),Zote,Detergentes y Productos Similares,Basicos,12.8,2026/04/13,Hipermercado Soriana,Supermercado / Tienda de Autoservicio,Soriana Hiper Sucursal Cimatario,Ctra. a Huimilpan 1001. Int. del Centro Comercial Plaza del Sol. Col. Plazas del Sol. Iii Seccion. Cp. 76099,Querétaro,Santiago de Querétaro,20.563227,-100.375284
Jabón de Pasta,Barra 200 Gr. (blanco),Zote,Detergentes y Productos Similares,Basicos,13.5,2026/04/06,Bodega Aurrera,Supermercado / Tienda de Autoservicio,Bodega Aurrera Sucursal la Viga,Calz. de la Viga 136 Esq. del Taller. Col. Lorenzo Boturini. Cp. 15820,Ciudad de México,Venustiano Carranza,19.414749,-99.127874
Jabón de Pasta,Barra 200 Gr. (blanco),Zote,Detergentes y Productos Similares,Basicos,13.5,2026/04/10,Bodega Aurrera,Supermercado / Tienda de Autoservicio,Bodega Aurrera Sucursal Centro Constituyentes,Constituyentes Oriente 334. Entre Pasteur y Manuel Ponce. Col. Mercurio. Cp. 76040,Querétaro,Santiago de Querétaro,20.586349,-100.382801
Jabón de Pasta,Barra 200 Gr. (blanco),Zote,Detergentes y Productos Similares,Basicos,13.5,2026/04/14,Wal-mart,Supermercado / Tienda de Autoservicio,Walmart Sucursal Unidad Plaza de Toros,Autopista Queretaro Celaya 5501. Int. del Centro Comercial Plaza Esfera. Col. el Jacal. Cp. 76187,Querétaro,Santiago de Querétaro,20.574076,-100.408704
Jabón de Pasta,Barra 200 Gr. (blanco),Zote,Detergentes y Productos Similares,Basicos,13.9,2026/04/06,Hipermercado Soriana,Supermercado / Tienda de Autoservicio,Soriana Hiper Sucursal Consulado (418),Rio Consulado 2355. Esq. Carlos Marx. Col. Simon Bolivar. Cp. 15410,Ciudad de México,Venustiano Carranza,19.449572,-99.100376
Jabón de Pasta,Barra 300 Gr. con Envoltura. (rosa),Chedraui,Detergentes y Productos Similares,Basicos,14,2026/04/06,Chedraui,Supermercado / Tienda de Autoservicio,Chedraui Sucursal Anfora,Anfora 71. Esq. Eje 1 Norte. Col. Madero. Cp. 15320,Ciudad de México,Venustiano Carranza,19.437353,-99.110088
Jabón de Pasta,Barra 400 Gr. con Envoltura,Roma,Detergentes y Productos Similares,Basicos,23.5,2026/04/03,Superissste,Supermercado / Tienda de Autoservicio,Superissste Sucursal 011,Calle Peluqueros No. 310 Esquina Calle Tizayuca. Col. Michoacana. Cp. 15240,Ciudad de México,Venustiano Carranza,19.446139,-99.113372
Jabón de Pasta,Barra 400 Gr. con Envoltura,Roma,Detergentes y Productos Similares,Basicos,23.5,2026/04/03,Superissste,Supermercado / Tienda de Autoservicio,Superissste Sucursal 022,Av. del Taller y Retorno No. 38 Dentro del Retorno 38. Col. Jardin Balbuena. Cp. 15900,Ciudad de México,Venustiano Carranza,19.412842,-99.105666
Jabón de Pasta,Barra 400 Gr. con Envoltura,Roma,Detergentes y Productos Similares,Basicos,23.5,2026/04/10,Superissste,Supermercado / Tienda de Autoservicio,Superissste Sucursal 011,Calle Peluqueros No. 310 Esquina Calle Tizayuca. Col. Michoacana. Cp. 15240,Ciudad de México,Venustiano Carranza,19.446139,-99.113372
Jabón de Pasta,Barra 400 Gr. con Envoltura,Roma,Detergentes y Productos Similares,Basicos,23.5,2026/04/10,Superissste,Supermercado / Tienda de Autoservicio,Superissste Sucursal 022,Av. del Taller y Retorno No. 38 Dentro del Retorno 38. Col. Jardin Balbuena. Cp. 15900,Ciudad de México,Venustiano Carranza,19.412842,-99.105666
Jabón de Pasta,Barra 400 Gr. con Envoltura,Roma,Detergentes y Productos Similares,Basicos,24.5,2026/04/10,Bodega Aurrera,Supermercado / Tienda de Autoservicio,Bodega Aurrera Sucursal Centro Constituyentes,Constituyentes Oriente 334. Entre Pasteur y Manuel Ponce. Col. Mercurio. Cp. 76040,Querétaro,Santiago de Querétaro,20.586349,-100.382801
Jabón de Pasta,Barra 400 Gr. con Envoltura,Roma,Detergentes y Productos Similares,Basicos,26.5,2026/04/06,Chedraui,Supermercado / Tienda de Autoservicio,Chedraui Sucursal Anfora,Anfora 71. Esq. Eje 1 Norte. Col. Madero. Cp. 15320,Ciudad de México,Venustiano Carranza,19.437353,-99.110088
Jabón de Pasta,Barra 400 Gr. con Envoltura,Roma,Detergentes y Productos Similares,Basicos,27,2026/04/06,Wal-mart,Supermercado / Tienda de Autoservicio,Walmart Sucursal Aeropuerto,Calz. Ignacio Zaragoza 58. Esq. Blvd. Puerto Aereo. Col. Federal. Cp. 15700,Ciudad de México,Venustiano Carranza,19.41926,-99.094521
Jabón de Pasta,Barra 400 Gr. con Envoltura,Roma,Detergentes y Productos Similares,Basicos,27,2026/04/06,Wal-mart,Supermercado / Tienda de Autoservicio,Walmart Sucursal Balbuena,Fray Servando Teresa de Mier 881. Entre Fernando Iglesia Calderon y Genaro Garcia. Col. Jardin Balbuena. Cp. 15900,Ciudad de México,Venustiano Carranza,19.418067,-99.105639
Jabón de Pasta,Barra 400 Gr. con Envoltura,Roma,Detergentes y Productos Similares,Basicos,27,2026/04/09,La Comer,Supermercado / Tienda de Autoservicio,Lacomer Sucursal Queretaro Estadio,Luis M. Vega y Monroy 1300. Esq.cimatario . Col. Cimatario. Cp. 76090,Querétaro,Santiago de Querétaro,20.577804,-100.373626
Jabón de Pasta,Barra 400 Gr. con Envoltura,Roma,Detergentes y Productos Similares,Basicos,27,2026/04/14,Wal-mart,Supermercado / Tienda de Autoservicio,Walmart Sucursal Unidad Plaza de Toros,Autopista Queretaro Celaya 5501. Int. del Centro Comercial Plaza Esfera. Col. el Jacal. Cp. 76187,Querétaro,Santiago de Querétaro,20.574076,-100.408704
Jabón de Pasta,Barra 400 Gr. con Envoltura,Roma,Detergentes y Productos Similares,Basicos,27.5,2026/04/06,Hipermercado Soriana,Supermercado / Tienda de Autoservicio,Soriana Hiper Sucursal Cimatario,Ctra. a Huimilpan 1001. Int. del Centro Comercial Plaza del Sol. Col. Plazas del Sol. Iii Seccion. Cp. 76099,Querétaro,Santiago de Querétaro,20.563227,-100.375284
Jabón de Pasta,Barra 400 Gr. con Envoltura,Roma,Detergentes y Productos Similares,Basicos,27.5,2026/04/13,Hipermercado Soriana,Supermercado / Tienda de Autoservicio,Soriana Hiper Sucursal Cimatario,Ctra. a Huimilpan 1001. Int. del Centro Comercial Plaza del Sol. Col. Plazas del Sol. Iii Seccion. Cp. 76099,Querétaro,Santiago de Querétaro,20.563227,-100.375284
Jabón de Pasta,Barra 400 Gr. con Envoltura,Roma,Detergentes y Productos Similares,Basicos,28,2026/04/06,Bodega Aurrera,Supermercado / Tienda de Autoservicio,Bodega Aurrera Sucursal la Viga,Calz. de la Viga 136 Esq. del Taller. Col. Lorenzo Boturini. Cp. 15820,Ciudad de México,Venustiano Carranza,19.414749,-99.127874
Jabón de Pasta,Barra 400 Gr. con Envoltura. (amarillo),Tepeyac,Detergentes y Productos Similares,Basicos,23.9,2026/04/03,Superissste,Supermercado / Tienda de Autoservicio,Superissste Sucursal 011,Calle Peluqueros No. 310 Esquina Calle Tizayuca. Col. Michoacana. Cp. 15240,Ciudad de México,Venustiano Carranza,19.446139,-99.113372
Jabón de Pasta,Barra 400 Gr. con Envoltura. (amarillo),Tepeyac,Detergentes y Productos Similares,Basicos,23.9,2026/04/03,Superissste,Supermercado / Tienda de Autoservicio,Superissste Sucursal 022,Av. del Taller y Retorno No. 38 Dentro del Retorno 38. Col. Jardin Balbuena. Cp. 15900,Ciudad de México,Venustiano Carranza,19.412842,-99.105666
Jabón de Pasta,Barra 400 Gr. con Envoltura. (amarillo),Tepeyac,Detergentes y Productos Similares,Basicos,23.9,2026/04/06,Hipermercado Soriana,Supermercado / Tienda de Autoservicio,Soriana Hiper Sucursal Cimatario,Ctra. a Huimilpan 1001. Int. del Centro Comercial Plaza del Sol. Col. Plazas del Sol. Iii Seccion. Cp. 76099,Querétaro,Santiago de Querétaro,20.563227,-100.375284
Jabón de Pasta,Barra 400 Gr. con Envoltura. (amarillo),Tepeyac,Detergentes y Productos Similares,Basicos,23.9,2026/04/10,Superissste,Supermercado / Tienda de Autoservicio,Superissste Sucursal 011,Calle Peluqueros No. 310 Esquina Calle Tizayuca. Col. Michoacana. Cp. 15240,Ciudad de México,Venustiano Carranza,19.446139,-99.113372
Jabón de Pasta,Barra 400 Gr. con Envoltura. (amarillo),Tepeyac,Detergentes y Productos Similares,Basicos,23.9,2026/04/10,Superissste,Supermercado / Tienda de Autoservicio,Superissste Sucursal 022,Av. del Taller y Retorno No. 38 Dentro del Retorno 38. Col. Jardin Balbuena. Cp. 15900,Ciudad de México,Venustiano Carranza,19.412842,-99.105666
Jabón de Pasta,Barra 400 Gr. con Envoltura. (amarillo),Tepeyac,Detergentes y Productos Similares,Basicos,23.9,2026/04/13,Hipermercado Soriana,Supermercado / Tienda de Autoservicio,Soriana Hiper Sucursal Cimatario,Ctra. a Huimilpan 1001. Int. del Centro Comercial Plaza del Sol. Col. Plazas del Sol. Iii Seccion. Cp. 76099,Querétaro,Santiago de Querétaro,20.563227,-100.375284
Jabón de Pasta,Barra 400 Gr. con Envoltura. (amarillo),Tepeyac,Detergentes y Productos Similares,Basicos,26.5,2026/04/06,Hipermercado Soriana,Supermercado / Tienda de Autoservicio,Soriana Hiper Sucursal Consulado (418),Rio Consulado 2355. Esq. Carlos Marx. Col. Simon Bolivar. Cp. 15410,Ciudad de México,Venustiano Carranza,19.449572,-99.100376
Jabón de Pasta,Barra 400 Gr. con Envoltura. (amarillo),Tepeyac,Detergentes y Productos Similares,Basicos,27.5,2026/04/06,Bodega Aurrera,Supermercado / Tienda de Autoservicio,Bodega Aurrera Sucursal la Viga,Calz. de la Viga 136 Esq. del Taller. Col. Lorenzo Boturini. Cp. 15820,Ciudad de México,Venustiano Carranza,19.414749,-99.127874
Jabón de Pasta,Barra 400 Gr. con Envoltura. (amarillo),Tepeyac,Detergentes y Productos Similares,Basicos,28,2026/04/06,Chedraui,Supermercado / Tienda de Autoservicio,Chedraui Sucursal Anfora,Anfora 71. Esq. Eje 1 Norte. Col. Madero. Cp. 15320,Ciudad de México,Venustiano Carranza,19.437353,-99.110088
Jabón de Pasta,Barra 400 Gr. con Envoltura. (amarillo),Tepeyac,Detergentes y Productos Similares,Basicos,28,2026/04/06,Wal-mart,Supermercado / Tienda de Autoservicio,Walmart Sucursal Aeropuerto,Calz. Ignacio Zaragoza 58. Esq. Blvd. Puerto Aereo. Col. Federal. Cp. 15700,Ciudad de México,Venustiano Carranza,19.41926,-99.094521
Jabón de Pasta,Barra 400 Gr. con Envoltura. (amarillo),Tepeyac,Detergentes y Productos Similares,Basicos,28,2026/04/06,Wal-mart,Supermercado / Tienda de Autoservicio,Walmart Sucursal Balbuena,Fray Servando Teresa de Mier 881. Entre Fernando Iglesia Calderon y Genaro Garcia. Col. Jardin Balbuena. Cp. 15900,Ciudad de México,Venustiano Carranza,19.418067,-99.105639
Jabón de Pasta,Barra 400 Gr. con Envoltura. (amarillo),Tepeyac,Detergentes y Productos Similares,Basicos,28,2026/04/14,Wal-mart,Supermercado / Tienda de Autoservicio,Walmart Sucursal Unidad Plaza de Toros,Autopista Queretaro Celaya 5501. Int. del Centro Comercial Plaza Esfera. Col. el Jacal. Cp. 76187,Querétaro,Santiago de Querétaro,20.574076,-100.408704
Jabón de Pasta,Barra 400 Gr. con Envoltura. (rosa),Zote,Detergentes y Productos Similares,Basicos,16.9,2026/04/09,La Comer,Supermercado / Tienda de Autoservicio,Lacomer Sucursal Queretaro Estadio,Luis M. Vega y Monroy 1300. Esq.cimatario . Col. Cimatario. Cp. 76090,Querétaro,Santiago de Querétaro,20.577804,-100.373626
Jabón de Pasta,Barra 400 Gr. con Envoltura. (rosa),Zote,Detergentes y Productos Similares,Basicos,19,2026/04/10,Bodega Aurrera,Supermercado / Tienda de Autoservicio,Bodega Aurrera Sucursal Centro Constituyentes,Constituyentes Oriente 334. Entre Pasteur y Manuel Ponce. Col. Mercurio. Cp. 76040,Querétaro,Santiago de Querétaro,20.586349,-100.382801
Jabón de Pasta,Barra 400 Gr. con Envoltura. (rosa),Zote,Detergentes y Productos Similares,Basicos,20,2026/04/06,Chedraui,Supermercado / Tienda de Autoservicio,Chedraui Sucursal Anfora,Anfora 71. Esq. Eje 1 Norte. Col. Madero. Cp. 15320,Ciudad de México,Venustiano Carranza,19.437353,-99.110088
Jabón de Pasta,Barra 400 Gr. con Envoltura. (rosa),Zote,Detergentes y Productos Similares,Basicos,20,2026/04/06,Hipermercado Soriana,Supermercado / Tienda de Autoservicio,Soriana Hiper Sucursal Cimatario,Ctra. a Huimilpan 1001. Int. del Centro Comercial Plaza del Sol. Col. Plazas del Sol. Iii Seccion. Cp. 76099,Querétaro,Santiago de Querétaro,20.563227,-100.375284
Jabón de Pasta,Barra 400 Gr. con Envoltura. (rosa),Zote,Detergentes y Productos Similares,Basicos,20,2026/04/13,Hipermercado Soriana,Supermercado / Tienda de Autoservicio,Soriana Hiper Sucursal Cimatario,Ctra. a Huimilpan 1001. Int. del Centro Comercial Plaza del Sol. Col. Plazas del Sol. Iii Seccion. Cp. 76099,Querétaro,Santiago de Querétaro,20.563227,-100.375284
Jabón de Pasta,Barra 400 Gr. con Envoltura. (rosa),Zote,Detergentes y Productos Similares,Basicos,21.9,2026/04/06,Hipermercado Soriana,Supermercado / Tienda de Autoservicio,Soriana Hiper Sucursal Consulado (418),Rio Consulado 2355. Esq. Carlos Marx. Col. Simon Bolivar. Cp. 15410,Ciudad de México,Venustiano Carranza,19.449572,-99.100376
Jabón de Pasta,Barra 400 Gr. con Envoltura. (rosa),Zote,Detergentes y Productos Similares,Basicos,22,2026/04/06,Wal-mart,Supermercado / Tienda de Autoservicio,Walmart Sucursal Aeropuerto,Calz. Ignacio Zaragoza 58. Esq. Blvd. Puerto Aereo. Col. Federal. Cp. 15700,Ciudad de México,Venustiano Carranza,19.41926,-99.094521
Jabón de Pasta,Barra 400 Gr. con Envoltura. (rosa),Zote,Detergentes y Productos Similares,Basicos,22,2026/04/14,Wal-mart,Supermercado / Tienda de Autoservicio,Walmart Sucursal Unidad Plaza de Toros,Autopista Queretaro Celaya 5501. Int. del Centro Comercial Plaza Esfera. Col. el Jacal. Cp. 76187,Querétaro,Santiago de Querétaro,20.574076,-100.408704
Jabón de Pasta,Barra 400 Gr. con Envoltura. (rosa),Zote,Detergentes y Productos Similares,Basicos,23,2026/04/06,Bodega Aurrera,Supermercado / Tienda de Autoservicio,Bodega Aurrera Sucursal la Viga,Calz. de la Viga 136 Esq. del Taller. Col. Lorenzo Boturini. Cp. 15820,Ciudad de México,Venustiano Carranza,19.414749,-99.127874
Jabón de Pasta,Barra 400 Gr. con Envoltura. (rosa),Zote,Detergentes y Productos Similares,Basicos,25,2026/04/06,Wal-mart,Supermercado / Tienda de Autoservicio,Walmart Sucursal Balbuena,Fray Servando Teresa de Mier 881. Entre Fernando Iglesia Calderon y Genaro Garcia. Col. Jardin Balbuena. Cp. 15900,Ciudad de México,Venustiano Carranza,19.418067,-99.105639
Jabón de Pasta,Barra 400 Gr. con Envoltura. (rosa),Zote,Detergentes y Productos Similares,Basicos,27.5,2026/04/07,Oxxo,Tienda de Conveniencia,Oxxo Sucursal Corregidora 50 Cr,Circuito Moises Solana No. 128. Esq. Gertrudis Bocanegra. Col. Burocratas. Cp. 76070,Querétaro,Santiago de Querétaro,20.57462,-100.384232
Jabón de Pasta,Barra 400 Gr. con Envoltura. (rosa),Zote,Detergentes y Productos Similares,Basicos,27.5,2026/04/14,Oxxo,Tienda de Conveniencia,Oxxo Sucursal Corregidora 50 Cr,Circuito Moises Solana No. 128. Esq. Gertrudis Bocanegra. Col. Burocratas. Cp. 76070,Querétaro,Santiago de Querétaro,20.57462,-100.384232
Jabón de Pasta,Barra 400 Gr. con Envoltura. Frescura Agradable,Carisma,Detergentes y Productos Similares,Basicos,24,2026/04/03,Superissste,Supermercado / Tienda de Autoservicio,Superissste Sucursal 011,Calle Peluqueros No. 310 Esquina Calle Tizayuca. Col. Michoacana. Cp. 15240,Ciudad de México,Venustiano Carranza,19.446139,-99.113372
Jabón de Pasta,Barra 400 Gr. con Envoltura. Frescura Agradable,Carisma,Detergentes y Productos Similares,Basicos,24,2026/04/03,Superissste,Supermercado / Tienda de Autoservicio,Superissste Sucursal 022,Av. del Taller y Retorno No. 38 Dentro del Retorno 38. Col. Jardin Balbuena. Cp. 15900,Ciudad de México,Venustiano Carranza,19.412842,-99.105666
Jabón de Pasta,Barra 400 Gr. con Envoltura. Frescura Agradable,Carisma,Detergentes y Productos Similares,Basicos,24,2026/04/10,Superissste,Supermercado / Tienda de Autoservicio,Superissste Sucursal 011,Calle Peluqueros No. 310 Esquina Calle Tizayuca. Col. Michoacana. Cp. 15240,Ciudad de México,Venustiano Carranza,19.446139,-99.113372
Jabón de Pasta,Barra 400 Gr. con Envoltura. Frescura Agradable,Carisma,Detergentes y Productos Similares,Basicos,24,2026/04/10,Superissste,Supermercado / Tienda de Autoservicio,Superissste Sucursal 022,Av. del Taller y Retorno No. 38 Dentro del Retorno 38. Col. Jardin Balbuena. Cp. 15900,Ciudad de México,Venustiano Carranza,19.412842,-99.105666
Jabón de Pasta,Barra 400 Gr. con Envoltura. Frescura Agradable,Carisma,Detergentes y Productos Similares,Basicos,25,2026/04/09,La Comer,Supermercado / Tienda de Autoservicio,Lacomer Sucursal Queretaro Estadio,Luis M. Vega y Monroy 1300. Esq.cimatario . Col. Cimatario. Cp. 76090,Querétaro,Santiago de Querétaro,20.577804,-100.373626
Jabón de Pasta,Barra 400 Gr. con Envoltura. Frescura Agradable,Carisma,Detergentes y Productos Similares,Basicos,28,2026/04/06,Bodega Aurrera,Supermercado / Tienda de Autoservicio,Bodega Aurrera Sucursal la Viga,Calz. de la Viga 136 Esq. del Taller. Col. Lorenzo Boturini. Cp. 15820,Ciudad de México,Venustiano Carranza,19.414749,-99.127874
Jabón de Pasta,Barra 400 Gr. con Envoltura. Frescura Agradable,Carisma,Detergentes y Productos Similares,Basicos,28,2026/04/06,Chedraui,Supermercado / Tienda de Autoservicio,Chedraui Sucursal Anfora,Anfora 71. Esq. Eje 1 Norte. Col. Madero. Cp. 15320,Ciudad de México,Venustiano Carranza,19.437353,-99.110088
Jabón de Pasta,Barra 400 Gr. con Envoltura. Frescura Agradable,Carisma,Detergentes y Productos Similares,Basicos,29,2026/04/06,Wal-mart,Supermercado / Tienda de Autoservicio,Walmart Sucursal Aeropuerto,Calz. Ignacio Zaragoza 58. Esq. Blvd. Puerto Aereo. Col. Federal. Cp. 15700,Ciudad de México,Venustiano Carranza,19.41926,-99.094521
Jabón de Pasta,Barra 400 Gr. con Envoltura. Frescura Agradable,Carisma,Detergentes y Productos Similares,Basicos,29,2026/04/06,Wal-mart,Supermercado / Tienda de Autoservicio,Walmart Sucursal Balbuena,Fray Servando Teresa de Mier 881. Entre Fernando Iglesia Calderon y Genaro Garcia. Col. Jardin Balbuena. Cp. 15900,Ciudad de México,Venustiano Carranza,19.418067,-99.105639
Jabón de Pasta,Barra 400 Gr. con Envoltura. Frescura Agradable,Carisma,Detergentes y Productos Similares,Basicos,29,2026/04/14,Wal-mart,Supermercado / Tienda de Autoservicio,Walmart Sucursal Unidad Plaza de Toros,Autopista Queretaro Celaya 5501. Int. del Centro Comercial Plaza Esfera. Col. el Jacal. Cp. 76187,Querétaro,Santiago de Querétaro,20.574076,-100.408704
Jabón de Pasta,Barra 400 Gr. con Envoltura. Frescura Agradable,Carisma,Detergentes y Productos Similares,Basicos,30.5,2026/04/06,Hipermercado Soriana,Supermercado / Tienda de Autoservicio,Soriana Hiper Sucursal Consulado (418),Rio Consulado 2355. Esq. Carlos Marx. Col. Simon Bolivar. Cp. 15410,Ciudad de México,Venustiano Carranza,19.449572,-99.100376
Jabón de Pasta,Barra 400 Gr. con Envoltura. Frescura Agradable,Carisma,Detergentes y Productos Similares,Basicos,30.9,2026/04/06,Hipermercado Soriana,Supermercado / Tienda de Autoservicio,Soriana Hiper Sucursal Cimatario,Ctra. a Huimilpan 1001. Int. del Centro Comercial Plaza del Sol. Col. Plazas del Sol. Iii Seccion. Cp. 76099,Querétaro,Santiago de Querétaro,20.563227,-100.375284
Jabón de Pasta,Barra 400 Gr. con Envoltura. Frescura Agradable,Carisma,Detergentes y Productos Similares,Basicos,30.9,2026/04/13,Hipermercado Soriana,Supermercado / Tienda de Autoservicio,Soriana Hiper Sucursal Cimatario,Ctra. a Huimilpan 1001. Int. del Centro Comercial Plaza del Sol. Col. Plazas del Sol. Iii Seccion. Cp. 76099,Querétaro,Santiago de Querétaro,20.563227,-100.375284
Jabón de Pasta,Barra 400 Gr. con Envoltura. Lavanderia,Lirio,Detergentes y Productos Similares,Basicos,19,2026/04/13,Hipermercado Soriana,Supermercado / Tienda de Autoservicio,Soriana Hiper Sucursal Cimatario,Ctra. a Huimilpan 1001. Int. del Centro Comercial Plaza del Sol. Col. Plazas del Sol. Iii Seccion. Cp. 76099,Querétaro,Santiago de Querétaro,20.563227,-100.375284
Jabón de Pasta,Barra 400 Gr. con Envoltura. Lavanderia,Lirio,Detergentes y Productos Similares,Basicos,21.5,2026/04/06,Hipermercado Soriana,Supermercado / Tienda de Autoservicio,Soriana Hiper Sucursal Cimatario,Ctra. a Huimilpan 1001. Int. del Centro Comercial Plaza del Sol. Col. Plazas del Sol. Iii Seccion. Cp. 76099,Querétaro,Santiago de Querétaro,20.563227,-100.375284
Jabón de Pasta,Barra 400 Gr. con Envoltura. Lavanderia,Lirio,Detergentes y Productos Similares,Basicos,22,2026/04/06,Chedraui,Supermercado / Tienda de Autoservicio,Chedraui Sucursal Anfora,Anfora 71. Esq. Eje 1 Norte. Col. Madero. Cp. 15320,Ciudad de México,Venustiano Carranza,19.437353,-99.110088
Jabón de Pasta,Barra 400 Gr. con Envoltura. Lavanderia,Lirio,Detergentes y Productos Similares,Basicos,23,2026/04/03,Superissste,Supermercado / Tienda de Autoservicio,Superissste Sucursal 011,Calle Peluqueros No. 310 Esquina Calle Tizayuca. Col. Michoacana. Cp. 15240,Ciudad de México,Venustiano Carranza,19.446139,-99.113372
Jabón de Pasta,Barra 400 Gr. con Envoltura. Lavanderia,Lirio,Detergentes y Productos Similares,Basicos,23,2026/04/03,Superissste,Supermercado / Tienda de Autoservicio,Superissste Sucursal 022,Av. del Taller y Retorno No. 38 Dentro del Retorno 38. Col. Jardin Balbuena. Cp. 15900,Ciudad de México,Venustiano Carranza,19.412842,-99.105666
Jabón de Pasta,Barra 400 Gr. con Envoltura. Lavanderia,Lirio,Detergentes y Productos Similares,Basicos,23,2026/04/09,La Comer,Supermercado / Tienda de Autoservicio,Lacomer Sucursal Queretaro Estadio,Luis M. Vega y Monroy 1300. Esq.cimatario . Col. Cimatario. Cp. 76090,Querétaro,Santiago de Querétaro,20.577804,-100.373626
Jabón de Pasta,Barra 400 Gr. con Envoltura. Lavanderia,Lirio,Detergentes y Productos Similares,Basicos,23,2026/04/10,Superissste,Supermercado / Tienda de Autoservicio,Superissste Sucursal 011,Calle Peluqueros No. 310 Esquina Calle Tizayuca. Col. Michoacana. Cp. 15240,Ciudad de México,Venustiano Carranza,19.446139,-99.113372
Jabón de Pasta,Barra 400 Gr. con Envoltura. Lavanderia,Lirio,Detergentes y Productos Similares,Basicos,23,2026/04/10,Superissste,Supermercado / Tienda de Autoservicio,Superissste Sucursal 022,Av. del Taller y Retorno No. 38 Dentro del Retorno 38. Col. Jardin Balbuena. Cp. 15900,Ciudad de México,Venustiano Carranza,19.412842,-99.105666
Jabón de Pasta,Barra 400 Gr. con Envoltura. Lavanderia,Lirio,Detergentes y Productos Similares,Basicos,24.5,2026/04/06,Hipermercado Soriana,Supermercado / Tienda de Autoservicio,Soriana Hiper Sucursal Consulado (418),Rio Consulado 2355. Esq. Carlos Marx. Col. Simon Bolivar. Cp. 15410,Ciudad de México,Venustiano Carranza,19.449572,-99.100376
Jabón de Tocador,Barra 135 Gr. Aloe Vera,Aurrera,Arts. para el Cuidado Personal,Pacic,5,2026/04/01,Bodega Aurrera,Supermercado / Tienda de Autoservicio,Bodega Aurrera Sucursal Centro Constituyentes,Constituyentes Oriente 334. Entre Pasteur y Manuel Ponce. Col. Mercurio. Cp. 76040,Querétaro,Santiago de Querétaro,20.586349,-100.382801
Jabón de Tocador,Barra 135 Gr. Natural con Aroma de Almendras,Manila,Arts. para el Cuidado Personal,Pacic,9.5,2026/04/03,Superissste,Supermercado / Tienda de Autoservicio,Superissste Sucursal 011,Calle Peluqueros No. 310 Esquina Calle Tizayuca. Col. Michoacana. Cp. 15240,Ciudad de México,Venustiano Carranza,19.446139,-99.113372
Jabón de Tocador para Bebé,Caja con Barra 90 Gr.,Baby Magic. Mennen,Arts. para el Cuidado Personal,Basicos,21.5,2026/04/03,Superissste,Supermercado / Tienda de Autoservicio,Superissste Sucursal 011,Calle Peluqueros No. 310 Esquina Calle Tizayuca. Col. Michoacana. Cp. 15240,Ciudad de México,Venustiano Carranza,19.446139,-99.113372
Jamón,1 Kg. Granel. de Pavo. Virginia,Parma. Sabori,Carnes Frias Secas y Embutidos,Basicos,252,2026/04/09,La Comer,Supermercado / Tienda de Autoservicio,Lacomer Sucursal Queretaro Estadio,Luis M. Vega y Monroy 1300. Esq.cimatario . Col. Cimatario. Cp. 76090,Querétaro,Santiago de Querétaro,20.577804,-100.373626
Jamón,Paquete 300 Gr. de Pierna Real,San Rafael,Carnes Frias Secas y Embutidos,Basicos,92,2026/04/09,La Comer,Supermercado / Tienda de Autoservicio,Lacomer Sucursal Queretaro Estadio,Luis M. Vega y Monroy 1300. Esq.cimatario . Col. Cimatario. Cp. 76090,Querétaro,Santiago de Querétaro,20.577804,-100.373626
Janumet,Caja con 56 Comprimidos de 50 Mg./500 Mg.,S/M,Medicamentos,Medicamentos,2000,2026/04/07,Farmacias del Ahorro,Farmacias,Farmacias del Ahorro Sucursal Queretaro,Constituyentes Pte. 46. Entre Fernando de Tapia y Melchor Ocampo. Col. Centro. Cp. 76000,Querétaro,Santiago de Querétaro,20.584013,-100.394346
Janumet,Caja con 56 Comprimidos de 50 Mg./850 Mg.,S/M,Medicamentos,Medicamentos,1785,2026/04/06,Hipermercado Soriana,Supermercado / Tienda de Autoservicio,Soriana Hiper Sucursal Consulado (418),Rio Consulado 2355. Esq. Carlos Marx. Col. Simon Bolivar. Cp. 15410,Ciudad de México,Venustiano Carranza,19.449572,-99.100376
Jitomate,1 Kg. Granel. Bola/sinaloa o Tomate Bola,S/M,Hortalizas Frescas,Frutas y Legumbres,35,2026/04/13,Mercado Publico,Mercados,Mercado Lomas de Casablanca,Avenida 10. Esq. Calle 23. Col. Lomas de Casa Blanca. Cp. 76080,Querétaro,Santiago de Querétaro,20.603024,-100.396263
Jitomate,1 Kg. Granel. Bola/sinaloa o Tomate Bola,S/M,Hortalizas Frescas,Frutas y Legumbres,39.9,2026/04/15,Chedraui,Supermercado / Tienda de Autoservicio,Chedraui Sucursal Centro Sur,Blvd. Bernardo Quintana 502. Carr. con Direccion a Centro Civico. Col. Centro Sur. Cp. 76087,Querétaro,Santiago de Querétaro,20.569354,-100.358831
Jitomate,1 Kg. Granel. Bola/sinaloa o Tomate Bola,S/M,Hortalizas Frescas,Frutas y Legumbres,48.5,2026/04/01,Chedraui,Supermercado / Tienda de Autoservicio,Chedraui Sucursal Centro Sur,Blvd. Bernardo Quintana 502. Carr. con Direccion a Centro Civico. Col. Centro Sur. Cp. 76087,Querétaro,Santiago de Querétaro,20.569354,-100.358831
Jitomate,1 Kg. Granel. Bola/sinaloa o Tomate Bola,S/M,Hortalizas Frescas,Frutas y Legumbres,48.5,2026/04/06,Chedraui,Supermercado / Tienda de Autoservicio,Chedraui Sucursal Anfora,Anfora 71. Esq. Eje 1 Norte. Col. Madero. Cp. 15320,Ciudad de México,Venustiano Carranza,19.437353,-99.110088
Jitomate,1 Kg. Granel. Bola/sinaloa o Tomate Bola,S/M,Hortalizas Frescas,Frutas y Legumbres,55.1,2026/04/08,Chedraui,Supermercado / Tienda de Autoservicio,Chedraui Sucursal Centro Sur,Blvd. Bernardo Quintana 502. Carr. con Direccion a Centro Civico. Col. Centro Sur. Cp. 76087,Querétaro,Santiago de Querétaro,20.569354,-100.358831
Jitomate,1 Kg. Granel. Bola/sinaloa o Tomate Bola,S/M,Hortalizas Frescas,Pacic,27.9,2026/04/13,Hipermercado Soriana,Supermercado / Tienda de Autoservicio,Soriana Hiper Sucursal Cimatario,Ctra. a Huimilpan 1001. Int. del Centro Comercial Plaza del Sol. Col. Plazas del Sol. Iii Seccion. Cp. 76099,Querétaro,Santiago de Querétaro,20.563227,-100.375284
Jitomate,1 Kg. Granel. Bola/sinaloa o Tomate Bola,S/M,Hortalizas Frescas,Pacic,39.9,2026/04/01,Wal-mart,Supermercado / Tienda de Autoservicio,Walmart Sucursal Unidad Plaza de Toros,Autopista Queretaro Celaya 5501. Int. del Centro Comercial Plaza Esfera. Col. el Jacal. Cp. 76187,Querétaro,Santiago de Querétaro,20.574076,-100.408704
Jitomate,1 Kg. Granel. Saladette/huaje o Tomate Saladette/huaje,S/M,Hortalizas Frescas,Frutas y Legumbres,39,2026/04/01,Chedraui,Supermercado / Tienda de Autoservicio,Chedraui Sucursal Centro Sur,Blvd. Bernardo Quintana 502. Carr. con Direccion a Centro Civico. Col. Centro Sur. Cp. 76087,Querétaro,Santiago de Querétaro,20.569354,-100.358831
Jitomate,1 Kg. Granel. Saladette/huaje o Tomate Saladette/huaje,S/M,Hortalizas Frescas,Frutas y Legumbres,42,2026/04/06,Wal-mart,Supermercado / Tienda de Autoservicio,Walmart Sucursal Balbuena,Fray Servando Teresa de Mier 881. Entre Fernando Iglesia Calderon y Genaro Garcia. Col. Jardin Balbuena. Cp. 15900,Ciudad de México,Venustiano Carranza,19.418067,-99.105639
Jitomate,1 Kg. Granel. Saladette/huaje o Tomate Saladette/huaje,S/M,Hortalizas Frescas,Frutas y Legumbres,42,2026/04/08,Chedraui,Supermercado / Tienda de Autoservicio,Chedraui Sucursal Centro Sur,Blvd. Bernardo Quintana 502. Carr. con Direccion a Centro Civico. Col. Centro Sur. Cp. 76087,Querétaro,Santiago de Querétaro,20.569354,-100.358831
Jitomate,1 Kg. Granel. Saladette/huaje o Tomate Saladette/huaje,S/M,Hortalizas Frescas,Frutas y Legumbres,42,2026/04/13,Mercado Publico,Mercados,Mercado Lomas de Casablanca,Avenida 10. Esq. Calle 23. Col. Lomas de Casa Blanca. Cp. 76080,Querétaro,Santiago de Querétaro,20.603024,-100.396263
Jitomate,1 Kg. Granel. Saladette/huaje o Tomate Saladette/huaje,S/M,Hortalizas Frescas,Frutas y Legumbres,45,2026/04/06,Mercado Publico,Mercados,Mercado Romero Rubio,Cairo S/n. Esq. Persia. Col. Romero Rubio. Cp. 15400,Ciudad de México,Venustiano Carranza,19.388643,-99.066708
Jitomate,1 Kg. Granel. Saladette/huaje o Tomate Saladette/huaje,S/M,Hortalizas Frescas,Frutas y Legumbres,45,2026/04/10,Mercado Publico,Mercados,Mercado Lomas de Casablanca,Avenida 10. Esq. Calle 23. Col. Lomas de Casa Blanca. Cp. 76080,Querétaro,Santiago de Querétaro,20.603024,-100.396263
Jitomate,1 Kg. Granel. Saladette/huaje o Tomate Saladette/huaje,S/M,Hortalizas Frescas,Frutas y Legumbres,46.9,2026/04/09,La Comer,Supermercado / Tienda de Autoservicio,Lacomer Sucursal Queretaro Estadio,Luis M. Vega y Monroy 1300. Esq.cimatario . Col. Cimatario. Cp. 76090,Querétaro,Santiago de Querétaro,20.577804,-100.373626
Jitomate,1 Kg. Granel. Saladette/huaje o Tomate Saladette/huaje,S/M,Hortalizas Frescas,Frutas y Legumbres,49,2026/04/01,Bodega Aurrera,Supermercado / Tienda de Autoservicio,Bodega Aurrera Sucursal Centro Constituyentes,Constituyentes Oriente 334. Entre Pasteur y Manuel Ponce. Col. Mercurio. Cp. 76040,Querétaro,Santiago de Querétaro,20.586349,-100.382801
Jitomate,1 Kg. Granel. Saladette/huaje o Tomate Saladette/huaje,S/M,Hortalizas Frescas,Frutas y Legumbres,49,2026/04/06,Bodega Aurrera,Supermercado / Tienda de Autoservicio,Bodega Aurrera Sucursal la Viga,Calz. de la Viga 136 Esq. del Taller. Col. Lorenzo Boturini. Cp. 15820,Ciudad de México,Venustiano Carranza,19.414749,-99.127874
Jitomate,1 Kg. Granel. Saladette/huaje o Tomate Saladette/huaje,S/M,Hortalizas Frescas,Frutas y Legumbres,49,2026/04/06,Chedraui,Supermercado / Tienda de Autoservicio,Chedraui Sucursal Anfora,Anfora 71. Esq. Eje 1 Norte. Col. Madero. Cp. 15320,Ciudad de México,Venustiano Carranza,19.437353,-99.110088
Jitomate,1 Kg. Granel. Saladette/huaje o Tomate Saladette/huaje,S/M,Hortalizas Frescas,Frutas y Legumbres,49,2026/04/10,Bodega Aurrera,Supermercado / Tienda de Autoservicio,Bodega Aurrera Sucursal Centro Constituyentes,Constituyentes Oriente 334. Entre Pasteur y Manuel Ponce. Col. Mercurio. Cp. 76040,Querétaro,Santiago de Querétaro,20.586349,-100.382801
Jitomate,1 Kg. Granel. Saladette/huaje o Tomate Saladette/huaje,S/M,Hortalizas Frescas,Frutas y Legumbres,49,2026/04/15,Chedraui,Supermercado / Tienda de Autoservicio,Chedraui Sucursal Centro Sur,Blvd. Bernardo Quintana 502. Carr. con Direccion a Centro Civico. Col. Centro Sur. Cp. 76087,Querétaro,Santiago de Querétaro,20.569354,-100.358831
Jitomate,1 Kg. Granel. Saladette/huaje o Tomate Saladette/huaje,S/M,Hortalizas Frescas,Frutas y Legumbres,54.9,2026/04/06,Hipermercado Soriana,Supermercado / Tienda de Autoservicio,Soriana Hiper Sucursal Consulado (418),Rio Consulado 2355. Esq. Carlos Marx. Col. Simon Bolivar. Cp. 15410,Ciudad de México,Venustiano Carranza,19.449572,-99.100376
Jitomate,1 Kg. Granel. Saladette/huaje o Tomate Saladette/huaje,S/M,Hortalizas Frescas,Frutas y Legumbres,59,2026/04/06,Wal-mart,Supermercado / Tienda de Autoservicio,Walmart Sucursal Aeropuerto,Calz. Ignacio Zaragoza 58. Esq. Blvd. Puerto Aereo. Col. Federal. Cp. 15700,Ciudad de México,Venustiano Carranza,19.41926,-99.094521
Jitomate,1 Kg. Granel. Saladette/huaje o Tomate Saladette/huaje,S/M,Hortalizas Frescas,Frutas y Legumbres,59,2026/04/07,Wal-mart,Supermercado / Tienda de Autoservicio,Walmart Sucursal Unidad Plaza de Toros,Autopista Queretaro Celaya 5501. Int. del Centro Comercial Plaza Esfera. Col. el Jacal. Cp. 76187,Querétaro,Santiago de Querétaro,20.574076,-100.408704
Jitomate,1 Kg. Granel. Saladette/huaje o Tomate Saladette/huaje,S/M,Hortalizas Frescas,Frutas y Legumbres,59,2026/04/14,Wal-mart,Supermercado / Tienda de Autoservicio,Walmart Sucursal Unidad Plaza de Toros,Autopista Queretaro Celaya 5501. Int. del Centro Comercial Plaza Esfera. Col. el Jacal. Cp. 76187,Querétaro,Santiago de Querétaro,20.574076,-100.408704
Jitomate,1 Kg. Granel. Saladette/huaje o Tomate Saladette/huaje,S/M,Hortalizas Frescas,Frutas y Legumbres,59.9,2026/04/13,Hipermercado Soriana,Supermercado / Tienda de Autoservicio,Soriana Hiper Sucursal Cimatario,Ctra. a Huimilpan 1001. Int. del Centro Comercial Plaza del Sol. Col. Plazas del Sol. Iii Seccion. Cp. 76099,Querétaro,Santiago de Querétaro,20.563227,-100.375284
Jitomate,1 Kg. Granel. Saladette/huaje o Tomate Saladette/huaje,S/M,Hortalizas Frescas,Pacic,27.9,2026/04/06,Hipermercado Soriana,Supermercado / Tienda de Autoservicio,Soriana Hiper Sucursal Cimatario,Ctra. a Huimilpan 1001. Int. del Centro Comercial Plaza del Sol. Col. Plazas del Sol. Iii Seccion. Cp. 76099,Querétaro,Santiago de Querétaro,20.563227,-100.375284
Jitomate,1 Kg. Granel. Saladette/huaje o Tomate Saladette/huaje,S/M,Hortalizas Frescas,Pacic,39,2026/04/01,Chedraui,Supermercado / Tienda de Autoservicio,Chedraui Sucursal Centro Sur,Blvd. Bernardo Quintana 502. Carr. con Direccion a Centro Civico. Col. Centro Sur. Cp. 76087,Querétaro,Santiago de Querétaro,20.569354,-100.358831
Jitomate,1 Kg. Granel. Saladette/huaje o Tomate Saladette/huaje,S/M,Hortalizas Frescas,Pacic,42,2026/04/06,Wal-mart,Supermercado / Tienda de Autoservicio,Walmart Sucursal Balbuena,Fray Servando Teresa de Mier 881. Entre Fernando Iglesia Calderon y Genaro Garcia. Col. Jardin Balbuena. Cp. 15900,Ciudad de México,Venustiano Carranza,19.418067,-99.105639
Jitomate,1 Kg. Granel. Saladette/huaje o Tomate Saladette/huaje,S/M,Hortalizas Frescas,Pacic,42,2026/04/08,Chedraui,Supermercado / Tienda de Autoservicio,Chedraui Sucursal Centro Sur,Blvd. Bernardo Quintana 502. Carr. con Direccion a Centro Civico. Col. Centro Sur. Cp. 76087,Querétaro,Santiago de Querétaro,20.569354,-100.358831
Jitomate,1 Kg. Granel. Saladette/huaje o Tomate Saladette/huaje,S/M,Hortalizas Frescas,Pacic,46.9,2026/04/01,La Comer,Supermercado / Tienda de Autoservicio,Lacomer Sucursal Queretaro Estadio,Luis M. Vega y Monroy 1300. Esq.cimatario . Col. Cimatario. Cp. 76090,Querétaro,Santiago de Querétaro,20.577804,-100.373626
Jitomate,1 Kg. Granel. Saladette/huaje o Tomate Saladette/huaje,S/M,Hortalizas Frescas,Pacic,46.9,2026/04/09,La Comer,Supermercado / Tienda de Autoservicio,Lacomer Sucursal Queretaro Estadio,Luis M. Vega y Monroy 1300. Esq.cimatario . Col. Cimatario. Cp. 76090,Querétaro,Santiago de Querétaro,20.577804,-100.373626
Jitomate,1 Kg. Granel. Saladette/huaje o Tomate Saladette/huaje,S/M,Hortalizas Frescas,Pacic,49,2026/04/01,Bodega Aurrera,Supermercado / Tienda de Autoservicio,Bodega Aurrera Sucursal Centro Constituyentes,Constituyentes Oriente 334. Entre Pasteur y Manuel Ponce. Col. Mercurio. Cp. 76040,Querétaro,Santiago de Querétaro,20.586349,-100.382801
Jitomate,1 Kg. Granel. Saladette/huaje o Tomate Saladette/huaje,S/M,Hortalizas Frescas,Pacic,49,2026/04/01,Wal-mart,Supermercado / Tienda de Autoservicio,Walmart Sucursal Unidad Plaza de Toros,Autopista Queretaro Celaya 5501. Int. del Centro Comercial Plaza Esfera. Col. el Jacal. Cp. 76187,Querétaro,Santiago de Querétaro,20.574076,-100.408704
Jitomate,1 Kg. Granel. Saladette/huaje o Tomate Saladette/huaje,S/M,Hortalizas Frescas,Pacic,49,2026/04/06,Bodega Aurrera,Supermercado / Tienda de Autoservicio,Bodega Aurrera Sucursal la Viga,Calz. de la Viga 136 Esq. del Taller. Col. Lorenzo Boturini. Cp. 15820,Ciudad de México,Venustiano Carranza,19.414749,-99.127874
Jitomate,1 Kg. Granel. Saladette/huaje o Tomate Saladette/huaje,S/M,Hortalizas Frescas,Pacic,49,2026/04/06,Chedraui,Supermercado / Tienda de Autoservicio,Chedraui Sucursal Anfora,Anfora 71. Esq. Eje 1 Norte. Col. Madero. Cp. 15320,Ciudad de México,Venustiano Carranza,19.437353,-99.110088
Jitomate,1 Kg. Granel. Saladette/huaje o Tomate Saladette/huaje,S/M,Hortalizas Frescas,Pacic,49,2026/04/10,Bodega Aurrera,Supermercado / Tienda de Autoservicio,Bodega Aurrera Sucursal Centro Constituyentes,Constituyentes Oriente 334. Entre Pasteur y Manuel Ponce. Col. Mercurio. Cp. 76040,Querétaro,Santiago de Querétaro,20.586349,-100.382801
Jitomate,1 Kg. Granel. Saladette/huaje o Tomate Saladette/huaje,S/M,Hortalizas Frescas,Pacic,49,2026/04/15,Chedraui,Supermercado / Tienda de Autoservicio,Chedraui Sucursal Centro Sur,Blvd. Bernardo Quintana 502. Carr. con Direccion a Centro Civico. Col. Centro Sur. Cp. 76087,Querétaro,Santiago de Querétaro,20.569354,-100.358831
Jitomate,1 Kg. Granel. Saladette/huaje o Tomate Saladette/huaje,S/M,Hortalizas Frescas,Pacic,54.9,2026/04/06,Hipermercado Soriana,Supermercado / Tienda de Autoservicio,Soriana Hiper Sucursal Consulado (418),Rio Consulado 2355. Esq. Carlos Marx. Col. Simon Bolivar. Cp. 15410,Ciudad de México,Venustiano Carranza,19.449572,-99.100376
Jitomate,1 Kg. Granel. Saladette/huaje o Tomate Saladette/huaje,S/M,Hortalizas Frescas,Pacic,59,2026/04/06,Wal-mart,Supermercado / Tienda de Autoservicio,Walmart Sucursal Aeropuerto,Calz. Ignacio Zaragoza 58. Esq. Blvd. Puerto Aereo. Col. Federal. Cp. 15700,Ciudad de México,Venustiano Carranza,19.41926,-99.094521
Jitomate,1 Kg. Granel. Saladette/huaje o Tomate Saladette/huaje,S/M,Hortalizas Frescas,Pacic,59,2026/04/07,Wal-mart,Supermercado / Tienda de Autoservicio,Walmart Sucursal Unidad Plaza de Toros,Autopista Queretaro Celaya 5501. Int. del Centro Comercial Plaza Esfera. Col. el Jacal. Cp. 76187,Querétaro,Santiago de Querétaro,20.574076,-100.408704
Jitomate,1 Kg. Granel. Saladette/huaje o Tomate Saladette/huaje,S/M,Hortalizas Frescas,Pacic,59,2026/04/14,Wal-mart,Supermercado / Tienda de Autoservicio,Walmart Sucursal Unidad Plaza de Toros,Autopista Queretaro Celaya 5501. Int. del Centro Comercial Plaza Esfera. Col. el Jacal. Cp. 76187,Querétaro,Santiago de Querétaro,20.574076,-100.408704
Jitomate,1 Kg. Granel. Saladette/huaje o Tomate Saladette/huaje,S/M,Hortalizas Frescas,Pacic,59.9,2026/04/13,Hipermercado Soriana,Supermercado / Tienda de Autoservicio,Soriana Hiper Sucursal Cimatario,Ctra. a Huimilpan 1001. Int. del Centro Comercial Plaza del Sol. Col. Plazas del Sol. Iii Seccion. Cp. 76099,Querétaro,Santiago de Querétaro,20.563227,-100.375284
Jugo de Fruta,Caja 946 Ml. 100% Naranja de Concentrado,Del Valle. Reserva,Refrescos Envasados,Basicos,29,2026/04/09,La Comer,Supermercado / Tienda de Autoservicio,Lacomer Sucursal Queretaro Estadio,Luis M. Vega y Monroy 1300. Esq.cimatario . Col. Cimatario. Cp. 76090,Querétaro,Santiago de Querétaro,20.577804,-100.373626
Jugo de Fruta,Caja 946 Ml. Soya y Mango,Ades,Refrescos Envasados,Basicos,31.9,2026/04/06,Hipermercado Soriana,Supermercado / Tienda de Autoservicio,Soriana Hiper Sucursal Consulado (418),Rio Consulado 2355. Esq. Carlos Marx. Col. Simon Bolivar. Cp. 15410,Ciudad de México,Venustiano Carranza,19.449572,-99.100376
Jícama,1 Kg. Granel,S/M,Productos de Temporada (navideños),Frutas y Legumbres,29.9,2026/04/03,Superissste,Supermercado / Tienda de Autoservicio,Superissste Sucursal 011,Calle Peluqueros No. 310 Esquina Calle Tizayuca. Col. Michoacana. Cp. 15240,Ciudad de México,Venustiano Carranza,19.446139,-99.113372
Jícama,1 Kg. Granel,S/M,Productos de Temporada (navideños),Frutas y Legumbres,29.9,2026/04/06,Chedraui,Supermercado / Tienda de Autoservicio,Chedraui Sucursal Anfora,Anfora 71. Esq. Eje 1 Norte. Col. Madero. Cp. 15320,Ciudad de México,Venustiano Carranza,19.437353,-99.110088
Jícama,1 Kg. Granel,S/M,Productos de Temporada (navideños),Frutas y Legumbres,32.9,2026/04/07,Wal-mart,Supermercado / Tienda de Autoservicio,Walmart Sucursal Unidad Plaza de Toros,Autopista Queretaro Celaya 5501. Int. del Centro Comercial Plaza Esfera. Col. el Jacal. Cp. 76187,Querétaro,Santiago de Querétaro,20.574076,-100.408704
Ketoconazol,Caja con 10 Tabletas de 200 Mg.,S/M,Medicamentos,Medicamentos,53,2026/04/14,Farmacias del Ahorro,Farmacias,Farmacias del Ahorro Sucursal Queretaro,Constituyentes Pte. 46. Entre Fernando de Tapia y Melchor Ocampo. Col. Centro. Cp. 76000,Querétaro,Santiago de Querétaro,20.584013,-100.394346
Ketorolaco,Caja con 10 Tabletas de 10 Mg.,S/M,Medicamentos,Medicamentos,32,2026/04/15,Farmacias Similares,Farmacias,Farmacias Similares Sucursal 7462,Canada 268 . Int. Plaza las Americas. Col. Centro. Cp. 76050,Querétaro,Santiago de Querétaro,20.588396,-100.373612
Ketorolaco,Caja con 4 Tabletas de 30 Mg. Subliguales,S/M,Medicamentos,Medicamentos,39,2026/04/15,Sanborn S Hnos.,Farmacias,Sanborns Sucursal los Arquitos,Constituyentes Oriente 172. Esq. de los Arquitos. Col. los Arquitos. Cp. 76050,Querétaro,Santiago de Querétaro,20.588117,-100.36869
Lamisil,Caja con Tubo 30 Gr. Crema,S/M,Medicamentos,Medicamentos,123,2026/04/01,Farmacias del Ahorro,Farmacias,Farmacias del Ahorro Sucursal Queretaro,Constituyentes Pte. 46. Entre Fernando de Tapia y Melchor Ocampo. Col. Centro. Cp. 76000,Querétaro,Santiago de Querétaro,20.584013,-100.394346
Lavadoras,8 Mwtw 2224 Wjm0. 22 Kg. Agitador. Centrifugado. Color Blanco,Whirlpool,Aparatos Electricos,Electrodomesticos,9999,2026/04/09,Elektra,Tienda de Electrodomésticos,Elektra Sucursal Mega Cimatario (4118),Av. del Parque 403. Int. Plaza Mega Cimatario. Col. Plazas del Sol. Cp. 76099,Querétaro,Santiago de Querétaro,20.567243,-100.378772
Lavadoras,Lma 79114 Vbak0 o Vbak00. 19 Kg. Agitador. Centrifugado. Color Blanca,Mabe,Aparatos Electricos,Electrodomesticos,14699,2026/04/06,Coppel,Tienda de Electrodomésticos,Coppel Sucursal Cimatario (233),Del Parque 1001. Int. del Centro Comercial Plaza del Sol. Col. Plazas del Sol. Iii Sección. Cp. 76099,Querétaro,Santiago de Querétaro,20.564142,-100.374792
Lavadoras,Wt 21 Wt6hka. 21 Kg. Agitador. Centrifugado. Color Blanco,Lg,Aparatos Electricos,Electrodomesticos,11499,2026/04/13,Coppel,Tienda de Electrodomésticos,Coppel Sucursal Cimatario (233),Del Parque 1001. Int. del Centro Comercial Plaza del Sol. Col. Plazas del Sol. Iii Sección. Cp. 76099,Querétaro,Santiago de Querétaro,20.564142,-100.374792
Leche Condensada,Botella 335 Gr. (plástico),La Lechera. Original,Leche Procesada,Basicos,40,2026/04/10,Superissste,Supermercado / Tienda de Autoservicio,Superissste Sucursal 011,Calle Peluqueros No. 310 Esquina Calle Tizayuca. Col. Michoacana. Cp. 15240,Ciudad de México,Venustiano Carranza,19.446139,-99.113372
Leche Evaporada,Lata 360 Gr. Evaporada Parcialmente Descremada,Carnation. Clavel,Leche Procesada,Basicos,21,2026/04/06,Chedraui,Supermercado / Tienda de Autoservicio,Chedraui Sucursal Anfora,Anfora 71. Esq. Eje 1 Norte. Col. Madero. Cp. 15320,Ciudad de México,Venustiano Carranza,19.437353,-99.110088
Leche Evaporada,Lata 360 Gr. Reducida en Grasa,Carnation. Clavel,Leche Procesada,Basicos,26,2026/04/15,Chedraui,Supermercado / Tienda de Autoservicio,Chedraui Sucursal Centro Sur,Blvd. Bernardo Quintana 502. Carr. con Direccion a Centro Civico. Col. Centro Sur. Cp. 76087,Querétaro,Santiago de Querétaro,20.569354,-100.358831
Leche Pasteurizada,Caja 1 Lt. Entera,Lala,Leche Fresca,Basicos,31,2026/04/06,Bodega Aurrera,Supermercado / Tienda de Autoservicio,Bodega Aurrera Sucursal la Viga,Calz. de la Viga 136 Esq. del Taller. Col. Lorenzo Boturini. Cp. 15820,Ciudad de México,Venustiano Carranza,19.414749,-99.127874
Leche Ultrapasteurizada,Bolsa 1 Lt. Entera,Valley Foods,Leche Procesada,Pacic,14.9,2026/04/06,Hipermercado Soriana,Supermercado / Tienda de Autoservicio,Soriana Hiper Sucursal Cimatario,Ctra. a Huimilpan 1001. Int. del Centro Comercial Plaza del Sol. Col. Plazas del Sol. Iii Seccion. Cp. 76099,Querétaro,Santiago de Querétaro,20.563227,-100.375284
Leche Ultrapasteurizada,Bolsa 1 Lt. Entera,Valley Foods,Leche Procesada,Pacic,14.9,2026/04/06,Hipermercado Soriana,Supermercado / Tienda de Autoservicio,Soriana Hiper Sucursal Consulado (418),Rio Consulado 2355. Esq. Carlos Marx. Col. Simon Bolivar. Cp. 15410,Ciudad de México,Venustiano Carranza,19.449572,-99.100376
Leche Ultrapasteurizada,Bolsa 1 Lt. Entera,Valley Foods,Leche Procesada,Pacic,14.9,2026/04/13,Hipermercado Soriana,Supermercado / Tienda de Autoservicio,Soriana Hiper Sucursal Cimatario,Ctra. a Huimilpan 1001. Int. del Centro Comercial Plaza del Sol. Col. Plazas del Sol. Iii Seccion. Cp. 76099,Querétaro,Santiago de Querétaro,20.563227,-100.375284
Leche Ultrapasteurizada,Caja 1 Lt. Entera,Araceli,Leche Procesada,Pacic,28,2026/04/01,Wal-mart,Supermercado / Tienda de Autoservicio,Walmart Sucursal Unidad Plaza de Toros,Autopista Queretaro Celaya 5501. Int. del Centro Comercial Plaza Esfera. Col. el Jacal. Cp. 76187,Querétaro,Santiago de Querétaro,20.574076,-100.408704
Leche Ultrapasteurizada,Caja 1 Lt. Entera,Araceli,Leche Procesada,Pacic,28,2026/04/07,Wal-mart,Supermercado / Tienda de Autoservicio,Walmart Sucursal Unidad Plaza de Toros,Autopista Queretaro Celaya 5501. Int. del Centro Comercial Plaza Esfera. Col. el Jacal. Cp. 76187,Querétaro,Santiago de Querétaro,20.574076,-100.408704
Leche Ultrapasteurizada,Caja 1 Lt. Entera,Araceli,Leche Procesada,Pacic,28,2026/04/14,Wal-mart,Supermercado / Tienda de Autoservicio,Walmart Sucursal Unidad Plaza de Toros,Autopista Queretaro Celaya 5501. Int. del Centro Comercial Plaza Esfera. Col. el Jacal. Cp. 76187,Querétaro,Santiago de Querétaro,20.574076,-100.408704
Leche Ultrapasteurizada,Caja 1 Lt. Entera,Araceli,Leche Procesada,Pacic,30,2026/04/01,Bodega Aurrera,Supermercado / Tienda de Autoservicio,Bodega Aurrera Sucursal Centro Constituyentes,Constituyentes Oriente 334. Entre Pasteur y Manuel Ponce. Col. Mercurio. Cp. 76040,Querétaro,Santiago de Querétaro,20.586349,-100.382801
Leche Ultrapasteurizada,Caja 1 Lt. Entera,Araceli,Leche Procesada,Pacic,30,2026/04/10,Bodega Aurrera,Supermercado / Tienda de Autoservicio,Bodega Aurrera Sucursal Centro Constituyentes,Constituyentes Oriente 334. Entre Pasteur y Manuel Ponce. Col. Mercurio. Cp. 76040,Querétaro,Santiago de Querétaro,20.586349,-100.382801
Leche Ultrapasteurizada,Caja 1 Lt. Entera,Lala,Leche Procesada,Basicos,30,2026/04/01,Bodega Aurrera,Supermercado / Tienda de Autoservicio,Bodega Aurrera Sucursal Centro Constituyentes,Constituyentes Oriente 334. Entre Pasteur y Manuel Ponce. Col. Mercurio. Cp. 76040,Querétaro,Santiago de Querétaro,20.586349,-100.382801
Leche Ultrapasteurizada,Caja 1 Lt. Entera,Lala,Leche Procesada,Basicos,30,2026/04/06,Chedraui,Supermercado / Tienda de Autoservicio,Chedraui Sucursal Anfora,Anfora 71. Esq. Eje 1 Norte. Col. Madero. Cp. 15320,Ciudad de México,Venustiano Carranza,19.437353,-99.110088
Leche Ultrapasteurizada,Caja 1 Lt. Entera,Lala,Leche Procesada,Basicos,30,2026/04/06,Hipermercado Soriana,Supermercado / Tienda de Autoservicio,Soriana Hiper Sucursal Consulado (418),Rio Consulado 2355. Esq. Carlos Marx. Col. Simon Bolivar. Cp. 15410,Ciudad de México,Venustiano Carranza,19.449572,-99.100376
Leche Ultrapasteurizada,Caja 1 Lt. Entera,Lala,Leche Procesada,Basicos,30,2026/04/06,Wal-mart,Supermercado / Tienda de Autoservicio,Walmart Sucursal Aeropuerto,Calz. Ignacio Zaragoza 58. Esq. Blvd. Puerto Aereo. Col. Federal. Cp. 15700,Ciudad de México,Venustiano Carranza,19.41926,-99.094521
Leche Ultrapasteurizada,Caja 1 Lt. Entera,Lala,Leche Procesada,Basicos,30,2026/04/06,Wal-mart,Supermercado / Tienda de Autoservicio,Walmart Sucursal Balbuena,Fray Servando Teresa de Mier 881. Entre Fernando Iglesia Calderon y Genaro Garcia. Col. Jardin Balbuena. Cp. 15900,Ciudad de México,Venustiano Carranza,19.418067,-99.105639
Leche Ultrapasteurizada,Caja 1 Lt. Entera,Lala,Leche Procesada,Basicos,30,2026/04/07,Wal-mart,Supermercado / Tienda de Autoservicio,Walmart Sucursal Unidad Plaza de Toros,Autopista Queretaro Celaya 5501. Int. del Centro Comercial Plaza Esfera. Col. el Jacal. Cp. 76187,Querétaro,Santiago de Querétaro,20.574076,-100.408704
Leche Ultrapasteurizada,Caja 1 Lt. Entera,Lala,Leche Procesada,Basicos,30,2026/04/08,Chedraui,Supermercado / Tienda de Autoservicio,Chedraui Sucursal Centro Sur,Blvd. Bernardo Quintana 502. Carr. con Direccion a Centro Civico. Col. Centro Sur. Cp. 76087,Querétaro,Santiago de Querétaro,20.569354,-100.358831
Leche Ultrapasteurizada,Caja 1 Lt. Entera,Lala,Leche Procesada,Basicos,30,2026/04/09,La Comer,Supermercado / Tienda de Autoservicio,Lacomer Sucursal Queretaro Estadio,Luis M. Vega y Monroy 1300. Esq.cimatario . Col. Cimatario. Cp. 76090,Querétaro,Santiago de Querétaro,20.577804,-100.373626
Leche Ultrapasteurizada,Caja 1 Lt. Entera,Lala,Leche Procesada,Basicos,30,2026/04/10,Bodega Aurrera,Supermercado / Tienda de Autoservicio,Bodega Aurrera Sucursal Centro Constituyentes,Constituyentes Oriente 334. Entre Pasteur y Manuel Ponce. Col. Mercurio. Cp. 76040,Querétaro,Santiago de Querétaro,20.586349,-100.382801
Leche Ultrapasteurizada,Caja 1 Lt. Entera,Lala,Leche Procesada,Basicos,30,2026/04/14,Wal-mart,Supermercado / Tienda de Autoservicio,Walmart Sucursal Unidad Plaza de Toros,Autopista Queretaro Celaya 5501. Int. del Centro Comercial Plaza Esfera. Col. el Jacal. Cp. 76187,Querétaro,Santiago de Querétaro,20.574076,-100.408704
Leche Ultrapasteurizada,Caja 1 Lt. Entera,Lala,Leche Procesada,Basicos,30,2026/04/15,Chedraui,Supermercado / Tienda de Autoservicio,Chedraui Sucursal Centro Sur,Blvd. Bernardo Quintana 502. Carr. con Direccion a Centro Civico. Col. Centro Sur. Cp. 76087,Querétaro,Santiago de Querétaro,20.569354,-100.358831
Leche Ultrapasteurizada,Caja 1 Lt. Entera,Lala,Leche Procesada,Basicos,31.5,2026/04/14,Oxxo,Tienda de Conveniencia,Oxxo Sucursal Corregidora 50 Cr,Circuito Moises Solana No. 128. Esq. Gertrudis Bocanegra. Col. Burocratas. Cp. 76070,Querétaro,Santiago de Querétaro,20.57462,-100.384232
Leche Ultrapasteurizada,Caja 1 Lt. Entera,Lala,Leche Procesada,Basicos,33,2026/04/01,Chedraui,Supermercado / Tienda de Autoservicio,Chedraui Sucursal Centro Sur,Blvd. Bernardo Quintana 502. Carr. con Direccion a Centro Civico. Col. Centro Sur. Cp. 76087,Querétaro,Santiago de Querétaro,20.569354,-100.358831
Leche Ultrapasteurizada,Caja 1 Lt. Entera,Lala,Leche Procesada,Basicos,34.5,2026/04/03,Superissste,Supermercado / Tienda de Autoservicio,Superissste Sucursal 011,Calle Peluqueros No. 310 Esquina Calle Tizayuca. Col. Michoacana. Cp. 15240,Ciudad de México,Venustiano Carranza,19.446139,-99.113372
Leche Ultrapasteurizada,Caja 1 Lt. Entera,Lala,Leche Procesada,Basicos,34.5,2026/04/03,Superissste,Supermercado / Tienda de Autoservicio,Superissste Sucursal 022,Av. del Taller y Retorno No. 38 Dentro del Retorno 38. Col. Jardin Balbuena. Cp. 15900,Ciudad de México,Venustiano Carranza,19.412842,-99.105666
Leche Ultrapasteurizada,Caja 1 Lt. Entera,Lala,Leche Procesada,Basicos,34.5,2026/04/10,Superissste,Supermercado / Tienda de Autoservicio,Superissste Sucursal 011,Calle Peluqueros No. 310 Esquina Calle Tizayuca. Col. Michoacana. Cp. 15240,Ciudad de México,Venustiano Carranza,19.446139,-99.113372
Leche Ultrapasteurizada,Caja 1 Lt. Entera,Lala,Leche Procesada,Basicos,34.5,2026/04/10,Superissste,Supermercado / Tienda de Autoservicio,Superissste Sucursal 022,Av. del Taller y Retorno No. 38 Dentro del Retorno 38. Col. Jardin Balbuena. Cp. 15900,Ciudad de México,Venustiano Carranza,19.412842,-99.105666
Leche Ultrapasteurizada,Caja 1 Lt. Entera,Lala,Leche Procesada,Basicos,38.9,2026/04/06,Hipermercado Soriana,Supermercado / Tienda de Autoservicio,Soriana Hiper Sucursal Cimatario,Ctra. a Huimilpan 1001. Int. del Centro Comercial Plaza del Sol. Col. Plazas del Sol. Iii Seccion. Cp. 76099,Querétaro,Santiago de Querétaro,20.563227,-100.375284
Leche Ultrapasteurizada,Caja 1 Lt. Entera,Lala,Leche Procesada,Basicos,38.9,2026/04/13,Hipermercado Soriana,Supermercado / Tienda de Autoservicio,Soriana Hiper Sucursal Cimatario,Ctra. a Huimilpan 1001. Int. del Centro Comercial Plaza del Sol. Col. Plazas del Sol. Iii Seccion. Cp. 76099,Querétaro,Santiago de Querétaro,20.563227,-100.375284
Leche Ultrapasteurizada,Caja 1 Lt. Entera,Lala,Leche Procesada,Basicos,39,2026/04/07,Oxxo,Tienda de Conveniencia,Oxxo Sucursal Corregidora 50 Cr,Circuito Moises Solana No. 128. Esq. Gertrudis Bocanegra. Col. Burocratas. Cp. 76070,Querétaro,Santiago de Querétaro,20.57462,-100.384232
Leche Ultrapasteurizada,Caja 1 Lt. Entera,Lala,Leche Procesada,Pacic,30,2026/04/06,Chedraui,Supermercado / Tienda de Autoservicio,Chedraui Sucursal Anfora,Anfora 71. Esq. Eje 1 Norte. Col. Madero. Cp. 15320,Ciudad de México,Venustiano Carranza,19.437353,-99.110088
Leche Ultrapasteurizada,Caja 1 Lt. Entera,Lala,Leche Procesada,Pacic,30,2026/04/08,Chedraui,Supermercado / Tienda de Autoservicio,Chedraui Sucursal Centro Sur,Blvd. Bernardo Quintana 502. Carr. con Direccion a Centro Civico. Col. Centro Sur. Cp. 76087,Querétaro,Santiago de Querétaro,20.569354,-100.358831
Leche Ultrapasteurizada,Caja 1 Lt. Entera,Lala,Leche Procesada,Pacic,30,2026/04/15,Chedraui,Supermercado / Tienda de Autoservicio,Chedraui Sucursal Centro Sur,Blvd. Bernardo Quintana 502. Carr. con Direccion a Centro Civico. Col. Centro Sur. Cp. 76087,Querétaro,Santiago de Querétaro,20.569354,-100.358831
Leche Ultrapasteurizada,Caja 1 Lt. Entera,Lala,Leche Procesada,Pacic,33,2026/04/01,Chedraui,Supermercado / Tienda de Autoservicio,Chedraui Sucursal Centro Sur,Blvd. Bernardo Quintana 502. Carr. con Direccion a Centro Civico. Col. Centro Sur. Cp. 76087,Querétaro,Santiago de Querétaro,20.569354,-100.358831
Leche Ultrapasteurizada,Caja 1 Lt. Entera,San Marcos,Leche Procesada,Basicos,29.5,2026/04/01,Chedraui,Supermercado / Tienda de Autoservicio,Chedraui Sucursal Centro Sur,Blvd. Bernardo Quintana 502. Carr. con Direccion a Centro Civico. Col. Centro Sur. Cp. 76087,Querétaro,Santiago de Querétaro,20.569354,-100.358831
Leche Ultrapasteurizada,Caja 1 Lt. Entera,San Marcos,Leche Procesada,Basicos,29.5,2026/04/08,Chedraui,Supermercado / Tienda de Autoservicio,Chedraui Sucursal Centro Sur,Blvd. Bernardo Quintana 502. Carr. con Direccion a Centro Civico. Col. Centro Sur. Cp. 76087,Querétaro,Santiago de Querétaro,20.569354,-100.358831
Leche Ultrapasteurizada,Caja 1 Lt. Entera,San Marcos,Leche Procesada,Basicos,29.9,2026/04/06,Hipermercado Soriana,Supermercado / Tienda de Autoservicio,Soriana Hiper Sucursal Cimatario,Ctra. a Huimilpan 1001. Int. del Centro Comercial Plaza del Sol. Col. Plazas del Sol. Iii Seccion. Cp. 76099,Querétaro,Santiago de Querétaro,20.563227,-100.375284
Leche Ultrapasteurizada,Caja 1 Lt. Entera,San Marcos,Leche Procesada,Basicos,29.9,2026/04/13,Hipermercado Soriana,Supermercado / Tienda de Autoservicio,Soriana Hiper Sucursal Cimatario,Ctra. a Huimilpan 1001. Int. del Centro Comercial Plaza del Sol. Col. Plazas del Sol. Iii Seccion. Cp. 76099,Querétaro,Santiago de Querétaro,20.563227,-100.375284
Leche Ultrapasteurizada,Caja 1 Lt. Entera,San Marcos,Leche Procesada,Basicos,32.5,2026/04/15,Chedraui,Supermercado / Tienda de Autoservicio,Chedraui Sucursal Centro Sur,Blvd. Bernardo Quintana 502. Carr. con Direccion a Centro Civico. Col. Centro Sur. Cp. 76087,Querétaro,Santiago de Querétaro,20.569354,-100.358831
Leche Ultrapasteurizada,Caja 1 Lt. Entera,San Marcos,Leche Procesada,Basicos,34,2026/04/06,Bodega Aurrera,Supermercado / Tienda de Autoservicio,Bodega Aurrera Sucursal la Viga,Calz. de la Viga 136 Esq. del Taller. Col. Lorenzo Boturini. Cp. 15820,Ciudad de México,Venustiano Carranza,19.414749,-99.127874
Leche Ultrapasteurizada,Caja 1 Lt. Entera,San Marcos,Leche Procesada,Basicos,34,2026/04/06,Chedraui,Supermercado / Tienda de Autoservicio,Chedraui Sucursal Anfora,Anfora 71. Esq. Eje 1 Norte. Col. Madero. Cp. 15320,Ciudad de México,Venustiano Carranza,19.437353,-99.110088
Leche Ultrapasteurizada,Caja 1 Lt. Entera,San Marcos,Leche Procesada,Basicos,34,2026/04/07,Wal-mart,Supermercado / Tienda de Autoservicio,Walmart Sucursal Unidad Plaza de Toros,Autopista Queretaro Celaya 5501. Int. del Centro Comercial Plaza Esfera. Col. el Jacal. Cp. 76187,Querétaro,Santiago de Querétaro,20.574076,-100.408704
Leche Ultrapasteurizada,Caja 1 Lt. Entera,San Marcos,Leche Procesada,Basicos,34,2026/04/09,La Comer,Supermercado / Tienda de Autoservicio,Lacomer Sucursal Queretaro Estadio,Luis M. Vega y Monroy 1300. Esq.cimatario . Col. Cimatario. Cp. 76090,Querétaro,Santiago de Querétaro,20.577804,-100.373626
Leche Ultrapasteurizada,Caja 1 Lt. Entera,San Marcos,Leche Procesada,Basicos,34,2026/04/14,Wal-mart,Supermercado / Tienda de Autoservicio,Walmart Sucursal Unidad Plaza de Toros,Autopista Queretaro Celaya 5501. Int. del Centro Comercial Plaza Esfera. Col. el Jacal. Cp. 76187,Querétaro,Santiago de Querétaro,20.574076,-100.408704
Leche Ultrapasteurizada,Caja 1 Lt. Entera,San Marcos,Leche Procesada,Basicos,35.9,2026/04/06,Hipermercado Soriana,Supermercado / Tienda de Autoservicio,Soriana Hiper Sucursal Consulado (418),Rio Consulado 2355. Esq. Carlos Marx. Col. Simon Bolivar. Cp. 15410,Ciudad de México,Venustiano Carranza,19.449572,-99.100376
Leche Ultrapasteurizada,Caja 1 Lt. Entera,San Marcos,Leche Procesada,Pacic,34,2026/04/01,Wal-mart,Supermercado / Tienda de Autoservicio,Walmart Sucursal Unidad Plaza de Toros,Autopista Queretaro Celaya 5501. Int. del Centro Comercial Plaza Esfera. Col. el Jacal. Cp. 76187,Querétaro,Santiago de Querétaro,20.574076,-100.408704
Leche Ultrapasteurizada,Caja 1 Lt. Entera,San Marcos,Leche Procesada,Pacic,34,2026/04/06,Bodega Aurrera,Supermercado / Tienda de Autoservicio,Bodega Aurrera Sucursal la Viga,Calz. de la Viga 136 Esq. del Taller. Col. Lorenzo Boturini. Cp. 15820,Ciudad de México,Venustiano Carranza,19.414749,-99.127874
Leche Ultrapasteurizada,Caja 1 Lt. Entera,San Marcos,Leche Procesada,Pacic,34,2026/04/07,Wal-mart,Supermercado / Tienda de Autoservicio,Walmart Sucursal Unidad Plaza de Toros,Autopista Queretaro Celaya 5501. Int. del Centro Comercial Plaza Esfera. Col. el Jacal. Cp. 76187,Querétaro,Santiago de Querétaro,20.574076,-100.408704
Leche Ultrapasteurizada,Caja 1 Lt. Entera,San Marcos,Leche Procesada,Pacic,34,2026/04/14,Wal-mart,Supermercado / Tienda de Autoservicio,Walmart Sucursal Unidad Plaza de Toros,Autopista Queretaro Celaya 5501. Int. del Centro Comercial Plaza Esfera. Col. el Jacal. Cp. 76187,Querétaro,Santiago de Querétaro,20.574076,-100.408704
Leche Ultrapasteurizada,Caja 1 Lt. Entera,Santa Clara,Leche Procesada,Basicos,30,2026/04/06,Bodega Aurrera,Supermercado / Tienda de Autoservicio,Bodega Aurrera Sucursal la Viga,Calz. de la Viga 136 Esq. del Taller. Col. Lorenzo Boturini. Cp. 15820,Ciudad de México,Venustiano Carranza,19.414749,-99.127874
Leche Ultrapasteurizada,Caja 1 Lt. Entera,Santa Clara,Leche Procesada,Basicos,30,2026/04/06,Chedraui,Supermercado / Tienda de Autoservicio,Chedraui Sucursal Anfora,Anfora 71. Esq. Eje 1 Norte. Col. Madero. Cp. 15320,Ciudad de México,Venustiano Carranza,19.437353,-99.110088
Leche Ultrapasteurizada,Caja 1 Lt. Entera,Santa Clara,Leche Procesada,Basicos,35,2026/04/01,Bodega Aurrera,Supermercado / Tienda de Autoservicio,Bodega Aurrera Sucursal Centro Constituyentes,Constituyentes Oriente 334. Entre Pasteur y Manuel Ponce. Col. Mercurio. Cp. 76040,Querétaro,Santiago de Querétaro,20.586349,-100.382801
Leche Ultrapasteurizada,Caja 1 Lt. Entera,Santa Clara,Leche Procesada,Basicos,35,2026/04/03,Superissste,Supermercado / Tienda de Autoservicio,Superissste Sucursal 011,Calle Peluqueros No. 310 Esquina Calle Tizayuca. Col. Michoacana. Cp. 15240,Ciudad de México,Venustiano Carranza,19.446139,-99.113372
Leche Ultrapasteurizada,Caja 1 Lt. Entera,Santa Clara,Leche Procesada,Basicos,35,2026/04/03,Superissste,Supermercado / Tienda de Autoservicio,Superissste Sucursal 022,Av. del Taller y Retorno No. 38 Dentro del Retorno 38. Col. Jardin Balbuena. Cp. 15900,Ciudad de México,Venustiano Carranza,19.412842,-99.105666
Leche Ultrapasteurizada,Caja 1 Lt. Entera,Santa Clara,Leche Procesada,Basicos,35,2026/04/10,Bodega Aurrera,Supermercado / Tienda de Autoservicio,Bodega Aurrera Sucursal Centro Constituyentes,Constituyentes Oriente 334. Entre Pasteur y Manuel Ponce. Col. Mercurio. Cp. 76040,Querétaro,Santiago de Querétaro,20.586349,-100.382801
Leche Ultrapasteurizada,Caja 1 Lt. Entera,Santa Clara,Leche Procesada,Basicos,35,2026/04/10,Superissste,Supermercado / Tienda de Autoservicio,Superissste Sucursal 011,Calle Peluqueros No. 310 Esquina Calle Tizayuca. Col. Michoacana. Cp. 15240,Ciudad de México,Venustiano Carranza,19.446139,-99.113372
Leche Ultrapasteurizada,Caja 1 Lt. Entera,Santa Clara,Leche Procesada,Basicos,35,2026/04/10,Superissste,Supermercado / Tienda de Autoservicio,Superissste Sucursal 022,Av. del Taller y Retorno No. 38 Dentro del Retorno 38. Col. Jardin Balbuena. Cp. 15900,Ciudad de México,Venustiano Carranza,19.412842,-99.105666
Leche Ultrapasteurizada,Caja 1 Lt. Entera,Santa Clara,Leche Procesada,Basicos,36.9,2026/04/06,Hipermercado Soriana,Supermercado / Tienda de Autoservicio,Soriana Hiper Sucursal Cimatario,Ctra. a Huimilpan 1001. Int. del Centro Comercial Plaza del Sol. Col. Plazas del Sol. Iii Seccion. Cp. 76099,Querétaro,Santiago de Querétaro,20.563227,-100.375284
Leche Ultrapasteurizada,Caja 1 Lt. Entera,Santa Clara,Leche Procesada,Basicos,36.9,2026/04/06,Hipermercado Soriana,Supermercado / Tienda de Autoservicio,Soriana Hiper Sucursal Consulado (418),Rio Consulado 2355. Esq. Carlos Marx. Col. Simon Bolivar. Cp. 15410,Ciudad de México,Venustiano Carranza,19.449572,-99.100376
Leche Ultrapasteurizada,Caja 1 Lt. Entera,Santa Clara,Leche Procesada,Basicos,36.9,2026/04/13,Hipermercado Soriana,Supermercado / Tienda de Autoservicio,Soriana Hiper Sucursal Cimatario,Ctra. a Huimilpan 1001. Int. del Centro Comercial Plaza del Sol. Col. Plazas del Sol. Iii Seccion. Cp. 76099,Querétaro,Santiago de Querétaro,20.563227,-100.375284
Leche Ultrapasteurizada,Caja 1 Lt. Entera,Santa Clara,Leche Procesada,Basicos,37,2026/04/01,Chedraui,Supermercado / Tienda de Autoservicio,Chedraui Sucursal Centro Sur,Blvd. Bernardo Quintana 502. Carr. con Direccion a Centro Civico. Col. Centro Sur. Cp. 76087,Querétaro,Santiago de Querétaro,20.569354,-100.358831
Leche Ultrapasteurizada,Caja 1 Lt. Entera,Santa Clara,Leche Procesada,Basicos,37,2026/04/06,Wal-mart,Supermercado / Tienda de Autoservicio,Walmart Sucursal Aeropuerto,Calz. Ignacio Zaragoza 58. Esq. Blvd. Puerto Aereo. Col. Federal. Cp. 15700,Ciudad de México,Venustiano Carranza,19.41926,-99.094521
Leche Ultrapasteurizada,Caja 1 Lt. Entera,Santa Clara,Leche Procesada,Basicos,37,2026/04/06,Wal-mart,Supermercado / Tienda de Autoservicio,Walmart Sucursal Balbuena,Fray Servando Teresa de Mier 881. Entre Fernando Iglesia Calderon y Genaro Garcia. Col. Jardin Balbuena. Cp. 15900,Ciudad de México,Venustiano Carranza,19.418067,-99.105639
Leche Ultrapasteurizada,Caja 1 Lt. Entera,Santa Clara,Leche Procesada,Basicos,37,2026/04/07,Wal-mart,Supermercado / Tienda de Autoservicio,Walmart Sucursal Unidad Plaza de Toros,Autopista Queretaro Celaya 5501. Int. del Centro Comercial Plaza Esfera. Col. el Jacal. Cp. 76187,Querétaro,Santiago de Querétaro,20.574076,-100.408704
Leche Ultrapasteurizada,Caja 1 Lt. Entera,Santa Clara,Leche Procesada,Basicos,37,2026/04/08,Chedraui,Supermercado / Tienda de Autoservicio,Chedraui Sucursal Centro Sur,Blvd. Bernardo Quintana 502. Carr. con Direccion a Centro Civico. Col. Centro Sur. Cp. 76087,Querétaro,Santiago de Querétaro,20.569354,-100.358831
Leche Ultrapasteurizada,Caja 1 Lt. Entera,Santa Clara,Leche Procesada,Basicos,37,2026/04/09,La Comer,Supermercado / Tienda de Autoservicio,Lacomer Sucursal Queretaro Estadio,Luis M. Vega y Monroy 1300. Esq.cimatario . Col. Cimatario. Cp. 76090,Querétaro,Santiago de Querétaro,20.577804,-100.373626
Leche Ultrapasteurizada,Caja 1 Lt. Entera,Santa Clara,Leche Procesada,Basicos,37,2026/04/14,Wal-mart,Supermercado / Tienda de Autoservicio,Walmart Sucursal Unidad Plaza de Toros,Autopista Queretaro Celaya 5501. Int. del Centro Comercial Plaza Esfera. Col. el Jacal. Cp. 76187,Querétaro,Santiago de Querétaro,20.574076,-100.408704
Leche Ultrapasteurizada,Caja 1 Lt. Entera,Santa Clara,Leche Procesada,Basicos,37,2026/04/15,Chedraui,Supermercado / Tienda de Autoservicio,Chedraui Sucursal Centro Sur,Blvd. Bernardo Quintana 502. Carr. con Direccion a Centro Civico. Col. Centro Sur. Cp. 76087,Querétaro,Santiago de Querétaro,20.569354,-100.358831
Leche Ultrapasteurizada,Caja 1 Lt. Entera,Santa Clara,Leche Procesada,Pacic,30,2026/04/06,Bodega Aurrera,Supermercado / Tienda de Autoservicio,Bodega Aurrera Sucursal la Viga,Calz. de la Viga 136 Esq. del Taller. Col. Lorenzo Boturini. Cp. 15820,Ciudad de México,Venustiano Carranza,19.414749,-99.127874
Leche Ultrapasteurizada,Caja 1 Lt. Entera,Santa Clara,Leche Procesada,Pacic,35,2026/04/01,Bodega Aurrera,Supermercado / Tienda de Autoservicio,Bodega Aurrera Sucursal Centro Constituyentes,Constituyentes Oriente 334. Entre Pasteur y Manuel Ponce. Col. Mercurio. Cp. 76040,Querétaro,Santiago de Querétaro,20.586349,-100.382801
Leche Ultrapasteurizada,Caja 1 Lt. Entera,Santa Clara,Leche Procesada,Pacic,35,2026/04/10,Bodega Aurrera,Supermercado / Tienda de Autoservicio,Bodega Aurrera Sucursal Centro Constituyentes,Constituyentes Oriente 334. Entre Pasteur y Manuel Ponce. Col. Mercurio. Cp. 76040,Querétaro,Santiago de Querétaro,20.586349,-100.382801
Leche Ultrapasteurizada,Caja 1 Lt. Entera,Santa Clara,Leche Procesada,Pacic,37,2026/04/01,Wal-mart,Supermercado / Tienda de Autoservicio,Walmart Sucursal Unidad Plaza de Toros,Autopista Queretaro Celaya 5501. Int. del Centro Comercial Plaza Esfera. Col. el Jacal. Cp. 76187,Querétaro,Santiago de Querétaro,20.574076,-100.408704
Leche Ultrapasteurizada,Caja 1 Lt. Entera,Santa Clara,Leche Procesada,Pacic,37,2026/04/06,Wal-mart,Supermercado / Tienda de Autoservicio,Walmart Sucursal Aeropuerto,Calz. Ignacio Zaragoza 58. Esq. Blvd. Puerto Aereo. Col. Federal. Cp. 15700,Ciudad de México,Venustiano Carranza,19.41926,-99.094521
Leche Ultrapasteurizada,Caja 1 Lt. Entera,Santa Clara,Leche Procesada,Pacic,37,2026/04/06,Wal-mart,Supermercado / Tienda de Autoservicio,Walmart Sucursal Balbuena,Fray Servando Teresa de Mier 881. Entre Fernando Iglesia Calderon y Genaro Garcia. Col. Jardin Balbuena. Cp. 15900,Ciudad de México,Venustiano Carranza,19.418067,-99.105639
Leche Ultrapasteurizada,Caja 1 Lt. Entera,Santa Clara,Leche Procesada,Pacic,37,2026/04/07,Wal-mart,Supermercado / Tienda de Autoservicio,Walmart Sucursal Unidad Plaza de Toros,Autopista Queretaro Celaya 5501. Int. del Centro Comercial Plaza Esfera. Col. el Jacal. Cp. 76187,Querétaro,Santiago de Querétaro,20.574076,-100.408704
Leche Ultrapasteurizada,Caja 1 Lt. Entera,Santa Clara,Leche Procesada,Pacic,37,2026/04/14,Wal-mart,Supermercado / Tienda de Autoservicio,Walmart Sucursal Unidad Plaza de Toros,Autopista Queretaro Celaya 5501. Int. del Centro Comercial Plaza Esfera. Col. el Jacal. Cp. 76187,Querétaro,Santiago de Querétaro,20.574076,-100.408704
Leche Ultrapasteurizada,Caja 1 Lt. Entera,Selecto Brand,Leche Procesada,Pacic,18,2026/04/01,Chedraui,Supermercado / Tienda de Autoservicio,Chedraui Sucursal Centro Sur,Blvd. Bernardo Quintana 502. Carr. con Direccion a Centro Civico. Col. Centro Sur. Cp. 76087,Querétaro,Santiago de Querétaro,20.569354,-100.358831
Leche Ultrapasteurizada,Caja 1 Lt. Entera,Selecto Brand,Leche Procesada,Pacic,18,2026/04/06,Chedraui,Supermercado / Tienda de Autoservicio,Chedraui Sucursal Anfora,Anfora 71. Esq. Eje 1 Norte. Col. Madero. Cp. 15320,Ciudad de México,Venustiano Carranza,19.437353,-99.110088
Leche Ultrapasteurizada,Caja 1 Lt. Entera,Selecto Brand,Leche Procesada,Pacic,18,2026/04/08,Chedraui,Supermercado / Tienda de Autoservicio,Chedraui Sucursal Centro Sur,Blvd. Bernardo Quintana 502. Carr. con Direccion a Centro Civico. Col. Centro Sur. Cp. 76087,Querétaro,Santiago de Querétaro,20.569354,-100.358831
Leche Ultrapasteurizada,Caja 1 Lt. Entera,Selecto Brand,Leche Procesada,Pacic,18,2026/04/15,Chedraui,Supermercado / Tienda de Autoservicio,Chedraui Sucursal Centro Sur,Blvd. Bernardo Quintana 502. Carr. con Direccion a Centro Civico. Col. Centro Sur. Cp. 76087,Querétaro,Santiago de Querétaro,20.569354,-100.358831
Leche Ultrapasteurizada,Caja 1 Lt. Light,Santa Clara,Leche Procesada,Basicos,30,2026/04/06,Bodega Aurrera,Supermercado / Tienda de Autoservicio,Bodega Aurrera Sucursal la Viga,Calz. de la Viga 136 Esq. del Taller. Col. Lorenzo Boturini. Cp. 15820,Ciudad de México,Venustiano Carranza,19.414749,-99.127874
Leche Ultrapasteurizada,Caja 1 Lt. Light,Santa Clara,Leche Procesada,Basicos,35,2026/04/01,Bodega Aurrera,Supermercado / Tienda de Autoservicio,Bodega Aurrera Sucursal Centro Constituyentes,Constituyentes Oriente 334. Entre Pasteur y Manuel Ponce. Col. Mercurio. Cp. 76040,Querétaro,Santiago de Querétaro,20.586349,-100.382801
Leche Ultrapasteurizada,Caja 1 Lt. Light,Santa Clara,Leche Procesada,Basicos,35,2026/04/10,Bodega Aurrera,Supermercado / Tienda de Autoservicio,Bodega Aurrera Sucursal Centro Constituyentes,Constituyentes Oriente 334. Entre Pasteur y Manuel Ponce. Col. Mercurio. Cp. 76040,Querétaro,Santiago de Querétaro,20.586349,-100.382801
Leche Ultrapasteurizada,Caja 1 Lt. Light,Santa Clara,Leche Procesada,Basicos,36.5,2026/04/03,Superissste,Supermercado / Tienda de Autoservicio,Superissste Sucursal 011,Calle Peluqueros No. 310 Esquina Calle Tizayuca. Col. Michoacana. Cp. 15240,Ciudad de México,Venustiano Carranza,19.446139,-99.113372
Leche Ultrapasteurizada,Caja 1 Lt. Light,Santa Clara,Leche Procesada,Basicos,36.5,2026/04/03,Superissste,Supermercado / Tienda de Autoservicio,Superissste Sucursal 022,Av. del Taller y Retorno No. 38 Dentro del Retorno 38. Col. Jardin Balbuena. Cp. 15900,Ciudad de México,Venustiano Carranza,19.412842,-99.105666
Leche Ultrapasteurizada,Caja 1 Lt. Light,Santa Clara,Leche Procesada,Basicos,36.5,2026/04/10,Superissste,Supermercado / Tienda de Autoservicio,Superissste Sucursal 011,Calle Peluqueros No. 310 Esquina Calle Tizayuca. Col. Michoacana. Cp. 15240,Ciudad de México,Venustiano Carranza,19.446139,-99.113372
Leche Ultrapasteurizada,Caja 1 Lt. Light,Santa Clara,Leche Procesada,Basicos,36.5,2026/04/10,Superissste,Supermercado / Tienda de Autoservicio,Superissste Sucursal 022,Av. del Taller y Retorno No. 38 Dentro del Retorno 38. Col. Jardin Balbuena. Cp. 15900,Ciudad de México,Venustiano Carranza,19.412842,-99.105666
Leche Ultrapasteurizada,Caja 1 Lt. Light,Santa Clara,Leche Procesada,Basicos,37,2026/04/01,Chedraui,Supermercado / Tienda de Autoservicio,Chedraui Sucursal Centro Sur,Blvd. Bernardo Quintana 502. Carr. con Direccion a Centro Civico. Col. Centro Sur. Cp. 76087,Querétaro,Santiago de Querétaro,20.569354,-100.358831
Leche Ultrapasteurizada,Caja 1 Lt. Light,Santa Clara,Leche Procesada,Basicos,37,2026/04/06,Wal-mart,Supermercado / Tienda de Autoservicio,Walmart Sucursal Aeropuerto,Calz. Ignacio Zaragoza 58. Esq. Blvd. Puerto Aereo. Col. Federal. Cp. 15700,Ciudad de México,Venustiano Carranza,19.41926,-99.094521
Leche Ultrapasteurizada,Caja 1 Lt. Light,Santa Clara,Leche Procesada,Basicos,37,2026/04/06,Wal-mart,Supermercado / Tienda de Autoservicio,Walmart Sucursal Balbuena,Fray Servando Teresa de Mier 881. Entre Fernando Iglesia Calderon y Genaro Garcia. Col. Jardin Balbuena. Cp. 15900,Ciudad de México,Venustiano Carranza,19.418067,-99.105639
Leche Ultrapasteurizada,Caja 1 Lt. Light,Santa Clara,Leche Procesada,Basicos,37,2026/04/07,Wal-mart,Supermercado / Tienda de Autoservicio,Walmart Sucursal Unidad Plaza de Toros,Autopista Queretaro Celaya 5501. Int. del Centro Comercial Plaza Esfera. Col. el Jacal. Cp. 76187,Querétaro,Santiago de Querétaro,20.574076,-100.408704
Leche Ultrapasteurizada,Caja 1 Lt. Light,Santa Clara,Leche Procesada,Basicos,37,2026/04/08,Chedraui,Supermercado / Tienda de Autoservicio,Chedraui Sucursal Centro Sur,Blvd. Bernardo Quintana 502. Carr. con Direccion a Centro Civico. Col. Centro Sur. Cp. 76087,Querétaro,Santiago de Querétaro,20.569354,-100.358831
Leche Ultrapasteurizada,Caja 1 Lt. Light,Santa Clara,Leche Procesada,Basicos,37,2026/04/09,La Comer,Supermercado / Tienda de Autoservicio,Lacomer Sucursal Queretaro Estadio,Luis M. Vega y Monroy 1300. Esq.cimatario . Col. Cimatario. Cp. 76090,Querétaro,Santiago de Querétaro,20.577804,-100.373626
Leche Ultrapasteurizada,Caja 1 Lt. Light,Santa Clara,Leche Procesada,Basicos,37,2026/04/14,Wal-mart,Supermercado / Tienda de Autoservicio,Walmart Sucursal Unidad Plaza de Toros,Autopista Queretaro Celaya 5501. Int. del Centro Comercial Plaza Esfera. Col. el Jacal. Cp. 76187,Querétaro,Santiago de Querétaro,20.574076,-100.408704
Leche Ultrapasteurizada,Caja 1 Lt. Light,Santa Clara,Leche Procesada,Basicos,37,2026/04/15,Chedraui,Supermercado / Tienda de Autoservicio,Chedraui Sucursal Centro Sur,Blvd. Bernardo Quintana 502. Carr. con Direccion a Centro Civico. Col. Centro Sur. Cp. 76087,Querétaro,Santiago de Querétaro,20.569354,-100.358831
Leche Ultrapasteurizada,Caja 1 Lt. Light,Santa Clara,Leche Procesada,Basicos,37.9,2026/04/13,Hipermercado Soriana,Supermercado / Tienda de Autoservicio,Soriana Hiper Sucursal Cimatario,Ctra. a Huimilpan 1001. Int. del Centro Comercial Plaza del Sol. Col. Plazas del Sol. Iii Seccion. Cp. 76099,Querétaro,Santiago de Querétaro,20.563227,-100.375284
Leche Ultrapasteurizada,Caja 1 Lt. Light,Santa Clara,Leche Procesada,Basicos,38.5,2026/04/06,Hipermercado Soriana,Supermercado / Tienda de Autoservicio,Soriana Hiper Sucursal Cimatario,Ctra. a Huimilpan 1001. Int. del Centro Comercial Plaza del Sol. Col. Plazas del Sol. Iii Seccion. Cp. 76099,Querétaro,Santiago de Querétaro,20.563227,-100.375284
Leche Ultrapasteurizada,Caja 1 Lt. Light,Santa Clara,Leche Procesada,Basicos,38.5,2026/04/06,Hipermercado Soriana,Supermercado / Tienda de Autoservicio,Soriana Hiper Sucursal Consulado (418),Rio Consulado 2355. Esq. Carlos Marx. Col. Simon Bolivar. Cp. 15410,Ciudad de México,Venustiano Carranza,19.449572,-99.100376
Leche Ultrapasteurizada,Caja 1 Lt. Light,Santa Clara,Leche Procesada,Basicos,40,2026/04/06,Chedraui,Supermercado / Tienda de Autoservicio,Chedraui Sucursal Anfora,Anfora 71. Esq. Eje 1 Norte. Col. Madero. Cp. 15320,Ciudad de México,Venustiano Carranza,19.437353,-99.110088
Leche Ultrapasteurizada,Caja 1 Lt. Parcialmente Descremada. Azul,Alpura. Clásica,Leche Procesada,Basicos,30,2026/04/01,Bodega Aurrera,Supermercado / Tienda de Autoservicio,Bodega Aurrera Sucursal Centro Constituyentes,Constituyentes Oriente 334. Entre Pasteur y Manuel Ponce. Col. Mercurio. Cp. 76040,Querétaro,Santiago de Querétaro,20.586349,-100.382801
Leche Ultrapasteurizada,Caja 1 Lt. Parcialmente Descremada. Azul,Alpura. Clásica,Leche Procesada,Basicos,30,2026/04/03,Superissste,Supermercado / Tienda de Autoservicio,Superissste Sucursal 011,Calle Peluqueros No. 310 Esquina Calle Tizayuca. Col. Michoacana. Cp. 15240,Ciudad de México,Venustiano Carranza,19.446139,-99.113372
Leche Ultrapasteurizada,Caja 1 Lt. Parcialmente Descremada. Azul,Alpura. Clásica,Leche Procesada,Basicos,30,2026/04/03,Superissste,Supermercado / Tienda de Autoservicio,Superissste Sucursal 022,Av. del Taller y Retorno No. 38 Dentro del Retorno 38. Col. Jardin Balbuena. Cp. 15900,Ciudad de México,Venustiano Carranza,19.412842,-99.105666
Leche Ultrapasteurizada,Caja 1 Lt. Parcialmente Descremada. Azul,Alpura. Clásica,Leche Procesada,Basicos,30,2026/04/06,Chedraui,Supermercado / Tienda de Autoservicio,Chedraui Sucursal Anfora,Anfora 71. Esq. Eje 1 Norte. Col. Madero. Cp. 15320,Ciudad de México,Venustiano Carranza,19.437353,-99.110088
Leche Ultrapasteurizada,Caja 1 Lt. Parcialmente Descremada. Azul,Alpura. Clásica,Leche Procesada,Basicos,30,2026/04/10,Bodega Aurrera,Supermercado / Tienda de Autoservicio,Bodega Aurrera Sucursal Centro Constituyentes,Constituyentes Oriente 334. Entre Pasteur y Manuel Ponce. Col. Mercurio. Cp. 76040,Querétaro,Santiago de Querétaro,20.586349,-100.382801
Leche Ultrapasteurizada,Caja 1 Lt. Parcialmente Descremada. Azul,Alpura. Clásica,Leche Procesada,Basicos,30,2026/04/10,Superissste,Supermercado / Tienda de Autoservicio,Superissste Sucursal 011,Calle Peluqueros No. 310 Esquina Calle Tizayuca. Col. Michoacana. Cp. 15240,Ciudad de México,Venustiano Carranza,19.446139,-99.113372
Leche Ultrapasteurizada,Caja 1 Lt. Parcialmente Descremada. Azul,Alpura. Clásica,Leche Procesada,Basicos,30,2026/04/10,Superissste,Supermercado / Tienda de Autoservicio,Superissste Sucursal 022,Av. del Taller y Retorno No. 38 Dentro del Retorno 38. Col. Jardin Balbuena. Cp. 15900,Ciudad de México,Venustiano Carranza,19.412842,-99.105666
Leche Ultrapasteurizada,Caja 1 Lt. Parcialmente Descremada. Azul,Alpura. Clásica,Leche Procesada,Basicos,34.5,2026/04/06,Bodega Aurrera,Supermercado / Tienda de Autoservicio,Bodega Aurrera Sucursal la Viga,Calz. de la Viga 136 Esq. del Taller. Col. Lorenzo Boturini. Cp. 15820,Ciudad de México,Venustiano Carranza,19.414749,-99.127874
Leche Ultrapasteurizada,Caja 1 Lt. Parcialmente Descremada. Azul,Alpura. Clásica,Leche Procesada,Basicos,36,2026/04/01,Chedraui,Supermercado / Tienda de Autoservicio,Chedraui Sucursal Centro Sur,Blvd. Bernardo Quintana 502. Carr. con Direccion a Centro Civico. Col. Centro Sur. Cp. 76087,Querétaro,Santiago de Querétaro,20.569354,-100.358831
Leche Ultrapasteurizada,Caja 1 Lt. Parcialmente Descremada. Azul,Alpura. Clásica,Leche Procesada,Basicos,36,2026/04/06,Wal-mart,Supermercado / Tienda de Autoservicio,Walmart Sucursal Aeropuerto,Calz. Ignacio Zaragoza 58. Esq. Blvd. Puerto Aereo. Col. Federal. Cp. 15700,Ciudad de México,Venustiano Carranza,19.41926,-99.094521
Leche Ultrapasteurizada,Caja 1 Lt. Parcialmente Descremada. Azul,Alpura. Clásica,Leche Procesada,Basicos,36,2026/04/06,Wal-mart,Supermercado / Tienda de Autoservicio,Walmart Sucursal Balbuena,Fray Servando Teresa de Mier 881. Entre Fernando Iglesia Calderon y Genaro Garcia. Col. Jardin Balbuena. Cp. 15900,Ciudad de México,Venustiano Carranza,19.418067,-99.105639
Leche Ultrapasteurizada,Caja 1 Lt. Parcialmente Descremada. Azul,Alpura. Clásica,Leche Procesada,Basicos,36,2026/04/08,Chedraui,Supermercado / Tienda de Autoservicio,Chedraui Sucursal Centro Sur,Blvd. Bernardo Quintana 502. Carr. con Direccion a Centro Civico. Col. Centro Sur. Cp. 76087,Querétaro,Santiago de Querétaro,20.569354,-100.358831
Leche Ultrapasteurizada,Caja 1 Lt. Parcialmente Descremada. Azul,Alpura. Clásica,Leche Procesada,Basicos,36,2026/04/14,Wal-mart,Supermercado / Tienda de Autoservicio,Walmart Sucursal Unidad Plaza de Toros,Autopista Queretaro Celaya 5501. Int. del Centro Comercial Plaza Esfera. Col. el Jacal. Cp. 76187,Querétaro,Santiago de Querétaro,20.574076,-100.408704
Leche Ultrapasteurizada,Caja 1 Lt. Parcialmente Descremada. Azul,Alpura. Clásica,Leche Procesada,Basicos,36,2026/04/15,Chedraui,Supermercado / Tienda de Autoservicio,Chedraui Sucursal Centro Sur,Blvd. Bernardo Quintana 502. Carr. con Direccion a Centro Civico. Col. Centro Sur. Cp. 76087,Querétaro,Santiago de Querétaro,20.569354,-100.358831
Leche Ultrapasteurizada,Caja 1 Lt. Parcialmente Descremada. Azul,Alpura. Clásica,Leche Procesada,Basicos,37,2026/04/07,Wal-mart,Supermercado / Tienda de Autoservicio,Walmart Sucursal Unidad Plaza de Toros,Autopista Queretaro Celaya 5501. Int. del Centro Comercial Plaza Esfera. Col. el Jacal. Cp. 76187,Querétaro,Santiago de Querétaro,20.574076,-100.408704
Leche Ultrapasteurizada,Caja 1 Lt. Parcialmente Descremada. Azul,Alpura. Clásica,Leche Procesada,Basicos,37,2026/04/09,La Comer,Supermercado / Tienda de Autoservicio,Lacomer Sucursal Queretaro Estadio,Luis M. Vega y Monroy 1300. Esq.cimatario . Col. Cimatario. Cp. 76090,Querétaro,Santiago de Querétaro,20.577804,-100.373626
Leche Ultrapasteurizada,Caja 1 Lt. Parcialmente Descremada. Azul,Alpura. Clásica,Leche Procesada,Basicos,37.5,2026/04/06,Hipermercado Soriana,Supermercado / Tienda de Autoservicio,Soriana Hiper Sucursal Cimatario,Ctra. a Huimilpan 1001. Int. del Centro Comercial Plaza del Sol. Col. Plazas del Sol. Iii Seccion. Cp. 76099,Querétaro,Santiago de Querétaro,20.563227,-100.375284
Leche Ultrapasteurizada,Caja 1 Lt. Parcialmente Descremada. Azul,Alpura. Clásica,Leche Procesada,Basicos,37.5,2026/04/06,Hipermercado Soriana,Supermercado / Tienda de Autoservicio,Soriana Hiper Sucursal Consulado (418),Rio Consulado 2355. Esq. Carlos Marx. Col. Simon Bolivar. Cp. 15410,Ciudad de México,Venustiano Carranza,19.449572,-99.100376
Leche Ultrapasteurizada,Caja 1 Lt. Parcialmente Descremada. Azul,Alpura. Clásica,Leche Procesada,Basicos,37.5,2026/04/13,Hipermercado Soriana,Supermercado / Tienda de Autoservicio,Soriana Hiper Sucursal Cimatario,Ctra. a Huimilpan 1001. Int. del Centro Comercial Plaza del Sol. Col. Plazas del Sol. Iii Seccion. Cp. 76099,Querétaro,Santiago de Querétaro,20.563227,-100.375284
Leche Ultrapasteurizada,Caja 1 Lt. Parcialmente Descremada. Azul,Alpura. Clásica,Leche Procesada,Basicos,37.9,2026/04/07,Oxxo,Tienda de Conveniencia,Oxxo Sucursal Corregidora 50 Cr,Circuito Moises Solana No. 128. Esq. Gertrudis Bocanegra. Col. Burocratas. Cp. 76070,Querétaro,Santiago de Querétaro,20.57462,-100.384232
Leche Ultrapasteurizada,Caja 1 Lt. Parcialmente Descremada. Azul,Alpura. Clásica,Leche Procesada,Basicos,37.9,2026/04/14,Oxxo,Tienda de Conveniencia,Oxxo Sucursal Corregidora 50 Cr,Circuito Moises Solana No. 128. Esq. Gertrudis Bocanegra. Col. Burocratas. Cp. 76070,Querétaro,Santiago de Querétaro,20.57462,-100.384232
Leche Ultrapasteurizada,Caja 1 Lt. Parcialmente Descremada. Light,Alpura,Leche Procesada,Basicos,30,2026/04/03,Superissste,Supermercado / Tienda de Autoservicio,Superissste Sucursal 011,Calle Peluqueros No. 310 Esquina Calle Tizayuca. Col. Michoacana. Cp. 15240,Ciudad de México,Venustiano Carranza,19.446139,-99.113372
Leche Ultrapasteurizada,Caja 1 Lt. Parcialmente Descremada. Light,Alpura,Leche Procesada,Basicos,30,2026/04/03,Superissste,Supermercado / Tienda de Autoservicio,Superissste Sucursal 022,Av. del Taller y Retorno No. 38 Dentro del Retorno 38. Col. Jardin Balbuena. Cp. 15900,Ciudad de México,Venustiano Carranza,19.412842,-99.105666
Leche Ultrapasteurizada,Caja 1 Lt. Parcialmente Descremada. Light,Alpura,Leche Procesada,Basicos,30,2026/04/06,Chedraui,Supermercado / Tienda de Autoservicio,Chedraui Sucursal Anfora,Anfora 71. Esq. Eje 1 Norte. Col. Madero. Cp. 15320,Ciudad de México,Venustiano Carranza,19.437353,-99.110088
Leche Ultrapasteurizada,Caja 1 Lt. Parcialmente Descremada. Light,Alpura,Leche Procesada,Basicos,30,2026/04/10,Bodega Aurrera,Supermercado / Tienda de Autoservicio,Bodega Aurrera Sucursal Centro Constituyentes,Constituyentes Oriente 334. Entre Pasteur y Manuel Ponce. Col. Mercurio. Cp. 76040,Querétaro,Santiago de Querétaro,20.586349,-100.382801
Leche Ultrapasteurizada,Caja 1 Lt. Parcialmente Descremada. Light,Alpura,Leche Procesada,Basicos,30,2026/04/10,Superissste,Supermercado / Tienda de Autoservicio,Superissste Sucursal 011,Calle Peluqueros No. 310 Esquina Calle Tizayuca. Col. Michoacana. Cp. 15240,Ciudad de México,Venustiano Carranza,19.446139,-99.113372
Leche Ultrapasteurizada,Caja 1 Lt. Parcialmente Descremada. Light,Alpura,Leche Procesada,Basicos,30,2026/04/10,Superissste,Supermercado / Tienda de Autoservicio,Superissste Sucursal 022,Av. del Taller y Retorno No. 38 Dentro del Retorno 38. Col. Jardin Balbuena. Cp. 15900,Ciudad de México,Venustiano Carranza,19.412842,-99.105666
Leche Ultrapasteurizada,Caja 1 Lt. Parcialmente Descremada. Light,Alpura,Leche Procesada,Basicos,34.5,2026/04/01,Bodega Aurrera,Supermercado / Tienda de Autoservicio,Bodega Aurrera Sucursal Centro Constituyentes,Constituyentes Oriente 334. Entre Pasteur y Manuel Ponce. Col. Mercurio. Cp. 76040,Querétaro,Santiago de Querétaro,20.586349,-100.382801
Leche Ultrapasteurizada,Caja 1 Lt. Parcialmente Descremada. Light,Alpura,Leche Procesada,Basicos,34.5,2026/04/06,Bodega Aurrera,Supermercado / Tienda de Autoservicio,Bodega Aurrera Sucursal la Viga,Calz. de la Viga 136 Esq. del Taller. Col. Lorenzo Boturini. Cp. 15820,Ciudad de México,Venustiano Carranza,19.414749,-99.127874
Leche Ultrapasteurizada,Caja 1 Lt. Parcialmente Descremada. Light,Alpura,Leche Procesada,Basicos,36,2026/04/01,Chedraui,Supermercado / Tienda de Autoservicio,Chedraui Sucursal Centro Sur,Blvd. Bernardo Quintana 502. Carr. con Direccion a Centro Civico. Col. Centro Sur. Cp. 76087,Querétaro,Santiago de Querétaro,20.569354,-100.358831
Leche Ultrapasteurizada,Caja 1 Lt. Parcialmente Descremada. Light,Alpura,Leche Procesada,Basicos,36,2026/04/06,Wal-mart,Supermercado / Tienda de Autoservicio,Walmart Sucursal Aeropuerto,Calz. Ignacio Zaragoza 58. Esq. Blvd. Puerto Aereo. Col. Federal. Cp. 15700,Ciudad de México,Venustiano Carranza,19.41926,-99.094521
Leche Ultrapasteurizada,Caja 1 Lt. Parcialmente Descremada. Light,Alpura,Leche Procesada,Basicos,36,2026/04/06,Wal-mart,Supermercado / Tienda de Autoservicio,Walmart Sucursal Balbuena,Fray Servando Teresa de Mier 881. Entre Fernando Iglesia Calderon y Genaro Garcia. Col. Jardin Balbuena. Cp. 15900,Ciudad de México,Venustiano Carranza,19.418067,-99.105639
Leche Ultrapasteurizada,Caja 1 Lt. Parcialmente Descremada. Light,Alpura,Leche Procesada,Basicos,36,2026/04/08,Chedraui,Supermercado / Tienda de Autoservicio,Chedraui Sucursal Centro Sur,Blvd. Bernardo Quintana 502. Carr. con Direccion a Centro Civico. Col. Centro Sur. Cp. 76087,Querétaro,Santiago de Querétaro,20.569354,-100.358831
Leche Ultrapasteurizada,Caja 1 Lt. Parcialmente Descremada. Light,Alpura,Leche Procesada,Basicos,36,2026/04/14,Wal-mart,Supermercado / Tienda de Autoservicio,Walmart Sucursal Unidad Plaza de Toros,Autopista Queretaro Celaya 5501. Int. del Centro Comercial Plaza Esfera. Col. el Jacal. Cp. 76187,Querétaro,Santiago de Querétaro,20.574076,-100.408704
Leche Ultrapasteurizada,Caja 1 Lt. Parcialmente Descremada. Light,Alpura,Leche Procesada,Basicos,36,2026/04/15,Chedraui,Supermercado / Tienda de Autoservicio,Chedraui Sucursal Centro Sur,Blvd. Bernardo Quintana 502. Carr. con Direccion a Centro Civico. Col. Centro Sur. Cp. 76087,Querétaro,Santiago de Querétaro,20.569354,-100.358831
Leche Ultrapasteurizada,Caja 1 Lt. Parcialmente Descremada. Light,Alpura,Leche Procesada,Basicos,37,2026/04/07,Wal-mart,Supermercado / Tienda de Autoservicio,Walmart Sucursal Unidad Plaza de Toros,Autopista Queretaro Celaya 5501. Int. del Centro Comercial Plaza Esfera. Col. el Jacal. Cp. 76187,Querétaro,Santiago de Querétaro,20.574076,-100.408704
Leche Ultrapasteurizada,Caja 1 Lt. Parcialmente Descremada. Light,Alpura,Leche Procesada,Basicos,37,2026/04/09,La Comer,Supermercado / Tienda de Autoservicio,Lacomer Sucursal Queretaro Estadio,Luis M. Vega y Monroy 1300. Esq.cimatario . Col. Cimatario. Cp. 76090,Querétaro,Santiago de Querétaro,20.577804,-100.373626
Leche Ultrapasteurizada,Caja 1 Lt. Parcialmente Descremada. Light,Alpura,Leche Procesada,Basicos,37.5,2026/04/06,Hipermercado Soriana,Supermercado / Tienda de Autoservicio,Soriana Hiper Sucursal Cimatario,Ctra. a Huimilpan 1001. Int. del Centro Comercial Plaza del Sol. Col. Plazas del Sol. Iii Seccion. Cp. 76099,Querétaro,Santiago de Querétaro,20.563227,-100.375284
Leche Ultrapasteurizada,Caja 1 Lt. Parcialmente Descremada. Light,Alpura,Leche Procesada,Basicos,37.5,2026/04/06,Hipermercado Soriana,Supermercado / Tienda de Autoservicio,Soriana Hiper Sucursal Consulado (418),Rio Consulado 2355. Esq. Carlos Marx. Col. Simon Bolivar. Cp. 15410,Ciudad de México,Venustiano Carranza,19.449572,-99.100376
Leche Ultrapasteurizada,Caja 1 Lt. Parcialmente Descremada. Light,Alpura,Leche Procesada,Basicos,37.5,2026/04/13,Hipermercado Soriana,Supermercado / Tienda de Autoservicio,Soriana Hiper Sucursal Cimatario,Ctra. a Huimilpan 1001. Int. del Centro Comercial Plaza del Sol. Col. Plazas del Sol. Iii Seccion. Cp. 76099,Querétaro,Santiago de Querétaro,20.563227,-100.375284
Leche Ultrapasteurizada,Caja 1 Lt. Parcialmente Descremada. Light. Baja en Grasa,Lala,Leche Procesada,Basicos,30,2026/04/01,Bodega Aurrera,Supermercado / Tienda de Autoservicio,Bodega Aurrera Sucursal Centro Constituyentes,Constituyentes Oriente 334. Entre Pasteur y Manuel Ponce. Col. Mercurio. Cp. 76040,Querétaro,Santiago de Querétaro,20.586349,-100.382801
Leche Ultrapasteurizada,Caja 1 Lt. Parcialmente Descremada. Light. Baja en Grasa,Lala,Leche Procesada,Basicos,30,2026/04/06,Bodega Aurrera,Supermercado / Tienda de Autoservicio,Bodega Aurrera Sucursal la Viga,Calz. de la Viga 136 Esq. del Taller. Col. Lorenzo Boturini. Cp. 15820,Ciudad de México,Venustiano Carranza,19.414749,-99.127874
Leche Ultrapasteurizada,Caja 1 Lt. Parcialmente Descremada. Light. Baja en Grasa,Lala,Leche Procesada,Basicos,30,2026/04/06,Chedraui,Supermercado / Tienda de Autoservicio,Chedraui Sucursal Anfora,Anfora 71. Esq. Eje 1 Norte. Col. Madero. Cp. 15320,Ciudad de México,Venustiano Carranza,19.437353,-99.110088
Leche Ultrapasteurizada,Caja 1 Lt. Parcialmente Descremada. Light. Baja en Grasa,Lala,Leche Procesada,Basicos,30,2026/04/06,Hipermercado Soriana,Supermercado / Tienda de Autoservicio,Soriana Hiper Sucursal Consulado (418),Rio Consulado 2355. Esq. Carlos Marx. Col. Simon Bolivar. Cp. 15410,Ciudad de México,Venustiano Carranza,19.449572,-99.100376
Leche Ultrapasteurizada,Caja 1 Lt. Parcialmente Descremada. Light. Baja en Grasa,Lala,Leche Procesada,Basicos,30,2026/04/06,Wal-mart,Supermercado / Tienda de Autoservicio,Walmart Sucursal Aeropuerto,Calz. Ignacio Zaragoza 58. Esq. Blvd. Puerto Aereo. Col. Federal. Cp. 15700,Ciudad de México,Venustiano Carranza,19.41926,-99.094521
Leche Ultrapasteurizada,Caja 1 Lt. Parcialmente Descremada. Light. Baja en Grasa,Lala,Leche Procesada,Basicos,30,2026/04/06,Wal-mart,Supermercado / Tienda de Autoservicio,Walmart Sucursal Balbuena,Fray Servando Teresa de Mier 881. Entre Fernando Iglesia Calderon y Genaro Garcia. Col. Jardin Balbuena. Cp. 15900,Ciudad de México,Venustiano Carranza,19.418067,-99.105639
Leche Ultrapasteurizada,Caja 1 Lt. Parcialmente Descremada. Light. Baja en Grasa,Lala,Leche Procesada,Basicos,30,2026/04/07,Wal-mart,Supermercado / Tienda de Autoservicio,Walmart Sucursal Unidad Plaza de Toros,Autopista Queretaro Celaya 5501. Int. del Centro Comercial Plaza Esfera. Col. el Jacal. Cp. 76187,Querétaro,Santiago de Querétaro,20.574076,-100.408704
Leche Ultrapasteurizada,Caja 1 Lt. Parcialmente Descremada. Light. Baja en Grasa,Lala,Leche Procesada,Basicos,30,2026/04/09,La Comer,Supermercado / Tienda de Autoservicio,Lacomer Sucursal Queretaro Estadio,Luis M. Vega y Monroy 1300. Esq.cimatario . Col. Cimatario. Cp. 76090,Querétaro,Santiago de Querétaro,20.577804,-100.373626
Leche Ultrapasteurizada,Caja 1 Lt. Parcialmente Descremada. Light. Baja en Grasa,Lala,Leche Procesada,Basicos,30,2026/04/10,Bodega Aurrera,Supermercado / Tienda de Autoservicio,Bodega Aurrera Sucursal Centro Constituyentes,Constituyentes Oriente 334. Entre Pasteur y Manuel Ponce. Col. Mercurio. Cp. 76040,Querétaro,Santiago de Querétaro,20.586349,-100.382801
Leche Ultrapasteurizada,Caja 1 Lt. Parcialmente Descremada. Light. Baja en Grasa,Lala,Leche Procesada,Basicos,30,2026/04/14,Wal-mart,Supermercado / Tienda de Autoservicio,Walmart Sucursal Unidad Plaza de Toros,Autopista Queretaro Celaya 5501. Int. del Centro Comercial Plaza Esfera. Col. el Jacal. Cp. 76187,Querétaro,Santiago de Querétaro,20.574076,-100.408704
Leche Ultrapasteurizada,Caja 1 Lt. Parcialmente Descremada. Light. Baja en Grasa,Lala,Leche Procesada,Basicos,30,2026/04/15,Chedraui,Supermercado / Tienda de Autoservicio,Chedraui Sucursal Centro Sur,Blvd. Bernardo Quintana 502. Carr. con Direccion a Centro Civico. Col. Centro Sur. Cp. 76087,Querétaro,Santiago de Querétaro,20.569354,-100.358831
Leche Ultrapasteurizada,Caja 1 Lt. Parcialmente Descremada. Light. Baja en Grasa,Lala,Leche Procesada,Basicos,33,2026/04/01,Chedraui,Supermercado / Tienda de Autoservicio,Chedraui Sucursal Centro Sur,Blvd. Bernardo Quintana 502. Carr. con Direccion a Centro Civico. Col. Centro Sur. Cp. 76087,Querétaro,Santiago de Querétaro,20.569354,-100.358831
Leche Ultrapasteurizada,Caja 1 Lt. Parcialmente Descremada. Light. Baja en Grasa,Lala,Leche Procesada,Basicos,33,2026/04/08,Chedraui,Supermercado / Tienda de Autoservicio,Chedraui Sucursal Centro Sur,Blvd. Bernardo Quintana 502. Carr. con Direccion a Centro Civico. Col. Centro Sur. Cp. 76087,Querétaro,Santiago de Querétaro,20.569354,-100.358831
Leche Ultrapasteurizada,Caja 1 Lt. Parcialmente Descremada. Light. Baja en Grasa,Lala,Leche Procesada,Basicos,35,2026/04/03,Superissste,Supermercado / Tienda de Autoservicio,Superissste Sucursal 011,Calle Peluqueros No. 310 Esquina Calle Tizayuca. Col. Michoacana. Cp. 15240,Ciudad de México,Venustiano Carranza,19.446139,-99.113372
Leche Ultrapasteurizada,Caja 1 Lt. Parcialmente Descremada. Light. Baja en Grasa,Lala,Leche Procesada,Basicos,35,2026/04/03,Superissste,Supermercado / Tienda de Autoservicio,Superissste Sucursal 022,Av. del Taller y Retorno No. 38 Dentro del Retorno 38. Col. Jardin Balbuena. Cp. 15900,Ciudad de México,Venustiano Carranza,19.412842,-99.105666
Leche Ultrapasteurizada,Caja 1 Lt. Parcialmente Descremada. Light. Baja en Grasa,Lala,Leche Procesada,Basicos,35,2026/04/10,Superissste,Supermercado / Tienda de Autoservicio,Superissste Sucursal 011,Calle Peluqueros No. 310 Esquina Calle Tizayuca. Col. Michoacana. Cp. 15240,Ciudad de México,Venustiano Carranza,19.446139,-99.113372
Leche Ultrapasteurizada,Caja 1 Lt. Parcialmente Descremada. Light. Baja en Grasa,Lala,Leche Procesada,Basicos,35,2026/04/10,Superissste,Supermercado / Tienda de Autoservicio,Superissste Sucursal 022,Av. del Taller y Retorno No. 38 Dentro del Retorno 38. Col. Jardin Balbuena. Cp. 15900,Ciudad de México,Venustiano Carranza,19.412842,-99.105666
Leche Ultrapasteurizada,Caja 1 Lt. Parcialmente Descremada. Light. Baja en Grasa,Lala,Leche Procesada,Basicos,39,2026/04/07,Oxxo,Tienda de Conveniencia,Oxxo Sucursal Corregidora 50 Cr,Circuito Moises Solana No. 128. Esq. Gertrudis Bocanegra. Col. Burocratas. Cp. 76070,Querétaro,Santiago de Querétaro,20.57462,-100.384232
Leche Ultrapasteurizada,Caja 1 Lt. Parcialmente Descremada. Light. Baja en Grasa,Lala,Leche Procesada,Basicos,39,2026/04/14,Oxxo,Tienda de Conveniencia,Oxxo Sucursal Corregidora 50 Cr,Circuito Moises Solana No. 128. Esq. Gertrudis Bocanegra. Col. Burocratas. Cp. 76070,Querétaro,Santiago de Querétaro,20.57462,-100.384232
Leche Ultrapasteurizada,Caja 1 Lt. Parcialmente Descremada. Light. Baja en Grasa,Lala,Leche Procesada,Basicos,39.5,2026/04/06,Hipermercado Soriana,Supermercado / Tienda de Autoservicio,Soriana Hiper Sucursal Cimatario,Ctra. a Huimilpan 1001. Int. del Centro Comercial Plaza del Sol. Col. Plazas del Sol. Iii Seccion. Cp. 76099,Querétaro,Santiago de Querétaro,20.563227,-100.375284
Leche Ultrapasteurizada,Caja 1 Lt. Parcialmente Descremada. Light. Baja en Grasa,Lala,Leche Procesada,Basicos,39.5,2026/04/13,Hipermercado Soriana,Supermercado / Tienda de Autoservicio,Soriana Hiper Sucursal Cimatario,Ctra. a Huimilpan 1001. Int. del Centro Comercial Plaza del Sol. Col. Plazas del Sol. Iii Seccion. Cp. 76099,Querétaro,Santiago de Querétaro,20.563227,-100.375284
Leche Ultrapasteurizada,Caja 1 Lt. Parcialmente Descremada. Semi,Alpura,Leche Procesada,Basicos,30,2026/04/03,Superissste,Supermercado / Tienda de Autoservicio,Superissste Sucursal 011,Calle Peluqueros No. 310 Esquina Calle Tizayuca. Col. Michoacana. Cp. 15240,Ciudad de México,Venustiano Carranza,19.446139,-99.113372
Leche Ultrapasteurizada,Caja 1 Lt. Parcialmente Descremada. Semi,Alpura,Leche Procesada,Basicos,30,2026/04/03,Superissste,Supermercado / Tienda de Autoservicio,Superissste Sucursal 022,Av. del Taller y Retorno No. 38 Dentro del Retorno 38. Col. Jardin Balbuena. Cp. 15900,Ciudad de México,Venustiano Carranza,19.412842,-99.105666
Leche Ultrapasteurizada,Caja 1 Lt. Parcialmente Descremada. Semi,Alpura,Leche Procesada,Basicos,30,2026/04/06,Chedraui,Supermercado / Tienda de Autoservicio,Chedraui Sucursal Anfora,Anfora 71. Esq. Eje 1 Norte. Col. Madero. Cp. 15320,Ciudad de México,Venustiano Carranza,19.437353,-99.110088
Leche Ultrapasteurizada,Caja 1 Lt. Parcialmente Descremada. Semi,Alpura,Leche Procesada,Basicos,30,2026/04/10,Bodega Aurrera,Supermercado / Tienda de Autoservicio,Bodega Aurrera Sucursal Centro Constituyentes,Constituyentes Oriente 334. Entre Pasteur y Manuel Ponce. Col. Mercurio. Cp. 76040,Querétaro,Santiago de Querétaro,20.586349,-100.382801
Leche Ultrapasteurizada,Caja 1 Lt. Parcialmente Descremada. Semi,Alpura,Leche Procesada,Basicos,30,2026/04/10,Superissste,Supermercado / Tienda de Autoservicio,Superissste Sucursal 011,Calle Peluqueros No. 310 Esquina Calle Tizayuca. Col. Michoacana. Cp. 15240,Ciudad de México,Venustiano Carranza,19.446139,-99.113372
Leche Ultrapasteurizada,Caja 1 Lt. Parcialmente Descremada. Semi,Alpura,Leche Procesada,Basicos,30,2026/04/10,Superissste,Supermercado / Tienda de Autoservicio,Superissste Sucursal 022,Av. del Taller y Retorno No. 38 Dentro del Retorno 38. Col. Jardin Balbuena. Cp. 15900,Ciudad de México,Venustiano Carranza,19.412842,-99.105666
Leche Ultrapasteurizada,Caja 1 Lt. Parcialmente Descremada. Semi,Alpura,Leche Procesada,Basicos,31.5,2026/04/06,Hipermercado Soriana,Supermercado / Tienda de Autoservicio,Soriana Hiper Sucursal Consulado (418),Rio Consulado 2355. Esq. Carlos Marx. Col. Simon Bolivar. Cp. 15410,Ciudad de México,Venustiano Carranza,19.449572,-99.100376
Leche Ultrapasteurizada,Caja 1 Lt. Parcialmente Descremada. Semi,Alpura,Leche Procesada,Basicos,34.5,2026/04/06,Bodega Aurrera,Supermercado / Tienda de Autoservicio,Bodega Aurrera Sucursal la Viga,Calz. de la Viga 136 Esq. del Taller. Col. Lorenzo Boturini. Cp. 15820,Ciudad de México,Venustiano Carranza,19.414749,-99.127874
Leche Ultrapasteurizada,Caja 1 Lt. Parcialmente Descremada. Semi,Alpura,Leche Procesada,Basicos,36,2026/04/01,Bodega Aurrera,Supermercado / Tienda de Autoservicio,Bodega Aurrera Sucursal Centro Constituyentes,Constituyentes Oriente 334. Entre Pasteur y Manuel Ponce. Col. Mercurio. Cp. 76040,Querétaro,Santiago de Querétaro,20.586349,-100.382801
Leche Ultrapasteurizada,Caja 1 Lt. Parcialmente Descremada. Semi,Alpura,Leche Procesada,Basicos,36,2026/04/01,Chedraui,Supermercado / Tienda de Autoservicio,Chedraui Sucursal Centro Sur,Blvd. Bernardo Quintana 502. Carr. con Direccion a Centro Civico. Col. Centro Sur. Cp. 76087,Querétaro,Santiago de Querétaro,20.569354,-100.358831
Leche Ultrapasteurizada,Caja 1 Lt. Parcialmente Descremada. Semi,Alpura,Leche Procesada,Basicos,36,2026/04/06,Wal-mart,Supermercado / Tienda de Autoservicio,Walmart Sucursal Aeropuerto,Calz. Ignacio Zaragoza 58. Esq. Blvd. Puerto Aereo. Col. Federal. Cp. 15700,Ciudad de México,Venustiano Carranza,19.41926,-99.094521
Leche Ultrapasteurizada,Caja 1 Lt. Parcialmente Descremada. Semi,Alpura,Leche Procesada,Basicos,36,2026/04/06,Wal-mart,Supermercado / Tienda de Autoservicio,Walmart Sucursal Balbuena,Fray Servando Teresa de Mier 881. Entre Fernando Iglesia Calderon y Genaro Garcia. Col. Jardin Balbuena. Cp. 15900,Ciudad de México,Venustiano Carranza,19.418067,-99.105639
Leche Ultrapasteurizada,Caja 1 Lt. Parcialmente Descremada. Semi,Alpura,Leche Procesada,Basicos,36,2026/04/08,Chedraui,Supermercado / Tienda de Autoservicio,Chedraui Sucursal Centro Sur,Blvd. Bernardo Quintana 502. Carr. con Direccion a Centro Civico. Col. Centro Sur. Cp. 76087,Querétaro,Santiago de Querétaro,20.569354,-100.358831
Leche Ultrapasteurizada,Caja 1 Lt. Parcialmente Descremada. Semi,Alpura,Leche Procesada,Basicos,36,2026/04/14,Wal-mart,Supermercado / Tienda de Autoservicio,Walmart Sucursal Unidad Plaza de Toros,Autopista Queretaro Celaya 5501. Int. del Centro Comercial Plaza Esfera. Col. el Jacal. Cp. 76187,Querétaro,Santiago de Querétaro,20.574076,-100.408704
Leche Ultrapasteurizada,Caja 1 Lt. Parcialmente Descremada. Semi,Alpura,Leche Procesada,Basicos,36,2026/04/15,Chedraui,Supermercado / Tienda de Autoservicio,Chedraui Sucursal Centro Sur,Blvd. Bernardo Quintana 502. Carr. con Direccion a Centro Civico. Col. Centro Sur. Cp. 76087,Querétaro,Santiago de Querétaro,20.569354,-100.358831
Leche Ultrapasteurizada,Caja 1 Lt. Parcialmente Descremada. Semi,Alpura,Leche Procesada,Basicos,37,2026/04/07,Wal-mart,Supermercado / Tienda de Autoservicio,Walmart Sucursal Unidad Plaza de Toros,Autopista Queretaro Celaya 5501. Int. del Centro Comercial Plaza Esfera. Col. el Jacal. Cp. 76187,Querétaro,Santiago de Querétaro,20.574076,-100.408704
Leche Ultrapasteurizada,Caja 1 Lt. Parcialmente Descremada. Semi,Alpura,Leche Procesada,Basicos,37,2026/04/09,La Comer,Supermercado / Tienda de Autoservicio,Lacomer Sucursal Queretaro Estadio,Luis M. Vega y Monroy 1300. Esq.cimatario . Col. Cimatario. Cp. 76090,Querétaro,Santiago de Querétaro,20.577804,-100.373626
Leche Ultrapasteurizada,Caja 1 Lt. Parcialmente Descremada. Semi,Alpura,Leche Procesada,Basicos,37.5,2026/04/06,Hipermercado Soriana,Supermercado / Tienda de Autoservicio,Soriana Hiper Sucursal Cimatario,Ctra. a Huimilpan 1001. Int. del Centro Comercial Plaza del Sol. Col. Plazas del Sol. Iii Seccion. Cp. 76099,Querétaro,Santiago de Querétaro,20.563227,-100.375284
Leche Ultrapasteurizada,Caja 1 Lt. Parcialmente Descremada. Semi,Alpura,Leche Procesada,Basicos,37.5,2026/04/13,Hipermercado Soriana,Supermercado / Tienda de Autoservicio,Soriana Hiper Sucursal Cimatario,Ctra. a Huimilpan 1001. Int. del Centro Comercial Plaza del Sol. Col. Plazas del Sol. Iii Seccion. Cp. 76099,Querétaro,Santiago de Querétaro,20.563227,-100.375284
Leche Ultrapasteurizada,Caja 1 Lt. Semidescremada,San Marcos,Leche Procesada,Basicos,29.9,2026/04/06,Hipermercado Soriana,Supermercado / Tienda de Autoservicio,Soriana Hiper Sucursal Cimatario,Ctra. a Huimilpan 1001. Int. del Centro Comercial Plaza del Sol. Col. Plazas del Sol. Iii Seccion. Cp. 76099,Querétaro,Santiago de Querétaro,20.563227,-100.375284
Leche Ultrapasteurizada,Caja 1 Lt. Semidescremada,San Marcos,Leche Procesada,Basicos,29.9,2026/04/13,Hipermercado Soriana,Supermercado / Tienda de Autoservicio,Soriana Hiper Sucursal Cimatario,Ctra. a Huimilpan 1001. Int. del Centro Comercial Plaza del Sol. Col. Plazas del Sol. Iii Seccion. Cp. 76099,Querétaro,Santiago de Querétaro,20.563227,-100.375284
Leche Ultrapasteurizada,Caja 1 Lt. Semidescremada,San Marcos,Leche Procesada,Basicos,33.5,2026/04/06,Chedraui,Supermercado / Tienda de Autoservicio,Chedraui Sucursal Anfora,Anfora 71. Esq. Eje 1 Norte. Col. Madero. Cp. 15320,Ciudad de México,Venustiano Carranza,19.437353,-99.110088
Leche Ultrapasteurizada,Caja 1 Lt. Semidescremada,San Marcos,Leche Procesada,Basicos,34,2026/04/07,Wal-mart,Supermercado / Tienda de Autoservicio,Walmart Sucursal Unidad Plaza de Toros,Autopista Queretaro Celaya 5501. Int. del Centro Comercial Plaza Esfera. Col. el Jacal. Cp. 76187,Querétaro,Santiago de Querétaro,20.574076,-100.408704
Leche Ultrapasteurizada,Caja 1 Lt. Semidescremada,San Marcos,Leche Procesada,Basicos,34,2026/04/09,La Comer,Supermercado / Tienda de Autoservicio,Lacomer Sucursal Queretaro Estadio,Luis M. Vega y Monroy 1300. Esq.cimatario . Col. Cimatario. Cp. 76090,Querétaro,Santiago de Querétaro,20.577804,-100.373626
Leche Ultrapasteurizada,Caja 1 Lt. Semidescremada,San Marcos,Leche Procesada,Basicos,34,2026/04/14,Wal-mart,Supermercado / Tienda de Autoservicio,Walmart Sucursal Unidad Plaza de Toros,Autopista Queretaro Celaya 5501. Int. del Centro Comercial Plaza Esfera. Col. el Jacal. Cp. 76187,Querétaro,Santiago de Querétaro,20.574076,-100.408704
Leche Ultrapasteurizada,Caja 1 Lt. Semidescremada,San Marcos,Leche Procesada,Basicos,34,2026/04/15,Chedraui,Supermercado / Tienda de Autoservicio,Chedraui Sucursal Centro Sur,Blvd. Bernardo Quintana 502. Carr. con Direccion a Centro Civico. Col. Centro Sur. Cp. 76087,Querétaro,Santiago de Querétaro,20.569354,-100.358831
Leche Ultrapasteurizada,Caja 1 Lt. Semidescremada,San Marcos,Leche Procesada,Basicos,35.9,2026/04/06,Hipermercado Soriana,Supermercado / Tienda de Autoservicio,Soriana Hiper Sucursal Consulado (418),Rio Consulado 2355. Esq. Carlos Marx. Col. Simon Bolivar. Cp. 15410,Ciudad de México,Venustiano Carranza,19.449572,-99.100376
Leche Ultrapasteurizada,Caja 1 Lt. Semidescremada. Reducida en Grasa,Lala,Leche Procesada,Basicos,28,2026/04/15,Chedraui,Supermercado / Tienda de Autoservicio,Chedraui Sucursal Centro Sur,Blvd. Bernardo Quintana 502. Carr. con Direccion a Centro Civico. Col. Centro Sur. Cp. 76087,Querétaro,Santiago de Querétaro,20.569354,-100.358831
Leche Ultrapasteurizada,Caja 1 Lt. Semidescremada. Reducida en Grasa,Lala,Leche Procesada,Basicos,30,2026/04/01,Bodega Aurrera,Supermercado / Tienda de Autoservicio,Bodega Aurrera Sucursal Centro Constituyentes,Constituyentes Oriente 334. Entre Pasteur y Manuel Ponce. Col. Mercurio. Cp. 76040,Querétaro,Santiago de Querétaro,20.586349,-100.382801
Leche Ultrapasteurizada,Caja 1 Lt. Semidescremada. Reducida en Grasa,Lala,Leche Procesada,Basicos,30,2026/04/06,Bodega Aurrera,Supermercado / Tienda de Autoservicio,Bodega Aurrera Sucursal la Viga,Calz. de la Viga 136 Esq. del Taller. Col. Lorenzo Boturini. Cp. 15820,Ciudad de México,Venustiano Carranza,19.414749,-99.127874
Leche Ultrapasteurizada,Caja 1 Lt. Semidescremada. Reducida en Grasa,Lala,Leche Procesada,Basicos,30,2026/04/06,Chedraui,Supermercado / Tienda de Autoservicio,Chedraui Sucursal Anfora,Anfora 71. Esq. Eje 1 Norte. Col. Madero. Cp. 15320,Ciudad de México,Venustiano Carranza,19.437353,-99.110088
Leche Ultrapasteurizada,Caja 1 Lt. Semidescremada. Reducida en Grasa,Lala,Leche Procesada,Basicos,30,2026/04/06,Wal-mart,Supermercado / Tienda de Autoservicio,Walmart Sucursal Aeropuerto,Calz. Ignacio Zaragoza 58. Esq. Blvd. Puerto Aereo. Col. Federal. Cp. 15700,Ciudad de México,Venustiano Carranza,19.41926,-99.094521
Leche Ultrapasteurizada,Caja 1 Lt. Semidescremada. Reducida en Grasa,Lala,Leche Procesada,Basicos,30,2026/04/06,Wal-mart,Supermercado / Tienda de Autoservicio,Walmart Sucursal Balbuena,Fray Servando Teresa de Mier 881. Entre Fernando Iglesia Calderon y Genaro Garcia. Col. Jardin Balbuena. Cp. 15900,Ciudad de México,Venustiano Carranza,19.418067,-99.105639
Leche Ultrapasteurizada,Caja 1 Lt. Semidescremada. Reducida en Grasa,Lala,Leche Procesada,Basicos,30,2026/04/07,Wal-mart,Supermercado / Tienda de Autoservicio,Walmart Sucursal Unidad Plaza de Toros,Autopista Queretaro Celaya 5501. Int. del Centro Comercial Plaza Esfera. Col. el Jacal. Cp. 76187,Querétaro,Santiago de Querétaro,20.574076,-100.408704
Leche Ultrapasteurizada,Caja 1 Lt. Semidescremada. Reducida en Grasa,Lala,Leche Procesada,Basicos,30,2026/04/10,Bodega Aurrera,Supermercado / Tienda de Autoservicio,Bodega Aurrera Sucursal Centro Constituyentes,Constituyentes Oriente 334. Entre Pasteur y Manuel Ponce. Col. Mercurio. Cp. 76040,Querétaro,Santiago de Querétaro,20.586349,-100.382801
Leche Ultrapasteurizada,Caja 1 Lt. Semidescremada. Reducida en Grasa,Lala,Leche Procesada,Basicos,30,2026/04/14,Wal-mart,Supermercado / Tienda de Autoservicio,Walmart Sucursal Unidad Plaza de Toros,Autopista Queretaro Celaya 5501. Int. del Centro Comercial Plaza Esfera. Col. el Jacal. Cp. 76187,Querétaro,Santiago de Querétaro,20.574076,-100.408704
Leche Ultrapasteurizada,Caja 1 Lt. Semidescremada. Reducida en Grasa,Lala,Leche Procesada,Basicos,33,2026/04/01,Chedraui,Supermercado / Tienda de Autoservicio,Chedraui Sucursal Centro Sur,Blvd. Bernardo Quintana 502. Carr. con Direccion a Centro Civico. Col. Centro Sur. Cp. 76087,Querétaro,Santiago de Querétaro,20.569354,-100.358831
Leche Ultrapasteurizada,Caja 1 Lt. Semidescremada. Reducida en Grasa,Lala,Leche Procesada,Basicos,33,2026/04/08,Chedraui,Supermercado / Tienda de Autoservicio,Chedraui Sucursal Centro Sur,Blvd. Bernardo Quintana 502. Carr. con Direccion a Centro Civico. Col. Centro Sur. Cp. 76087,Querétaro,Santiago de Querétaro,20.569354,-100.358831
Leche Ultrapasteurizada,Caja 1 Lt. Semidescremada. Reducida en Grasa,Lala,Leche Procesada,Basicos,35,2026/04/03,Superissste,Supermercado / Tienda de Autoservicio,Superissste Sucursal 011,Calle Peluqueros No. 310 Esquina Calle Tizayuca. Col. Michoacana. Cp. 15240,Ciudad de México,Venustiano Carranza,19.446139,-99.113372
Leche Ultrapasteurizada,Caja 1 Lt. Semidescremada. Reducida en Grasa,Lala,Leche Procesada,Basicos,35,2026/04/03,Superissste,Supermercado / Tienda de Autoservicio,Superissste Sucursal 022,Av. del Taller y Retorno No. 38 Dentro del Retorno 38. Col. Jardin Balbuena. Cp. 15900,Ciudad de México,Venustiano Carranza,19.412842,-99.105666
Leche Ultrapasteurizada,Caja 1 Lt. Semidescremada. Reducida en Grasa,Lala,Leche Procesada,Basicos,35,2026/04/10,Superissste,Supermercado / Tienda de Autoservicio,Superissste Sucursal 011,Calle Peluqueros No. 310 Esquina Calle Tizayuca. Col. Michoacana. Cp. 15240,Ciudad de México,Venustiano Carranza,19.446139,-99.113372
Leche Ultrapasteurizada,Caja 1 Lt. Semidescremada. Reducida en Grasa,Lala,Leche Procesada,Basicos,35,2026/04/10,Superissste,Supermercado / Tienda de Autoservicio,Superissste Sucursal 022,Av. del Taller y Retorno No. 38 Dentro del Retorno 38. Col. Jardin Balbuena. Cp. 15900,Ciudad de México,Venustiano Carranza,19.412842,-99.105666
Leche Ultrapasteurizada,Caja 1 Lt. Semidescremada. Reducida en Grasa,Lala,Leche Procesada,Basicos,37.5,2026/04/06,Hipermercado Soriana,Supermercado / Tienda de Autoservicio,Soriana Hiper Sucursal Cimatario,Ctra. a Huimilpan 1001. Int. del Centro Comercial Plaza del Sol. Col. Plazas del Sol. Iii Seccion. Cp. 76099,Querétaro,Santiago de Querétaro,20.563227,-100.375284
Leche Ultrapasteurizada,Caja 1 Lt. Semidescremada. Reducida en Grasa,Lala,Leche Procesada,Basicos,37.5,2026/04/13,Hipermercado Soriana,Supermercado / Tienda de Autoservicio,Soriana Hiper Sucursal Cimatario,Ctra. a Huimilpan 1001. Int. del Centro Comercial Plaza del Sol. Col. Plazas del Sol. Iii Seccion. Cp. 76099,Querétaro,Santiago de Querétaro,20.563227,-100.375284
Leche Ultrapasteurizada,Caja 200 Ml. Parcialmente Descremada,Alpura. Clásica,Leche Procesada,Basicos,10.1,2026/04/06,Hipermercado Soriana,Supermercado / Tienda de Autoservicio,Soriana Hiper Sucursal Cimatario,Ctra. a Huimilpan 1001. Int. del Centro Comercial Plaza del Sol. Col. Plazas del Sol. Iii Seccion. Cp. 76099,Querétaro,Santiago de Querétaro,20.563227,-100.375284
Leche Ultrapasteurizada,Caja 200 Ml. Parcialmente Descremada,Alpura. Clásica,Leche Procesada,Basicos,10.1,2026/04/13,Hipermercado Soriana,Supermercado / Tienda de Autoservicio,Soriana Hiper Sucursal Cimatario,Ctra. a Huimilpan 1001. Int. del Centro Comercial Plaza del Sol. Col. Plazas del Sol. Iii Seccion. Cp. 76099,Querétaro,Santiago de Querétaro,20.563227,-100.375284
Leche Ultrapasteurizada,Caja 200 Ml. Parcialmente Descremada,Alpura. Clásica,Leche Procesada,Basicos,10.5,2026/04/06,Hipermercado Soriana,Supermercado / Tienda de Autoservicio,Soriana Hiper Sucursal Consulado (418),Rio Consulado 2355. Esq. Carlos Marx. Col. Simon Bolivar. Cp. 15410,Ciudad de México,Venustiano Carranza,19.449572,-99.100376
Leche Ultrapasteurizada,Caja 200 Ml. Parcialmente Descremada,Alpura. Clásica,Leche Procesada,Basicos,8,2026/04/03,Superissste,Supermercado / Tienda de Autoservicio,Superissste Sucursal 011,Calle Peluqueros No. 310 Esquina Calle Tizayuca. Col. Michoacana. Cp. 15240,Ciudad de México,Venustiano Carranza,19.446139,-99.113372
Leche Ultrapasteurizada,Caja 200 Ml. Parcialmente Descremada,Alpura. Clásica,Leche Procesada,Basicos,8,2026/04/03,Superissste,Supermercado / Tienda de Autoservicio,Superissste Sucursal 022,Av. del Taller y Retorno No. 38 Dentro del Retorno 38. Col. Jardin Balbuena. Cp. 15900,Ciudad de México,Venustiano Carranza,19.412842,-99.105666
Leche Ultrapasteurizada,Caja 200 Ml. Parcialmente Descremada,Alpura. Clásica,Leche Procesada,Basicos,8,2026/04/10,Superissste,Supermercado / Tienda de Autoservicio,Superissste Sucursal 011,Calle Peluqueros No. 310 Esquina Calle Tizayuca. Col. Michoacana. Cp. 15240,Ciudad de México,Venustiano Carranza,19.446139,-99.113372
Leche Ultrapasteurizada,Caja 200 Ml. Parcialmente Descremada,Alpura. Clásica,Leche Procesada,Basicos,8,2026/04/10,Superissste,Supermercado / Tienda de Autoservicio,Superissste Sucursal 022,Av. del Taller y Retorno No. 38 Dentro del Retorno 38. Col. Jardin Balbuena. Cp. 15900,Ciudad de México,Venustiano Carranza,19.412842,-99.105666
Leche Ultrapasteurizada,Caja 200 Ml. Parcialmente Descremada,Alpura. Clásica,Leche Procesada,Basicos,9,2026/04/01,Bodega Aurrera,Supermercado / Tienda de Autoservicio,Bodega Aurrera Sucursal Centro Constituyentes,Constituyentes Oriente 334. Entre Pasteur y Manuel Ponce. Col. Mercurio. Cp. 76040,Querétaro,Santiago de Querétaro,20.586349,-100.382801
Leche Ultrapasteurizada,Caja 200 Ml. Parcialmente Descremada,Alpura. Clásica,Leche Procesada,Basicos,9,2026/04/06,Bodega Aurrera,Supermercado / Tienda de Autoservicio,Bodega Aurrera Sucursal la Viga,Calz. de la Viga 136 Esq. del Taller. Col. Lorenzo Boturini. Cp. 15820,Ciudad de México,Venustiano Carranza,19.414749,-99.127874
Leche Ultrapasteurizada,Caja 200 Ml. Parcialmente Descremada,Alpura. Clásica,Leche Procesada,Basicos,9,2026/04/06,Chedraui,Supermercado / Tienda de Autoservicio,Chedraui Sucursal Anfora,Anfora 71. Esq. Eje 1 Norte. Col. Madero. Cp. 15320,Ciudad de México,Venustiano Carranza,19.437353,-99.110088
Leche Ultrapasteurizada,Caja 200 Ml. Parcialmente Descremada,Alpura. Clásica,Leche Procesada,Basicos,9,2026/04/10,Bodega Aurrera,Supermercado / Tienda de Autoservicio,Bodega Aurrera Sucursal Centro Constituyentes,Constituyentes Oriente 334. Entre Pasteur y Manuel Ponce. Col. Mercurio. Cp. 76040,Querétaro,Santiago de Querétaro,20.586349,-100.382801
Leche Ultrapasteurizada,Caja 200 Ml. Parcialmente Descremada,Alpura. Clásica,Leche Procesada,Basicos,9.5,2026/04/01,Chedraui,Supermercado / Tienda de Autoservicio,Chedraui Sucursal Centro Sur,Blvd. Bernardo Quintana 502. Carr. con Direccion a Centro Civico. Col. Centro Sur. Cp. 76087,Querétaro,Santiago de Querétaro,20.569354,-100.358831
Leche Ultrapasteurizada,Caja 200 Ml. Parcialmente Descremada,Alpura. Clásica,Leche Procesada,Basicos,9.5,2026/04/06,Wal-mart,Supermercado / Tienda de Autoservicio,Walmart Sucursal Aeropuerto,Calz. Ignacio Zaragoza 58. Esq. Blvd. Puerto Aereo. Col. Federal. Cp. 15700,Ciudad de México,Venustiano Carranza,19.41926,-99.094521
Leche Ultrapasteurizada,Caja 200 Ml. Parcialmente Descremada,Alpura. Clásica,Leche Procesada,Basicos,9.5,2026/04/06,Wal-mart,Supermercado / Tienda de Autoservicio,Walmart Sucursal Balbuena,Fray Servando Teresa de Mier 881. Entre Fernando Iglesia Calderon y Genaro Garcia. Col. Jardin Balbuena. Cp. 15900,Ciudad de México,Venustiano Carranza,19.418067,-99.105639
Leche Ultrapasteurizada,Caja 200 Ml. Parcialmente Descremada,Alpura. Clásica,Leche Procesada,Basicos,9.5,2026/04/07,Wal-mart,Supermercado / Tienda de Autoservicio,Walmart Sucursal Unidad Plaza de Toros,Autopista Queretaro Celaya 5501. Int. del Centro Comercial Plaza Esfera. Col. el Jacal. Cp. 76187,Querétaro,Santiago de Querétaro,20.574076,-100.408704
Leche Ultrapasteurizada,Caja 200 Ml. Parcialmente Descremada,Alpura. Clásica,Leche Procesada,Basicos,9.5,2026/04/08,Chedraui,Supermercado / Tienda de Autoservicio,Chedraui Sucursal Centro Sur,Blvd. Bernardo Quintana 502. Carr. con Direccion a Centro Civico. Col. Centro Sur. Cp. 76087,Querétaro,Santiago de Querétaro,20.569354,-100.358831
Leche Ultrapasteurizada,Caja 200 Ml. Parcialmente Descremada,Alpura. Clásica,Leche Procesada,Basicos,9.5,2026/04/09,La Comer,Supermercado / Tienda de Autoservicio,Lacomer Sucursal Queretaro Estadio,Luis M. Vega y Monroy 1300. Esq.cimatario . Col. Cimatario. Cp. 76090,Querétaro,Santiago de Querétaro,20.577804,-100.373626
Leche Ultrapasteurizada,Caja 200 Ml. Parcialmente Descremada,Alpura. Clásica,Leche Procesada,Basicos,9.5,2026/04/14,Wal-mart,Supermercado / Tienda de Autoservicio,Walmart Sucursal Unidad Plaza de Toros,Autopista Queretaro Celaya 5501. Int. del Centro Comercial Plaza Esfera. Col. el Jacal. Cp. 76187,Querétaro,Santiago de Querétaro,20.574076,-100.408704
Leche Ultrapasteurizada,Caja 200 Ml. Parcialmente Descremada,Alpura. Clásica,Leche Procesada,Basicos,9.5,2026/04/15,Chedraui,Supermercado / Tienda de Autoservicio,Chedraui Sucursal Centro Sur,Blvd. Bernardo Quintana 502. Carr. con Direccion a Centro Civico. Col. Centro Sur. Cp. 76087,Querétaro,Santiago de Querétaro,20.569354,-100.358831
Leche Ultrapasteurizada,Caja 200 Ml. Semidescremada. Chocopower. Sabor Chocolate,Alpura. Vaquitas,Leche Procesada,Basicos,10,2026/04/03,Superissste,Supermercado / Tienda de Autoservicio,Superissste Sucursal 011,Calle Peluqueros No. 310 Esquina Calle Tizayuca. Col. Michoacana. Cp. 15240,Ciudad de México,Venustiano Carranza,19.446139,-99.113372
Leche Ultrapasteurizada,Caja 200 Ml. Semidescremada. Chocopower. Sabor Chocolate,Alpura. Vaquitas,Leche Procesada,Basicos,10,2026/04/03,Superissste,Supermercado / Tienda de Autoservicio,Superissste Sucursal 022,Av. del Taller y Retorno No. 38 Dentro del Retorno 38. Col. Jardin Balbuena. Cp. 15900,Ciudad de México,Venustiano Carranza,19.412842,-99.105666
Leche Ultrapasteurizada,Caja 200 Ml. Semidescremada. Chocopower. Sabor Chocolate,Alpura. Vaquitas,Leche Procesada,Basicos,10,2026/04/10,Superissste,Supermercado / Tienda de Autoservicio,Superissste Sucursal 011,Calle Peluqueros No. 310 Esquina Calle Tizayuca. Col. Michoacana. Cp. 15240,Ciudad de México,Venustiano Carranza,19.446139,-99.113372
Leche Ultrapasteurizada,Caja 200 Ml. Semidescremada. Chocopower. Sabor Chocolate,Alpura. Vaquitas,Leche Procesada,Basicos,10,2026/04/10,Superissste,Supermercado / Tienda de Autoservicio,Superissste Sucursal 022,Av. del Taller y Retorno No. 38 Dentro del Retorno 38. Col. Jardin Balbuena. Cp. 15900,Ciudad de México,Venustiano Carranza,19.412842,-99.105666
Leche Ultrapasteurizada,Caja 200 Ml. Semidescremada. Chocopower. Sabor Chocolate,Alpura. Vaquitas,Leche Procesada,Basicos,10.5,2026/04/06,Chedraui,Supermercado / Tienda de Autoservicio,Chedraui Sucursal Anfora,Anfora 71. Esq. Eje 1 Norte. Col. Madero. Cp. 15320,Ciudad de México,Venustiano Carranza,19.437353,-99.110088
Leche Ultrapasteurizada,Caja 200 Ml. Semidescremada. Chocopower. Sabor Chocolate,Alpura. Vaquitas,Leche Procesada,Basicos,10.7,2026/04/09,La Comer,Supermercado / Tienda de Autoservicio,Lacomer Sucursal Queretaro Estadio,Luis M. Vega y Monroy 1300. Esq.cimatario . Col. Cimatario. Cp. 76090,Querétaro,Santiago de Querétaro,20.577804,-100.373626
Leche Ultrapasteurizada,Caja 200 Ml. Semidescremada. Chocopower. Sabor Chocolate,Alpura. Vaquitas,Leche Procesada,Basicos,11.3,2026/04/06,Hipermercado Soriana,Supermercado / Tienda de Autoservicio,Soriana Hiper Sucursal Cimatario,Ctra. a Huimilpan 1001. Int. del Centro Comercial Plaza del Sol. Col. Plazas del Sol. Iii Seccion. Cp. 76099,Querétaro,Santiago de Querétaro,20.563227,-100.375284
Leche Ultrapasteurizada,Caja 200 Ml. Semidescremada. Chocopower. Sabor Chocolate,Alpura. Vaquitas,Leche Procesada,Basicos,11.3,2026/04/13,Hipermercado Soriana,Supermercado / Tienda de Autoservicio,Soriana Hiper Sucursal Cimatario,Ctra. a Huimilpan 1001. Int. del Centro Comercial Plaza del Sol. Col. Plazas del Sol. Iii Seccion. Cp. 76099,Querétaro,Santiago de Querétaro,20.563227,-100.375284
Leche Ultrapasteurizada,Caja 200 Ml. Semidescremada. Chocopower. Sabor Chocolate,Alpura. Vaquitas,Leche Procesada,Basicos,11.7,2026/04/06,Hipermercado Soriana,Supermercado / Tienda de Autoservicio,Soriana Hiper Sucursal Consulado (418),Rio Consulado 2355. Esq. Carlos Marx. Col. Simon Bolivar. Cp. 15410,Ciudad de México,Venustiano Carranza,19.449572,-99.100376
Leche Ultrapasteurizada,Caja 200 Ml. Semidescremada. Chocopower. Sabor Chocolate,Alpura. Vaquitas,Leche Procesada,Basicos,9,2026/04/01,Chedraui,Supermercado / Tienda de Autoservicio,Chedraui Sucursal Centro Sur,Blvd. Bernardo Quintana 502. Carr. con Direccion a Centro Civico. Col. Centro Sur. Cp. 76087,Querétaro,Santiago de Querétaro,20.569354,-100.358831
Leche Ultrapasteurizada,Caja 200 Ml. Semidescremada. Chocopower. Sabor Chocolate,Alpura. Vaquitas,Leche Procesada,Basicos,9,2026/04/08,Chedraui,Supermercado / Tienda de Autoservicio,Chedraui Sucursal Centro Sur,Blvd. Bernardo Quintana 502. Carr. con Direccion a Centro Civico. Col. Centro Sur. Cp. 76087,Querétaro,Santiago de Querétaro,20.569354,-100.358831
Leche Ultrapasteurizada,Caja 200 Ml. Semidescremada. Chocopower. Sabor Chocolate,Alpura. Vaquitas,Leche Procesada,Basicos,9.5,2026/04/15,Chedraui,Supermercado / Tienda de Autoservicio,Chedraui Sucursal Centro Sur,Blvd. Bernardo Quintana 502. Carr. con Direccion a Centro Civico. Col. Centro Sur. Cp. 76087,Querétaro,Santiago de Querétaro,20.569354,-100.358831
Leche Ultrapasteurizada,Envase o Caja 1 Lt. Entera,Aguascalientes,Leche Procesada,Pacic,20,2026/04/01,La Comer,Supermercado / Tienda de Autoservicio,Lacomer Sucursal Queretaro Estadio,Luis M. Vega y Monroy 1300. Esq.cimatario . Col. Cimatario. Cp. 76090,Querétaro,Santiago de Querétaro,20.577804,-100.373626
Leche Ultrapasteurizada,Envase o Caja 1 Lt. Entera,Aguascalientes,Leche Procesada,Pacic,20,2026/04/09,La Comer,Supermercado / Tienda de Autoservicio,Lacomer Sucursal Queretaro Estadio,Luis M. Vega y Monroy 1300. Esq.cimatario . Col. Cimatario. Cp. 76090,Querétaro,Santiago de Querétaro,20.577804,-100.373626
Leche Ultrapasteurizada,Envase o Caja 1 Lt. Entera,Great Value,Leche Procesada,Pacic,20,2026/04/07,Wal-mart,Supermercado / Tienda de Autoservicio,Walmart Sucursal Unidad Plaza de Toros,Autopista Queretaro Celaya 5501. Int. del Centro Comercial Plaza Esfera. Col. el Jacal. Cp. 76187,Querétaro,Santiago de Querétaro,20.574076,-100.408704
Leche Ultrapasteurizada,Envase o Caja 1 Lt. Entera,Great Value,Leche Procesada,Pacic,23,2026/04/01,Bodega Aurrera,Supermercado / Tienda de Autoservicio,Bodega Aurrera Sucursal Centro Constituyentes,Constituyentes Oriente 334. Entre Pasteur y Manuel Ponce. Col. Mercurio. Cp. 76040,Querétaro,Santiago de Querétaro,20.586349,-100.382801
Leche Ultrapasteurizada,Envase o Caja 1 Lt. Entera,Great Value,Leche Procesada,Pacic,23,2026/04/01,Wal-mart,Supermercado / Tienda de Autoservicio,Walmart Sucursal Unidad Plaza de Toros,Autopista Queretaro Celaya 5501. Int. del Centro Comercial Plaza Esfera. Col. el Jacal. Cp. 76187,Querétaro,Santiago de Querétaro,20.574076,-100.408704
Leche Ultrapasteurizada,Envase o Caja 1 Lt. Entera,Great Value,Leche Procesada,Pacic,23,2026/04/06,Bodega Aurrera,Supermercado / Tienda de Autoservicio,Bodega Aurrera Sucursal la Viga,Calz. de la Viga 136 Esq. del Taller. Col. Lorenzo Boturini. Cp. 15820,Ciudad de México,Venustiano Carranza,19.414749,-99.127874
Leche Ultrapasteurizada,Envase o Caja 1 Lt. Entera,Great Value,Leche Procesada,Pacic,23,2026/04/06,Wal-mart,Supermercado / Tienda de Autoservicio,Walmart Sucursal Aeropuerto,Calz. Ignacio Zaragoza 58. Esq. Blvd. Puerto Aereo. Col. Federal. Cp. 15700,Ciudad de México,Venustiano Carranza,19.41926,-99.094521
Leche Ultrapasteurizada,Envase o Caja 1 Lt. Entera,Great Value,Leche Procesada,Pacic,23,2026/04/06,Wal-mart,Supermercado / Tienda de Autoservicio,Walmart Sucursal Balbuena,Fray Servando Teresa de Mier 881. Entre Fernando Iglesia Calderon y Genaro Garcia. Col. Jardin Balbuena. Cp. 15900,Ciudad de México,Venustiano Carranza,19.418067,-99.105639
Leche Ultrapasteurizada,Envase o Caja 1 Lt. Entera,Great Value,Leche Procesada,Pacic,23,2026/04/14,Wal-mart,Supermercado / Tienda de Autoservicio,Walmart Sucursal Unidad Plaza de Toros,Autopista Queretaro Celaya 5501. Int. del Centro Comercial Plaza Esfera. Col. el Jacal. Cp. 76187,Querétaro,Santiago de Querétaro,20.574076,-100.408704
Leche Ultrapasteurizada,Envase o Caja 1 Lt. Entera,Valley Foods,Leche Procesada,Pacic,20,2026/04/06,Hipermercado Soriana,Supermercado / Tienda de Autoservicio,Soriana Hiper Sucursal Consulado (418),Rio Consulado 2355. Esq. Carlos Marx. Col. Simon Bolivar. Cp. 15410,Ciudad de México,Venustiano Carranza,19.449572,-99.100376
Leche Ultrapasteurizada,Envase o Caja 1 Lt. Entera,Valley Foods,Leche Procesada,Pacic,24.9,2026/04/06,Hipermercado Soriana,Supermercado / Tienda de Autoservicio,Soriana Hiper Sucursal Cimatario,Ctra. a Huimilpan 1001. Int. del Centro Comercial Plaza del Sol. Col. Plazas del Sol. Iii Seccion. Cp. 76099,Querétaro,Santiago de Querétaro,20.563227,-100.375284
Leche Ultrapasteurizada,Envase o Caja 1 Lt. Entera,Valley Foods,Leche Procesada,Pacic,24.9,2026/04/13,Hipermercado Soriana,Supermercado / Tienda de Autoservicio,Soriana Hiper Sucursal Cimatario,Ctra. a Huimilpan 1001. Int. del Centro Comercial Plaza del Sol. Col. Plazas del Sol. Iii Seccion. Cp. 76099,Querétaro,Santiago de Querétaro,20.563227,-100.375284
Leche en Polvo,Lata 1.4 Kg. (alimento para Niños...),Nido. Kinder,Leche Procesada,Basicos,269,2026/04/10,Superissste,Supermercado / Tienda de Autoservicio,Superissste Sucursal 011,Calle Peluqueros No. 310 Esquina Calle Tizayuca. Col. Michoacana. Cp. 15240,Ciudad de México,Venustiano Carranza,19.446139,-99.113372
Lechuga,Pieza. Romana,S/M,Hortalizas Frescas,Frutas y Legumbres,17.9,2026/04/13,Hipermercado Soriana,Supermercado / Tienda de Autoservicio,Soriana Hiper Sucursal Cimatario,Ctra. a Huimilpan 1001. Int. del Centro Comercial Plaza del Sol. Col. Plazas del Sol. Iii Seccion. Cp. 76099,Querétaro,Santiago de Querétaro,20.563227,-100.375284
Lenteja,Bolsa 500 Gr.,Schettino,Legumbres Secas,Basicos,18.5,2026/04/09,La Comer,Supermercado / Tienda de Autoservicio,Lacomer Sucursal Queretaro Estadio,Luis M. Vega y Monroy 1300. Esq.cimatario . Col. Cimatario. Cp. 76090,Querétaro,Santiago de Querétaro,20.577804,-100.373626
Lexapro,Caja con 28 Tabletas de 20 Mg.,S/M,Medicamentos,Medicamentos,3455,2026/04/13,Hipermercado Soriana,Supermercado / Tienda de Autoservicio,Soriana Hiper Sucursal Cimatario,Ctra. a Huimilpan 1001. Int. del Centro Comercial Plaza del Sol. Col. Plazas del Sol. Iii Seccion. Cp. 76099,Querétaro,Santiago de Querétaro,20.563227,-100.375284
Libertrim Sii,Caja con 24 Comprimidos de 200 Mg./75 Mg.,S/M,Medicamentos,Medicamentos,835,2026/04/01,Farmacias del Ahorro,Farmacias,Farmacias del Ahorro Sucursal Queretaro,Constituyentes Pte. 46. Entre Fernando de Tapia y Melchor Ocampo. Col. Centro. Cp. 76000,Querétaro,Santiago de Querétaro,20.584013,-100.394346
Licuadoras,Ln8248nx. Velocidades 14. Base Plástico. Vaso Vidrio. Color Negra,T-fal. Infiny Force Xl,Aparatos Electricos,Electrodomesticos,1399,2026/04/07,Liverpool,Tienda Departamentales,Liverpool Sucursal Queretaro,5 de Febrero 99. Plaza Galerias. Carr. Libre a Celaya. Col. Virreyes. Cp. 76000,Querétaro,Santiago de Querétaro,20.578334,-100.404099
Limpiador Líquido P/piso,Botella 1 Lt. Multiusos,Ajax Amonia,Detergentes y Productos Similares,Basicos,48.5,2026/04/03,Superissste,Supermercado / Tienda de Autoservicio,Superissste Sucursal 011,Calle Peluqueros No. 310 Esquina Calle Tizayuca. Col. Michoacana. Cp. 15240,Ciudad de México,Venustiano Carranza,19.446139,-99.113372
Limpiador Líquido P/piso,Botella 1 Lt. Multiusos Pino,Pinol. el Original,Detergentes y Productos Similares,Basicos,29.9,2026/04/06,Hipermercado Soriana,Supermercado / Tienda de Autoservicio,Soriana Hiper Sucursal Consulado (418),Rio Consulado 2355. Esq. Carlos Marx. Col. Simon Bolivar. Cp. 15410,Ciudad de México,Venustiano Carranza,19.449572,-99.100376
Limpiador Líquido P/piso,Botella 900 Ml. Multiusos. Flores de Primavera,Poett,Detergentes y Productos Similares,Basicos,21.5,2026/04/06,Chedraui,Supermercado / Tienda de Autoservicio,Chedraui Sucursal Anfora,Anfora 71. Esq. Eje 1 Norte. Col. Madero. Cp. 15320,Ciudad de México,Venustiano Carranza,19.437353,-99.110088
Limón,1 Kg. Granel. Agrio Sin Semilla o Persa,S/M,Frutas Frescas,Frutas y Legumbres,34.9,2026/04/09,La Comer,Supermercado / Tienda de Autoservicio,Lacomer Sucursal Queretaro Estadio,Luis M. Vega y Monroy 1300. Esq.cimatario . Col. Cimatario. Cp. 76090,Querétaro,Santiago de Querétaro,20.577804,-100.373626
Limón,1 Kg. Granel. Agrio Sin Semilla o Persa,S/M,Frutas Frescas,Frutas y Legumbres,55,2026/04/10,Mercado Publico,Mercados,Mercado Lomas de Casablanca,Avenida 10. Esq. Calle 23. Col. Lomas de Casa Blanca. Cp. 76080,Querétaro,Santiago de Querétaro,20.603024,-100.396263
Limón,1 Kg. Granel. Agrio Sin Semilla o Persa,S/M,Frutas Frescas,Frutas y Legumbres,64,2026/04/06,Chedraui,Supermercado / Tienda de Autoservicio,Chedraui Sucursal Anfora,Anfora 71. Esq. Eje 1 Norte. Col. Madero. Cp. 15320,Ciudad de México,Venustiano Carranza,19.437353,-99.110088
Limón,1 Kg. Granel. Agrio Sin Semilla o Persa,S/M,Frutas Frescas,Frutas y Legumbres,64,2026/04/14,Wal-mart,Supermercado / Tienda de Autoservicio,Walmart Sucursal Unidad Plaza de Toros,Autopista Queretaro Celaya 5501. Int. del Centro Comercial Plaza Esfera. Col. el Jacal. Cp. 76187,Querétaro,Santiago de Querétaro,20.574076,-100.408704
Limón,1 Kg. Granel. Agrio Sin Semilla o Persa,S/M,Frutas Frescas,Frutas y Legumbres,64,2026/04/15,Chedraui,Supermercado / Tienda de Autoservicio,Chedraui Sucursal Centro Sur,Blvd. Bernardo Quintana 502. Carr. con Direccion a Centro Civico. Col. Centro Sur. Cp. 76087,Querétaro,Santiago de Querétaro,20.569354,-100.358831
Limón,1 Kg. Granel. Agrio Sin Semilla o Persa,S/M,Frutas Frescas,Frutas y Legumbres,65,2026/04/01,Bodega Aurrera,Supermercado / Tienda de Autoservicio,Bodega Aurrera Sucursal Centro Constituyentes,Constituyentes Oriente 334. Entre Pasteur y Manuel Ponce. Col. Mercurio. Cp. 76040,Querétaro,Santiago de Querétaro,20.586349,-100.382801
Limón,1 Kg. Granel. Agrio Sin Semilla o Persa,S/M,Frutas Frescas,Frutas y Legumbres,65,2026/04/06,Bodega Aurrera,Supermercado / Tienda de Autoservicio,Bodega Aurrera Sucursal la Viga,Calz. de la Viga 136 Esq. del Taller. Col. Lorenzo Boturini. Cp. 15820,Ciudad de México,Venustiano Carranza,19.414749,-99.127874
Limón,1 Kg. Granel. Agrio Sin Semilla o Persa,S/M,Frutas Frescas,Frutas y Legumbres,68,2026/04/01,Chedraui,Supermercado / Tienda de Autoservicio,Chedraui Sucursal Centro Sur,Blvd. Bernardo Quintana 502. Carr. con Direccion a Centro Civico. Col. Centro Sur. Cp. 76087,Querétaro,Santiago de Querétaro,20.569354,-100.358831
Limón,1 Kg. Granel. Agrio Sin Semilla o Persa,S/M,Frutas Frescas,Frutas y Legumbres,68.9,2026/04/08,Chedraui,Supermercado / Tienda de Autoservicio,Chedraui Sucursal Centro Sur,Blvd. Bernardo Quintana 502. Carr. con Direccion a Centro Civico. Col. Centro Sur. Cp. 76087,Querétaro,Santiago de Querétaro,20.569354,-100.358831
Limón,1 Kg. Granel. Agrio Sin Semilla o Persa,S/M,Frutas Frescas,Frutas y Legumbres,69,2026/04/06,Wal-mart,Supermercado / Tienda de Autoservicio,Walmart Sucursal Aeropuerto,Calz. Ignacio Zaragoza 58. Esq. Blvd. Puerto Aereo. Col. Federal. Cp. 15700,Ciudad de México,Venustiano Carranza,19.41926,-99.094521
Limón,1 Kg. Granel. Agrio Sin Semilla o Persa,S/M,Frutas Frescas,Frutas y Legumbres,69,2026/04/06,Wal-mart,Supermercado / Tienda de Autoservicio,Walmart Sucursal Balbuena,Fray Servando Teresa de Mier 881. Entre Fernando Iglesia Calderon y Genaro Garcia. Col. Jardin Balbuena. Cp. 15900,Ciudad de México,Venustiano Carranza,19.418067,-99.105639
Limón,1 Kg. Granel. Agrio Sin Semilla o Persa,S/M,Frutas Frescas,Frutas y Legumbres,69,2026/04/07,Wal-mart,Supermercado / Tienda de Autoservicio,Walmart Sucursal Unidad Plaza de Toros,Autopista Queretaro Celaya 5501. Int. del Centro Comercial Plaza Esfera. Col. el Jacal. Cp. 76187,Querétaro,Santiago de Querétaro,20.574076,-100.408704
Limón,1 Kg. Granel. Agrio Sin Semilla o Persa,S/M,Frutas Frescas,Pacic,34.9,2026/04/01,La Comer,Supermercado / Tienda de Autoservicio,Lacomer Sucursal Queretaro Estadio,Luis M. Vega y Monroy 1300. Esq.cimatario . Col. Cimatario. Cp. 76090,Querétaro,Santiago de Querétaro,20.577804,-100.373626
Limón,1 Kg. Granel. Agrio Sin Semilla o Persa,S/M,Frutas Frescas,Pacic,34.9,2026/04/09,La Comer,Supermercado / Tienda de Autoservicio,Lacomer Sucursal Queretaro Estadio,Luis M. Vega y Monroy 1300. Esq.cimatario . Col. Cimatario. Cp. 76090,Querétaro,Santiago de Querétaro,20.577804,-100.373626
Limón,1 Kg. Granel. Agrio Sin Semilla o Persa,S/M,Frutas Frescas,Pacic,64,2026/04/06,Chedraui,Supermercado / Tienda de Autoservicio,Chedraui Sucursal Anfora,Anfora 71. Esq. Eje 1 Norte. Col. Madero. Cp. 15320,Ciudad de México,Venustiano Carranza,19.437353,-99.110088
Limón,1 Kg. Granel. Agrio Sin Semilla o Persa,S/M,Frutas Frescas,Pacic,64,2026/04/14,Wal-mart,Supermercado / Tienda de Autoservicio,Walmart Sucursal Unidad Plaza de Toros,Autopista Queretaro Celaya 5501. Int. del Centro Comercial Plaza Esfera. Col. el Jacal. Cp. 76187,Querétaro,Santiago de Querétaro,20.574076,-100.408704
Limón,1 Kg. Granel. Agrio Sin Semilla o Persa,S/M,Frutas Frescas,Pacic,64,2026/04/15,Chedraui,Supermercado / Tienda de Autoservicio,Chedraui Sucursal Centro Sur,Blvd. Bernardo Quintana 502. Carr. con Direccion a Centro Civico. Col. Centro Sur. Cp. 76087,Querétaro,Santiago de Querétaro,20.569354,-100.358831
Limón,1 Kg. Granel. Agrio Sin Semilla o Persa,S/M,Frutas Frescas,Pacic,65,2026/04/01,Bodega Aurrera,Supermercado / Tienda de Autoservicio,Bodega Aurrera Sucursal Centro Constituyentes,Constituyentes Oriente 334. Entre Pasteur y Manuel Ponce. Col. Mercurio. Cp. 76040,Querétaro,Santiago de Querétaro,20.586349,-100.382801
Limón,1 Kg. Granel. Agrio Sin Semilla o Persa,S/M,Frutas Frescas,Pacic,65,2026/04/06,Bodega Aurrera,Supermercado / Tienda de Autoservicio,Bodega Aurrera Sucursal la Viga,Calz. de la Viga 136 Esq. del Taller. Col. Lorenzo Boturini. Cp. 15820,Ciudad de México,Venustiano Carranza,19.414749,-99.127874
Limón,1 Kg. Granel. Agrio Sin Semilla o Persa,S/M,Frutas Frescas,Pacic,68,2026/04/01,Chedraui,Supermercado / Tienda de Autoservicio,Chedraui Sucursal Centro Sur,Blvd. Bernardo Quintana 502. Carr. con Direccion a Centro Civico. Col. Centro Sur. Cp. 76087,Querétaro,Santiago de Querétaro,20.569354,-100.358831
Limón,1 Kg. Granel. Agrio Sin Semilla o Persa,S/M,Frutas Frescas,Pacic,68.9,2026/04/08,Chedraui,Supermercado / Tienda de Autoservicio,Chedraui Sucursal Centro Sur,Blvd. Bernardo Quintana 502. Carr. con Direccion a Centro Civico. Col. Centro Sur. Cp. 76087,Querétaro,Santiago de Querétaro,20.569354,-100.358831
Limón,1 Kg. Granel. Agrio Sin Semilla o Persa,S/M,Frutas Frescas,Pacic,69,2026/04/01,Wal-mart,Supermercado / Tienda de Autoservicio,Walmart Sucursal Unidad Plaza de Toros,Autopista Queretaro Celaya 5501. Int. del Centro Comercial Plaza Esfera. Col. el Jacal. Cp. 76187,Querétaro,Santiago de Querétaro,20.574076,-100.408704
Limón,1 Kg. Granel. Agrio Sin Semilla o Persa,S/M,Frutas Frescas,Pacic,69,2026/04/06,Wal-mart,Supermercado / Tienda de Autoservicio,Walmart Sucursal Aeropuerto,Calz. Ignacio Zaragoza 58. Esq. Blvd. Puerto Aereo. Col. Federal. Cp. 15700,Ciudad de México,Venustiano Carranza,19.41926,-99.094521
Limón,1 Kg. Granel. Agrio Sin Semilla o Persa,S/M,Frutas Frescas,Pacic,69,2026/04/06,Wal-mart,Supermercado / Tienda de Autoservicio,Walmart Sucursal Balbuena,Fray Servando Teresa de Mier 881. Entre Fernando Iglesia Calderon y Genaro Garcia. Col. Jardin Balbuena. Cp. 15900,Ciudad de México,Venustiano Carranza,19.418067,-99.105639
Limón,1 Kg. Granel. Agrio Sin Semilla o Persa,S/M,Frutas Frescas,Pacic,69,2026/04/07,Wal-mart,Supermercado / Tienda de Autoservicio,Walmart Sucursal Unidad Plaza de Toros,Autopista Queretaro Celaya 5501. Int. del Centro Comercial Plaza Esfera. Col. el Jacal. Cp. 76187,Querétaro,Santiago de Querétaro,20.574076,-100.408704
Limón,1 Kg. Granel. Agrio con Semilla o Colima,S/M,Frutas Frescas,Frutas y Legumbres,22,2026/04/10,Mercado Publico,Mercados,Mercado Lomas de Casablanca,Avenida 10. Esq. Calle 23. Col. Lomas de Casa Blanca. Cp. 76080,Querétaro,Santiago de Querétaro,20.603024,-100.396263
Limón,1 Kg. Granel. Agrio con Semilla o Colima,S/M,Frutas Frescas,Frutas y Legumbres,26,2026/04/03,Superissste,Supermercado / Tienda de Autoservicio,Superissste Sucursal 011,Calle Peluqueros No. 310 Esquina Calle Tizayuca. Col. Michoacana. Cp. 15240,Ciudad de México,Venustiano Carranza,19.446139,-99.113372
Limón,1 Kg. Granel. Agrio con Semilla o Colima,S/M,Frutas Frescas,Frutas y Legumbres,26,2026/04/03,Superissste,Supermercado / Tienda de Autoservicio,Superissste Sucursal 022,Av. del Taller y Retorno No. 38 Dentro del Retorno 38. Col. Jardin Balbuena. Cp. 15900,Ciudad de México,Venustiano Carranza,19.412842,-99.105666
Limón,1 Kg. Granel. Agrio con Semilla o Colima,S/M,Frutas Frescas,Frutas y Legumbres,28,2026/04/13,Mercado Publico,Mercados,Mercado Lomas de Casablanca,Avenida 10. Esq. Calle 23. Col. Lomas de Casa Blanca. Cp. 76080,Querétaro,Santiago de Querétaro,20.603024,-100.396263
Limón,1 Kg. Granel. Agrio con Semilla o Colima,S/M,Frutas Frescas,Frutas y Legumbres,28,2026/04/15,Chedraui,Supermercado / Tienda de Autoservicio,Chedraui Sucursal Centro Sur,Blvd. Bernardo Quintana 502. Carr. con Direccion a Centro Civico. Col. Centro Sur. Cp. 76087,Querétaro,Santiago de Querétaro,20.569354,-100.358831
Limón,1 Kg. Granel. Agrio con Semilla o Colima,S/M,Frutas Frescas,Frutas y Legumbres,30,2026/04/06,Mercado Publico,Mercados,Mercado Romero Rubio,Cairo S/n. Esq. Persia. Col. Romero Rubio. Cp. 15400,Ciudad de México,Venustiano Carranza,19.388643,-99.066708
Limón,1 Kg. Granel. Agrio con Semilla o Colima,S/M,Frutas Frescas,Frutas y Legumbres,30,2026/04/10,Superissste,Supermercado / Tienda de Autoservicio,Superissste Sucursal 011,Calle Peluqueros No. 310 Esquina Calle Tizayuca. Col. Michoacana. Cp. 15240,Ciudad de México,Venustiano Carranza,19.446139,-99.113372
Limón,1 Kg. Granel. Agrio con Semilla o Colima,S/M,Frutas Frescas,Frutas y Legumbres,30,2026/04/10,Superissste,Supermercado / Tienda de Autoservicio,Superissste Sucursal 022,Av. del Taller y Retorno No. 38 Dentro del Retorno 38. Col. Jardin Balbuena. Cp. 15900,Ciudad de México,Venustiano Carranza,19.412842,-99.105666
Limón,1 Kg. Granel. Agrio con Semilla o Colima,S/M,Frutas Frescas,Frutas y Legumbres,32,2026/04/08,Chedraui,Supermercado / Tienda de Autoservicio,Chedraui Sucursal Centro Sur,Blvd. Bernardo Quintana 502. Carr. con Direccion a Centro Civico. Col. Centro Sur. Cp. 76087,Querétaro,Santiago de Querétaro,20.569354,-100.358831
Limón,1 Kg. Granel. Agrio con Semilla o Colima,S/M,Frutas Frescas,Frutas y Legumbres,36,2026/04/01,Chedraui,Supermercado / Tienda de Autoservicio,Chedraui Sucursal Centro Sur,Blvd. Bernardo Quintana 502. Carr. con Direccion a Centro Civico. Col. Centro Sur. Cp. 76087,Querétaro,Santiago de Querétaro,20.569354,-100.358831
Limón,1 Kg. Granel. Agrio con Semilla o Colima,S/M,Frutas Frescas,Frutas y Legumbres,38.5,2026/04/06,Chedraui,Supermercado / Tienda de Autoservicio,Chedraui Sucursal Anfora,Anfora 71. Esq. Eje 1 Norte. Col. Madero. Cp. 15320,Ciudad de México,Venustiano Carranza,19.437353,-99.110088
Limón,1 Kg. Granel. Agrio con Semilla o Colima,S/M,Frutas Frescas,Frutas y Legumbres,39.8,2026/04/06,Hipermercado Soriana,Supermercado / Tienda de Autoservicio,Soriana Hiper Sucursal Consulado (418),Rio Consulado 2355. Esq. Carlos Marx. Col. Simon Bolivar. Cp. 15410,Ciudad de México,Venustiano Carranza,19.449572,-99.100376
Limón,1 Kg. Granel. Agrio con Semilla o Colima,S/M,Frutas Frescas,Frutas y Legumbres,55,2026/04/01,Bodega Aurrera,Supermercado / Tienda de Autoservicio,Bodega Aurrera Sucursal Centro Constituyentes,Constituyentes Oriente 334. Entre Pasteur y Manuel Ponce. Col. Mercurio. Cp. 76040,Querétaro,Santiago de Querétaro,20.586349,-100.382801
Limón,1 Kg. Granel. Agrio con Semilla o Colima,S/M,Frutas Frescas,Frutas y Legumbres,55,2026/04/06,Bodega Aurrera,Supermercado / Tienda de Autoservicio,Bodega Aurrera Sucursal la Viga,Calz. de la Viga 136 Esq. del Taller. Col. Lorenzo Boturini. Cp. 15820,Ciudad de México,Venustiano Carranza,19.414749,-99.127874
Limón,1 Kg. Granel. Agrio con Semilla o Colima,S/M,Frutas Frescas,Frutas y Legumbres,55,2026/04/10,Bodega Aurrera,Supermercado / Tienda de Autoservicio,Bodega Aurrera Sucursal Centro Constituyentes,Constituyentes Oriente 334. Entre Pasteur y Manuel Ponce. Col. Mercurio. Cp. 76040,Querétaro,Santiago de Querétaro,20.586349,-100.382801
Limón,1 Kg. Granel. Agrio con Semilla o Colima,S/M,Frutas Frescas,Frutas y Legumbres,59,2026/04/06,Wal-mart,Supermercado / Tienda de Autoservicio,Walmart Sucursal Aeropuerto,Calz. Ignacio Zaragoza 58. Esq. Blvd. Puerto Aereo. Col. Federal. Cp. 15700,Ciudad de México,Venustiano Carranza,19.41926,-99.094521
Limón,1 Kg. Granel. Agrio con Semilla o Colima,S/M,Frutas Frescas,Frutas y Legumbres,59,2026/04/06,Wal-mart,Supermercado / Tienda de Autoservicio,Walmart Sucursal Balbuena,Fray Servando Teresa de Mier 881. Entre Fernando Iglesia Calderon y Genaro Garcia. Col. Jardin Balbuena. Cp. 15900,Ciudad de México,Venustiano Carranza,19.418067,-99.105639
Limón,1 Kg. Granel. Agrio con Semilla o Colima,S/M,Frutas Frescas,Frutas y Legumbres,59,2026/04/07,Wal-mart,Supermercado / Tienda de Autoservicio,Walmart Sucursal Unidad Plaza de Toros,Autopista Queretaro Celaya 5501. Int. del Centro Comercial Plaza Esfera. Col. el Jacal. Cp. 76187,Querétaro,Santiago de Querétaro,20.574076,-100.408704
Limón,1 Kg. Granel. Agrio con Semilla o Colima,S/M,Frutas Frescas,Frutas y Legumbres,59,2026/04/14,Wal-mart,Supermercado / Tienda de Autoservicio,Walmart Sucursal Unidad Plaza de Toros,Autopista Queretaro Celaya 5501. Int. del Centro Comercial Plaza Esfera. Col. el Jacal. Cp. 76187,Querétaro,Santiago de Querétaro,20.574076,-100.408704
Limón,1 Kg. Granel. Agrio con Semilla o Colima,S/M,Frutas Frescas,Frutas y Legumbres,59.9,2026/04/09,La Comer,Supermercado / Tienda de Autoservicio,Lacomer Sucursal Queretaro Estadio,Luis M. Vega y Monroy 1300. Esq.cimatario . Col. Cimatario. Cp. 76090,Querétaro,Santiago de Querétaro,20.577804,-100.373626
Limón,1 Kg. Granel. Agrio con Semilla o Colima,S/M,Frutas Frescas,Pacic,28,2026/04/15,Chedraui,Supermercado / Tienda de Autoservicio,Chedraui Sucursal Centro Sur,Blvd. Bernardo Quintana 502. Carr. con Direccion a Centro Civico. Col. Centro Sur. Cp. 76087,Querétaro,Santiago de Querétaro,20.569354,-100.358831
Limón,1 Kg. Granel. Agrio con Semilla o Colima,S/M,Frutas Frescas,Pacic,28.9,2026/04/06,Hipermercado Soriana,Supermercado / Tienda de Autoservicio,Soriana Hiper Sucursal Cimatario,Ctra. a Huimilpan 1001. Int. del Centro Comercial Plaza del Sol. Col. Plazas del Sol. Iii Seccion. Cp. 76099,Querétaro,Santiago de Querétaro,20.563227,-100.375284
Limón,1 Kg. Granel. Agrio con Semilla o Colima,S/M,Frutas Frescas,Pacic,32,2026/04/08,Chedraui,Supermercado / Tienda de Autoservicio,Chedraui Sucursal Centro Sur,Blvd. Bernardo Quintana 502. Carr. con Direccion a Centro Civico. Col. Centro Sur. Cp. 76087,Querétaro,Santiago de Querétaro,20.569354,-100.358831
Limón,1 Kg. Granel. Agrio con Semilla o Colima,S/M,Frutas Frescas,Pacic,36,2026/04/01,Chedraui,Supermercado / Tienda de Autoservicio,Chedraui Sucursal Centro Sur,Blvd. Bernardo Quintana 502. Carr. con Direccion a Centro Civico. Col. Centro Sur. Cp. 76087,Querétaro,Santiago de Querétaro,20.569354,-100.358831
Limón,1 Kg. Granel. Agrio con Semilla o Colima,S/M,Frutas Frescas,Pacic,38.5,2026/04/06,Chedraui,Supermercado / Tienda de Autoservicio,Chedraui Sucursal Anfora,Anfora 71. Esq. Eje 1 Norte. Col. Madero. Cp. 15320,Ciudad de México,Venustiano Carranza,19.437353,-99.110088
Limón,1 Kg. Granel. Agrio con Semilla o Colima,S/M,Frutas Frescas,Pacic,38.9,2026/04/06,Hipermercado Soriana,Supermercado / Tienda de Autoservicio,Soriana Hiper Sucursal Consulado (418),Rio Consulado 2355. Esq. Carlos Marx. Col. Simon Bolivar. Cp. 15410,Ciudad de México,Venustiano Carranza,19.449572,-99.100376
Limón,1 Kg. Granel. Agrio con Semilla o Colima,S/M,Frutas Frescas,Pacic,51.5,2026/04/13,Hipermercado Soriana,Supermercado / Tienda de Autoservicio,Soriana Hiper Sucursal Cimatario,Ctra. a Huimilpan 1001. Int. del Centro Comercial Plaza del Sol. Col. Plazas del Sol. Iii Seccion. Cp. 76099,Querétaro,Santiago de Querétaro,20.563227,-100.375284
Limón,1 Kg. Granel. Agrio con Semilla o Colima,S/M,Frutas Frescas,Pacic,55,2026/04/01,Bodega Aurrera,Supermercado / Tienda de Autoservicio,Bodega Aurrera Sucursal Centro Constituyentes,Constituyentes Oriente 334. Entre Pasteur y Manuel Ponce. Col. Mercurio. Cp. 76040,Querétaro,Santiago de Querétaro,20.586349,-100.382801
Limón,1 Kg. Granel. Agrio con Semilla o Colima,S/M,Frutas Frescas,Pacic,55,2026/04/06,Bodega Aurrera,Supermercado / Tienda de Autoservicio,Bodega Aurrera Sucursal la Viga,Calz. de la Viga 136 Esq. del Taller. Col. Lorenzo Boturini. Cp. 15820,Ciudad de México,Venustiano Carranza,19.414749,-99.127874
Limón,1 Kg. Granel. Agrio con Semilla o Colima,S/M,Frutas Frescas,Pacic,55,2026/04/10,Bodega Aurrera,Supermercado / Tienda de Autoservicio,Bodega Aurrera Sucursal Centro Constituyentes,Constituyentes Oriente 334. Entre Pasteur y Manuel Ponce. Col. Mercurio. Cp. 76040,Querétaro,Santiago de Querétaro,20.586349,-100.382801
Limón,1 Kg. Granel. Agrio con Semilla o Colima,S/M,Frutas Frescas,Pacic,59,2026/04/01,Wal-mart,Supermercado / Tienda de Autoservicio,Walmart Sucursal Unidad Plaza de Toros,Autopista Queretaro Celaya 5501. Int. del Centro Comercial Plaza Esfera. Col. el Jacal. Cp. 76187,Querétaro,Santiago de Querétaro,20.574076,-100.408704
Limón,1 Kg. Granel. Agrio con Semilla o Colima,S/M,Frutas Frescas,Pacic,59,2026/04/06,Wal-mart,Supermercado / Tienda de Autoservicio,Walmart Sucursal Aeropuerto,Calz. Ignacio Zaragoza 58. Esq. Blvd. Puerto Aereo. Col. Federal. Cp. 15700,Ciudad de México,Venustiano Carranza,19.41926,-99.094521
Limón,1 Kg. Granel. Agrio con Semilla o Colima,S/M,Frutas Frescas,Pacic,59,2026/04/06,Wal-mart,Supermercado / Tienda de Autoservicio,Walmart Sucursal Balbuena,Fray Servando Teresa de Mier 881. Entre Fernando Iglesia Calderon y Genaro Garcia. Col. Jardin Balbuena. Cp. 15900,Ciudad de México,Venustiano Carranza,19.418067,-99.105639
Limón,1 Kg. Granel. Agrio con Semilla o Colima,S/M,Frutas Frescas,Pacic,59,2026/04/07,Wal-mart,Supermercado / Tienda de Autoservicio,Walmart Sucursal Unidad Plaza de Toros,Autopista Queretaro Celaya 5501. Int. del Centro Comercial Plaza Esfera. Col. el Jacal. Cp. 76187,Querétaro,Santiago de Querétaro,20.574076,-100.408704
Limón,1 Kg. Granel. Agrio con Semilla o Colima,S/M,Frutas Frescas,Pacic,59,2026/04/14,Wal-mart,Supermercado / Tienda de Autoservicio,Walmart Sucursal Unidad Plaza de Toros,Autopista Queretaro Celaya 5501. Int. del Centro Comercial Plaza Esfera. Col. el Jacal. Cp. 76187,Querétaro,Santiago de Querétaro,20.574076,-100.408704
Lincocin,Caja con 6 Jeringas Prellenadas 600 Mg. /2 Ml.,S/M,Medicamentos,Medicamentos,892,2026/04/01,Bodega Aurrera,Supermercado / Tienda de Autoservicio,Bodega Aurrera Sucursal Centro Constituyentes,Constituyentes Oriente 334. Entre Pasteur y Manuel Ponce. Col. Mercurio. Cp. 76040,Querétaro,Santiago de Querétaro,20.586349,-100.382801
Lipitor,2 Cajas con 30 Tabletas de 20 Mg. C/u,S/M,Medicamentos,Medicamentos,2744,2026/04/14,Farmacias del Ahorro,Farmacias,Farmacias del Ahorro Sucursal Queretaro,Constituyentes Pte. 46. Entre Fernando de Tapia y Melchor Ocampo. Col. Centro. Cp. 76000,Querétaro,Santiago de Querétaro,20.584013,-100.394346
Losartán,Caja con 15 Comprimidos o Grageas de 50 Mg.,S/M,Medicamentos,Medicamentos,76,2026/04/14,Farmacias del Ahorro,Farmacias,Farmacias del Ahorro Sucursal Queretaro,Constituyentes Pte. 46. Entre Fernando de Tapia y Melchor Ocampo. Col. Centro. Cp. 76000,Querétaro,Santiago de Querétaro,20.584013,-100.394346
Losartán,Caja con 15 Comprimidos o Grageas de 50 Mg.,S/M,Medicamentos,Medicamentos,89,2026/04/01,Sanborn S Hnos.,Farmacias,Sanborns Sucursal los Arquitos,Constituyentes Oriente 172. Esq. de los Arquitos. Col. los Arquitos. Cp. 76050,Querétaro,Santiago de Querétaro,20.588117,-100.36869
Lyrica,Caja con 28 Cápsulas de 75 Mg.,S/M,Medicamentos,Medicamentos,1176,2026/04/01,Chedraui,Supermercado / Tienda de Autoservicio,Chedraui Sucursal Centro Sur,Blvd. Bernardo Quintana 502. Carr. con Direccion a Centro Civico. Col. Centro Sur. Cp. 76087,Querétaro,Santiago de Querétaro,20.569354,-100.358831
Mango,1 Kg. Granel. Ataulfo,S/M,Frutas Frescas,Frutas y Legumbres,44,2026/04/15,Chedraui,Supermercado / Tienda de Autoservicio,Chedraui Sucursal Centro Sur,Blvd. Bernardo Quintana 502. Carr. con Direccion a Centro Civico. Col. Centro Sur. Cp. 76087,Querétaro,Santiago de Querétaro,20.569354,-100.358831
Mango,1 Kg. Granel. Manila,S/M,Frutas Frescas,Frutas y Legumbres,35,2026/04/13,Mercado Publico,Mercados,Mercado Lomas de Casablanca,Avenida 10. Esq. Calle 23. Col. Lomas de Casa Blanca. Cp. 76080,Querétaro,Santiago de Querétaro,20.603024,-100.396263
Mantequilla,Barra 90 Gr. Sin Sal,Gloria,Derivados de Leche,Basicos,30,2026/04/06,Wal-mart,Supermercado / Tienda de Autoservicio,Walmart Sucursal Balbuena,Fray Servando Teresa de Mier 881. Entre Fernando Iglesia Calderon y Genaro Garcia. Col. Jardin Balbuena. Cp. 15900,Ciudad de México,Venustiano Carranza,19.418067,-99.105639
Mantequilla,Barra 90 Gr. Sin Sal,Gloria,Derivados de Leche,Basicos,30,2026/04/10,Bodega Aurrera,Supermercado / Tienda de Autoservicio,Bodega Aurrera Sucursal Centro Constituyentes,Constituyentes Oriente 334. Entre Pasteur y Manuel Ponce. Col. Mercurio. Cp. 76040,Querétaro,Santiago de Querétaro,20.586349,-100.382801
Mantequilla,Barra 90 Gr. Sin Sal,Lala,Derivados de Leche,Basicos,26,2026/04/14,Wal-mart,Supermercado / Tienda de Autoservicio,Walmart Sucursal Unidad Plaza de Toros,Autopista Queretaro Celaya 5501. Int. del Centro Comercial Plaza Esfera. Col. el Jacal. Cp. 76187,Querétaro,Santiago de Querétaro,20.574076,-100.408704
Manzana,1 Kg. Granel. Gala,S/M,Frutas Frescas,Pacic,54,2026/04/06,Wal-mart,Supermercado / Tienda de Autoservicio,Walmart Sucursal Balbuena,Fray Servando Teresa de Mier 881. Entre Fernando Iglesia Calderon y Genaro Garcia. Col. Jardin Balbuena. Cp. 15900,Ciudad de México,Venustiano Carranza,19.418067,-99.105639
Materna,Frasco con 30 Tabletas,S/M,Medicamentos,Medicamentos,439,2026/04/15,Sanborn S Hnos.,Farmacias,Sanborns Sucursal los Arquitos,Constituyentes Oriente 172. Esq. de los Arquitos. Col. los Arquitos. Cp. 76050,Querétaro,Santiago de Querétaro,20.588117,-100.36869
Medicasp Shampoo,Caja con Frasco con 130 Ml. 1%,S/M,Medicamentos,Medicamentos,159,2026/04/15,Sanborn S Hnos.,Farmacias,Sanborns Sucursal los Arquitos,Constituyentes Oriente 172. Esq. de los Arquitos. Col. los Arquitos. Cp. 76050,Querétaro,Santiago de Querétaro,20.588117,-100.36869
Melón,1 Kg. Granel. Chino,S/M,Frutas Frescas,Frutas y Legumbres,26,2026/04/10,Mercado Publico,Mercados,Mercado Lomas de Casablanca,Avenida 10. Esq. Calle 23. Col. Lomas de Casa Blanca. Cp. 76080,Querétaro,Santiago de Querétaro,20.603024,-100.396263
Mermelada,Frasco 270 Gr. Fresa,Mc Cormick,Frutas y Legumbres Procesadas,Mercados,28.9,2026/04/03,Superissste,Supermercado / Tienda de Autoservicio,Superissste Sucursal 022,Av. del Taller y Retorno No. 38 Dentro del Retorno 38. Col. Jardin Balbuena. Cp. 15900,Ciudad de México,Venustiano Carranza,19.412842,-99.105666
Meticorten,Caja con 30 Tabletas de 5 Mg.,S/M,Medicamentos,Medicamentos,609,2026/04/01,Sanborn S Hnos.,Farmacias,Sanborns Sucursal los Arquitos,Constituyentes Oriente 172. Esq. de los Arquitos. Col. los Arquitos. Cp. 76050,Querétaro,Santiago de Querétaro,20.588117,-100.36869
Metoprolol,Caja o Frasco con 20 Tabletas de 100 Mg.,S/M,Medicamentos,Medicamentos,31,2026/04/14,Wal-mart,Supermercado / Tienda de Autoservicio,Walmart Sucursal Unidad Plaza de Toros,Autopista Queretaro Celaya 5501. Int. del Centro Comercial Plaza Esfera. Col. el Jacal. Cp. 76187,Querétaro,Santiago de Querétaro,20.574076,-100.408704
Mezcla California,Bolsa 500 Gr. Hortalizas Congeladas,La Huerta,Frutas y Legumbres Procesadas,Basicos,42.5,2026/04/09,La Comer,Supermercado / Tienda de Autoservicio,Lacomer Sucursal Queretaro Estadio,Luis M. Vega y Monroy 1300. Esq.cimatario . Col. Cimatario. Cp. 76090,Querétaro,Santiago de Querétaro,20.577804,-100.373626
Microbicida,Blister con Envase de 15 Ml. (desinfecta Agua y Alimentos),Microdyn,Detergentes y Productos Similares,Basicos,30.5,2026/04/03,Superissste,Supermercado / Tienda de Autoservicio,Superissste Sucursal 011,Calle Peluqueros No. 310 Esquina Calle Tizayuca. Col. Michoacana. Cp. 15240,Ciudad de México,Venustiano Carranza,19.446139,-99.113372
Mole Rojo en Pasta,1 Kg. Granel,S/M,Condimentos,Basicos,110,2026/04/06,Chedraui,Supermercado / Tienda de Autoservicio,Chedraui Sucursal Anfora,Anfora 71. Esq. Eje 1 Norte. Col. Madero. Cp. 15320,Ciudad de México,Venustiano Carranza,19.437353,-99.110088
Mole Rojo en Pasta,Vaso 235 Gr.,Doña María,Condimentos,Mercados,48.9,2026/04/10,Superissste,Supermercado / Tienda de Autoservicio,Superissste Sucursal 022,Av. del Taller y Retorno No. 38 Dentro del Retorno 38. Col. Jardin Balbuena. Cp. 15900,Ciudad de México,Venustiano Carranza,19.412842,-99.105666
Mucosolvan,Caja con Frasco con 120 Ml. y Vaso Dosificador. Solución de 300 Mg./100 Ml.,S/M,Medicamentos,Medicamentos,159.6,2026/04/13,Hipermercado Soriana,Supermercado / Tienda de Autoservicio,Soriana Hiper Sucursal Cimatario,Ctra. a Huimilpan 1001. Int. del Centro Comercial Plaza del Sol. Col. Plazas del Sol. Iii Seccion. Cp. 76099,Querétaro,Santiago de Querétaro,20.563227,-100.375284
Naproxeno,Caja con 20 Tabletas de 500 Mg.,S/M,Medicamentos,Medicamentos,65,2026/04/01,Farmacias del Ahorro,Farmacias,Farmacias del Ahorro Sucursal Queretaro,Constituyentes Pte. 46. Entre Fernando de Tapia y Melchor Ocampo. Col. Centro. Cp. 76000,Querétaro,Santiago de Querétaro,20.584013,-100.394346
"Naproxeno Sodico, Paracetamol",Caja con Frasco con 15 Tabletas de 275 Mg./300 Mg.,S/M,Medicamentos,Medicamentos,39,2026/04/01,Sanborn S Hnos.,Farmacias,Sanborns Sucursal los Arquitos,Constituyentes Oriente 172. Esq. de los Arquitos. Col. los Arquitos. Cp. 76050,Querétaro,Santiago de Querétaro,20.588117,-100.36869
Nebulizador,De Compresor. Mod. Ne-c101. Caja 1 Pieza,Omron,Arts. para el Cuidado Personal,Medicamentos,799,2026/04/06,Chedraui,Supermercado / Tienda de Autoservicio,Chedraui Sucursal Anfora,Anfora 71. Esq. Eje 1 Norte. Col. Madero. Cp. 15320,Ciudad de México,Venustiano Carranza,19.437353,-99.110088
Neuralin,Caja con Una Ampolleta No. 1 y Una Ampolleta No. 2,S/M,Medicamentos,Medicamentos,151,2026/04/15,Chedraui,Supermercado / Tienda de Autoservicio,Chedraui Sucursal Centro Sur,Blvd. Bernardo Quintana 502. Carr. con Direccion a Centro Civico. Col. Centro Sur. Cp. 76087,Querétaro,Santiago de Querétaro,20.569354,-100.358831
Neuralin,Caja con Una Ampolleta No. 1 y Una Ampolleta No. 2,S/M,Medicamentos,Medicamentos,176,2026/04/13,Hipermercado Soriana,Supermercado / Tienda de Autoservicio,Soriana Hiper Sucursal Cimatario,Ctra. a Huimilpan 1001. Int. del Centro Comercial Plaza del Sol. Col. Plazas del Sol. Iii Seccion. Cp. 76099,Querétaro,Santiago de Querétaro,20.563227,-100.375284
Nexium-mups,Caja con 14 Tabletas de 20 Mg.,S/M,Medicamentos,Medicamentos,526,2026/04/01,Chedraui,Supermercado / Tienda de Autoservicio,Chedraui Sucursal Centro Sur,Blvd. Bernardo Quintana 502. Carr. con Direccion a Centro Civico. Col. Centro Sur. Cp. 76087,Querétaro,Santiago de Querétaro,20.569354,-100.358831
Nexium-mups,Caja con 14 Tabletas de 40 Mg.,S/M,Medicamentos,Medicamentos,929,2026/04/01,Bodega Aurrera,Supermercado / Tienda de Autoservicio,Bodega Aurrera Sucursal Centro Constituyentes,Constituyentes Oriente 334. Entre Pasteur y Manuel Ponce. Col. Mercurio. Cp. 76040,Querétaro,Santiago de Querétaro,20.586349,-100.382801
Nootropil,Caja con 30 Tabletas de 800 Mg.,S/M,Medicamentos,Medicamentos,764,2026/04/01,Sanborn S Hnos.,Farmacias,Sanborns Sucursal los Arquitos,Constituyentes Oriente 172. Esq. de los Arquitos. Col. los Arquitos. Cp. 76050,Querétaro,Santiago de Querétaro,20.588117,-100.36869
Novotiral,Caja con 50 Tabletas de 100 Mcg./20 Mcg.,S/M,Medicamentos,Medicamentos,800,2026/04/01,Wal-mart,Supermercado / Tienda de Autoservicio,Walmart Sucursal Unidad Plaza de Toros,Autopista Queretaro Celaya 5501. Int. del Centro Comercial Plaza Esfera. Col. el Jacal. Cp. 76187,Querétaro,Santiago de Querétaro,20.574076,-100.408704
Novotiral,Caja con 50 Tabletas de 100 Mcg./20 Mcg.,S/M,Medicamentos,Medicamentos,864,2026/04/15,Sanborn S Hnos.,Farmacias,Sanborns Sucursal los Arquitos,Constituyentes Oriente 172. Esq. de los Arquitos. Col. los Arquitos. Cp. 76050,Querétaro,Santiago de Querétaro,20.588117,-100.36869
Olla de Presión Express,75484 o C.b. 975484 # 773348. Capacidad 6 Lt.,Presto. Premier,Utensilios Domesticos,Electrodomesticos,1399,2026/04/06,Wal-mart,Supermercado / Tienda de Autoservicio,Walmart Sucursal Aeropuerto,Calz. Ignacio Zaragoza 58. Esq. Blvd. Puerto Aereo. Col. Federal. Cp. 15700,Ciudad de México,Venustiano Carranza,19.41926,-99.094521
Orlistat,Caja con 30 Cápsulas de 120 Mg.,S/M,Medicamentos,Medicamentos,409,2026/04/01,Farmacias del Ahorro,Farmacias,Farmacias del Ahorro Sucursal Queretaro,Constituyentes Pte. 46. Entre Fernando de Tapia y Melchor Ocampo. Col. Centro. Cp. 76000,Querétaro,Santiago de Querétaro,20.584013,-100.394346
Orlistat,Caja con 60 Cápsulas de 120 Mg.,S/M,Medicamentos,Medicamentos,739,2026/04/01,Farmacias del Ahorro,Farmacias,Farmacias del Ahorro Sucursal Queretaro,Constituyentes Pte. 46. Entre Fernando de Tapia y Melchor Ocampo. Col. Centro. Cp. 76000,Querétaro,Santiago de Querétaro,20.584013,-100.394346
Pan Blanco Bolillo,Pieza,S/M,Pan,Basicos,2.1,2026/04/08,Chedraui,Supermercado / Tienda de Autoservicio,Chedraui Sucursal Centro Sur,Blvd. Bernardo Quintana 502. Carr. con Direccion a Centro Civico. Col. Centro Sur. Cp. 76087,Querétaro,Santiago de Querétaro,20.569354,-100.358831
Pan Dulce,Bisquet. Pieza de 68 a 90 Gr. (11 Cm. de Diámetro Aprox.),S/M,Pan,Basicos,11,2026/04/07,Wal-mart,Supermercado / Tienda de Autoservicio,Walmart Sucursal Unidad Plaza de Toros,Autopista Queretaro Celaya 5501. Int. del Centro Comercial Plaza Esfera. Col. el Jacal. Cp. 76187,Querétaro,Santiago de Querétaro,20.574076,-100.408704
Pan Dulce,Cuerno. Pieza de 68 a 90 Gr. (13 Cm. de Diámetro Aprox.),S/M,Pan,Basicos,10,2026/04/13,Panaderias Tradicionales,Panaderías,Panificadora Sagrado Corazón,Avenida 8 No. 1501. Entre Calles 27 y 29. Col. Lomas de Casa Blanca. Cp. 76080,Querétaro,Santiago de Querétaro,20.571199,-100.393767
Pan Dulce,Dona Cubierta de Chocolate. Pieza de 68 a 82 Gr. (12 Cm. de Diámetro Aprox.),S/M,Pan,Basicos,11,2026/04/06,Wal-mart,Supermercado / Tienda de Autoservicio,Walmart Sucursal Aeropuerto,Calz. Ignacio Zaragoza 58. Esq. Blvd. Puerto Aereo. Col. Federal. Cp. 15700,Ciudad de México,Venustiano Carranza,19.41926,-99.094521
Pan de Caja,Paquete Chico 350 Gr. Rebanado Blanco,Bimbo,Pan,Basicos,31,2026/04/15,Chedraui,Supermercado / Tienda de Autoservicio,Chedraui Sucursal Centro Sur,Blvd. Bernardo Quintana 502. Carr. con Direccion a Centro Civico. Col. Centro Sur. Cp. 76087,Querétaro,Santiago de Querétaro,20.569354,-100.358831
Pan de Caja,Paquete Chico 350 Gr. Rebanado Integral,Bimbo,Pan,Basicos,33,2026/04/06,Chedraui,Supermercado / Tienda de Autoservicio,Chedraui Sucursal Anfora,Anfora 71. Esq. Eje 1 Norte. Col. Madero. Cp. 15320,Ciudad de México,Venustiano Carranza,19.437353,-99.110088
Pan de Caja,Paquete Chico 350 Gr. Rebanado Integral,Bimbo,Pan,Basicos,33.5,2026/04/13,Hipermercado Soriana,Supermercado / Tienda de Autoservicio,Soriana Hiper Sucursal Cimatario,Ctra. a Huimilpan 1001. Int. del Centro Comercial Plaza del Sol. Col. Plazas del Sol. Iii Seccion. Cp. 76099,Querétaro,Santiago de Querétaro,20.563227,-100.375284
Pan de Caja,Paquete Grande 620 Gr. Rebanado Blanco,Bimbo,Pan,Basicos,55,2026/04/06,Wal-mart,Supermercado / Tienda de Autoservicio,Walmart Sucursal Aeropuerto,Calz. Ignacio Zaragoza 58. Esq. Blvd. Puerto Aereo. Col. Federal. Cp. 15700,Ciudad de México,Venustiano Carranza,19.41926,-99.094521
Pan de Caja,Paquete Grande 680 Gr. Rebanado Integral. con Masa Madre,Oroweat. Granos Enteros,Pan,Basicos,88,2026/04/07,Wal-mart,Supermercado / Tienda de Autoservicio,Walmart Sucursal Unidad Plaza de Toros,Autopista Queretaro Celaya 5501. Int. del Centro Comercial Plaza Esfera. Col. el Jacal. Cp. 76187,Querétaro,Santiago de Querétaro,20.574076,-100.408704
Panoto-s,Caja y Frasco con 100 Ml. con Vaso Graduado. Jarabe,S/M,Medicamentos,Medicamentos,263,2026/04/01,Bodega Aurrera,Supermercado / Tienda de Autoservicio,Bodega Aurrera Sucursal Centro Constituyentes,Constituyentes Oriente 334. Entre Pasteur y Manuel Ponce. Col. Mercurio. Cp. 76040,Querétaro,Santiago de Querétaro,20.586349,-100.382801
Pantallas,Kd-65x77l. 65 Plgs. Led. Puerto Usb. Smart Tv,Sony. Bravia,Aparatos Electronicos,Electrodomesticos,17999,2026/04/06,Coppel,Tienda de Electrodomésticos,Coppel Sucursal Cimatario (233),Del Parque 1001. Int. del Centro Comercial Plaza del Sol. Col. Plazas del Sol. Iii Sección. Cp. 76099,Querétaro,Santiago de Querétaro,20.564142,-100.374792
Pantiprotectores,Caja 16 Piezas. Diarios. Largo Extra Largos,Always,Arts. para el Cuidado Personal,Basicos,36,2026/04/08,Chedraui,Supermercado / Tienda de Autoservicio,Chedraui Sucursal Centro Sur,Blvd. Bernardo Quintana 502. Carr. con Direccion a Centro Civico. Col. Centro Sur. Cp. 76087,Querétaro,Santiago de Querétaro,20.569354,-100.358831
Pantoprazol,Caja con 14 Tabletas o Grageas de 40 Mg.,S/M,Medicamentos,Medicamentos,55,2026/04/13,Hipermercado Soriana,Supermercado / Tienda de Autoservicio,Soriana Hiper Sucursal Cimatario,Ctra. a Huimilpan 1001. Int. del Centro Comercial Plaza del Sol. Col. Plazas del Sol. Iii Seccion. Cp. 76099,Querétaro,Santiago de Querétaro,20.563227,-100.375284
Papa,1 Kg. Granel. Alfa/blanca,S/M,Hortalizas Frescas,Frutas y Legumbres,23.9,2026/04/03,Superissste,Supermercado / Tienda de Autoservicio,Superissste Sucursal 011,Calle Peluqueros No. 310 Esquina Calle Tizayuca. Col. Michoacana. Cp. 15240,Ciudad de México,Venustiano Carranza,19.446139,-99.113372
Papa,1 Kg. Granel. Alfa/blanca,S/M,Hortalizas Frescas,Frutas y Legumbres,23.9,2026/04/03,Superissste,Supermercado / Tienda de Autoservicio,Superissste Sucursal 022,Av. del Taller y Retorno No. 38 Dentro del Retorno 38. Col. Jardin Balbuena. Cp. 15900,Ciudad de México,Venustiano Carranza,19.412842,-99.105666
Papa,1 Kg. Granel. Alfa/blanca,S/M,Hortalizas Frescas,Frutas y Legumbres,23.9,2026/04/10,Superissste,Supermercado / Tienda de Autoservicio,Superissste Sucursal 011,Calle Peluqueros No. 310 Esquina Calle Tizayuca. Col. Michoacana. Cp. 15240,Ciudad de México,Venustiano Carranza,19.446139,-99.113372
Papa,1 Kg. Granel. Alfa/blanca,S/M,Hortalizas Frescas,Frutas y Legumbres,23.9,2026/04/10,Superissste,Supermercado / Tienda de Autoservicio,Superissste Sucursal 022,Av. del Taller y Retorno No. 38 Dentro del Retorno 38. Col. Jardin Balbuena. Cp. 15900,Ciudad de México,Venustiano Carranza,19.412842,-99.105666
Papa,1 Kg. Granel. Alfa/blanca,S/M,Hortalizas Frescas,Frutas y Legumbres,28,2026/04/06,Mercado Publico,Mercados,Mercado Romero Rubio,Cairo S/n. Esq. Persia. Col. Romero Rubio. Cp. 15400,Ciudad de México,Venustiano Carranza,19.388643,-99.066708
Papa,1 Kg. Granel. Alfa/blanca,S/M,Hortalizas Frescas,Frutas y Legumbres,29.5,2026/04/08,Chedraui,Supermercado / Tienda de Autoservicio,Chedraui Sucursal Centro Sur,Blvd. Bernardo Quintana 502. Carr. con Direccion a Centro Civico. Col. Centro Sur. Cp. 76087,Querétaro,Santiago de Querétaro,20.569354,-100.358831
Papa,1 Kg. Granel. Alfa/blanca,S/M,Hortalizas Frescas,Frutas y Legumbres,32,2026/04/01,Chedraui,Supermercado / Tienda de Autoservicio,Chedraui Sucursal Centro Sur,Blvd. Bernardo Quintana 502. Carr. con Direccion a Centro Civico. Col. Centro Sur. Cp. 76087,Querétaro,Santiago de Querétaro,20.569354,-100.358831
Papa,1 Kg. Granel. Alfa/blanca,S/M,Hortalizas Frescas,Frutas y Legumbres,32,2026/04/06,Chedraui,Supermercado / Tienda de Autoservicio,Chedraui Sucursal Anfora,Anfora 71. Esq. Eje 1 Norte. Col. Madero. Cp. 15320,Ciudad de México,Venustiano Carranza,19.437353,-99.110088
Papa,1 Kg. Granel. Alfa/blanca,S/M,Hortalizas Frescas,Frutas y Legumbres,32,2026/04/15,Chedraui,Supermercado / Tienda de Autoservicio,Chedraui Sucursal Centro Sur,Blvd. Bernardo Quintana 502. Carr. con Direccion a Centro Civico. Col. Centro Sur. Cp. 76087,Querétaro,Santiago de Querétaro,20.569354,-100.358831
Papa,1 Kg. Granel. Alfa/blanca,S/M,Hortalizas Frescas,Frutas y Legumbres,34,2026/04/10,Mercado Publico,Mercados,Mercado Lomas de Casablanca,Avenida 10. Esq. Calle 23. Col. Lomas de Casa Blanca. Cp. 76080,Querétaro,Santiago de Querétaro,20.603024,-100.396263
Papa,1 Kg. Granel. Alfa/blanca,S/M,Hortalizas Frescas,Frutas y Legumbres,35,2026/04/13,Mercado Publico,Mercados,Mercado Lomas de Casablanca,Avenida 10. Esq. Calle 23. Col. Lomas de Casa Blanca. Cp. 76080,Querétaro,Santiago de Querétaro,20.603024,-100.396263
Papa,1 Kg. Granel. Alfa/blanca,S/M,Hortalizas Frescas,Frutas y Legumbres,35.9,2026/04/06,Hipermercado Soriana,Supermercado / Tienda de Autoservicio,Soriana Hiper Sucursal Cimatario,Ctra. a Huimilpan 1001. Int. del Centro Comercial Plaza del Sol. Col. Plazas del Sol. Iii Seccion. Cp. 76099,Querétaro,Santiago de Querétaro,20.563227,-100.375284
Papa,1 Kg. Granel. Alfa/blanca,S/M,Hortalizas Frescas,Frutas y Legumbres,35.9,2026/04/06,Hipermercado Soriana,Supermercado / Tienda de Autoservicio,Soriana Hiper Sucursal Consulado (418),Rio Consulado 2355. Esq. Carlos Marx. Col. Simon Bolivar. Cp. 15410,Ciudad de México,Venustiano Carranza,19.449572,-99.100376
Papa,1 Kg. Granel. Alfa/blanca,S/M,Hortalizas Frescas,Frutas y Legumbres,35.9,2026/04/13,Hipermercado Soriana,Supermercado / Tienda de Autoservicio,Soriana Hiper Sucursal Cimatario,Ctra. a Huimilpan 1001. Int. del Centro Comercial Plaza del Sol. Col. Plazas del Sol. Iii Seccion. Cp. 76099,Querétaro,Santiago de Querétaro,20.563227,-100.375284
Papa,1 Kg. Granel. Alfa/blanca,S/M,Hortalizas Frescas,Frutas y Legumbres,38.9,2026/04/09,La Comer,Supermercado / Tienda de Autoservicio,Lacomer Sucursal Queretaro Estadio,Luis M. Vega y Monroy 1300. Esq.cimatario . Col. Cimatario. Cp. 76090,Querétaro,Santiago de Querétaro,20.577804,-100.373626
Papa,1 Kg. Granel. Alfa/blanca,S/M,Hortalizas Frescas,Frutas y Legumbres,58.9,2026/04/01,Bodega Aurrera,Supermercado / Tienda de Autoservicio,Bodega Aurrera Sucursal Centro Constituyentes,Constituyentes Oriente 334. Entre Pasteur y Manuel Ponce. Col. Mercurio. Cp. 76040,Querétaro,Santiago de Querétaro,20.586349,-100.382801
Papa,1 Kg. Granel. Alfa/blanca,S/M,Hortalizas Frescas,Frutas y Legumbres,58.9,2026/04/06,Bodega Aurrera,Supermercado / Tienda de Autoservicio,Bodega Aurrera Sucursal la Viga,Calz. de la Viga 136 Esq. del Taller. Col. Lorenzo Boturini. Cp. 15820,Ciudad de México,Venustiano Carranza,19.414749,-99.127874
Papa,1 Kg. Granel. Alfa/blanca,S/M,Hortalizas Frescas,Frutas y Legumbres,58.9,2026/04/10,Bodega Aurrera,Supermercado / Tienda de Autoservicio,Bodega Aurrera Sucursal Centro Constituyentes,Constituyentes Oriente 334. Entre Pasteur y Manuel Ponce. Col. Mercurio. Cp. 76040,Querétaro,Santiago de Querétaro,20.586349,-100.382801
Papa,1 Kg. Granel. Alfa/blanca,S/M,Hortalizas Frescas,Frutas y Legumbres,59.9,2026/04/06,Wal-mart,Supermercado / Tienda de Autoservicio,Walmart Sucursal Aeropuerto,Calz. Ignacio Zaragoza 58. Esq. Blvd. Puerto Aereo. Col. Federal. Cp. 15700,Ciudad de México,Venustiano Carranza,19.41926,-99.094521
Papa,1 Kg. Granel. Alfa/blanca,S/M,Hortalizas Frescas,Frutas y Legumbres,59.9,2026/04/06,Wal-mart,Supermercado / Tienda de Autoservicio,Walmart Sucursal Balbuena,Fray Servando Teresa de Mier 881. Entre Fernando Iglesia Calderon y Genaro Garcia. Col. Jardin Balbuena. Cp. 15900,Ciudad de México,Venustiano Carranza,19.418067,-99.105639
Papa,1 Kg. Granel. Alfa/blanca,S/M,Hortalizas Frescas,Frutas y Legumbres,59.9,2026/04/14,Wal-mart,Supermercado / Tienda de Autoservicio,Walmart Sucursal Unidad Plaza de Toros,Autopista Queretaro Celaya 5501. Int. del Centro Comercial Plaza Esfera. Col. el Jacal. Cp. 76187,Querétaro,Santiago de Querétaro,20.574076,-100.408704
Papa,1 Kg. Granel. Alfa/blanca,S/M,Hortalizas Frescas,Pacic,29.5,2026/04/08,Chedraui,Supermercado / Tienda de Autoservicio,Chedraui Sucursal Centro Sur,Blvd. Bernardo Quintana 502. Carr. con Direccion a Centro Civico. Col. Centro Sur. Cp. 76087,Querétaro,Santiago de Querétaro,20.569354,-100.358831
Papa,1 Kg. Granel. Alfa/blanca,S/M,Hortalizas Frescas,Pacic,32,2026/04/01,Chedraui,Supermercado / Tienda de Autoservicio,Chedraui Sucursal Centro Sur,Blvd. Bernardo Quintana 502. Carr. con Direccion a Centro Civico. Col. Centro Sur. Cp. 76087,Querétaro,Santiago de Querétaro,20.569354,-100.358831
Papa,1 Kg. Granel. Alfa/blanca,S/M,Hortalizas Frescas,Pacic,32,2026/04/06,Chedraui,Supermercado / Tienda de Autoservicio,Chedraui Sucursal Anfora,Anfora 71. Esq. Eje 1 Norte. Col. Madero. Cp. 15320,Ciudad de México,Venustiano Carranza,19.437353,-99.110088
Papa,1 Kg. Granel. Alfa/blanca,S/M,Hortalizas Frescas,Pacic,32,2026/04/15,Chedraui,Supermercado / Tienda de Autoservicio,Chedraui Sucursal Centro Sur,Blvd. Bernardo Quintana 502. Carr. con Direccion a Centro Civico. Col. Centro Sur. Cp. 76087,Querétaro,Santiago de Querétaro,20.569354,-100.358831
Papa,1 Kg. Granel. Alfa/blanca,S/M,Hortalizas Frescas,Pacic,35.9,2026/04/06,Hipermercado Soriana,Supermercado / Tienda de Autoservicio,Soriana Hiper Sucursal Cimatario,Ctra. a Huimilpan 1001. Int. del Centro Comercial Plaza del Sol. Col. Plazas del Sol. Iii Seccion. Cp. 76099,Querétaro,Santiago de Querétaro,20.563227,-100.375284
Papa,1 Kg. Granel. Alfa/blanca,S/M,Hortalizas Frescas,Pacic,35.9,2026/04/06,Hipermercado Soriana,Supermercado / Tienda de Autoservicio,Soriana Hiper Sucursal Consulado (418),Rio Consulado 2355. Esq. Carlos Marx. Col. Simon Bolivar. Cp. 15410,Ciudad de México,Venustiano Carranza,19.449572,-99.100376
Papa,1 Kg. Granel. Alfa/blanca,S/M,Hortalizas Frescas,Pacic,35.9,2026/04/13,Hipermercado Soriana,Supermercado / Tienda de Autoservicio,Soriana Hiper Sucursal Cimatario,Ctra. a Huimilpan 1001. Int. del Centro Comercial Plaza del Sol. Col. Plazas del Sol. Iii Seccion. Cp. 76099,Querétaro,Santiago de Querétaro,20.563227,-100.375284
Papa,1 Kg. Granel. Alfa/blanca,S/M,Hortalizas Frescas,Pacic,38.9,2026/04/01,La Comer,Supermercado / Tienda de Autoservicio,Lacomer Sucursal Queretaro Estadio,Luis M. Vega y Monroy 1300. Esq.cimatario . Col. Cimatario. Cp. 76090,Querétaro,Santiago de Querétaro,20.577804,-100.373626
Papa,1 Kg. Granel. Alfa/blanca,S/M,Hortalizas Frescas,Pacic,38.9,2026/04/09,La Comer,Supermercado / Tienda de Autoservicio,Lacomer Sucursal Queretaro Estadio,Luis M. Vega y Monroy 1300. Esq.cimatario . Col. Cimatario. Cp. 76090,Querétaro,Santiago de Querétaro,20.577804,-100.373626
Papa,1 Kg. Granel. Alfa/blanca,S/M,Hortalizas Frescas,Pacic,58.9,2026/04/01,Bodega Aurrera,Supermercado / Tienda de Autoservicio,Bodega Aurrera Sucursal Centro Constituyentes,Constituyentes Oriente 334. Entre Pasteur y Manuel Ponce. Col. Mercurio. Cp. 76040,Querétaro,Santiago de Querétaro,20.586349,-100.382801
Papa,1 Kg. Granel. Alfa/blanca,S/M,Hortalizas Frescas,Pacic,58.9,2026/04/06,Bodega Aurrera,Supermercado / Tienda de Autoservicio,Bodega Aurrera Sucursal la Viga,Calz. de la Viga 136 Esq. del Taller. Col. Lorenzo Boturini. Cp. 15820,Ciudad de México,Venustiano Carranza,19.414749,-99.127874
Papa,1 Kg. Granel. Alfa/blanca,S/M,Hortalizas Frescas,Pacic,58.9,2026/04/10,Bodega Aurrera,Supermercado / Tienda de Autoservicio,Bodega Aurrera Sucursal Centro Constituyentes,Constituyentes Oriente 334. Entre Pasteur y Manuel Ponce. Col. Mercurio. Cp. 76040,Querétaro,Santiago de Querétaro,20.586349,-100.382801
Papa,1 Kg. Granel. Alfa/blanca,S/M,Hortalizas Frescas,Pacic,59.9,2026/04/01,Wal-mart,Supermercado / Tienda de Autoservicio,Walmart Sucursal Unidad Plaza de Toros,Autopista Queretaro Celaya 5501. Int. del Centro Comercial Plaza Esfera. Col. el Jacal. Cp. 76187,Querétaro,Santiago de Querétaro,20.574076,-100.408704
Papa,1 Kg. Granel. Alfa/blanca,S/M,Hortalizas Frescas,Pacic,59.9,2026/04/06,Wal-mart,Supermercado / Tienda de Autoservicio,Walmart Sucursal Aeropuerto,Calz. Ignacio Zaragoza 58. Esq. Blvd. Puerto Aereo. Col. Federal. Cp. 15700,Ciudad de México,Venustiano Carranza,19.41926,-99.094521
Papa,1 Kg. Granel. Alfa/blanca,S/M,Hortalizas Frescas,Pacic,59.9,2026/04/06,Wal-mart,Supermercado / Tienda de Autoservicio,Walmart Sucursal Balbuena,Fray Servando Teresa de Mier 881. Entre Fernando Iglesia Calderon y Genaro Garcia. Col. Jardin Balbuena. Cp. 15900,Ciudad de México,Venustiano Carranza,19.418067,-99.105639
Papa,1 Kg. Granel. Alfa/blanca,S/M,Hortalizas Frescas,Pacic,59.9,2026/04/07,Wal-mart,Supermercado / Tienda de Autoservicio,Walmart Sucursal Unidad Plaza de Toros,Autopista Queretaro Celaya 5501. Int. del Centro Comercial Plaza Esfera. Col. el Jacal. Cp. 76187,Querétaro,Santiago de Querétaro,20.574076,-100.408704
Papa,1 Kg. Granel. Alfa/blanca,S/M,Hortalizas Frescas,Pacic,59.9,2026/04/14,Wal-mart,Supermercado / Tienda de Autoservicio,Walmart Sucursal Unidad Plaza de Toros,Autopista Queretaro Celaya 5501. Int. del Centro Comercial Plaza Esfera. Col. el Jacal. Cp. 76187,Querétaro,Santiago de Querétaro,20.574076,-100.408704
Papa,1 Kg. Granel. Alfa/blanca. en Malla,S/M,Hortalizas Frescas,Pacic,24,2026/04/06,Bodega Aurrera,Supermercado / Tienda de Autoservicio,Bodega Aurrera Sucursal la Viga,Calz. de la Viga 136 Esq. del Taller. Col. Lorenzo Boturini. Cp. 15820,Ciudad de México,Venustiano Carranza,19.414749,-99.127874
Papa,1 Kg. Granel. Alfa/blanca. en Malla,S/M,Hortalizas Frescas,Pacic,24,2026/04/10,Bodega Aurrera,Supermercado / Tienda de Autoservicio,Bodega Aurrera Sucursal Centro Constituyentes,Constituyentes Oriente 334. Entre Pasteur y Manuel Ponce. Col. Mercurio. Cp. 76040,Querétaro,Santiago de Querétaro,20.586349,-100.382801
Papa,1 Kg. Granel. Alfa/blanca. en Malla,S/M,Hortalizas Frescas,Pacic,29,2026/04/01,Wal-mart,Supermercado / Tienda de Autoservicio,Walmart Sucursal Unidad Plaza de Toros,Autopista Queretaro Celaya 5501. Int. del Centro Comercial Plaza Esfera. Col. el Jacal. Cp. 76187,Querétaro,Santiago de Querétaro,20.574076,-100.408704
Papa,1 Kg. Granel. Alfa/blanca. en Malla,S/M,Hortalizas Frescas,Pacic,30,2026/04/01,Bodega Aurrera,Supermercado / Tienda de Autoservicio,Bodega Aurrera Sucursal Centro Constituyentes,Constituyentes Oriente 334. Entre Pasteur y Manuel Ponce. Col. Mercurio. Cp. 76040,Querétaro,Santiago de Querétaro,20.586349,-100.382801
Papa,1 Kg. Granel. Alfa/blanca. en Malla,S/M,Hortalizas Frescas,Pacic,31,2026/04/06,Wal-mart,Supermercado / Tienda de Autoservicio,Walmart Sucursal Aeropuerto,Calz. Ignacio Zaragoza 58. Esq. Blvd. Puerto Aereo. Col. Federal. Cp. 15700,Ciudad de México,Venustiano Carranza,19.41926,-99.094521
Papa,1 Kg. Granel. Alfa/blanca. en Malla,S/M,Hortalizas Frescas,Pacic,31,2026/04/06,Wal-mart,Supermercado / Tienda de Autoservicio,Walmart Sucursal Balbuena,Fray Servando Teresa de Mier 881. Entre Fernando Iglesia Calderon y Genaro Garcia. Col. Jardin Balbuena. Cp. 15900,Ciudad de México,Venustiano Carranza,19.418067,-99.105639
Papa,1 Kg. Granel. Alfa/blanca. en Malla,S/M,Hortalizas Frescas,Pacic,31,2026/04/07,Wal-mart,Supermercado / Tienda de Autoservicio,Walmart Sucursal Unidad Plaza de Toros,Autopista Queretaro Celaya 5501. Int. del Centro Comercial Plaza Esfera. Col. el Jacal. Cp. 76187,Querétaro,Santiago de Querétaro,20.574076,-100.408704
Papa,1 Kg. Granel. Alfa/blanca. en Malla,S/M,Hortalizas Frescas,Pacic,36,2026/04/14,Wal-mart,Supermercado / Tienda de Autoservicio,Walmart Sucursal Unidad Plaza de Toros,Autopista Queretaro Celaya 5501. Int. del Centro Comercial Plaza Esfera. Col. el Jacal. Cp. 76187,Querétaro,Santiago de Querétaro,20.574076,-100.408704
Papas Fritas y Similares,Bolsa 160 Gr. Papas Fritas. con Sal. Original,Sabritas,Chocolates y Golosinas,Basicos,61,2026/04/13,Hipermercado Soriana,Supermercado / Tienda de Autoservicio,Soriana Hiper Sucursal Cimatario,Ctra. a Huimilpan 1001. Int. del Centro Comercial Plaza del Sol. Col. Plazas del Sol. Iii Seccion. Cp. 76099,Querétaro,Santiago de Querétaro,20.563227,-100.375284
Papas Fritas y Similares,Bolsa 175 Gr. Valentones,Barcel,Botanas y Bebidas,Especial,36,2026/04/09,La Comer,Supermercado / Tienda de Autoservicio,Lacomer Sucursal Queretaro Estadio,Luis M. Vega y Monroy 1300. Esq.cimatario . Col. Cimatario. Cp. 76090,Querétaro,Santiago de Querétaro,20.577804,-100.373626
Papas Fritas y Similares,Bolsa 225 Gr. Rancheritos,Sabritas,Chocolates y Golosinas,Basicos,61,2026/04/06,Wal-mart,Supermercado / Tienda de Autoservicio,Walmart Sucursal Aeropuerto,Calz. Ignacio Zaragoza 58. Esq. Blvd. Puerto Aereo. Col. Federal. Cp. 15700,Ciudad de México,Venustiano Carranza,19.41926,-99.094521
Papaya,1 Kg. Granel. Maradol,S/M,Frutas Frescas,Frutas y Legumbres,33,2026/04/10,Superissste,Supermercado / Tienda de Autoservicio,Superissste Sucursal 011,Calle Peluqueros No. 310 Esquina Calle Tizayuca. Col. Michoacana. Cp. 15240,Ciudad de México,Venustiano Carranza,19.446139,-99.113372
Papaya,1 Kg. Granel. Maradol,S/M,Frutas Frescas,Frutas y Legumbres,33,2026/04/10,Superissste,Supermercado / Tienda de Autoservicio,Superissste Sucursal 022,Av. del Taller y Retorno No. 38 Dentro del Retorno 38. Col. Jardin Balbuena. Cp. 15900,Ciudad de México,Venustiano Carranza,19.412842,-99.105666
Papel Higiénico,Paquete 12 Rollos. 200 Hojas Dobles,Suavel,Arts. de Papel P/higiene Personal,Basicos,67.9,2026/04/06,Hipermercado Soriana,Supermercado / Tienda de Autoservicio,Soriana Hiper Sucursal Consulado (418),Rio Consulado 2355. Esq. Carlos Marx. Col. Simon Bolivar. Cp. 15410,Ciudad de México,Venustiano Carranza,19.449572,-99.100376
Papel Higiénico,Paquete 12 Rollos. 200 Hojas Dobles,Suavel,Arts. de Papel P/higiene Personal,Basicos,67.9,2026/04/13,Hipermercado Soriana,Supermercado / Tienda de Autoservicio,Soriana Hiper Sucursal Cimatario,Ctra. a Huimilpan 1001. Int. del Centro Comercial Plaza del Sol. Col. Plazas del Sol. Iii Seccion. Cp. 76099,Querétaro,Santiago de Querétaro,20.563227,-100.375284
Papel Higiénico,Paquete 12 Rollos. 320 Hojas Dobles,Elite. Ultra Suave,Arts. de Papel P/higiene Personal,Basicos,114.5,2026/04/09,La Comer,Supermercado / Tienda de Autoservicio,Lacomer Sucursal Queretaro Estadio,Luis M. Vega y Monroy 1300. Esq.cimatario . Col. Cimatario. Cp. 76090,Querétaro,Santiago de Querétaro,20.577804,-100.373626
Papel Higiénico,Paquete 12 Rollos. 320 Hojas Dobles,Elite. Ultra Suave,Arts. de Papel P/higiene Personal,Basicos,119,2026/04/08,Chedraui,Supermercado / Tienda de Autoservicio,Chedraui Sucursal Centro Sur,Blvd. Bernardo Quintana 502. Carr. con Direccion a Centro Civico. Col. Centro Sur. Cp. 76087,Querétaro,Santiago de Querétaro,20.569354,-100.358831
Papel Higiénico,Paquete 12 Rollos. 320 Hojas Dobles,Pétalo. Rendimax,Arts. de Papel P/higiene Personal,Basicos,112,2026/04/09,La Comer,Supermercado / Tienda de Autoservicio,Lacomer Sucursal Queretaro Estadio,Luis M. Vega y Monroy 1300. Esq.cimatario . Col. Cimatario. Cp. 76090,Querétaro,Santiago de Querétaro,20.577804,-100.373626
Papel Higiénico,Paquete 12 Rollos. 320 Hojas Dobles,Pétalo. Rendimax,Arts. de Papel P/higiene Personal,Basicos,121,2026/04/06,Hipermercado Soriana,Supermercado / Tienda de Autoservicio,Soriana Hiper Sucursal Consulado (418),Rio Consulado 2355. Esq. Carlos Marx. Col. Simon Bolivar. Cp. 15410,Ciudad de México,Venustiano Carranza,19.449572,-99.100376
Papel Higiénico,Paquete 12 Rollos. 320 Hojas Dobles,Pétalo. Rendimax,Arts. de Papel P/higiene Personal,Basicos,75,2026/04/03,Superissste,Supermercado / Tienda de Autoservicio,Superissste Sucursal 011,Calle Peluqueros No. 310 Esquina Calle Tizayuca. Col. Michoacana. Cp. 15240,Ciudad de México,Venustiano Carranza,19.446139,-99.113372
Papel Higiénico,Paquete 12 Rollos. 320 Hojas Dobles,Pétalo. Rendimax,Arts. de Papel P/higiene Personal,Basicos,75,2026/04/03,Superissste,Supermercado / Tienda de Autoservicio,Superissste Sucursal 022,Av. del Taller y Retorno No. 38 Dentro del Retorno 38. Col. Jardin Balbuena. Cp. 15900,Ciudad de México,Venustiano Carranza,19.412842,-99.105666
Papel Higiénico,Paquete 12 Rollos. 320 Hojas Dobles,Pétalo. Rendimax,Arts. de Papel P/higiene Personal,Basicos,75,2026/04/10,Superissste,Supermercado / Tienda de Autoservicio,Superissste Sucursal 011,Calle Peluqueros No. 310 Esquina Calle Tizayuca. Col. Michoacana. Cp. 15240,Ciudad de México,Venustiano Carranza,19.446139,-99.113372
Papel Higiénico,Paquete 12 Rollos. 320 Hojas Dobles,Pétalo. Rendimax,Arts. de Papel P/higiene Personal,Basicos,75,2026/04/10,Superissste,Supermercado / Tienda de Autoservicio,Superissste Sucursal 022,Av. del Taller y Retorno No. 38 Dentro del Retorno 38. Col. Jardin Balbuena. Cp. 15900,Ciudad de México,Venustiano Carranza,19.412842,-99.105666
Papel Higiénico,Paquete 12 Rollos. 320 Hojas Dobles,Pétalo. Rendimax,Arts. de Papel P/higiene Personal,Basicos,93,2026/04/06,Wal-mart,Supermercado / Tienda de Autoservicio,Walmart Sucursal Aeropuerto,Calz. Ignacio Zaragoza 58. Esq. Blvd. Puerto Aereo. Col. Federal. Cp. 15700,Ciudad de México,Venustiano Carranza,19.41926,-99.094521
Papel Higiénico,Paquete 16 Rollos. 200 Hojas Dobles,Suavel,Arts. de Papel P/higiene Personal,Basicos,64.9,2026/04/06,Chedraui,Supermercado / Tienda de Autoservicio,Chedraui Sucursal Anfora,Anfora 71. Esq. Eje 1 Norte. Col. Madero. Cp. 15320,Ciudad de México,Venustiano Carranza,19.437353,-99.110088
Papel Higiénico,Paquete 16 Rollos. 200 Hojas Dobles,Suavel,Arts. de Papel P/higiene Personal,Basicos,64.9,2026/04/15,Chedraui,Supermercado / Tienda de Autoservicio,Chedraui Sucursal Centro Sur,Blvd. Bernardo Quintana 502. Carr. con Direccion a Centro Civico. Col. Centro Sur. Cp. 76087,Querétaro,Santiago de Querétaro,20.569354,-100.358831
Papel Higiénico,Paquete 16 Rollos. 200 Hojas Dobles,Suavel,Arts. de Papel P/higiene Personal,Basicos,80.5,2026/04/06,Hipermercado Soriana,Supermercado / Tienda de Autoservicio,Soriana Hiper Sucursal Consulado (418),Rio Consulado 2355. Esq. Carlos Marx. Col. Simon Bolivar. Cp. 15410,Ciudad de México,Venustiano Carranza,19.449572,-99.100376
Papel Higiénico,Paquete 16 Rollos. 200 Hojas Dobles,Suavel,Arts. de Papel P/higiene Personal,Basicos,80.5,2026/04/13,Hipermercado Soriana,Supermercado / Tienda de Autoservicio,Soriana Hiper Sucursal Cimatario,Ctra. a Huimilpan 1001. Int. del Centro Comercial Plaza del Sol. Col. Plazas del Sol. Iii Seccion. Cp. 76099,Querétaro,Santiago de Querétaro,20.563227,-100.375284
Papel Higiénico,Paquete 24 Rollos. 200 Hojas Dobles,Kleenex. Cottonelle. Soft,Arts. de Papel P/higiene Personal,Basicos,199,2026/04/06,Chedraui,Supermercado / Tienda de Autoservicio,Chedraui Sucursal Anfora,Anfora 71. Esq. Eje 1 Norte. Col. Madero. Cp. 15320,Ciudad de México,Venustiano Carranza,19.437353,-99.110088
Papel Higiénico,Paquete 24 Rollos. 200 Hojas Dobles,Kleenex. Cottonelle. Soft,Arts. de Papel P/higiene Personal,Basicos,205,2026/04/06,Hipermercado Soriana,Supermercado / Tienda de Autoservicio,Soriana Hiper Sucursal Consulado (418),Rio Consulado 2355. Esq. Carlos Marx. Col. Simon Bolivar. Cp. 15410,Ciudad de México,Venustiano Carranza,19.449572,-99.100376
Papel Higiénico,Paquete 24 Rollos. 200 Hojas Dobles,Kleenex. Cottonelle. Soft,Arts. de Papel P/higiene Personal,Basicos,205,2026/04/06,Wal-mart,Supermercado / Tienda de Autoservicio,Walmart Sucursal Aeropuerto,Calz. Ignacio Zaragoza 58. Esq. Blvd. Puerto Aereo. Col. Federal. Cp. 15700,Ciudad de México,Venustiano Carranza,19.41926,-99.094521
Papel Higiénico,Paquete 24 Rollos. 200 Hojas Dobles,Kleenex. Cottonelle. Soft,Arts. de Papel P/higiene Personal,Basicos,205,2026/04/06,Wal-mart,Supermercado / Tienda de Autoservicio,Walmart Sucursal Balbuena,Fray Servando Teresa de Mier 881. Entre Fernando Iglesia Calderon y Genaro Garcia. Col. Jardin Balbuena. Cp. 15900,Ciudad de México,Venustiano Carranza,19.418067,-99.105639
Papel Higiénico,Paquete 24 Rollos. 200 Hojas Dobles,Kleenex. Cottonelle. Soft,Arts. de Papel P/higiene Personal,Basicos,205,2026/04/13,Hipermercado Soriana,Supermercado / Tienda de Autoservicio,Soriana Hiper Sucursal Cimatario,Ctra. a Huimilpan 1001. Int. del Centro Comercial Plaza del Sol. Col. Plazas del Sol. Iii Seccion. Cp. 76099,Querétaro,Santiago de Querétaro,20.563227,-100.375284
Papel Higiénico,Paquete 24 Rollos. 300 Hojas Dobles,Suavel,Arts. de Papel P/higiene Personal,Basicos,177,2026/04/06,Chedraui,Supermercado / Tienda de Autoservicio,Chedraui Sucursal Anfora,Anfora 71. Esq. Eje 1 Norte. Col. Madero. Cp. 15320,Ciudad de México,Venustiano Carranza,19.437353,-99.110088
Papel Higiénico,Paquete 32 Rollos. 200 Hojas Dobles,Suavel,Arts. de Papel P/higiene Personal,Basicos,125,2026/04/03,Superissste,Supermercado / Tienda de Autoservicio,Superissste Sucursal 011,Calle Peluqueros No. 310 Esquina Calle Tizayuca. Col. Michoacana. Cp. 15240,Ciudad de México,Venustiano Carranza,19.446139,-99.113372
Papel Higiénico,Paquete 32 Rollos. 200 Hojas Dobles,Suavel,Arts. de Papel P/higiene Personal,Basicos,125,2026/04/03,Superissste,Supermercado / Tienda de Autoservicio,Superissste Sucursal 022,Av. del Taller y Retorno No. 38 Dentro del Retorno 38. Col. Jardin Balbuena. Cp. 15900,Ciudad de México,Venustiano Carranza,19.412842,-99.105666
Papel Higiénico,Paquete 32 Rollos. 200 Hojas Dobles,Suavel,Arts. de Papel P/higiene Personal,Basicos,125,2026/04/10,Superissste,Supermercado / Tienda de Autoservicio,Superissste Sucursal 011,Calle Peluqueros No. 310 Esquina Calle Tizayuca. Col. Michoacana. Cp. 15240,Ciudad de México,Venustiano Carranza,19.446139,-99.113372
Papel Higiénico,Paquete 32 Rollos. 200 Hojas Dobles,Suavel,Arts. de Papel P/higiene Personal,Basicos,125,2026/04/10,Superissste,Supermercado / Tienda de Autoservicio,Superissste Sucursal 022,Av. del Taller y Retorno No. 38 Dentro del Retorno 38. Col. Jardin Balbuena. Cp. 15900,Ciudad de México,Venustiano Carranza,19.412842,-99.105666
Papel Higiénico,Paquete 32 Rollos. 200 Hojas Dobles,Suavel,Arts. de Papel P/higiene Personal,Basicos,138,2026/04/15,Chedraui,Supermercado / Tienda de Autoservicio,Chedraui Sucursal Centro Sur,Blvd. Bernardo Quintana 502. Carr. con Direccion a Centro Civico. Col. Centro Sur. Cp. 76087,Querétaro,Santiago de Querétaro,20.569354,-100.358831
Papel Higiénico,Paquete 32 Rollos. 200 Hojas Dobles,Suavel,Arts. de Papel P/higiene Personal,Basicos,139,2026/04/01,Bodega Aurrera,Supermercado / Tienda de Autoservicio,Bodega Aurrera Sucursal Centro Constituyentes,Constituyentes Oriente 334. Entre Pasteur y Manuel Ponce. Col. Mercurio. Cp. 76040,Querétaro,Santiago de Querétaro,20.586349,-100.382801
Papel Higiénico,Paquete 32 Rollos. 200 Hojas Dobles,Suavel,Arts. de Papel P/higiene Personal,Basicos,139,2026/04/06,Bodega Aurrera,Supermercado / Tienda de Autoservicio,Bodega Aurrera Sucursal la Viga,Calz. de la Viga 136 Esq. del Taller. Col. Lorenzo Boturini. Cp. 15820,Ciudad de México,Venustiano Carranza,19.414749,-99.127874
Papel Higiénico,Paquete 32 Rollos. 200 Hojas Dobles,Suavel,Arts. de Papel P/higiene Personal,Basicos,139,2026/04/06,Wal-mart,Supermercado / Tienda de Autoservicio,Walmart Sucursal Aeropuerto,Calz. Ignacio Zaragoza 58. Esq. Blvd. Puerto Aereo. Col. Federal. Cp. 15700,Ciudad de México,Venustiano Carranza,19.41926,-99.094521
Papel Higiénico,Paquete 32 Rollos. 200 Hojas Dobles,Suavel,Arts. de Papel P/higiene Personal,Basicos,139,2026/04/10,Bodega Aurrera,Supermercado / Tienda de Autoservicio,Bodega Aurrera Sucursal Centro Constituyentes,Constituyentes Oriente 334. Entre Pasteur y Manuel Ponce. Col. Mercurio. Cp. 76040,Querétaro,Santiago de Querétaro,20.586349,-100.382801
Papel Higiénico,Paquete 32 Rollos. 200 Hojas Dobles,Suavel,Arts. de Papel P/higiene Personal,Basicos,139,2026/04/14,Wal-mart,Supermercado / Tienda de Autoservicio,Walmart Sucursal Unidad Plaza de Toros,Autopista Queretaro Celaya 5501. Int. del Centro Comercial Plaza Esfera. Col. el Jacal. Cp. 76187,Querétaro,Santiago de Querétaro,20.574076,-100.408704
Papel Higiénico,Paquete 32 Rollos. 200 Hojas Dobles,Suavel,Arts. de Papel P/higiene Personal,Basicos,159,2026/04/06,Hipermercado Soriana,Supermercado / Tienda de Autoservicio,Soriana Hiper Sucursal Consulado (418),Rio Consulado 2355. Esq. Carlos Marx. Col. Simon Bolivar. Cp. 15410,Ciudad de México,Venustiano Carranza,19.449572,-99.100376
Papel Higiénico,Paquete 32 Rollos. 200 Hojas Dobles,Suavel,Arts. de Papel P/higiene Personal,Basicos,159,2026/04/13,Hipermercado Soriana,Supermercado / Tienda de Autoservicio,Soriana Hiper Sucursal Cimatario,Ctra. a Huimilpan 1001. Int. del Centro Comercial Plaza del Sol. Col. Plazas del Sol. Iii Seccion. Cp. 76099,Querétaro,Santiago de Querétaro,20.563227,-100.375284
Papel Higiénico,Paquete 32 Rollos. 200 Hojas Dobles,Suavel,Arts. de Papel P/higiene Personal,Basicos,160,2026/04/06,Wal-mart,Supermercado / Tienda de Autoservicio,Walmart Sucursal Balbuena,Fray Servando Teresa de Mier 881. Entre Fernando Iglesia Calderon y Genaro Garcia. Col. Jardin Balbuena. Cp. 15900,Ciudad de México,Venustiano Carranza,19.418067,-99.105639
Papel Higiénico,Paquete 4 Rollos. 185 Hojas Dobles,Iris. Bienestar,Arts. de Papel P/higiene Personal,Pacic,9,2026/04/01,Chedraui,Supermercado / Tienda de Autoservicio,Chedraui Sucursal Centro Sur,Blvd. Bernardo Quintana 502. Carr. con Direccion a Centro Civico. Col. Centro Sur. Cp. 76087,Querétaro,Santiago de Querétaro,20.569354,-100.358831
Papel Higiénico,Paquete 4 Rollos. 185 Hojas Dobles,Iris. Bienestar,Arts. de Papel P/higiene Personal,Pacic,9,2026/04/06,Chedraui,Supermercado / Tienda de Autoservicio,Chedraui Sucursal Anfora,Anfora 71. Esq. Eje 1 Norte. Col. Madero. Cp. 15320,Ciudad de México,Venustiano Carranza,19.437353,-99.110088
Papel Higiénico,Paquete 4 Rollos. 185 Hojas Dobles,Iris. Bienestar,Arts. de Papel P/higiene Personal,Pacic,9,2026/04/08,Chedraui,Supermercado / Tienda de Autoservicio,Chedraui Sucursal Centro Sur,Blvd. Bernardo Quintana 502. Carr. con Direccion a Centro Civico. Col. Centro Sur. Cp. 76087,Querétaro,Santiago de Querétaro,20.569354,-100.358831
Papel Higiénico,Paquete 4 Rollos. 185 Hojas Dobles,Iris. Bienestar,Arts. de Papel P/higiene Personal,Pacic,9,2026/04/15,Chedraui,Supermercado / Tienda de Autoservicio,Chedraui Sucursal Centro Sur,Blvd. Bernardo Quintana 502. Carr. con Direccion a Centro Civico. Col. Centro Sur. Cp. 76087,Querétaro,Santiago de Querétaro,20.569354,-100.358831
Papel Higiénico,Paquete 4 Rollos. 185 Hojas Dobles,Precíssimo,Arts. de Papel P/higiene Personal,Pacic,15.5,2026/04/06,Hipermercado Soriana,Supermercado / Tienda de Autoservicio,Soriana Hiper Sucursal Cimatario,Ctra. a Huimilpan 1001. Int. del Centro Comercial Plaza del Sol. Col. Plazas del Sol. Iii Seccion. Cp. 76099,Querétaro,Santiago de Querétaro,20.563227,-100.375284
Papel Higiénico,Paquete 4 Rollos. 185 Hojas Dobles,Precíssimo,Arts. de Papel P/higiene Personal,Pacic,15.5,2026/04/06,Hipermercado Soriana,Supermercado / Tienda de Autoservicio,Soriana Hiper Sucursal Consulado (418),Rio Consulado 2355. Esq. Carlos Marx. Col. Simon Bolivar. Cp. 15410,Ciudad de México,Venustiano Carranza,19.449572,-99.100376
Papel Higiénico,Paquete 4 Rollos. 185 Hojas Dobles,Precíssimo,Arts. de Papel P/higiene Personal,Pacic,15.5,2026/04/13,Hipermercado Soriana,Supermercado / Tienda de Autoservicio,Soriana Hiper Sucursal Cimatario,Ctra. a Huimilpan 1001. Int. del Centro Comercial Plaza del Sol. Col. Plazas del Sol. Iii Seccion. Cp. 76099,Querétaro,Santiago de Querétaro,20.563227,-100.375284
Papel Higiénico,Paquete 4 Rollos. 185 Hojas Dobles,Precíssimo. Eco,Arts. de Papel P/higiene Personal,Pacic,9.2,2026/04/06,Hipermercado Soriana,Supermercado / Tienda de Autoservicio,Soriana Hiper Sucursal Cimatario,Ctra. a Huimilpan 1001. Int. del Centro Comercial Plaza del Sol. Col. Plazas del Sol. Iii Seccion. Cp. 76099,Querétaro,Santiago de Querétaro,20.563227,-100.375284
Papel Higiénico,Paquete 4 Rollos. 185 Hojas Dobles,Precíssimo. Eco,Arts. de Papel P/higiene Personal,Pacic,9.2,2026/04/06,Hipermercado Soriana,Supermercado / Tienda de Autoservicio,Soriana Hiper Sucursal Consulado (418),Rio Consulado 2355. Esq. Carlos Marx. Col. Simon Bolivar. Cp. 15410,Ciudad de México,Venustiano Carranza,19.449572,-99.100376
Papel Higiénico,Paquete 4 Rollos. 185 Hojas Dobles,Precíssimo. Eco,Arts. de Papel P/higiene Personal,Pacic,9.2,2026/04/13,Hipermercado Soriana,Supermercado / Tienda de Autoservicio,Soriana Hiper Sucursal Cimatario,Ctra. a Huimilpan 1001. Int. del Centro Comercial Plaza del Sol. Col. Plazas del Sol. Iii Seccion. Cp. 76099,Querétaro,Santiago de Querétaro,20.563227,-100.375284
Papel Higiénico,Paquete 4 Rollos. 195 Hojas Dobles,Lys,Arts. de Papel P/higiene Personal,Pacic,9,2026/04/01,Bodega Aurrera,Supermercado / Tienda de Autoservicio,Bodega Aurrera Sucursal Centro Constituyentes,Constituyentes Oriente 334. Entre Pasteur y Manuel Ponce. Col. Mercurio. Cp. 76040,Querétaro,Santiago de Querétaro,20.586349,-100.382801
Papel Higiénico,Paquete 4 Rollos. 195 Hojas Dobles,Lys,Arts. de Papel P/higiene Personal,Pacic,9,2026/04/01,Wal-mart,Supermercado / Tienda de Autoservicio,Walmart Sucursal Unidad Plaza de Toros,Autopista Queretaro Celaya 5501. Int. del Centro Comercial Plaza Esfera. Col. el Jacal. Cp. 76187,Querétaro,Santiago de Querétaro,20.574076,-100.408704
Papel Higiénico,Paquete 4 Rollos. 195 Hojas Dobles,Lys,Arts. de Papel P/higiene Personal,Pacic,9,2026/04/06,Wal-mart,Supermercado / Tienda de Autoservicio,Walmart Sucursal Aeropuerto,Calz. Ignacio Zaragoza 58. Esq. Blvd. Puerto Aereo. Col. Federal. Cp. 15700,Ciudad de México,Venustiano Carranza,19.41926,-99.094521
Papel Higiénico,Paquete 4 Rollos. 195 Hojas Dobles,Lys,Arts. de Papel P/higiene Personal,Pacic,9,2026/04/07,Wal-mart,Supermercado / Tienda de Autoservicio,Walmart Sucursal Unidad Plaza de Toros,Autopista Queretaro Celaya 5501. Int. del Centro Comercial Plaza Esfera. Col. el Jacal. Cp. 76187,Querétaro,Santiago de Querétaro,20.574076,-100.408704
Papel Higiénico,Paquete 4 Rollos. 195 Hojas Dobles,Lys,Arts. de Papel P/higiene Personal,Pacic,9,2026/04/10,Bodega Aurrera,Supermercado / Tienda de Autoservicio,Bodega Aurrera Sucursal Centro Constituyentes,Constituyentes Oriente 334. Entre Pasteur y Manuel Ponce. Col. Mercurio. Cp. 76040,Querétaro,Santiago de Querétaro,20.586349,-100.382801
Papel Higiénico,Paquete 4 Rollos. 195 Hojas Dobles,Lys,Arts. de Papel P/higiene Personal,Pacic,9,2026/04/14,Wal-mart,Supermercado / Tienda de Autoservicio,Walmart Sucursal Unidad Plaza de Toros,Autopista Queretaro Celaya 5501. Int. del Centro Comercial Plaza Esfera. Col. el Jacal. Cp. 76187,Querétaro,Santiago de Querétaro,20.574076,-100.408704
Papel Higiénico,Paquete 4 Rollos. 200 Hojas Dobles,Elite. Cuidado Clásico,Arts. de Papel P/higiene Personal,Basicos,10.4,2026/04/09,La Comer,Supermercado / Tienda de Autoservicio,Lacomer Sucursal Queretaro Estadio,Luis M. Vega y Monroy 1300. Esq.cimatario . Col. Cimatario. Cp. 76090,Querétaro,Santiago de Querétaro,20.577804,-100.373626
Papel Higiénico,Paquete 4 Rollos. 200 Hojas Dobles,Elite. Cuidado Clásico,Arts. de Papel P/higiene Personal,Basicos,29.5,2026/04/06,Chedraui,Supermercado / Tienda de Autoservicio,Chedraui Sucursal Anfora,Anfora 71. Esq. Eje 1 Norte. Col. Madero. Cp. 15320,Ciudad de México,Venustiano Carranza,19.437353,-99.110088
Papel Higiénico,Paquete 4 Rollos. 200 Hojas Dobles,Elite. Cuidado Clásico,Arts. de Papel P/higiene Personal,Basicos,31.5,2026/04/06,Hipermercado Soriana,Supermercado / Tienda de Autoservicio,Soriana Hiper Sucursal Consulado (418),Rio Consulado 2355. Esq. Carlos Marx. Col. Simon Bolivar. Cp. 15410,Ciudad de México,Venustiano Carranza,19.449572,-99.100376
Papel Higiénico,Paquete 4 Rollos. 200 Hojas Dobles,Elite. Cuidado Clásico,Arts. de Papel P/higiene Personal,Pacic,10.4,2026/04/01,La Comer,Supermercado / Tienda de Autoservicio,Lacomer Sucursal Queretaro Estadio,Luis M. Vega y Monroy 1300. Esq.cimatario . Col. Cimatario. Cp. 76090,Querétaro,Santiago de Querétaro,20.577804,-100.373626
Papel Higiénico,Paquete 4 Rollos. 200 Hojas Dobles,Elite. Cuidado Clásico,Arts. de Papel P/higiene Personal,Pacic,10.4,2026/04/09,La Comer,Supermercado / Tienda de Autoservicio,Lacomer Sucursal Queretaro Estadio,Luis M. Vega y Monroy 1300. Esq.cimatario . Col. Cimatario. Cp. 76090,Querétaro,Santiago de Querétaro,20.577804,-100.373626
Papel Higiénico,Paquete 4 Rollos. 200 Hojas Dobles,Elite. Cuidado Clásico,Arts. de Papel P/higiene Personal,Pacic,29.5,2026/04/06,Chedraui,Supermercado / Tienda de Autoservicio,Chedraui Sucursal Anfora,Anfora 71. Esq. Eje 1 Norte. Col. Madero. Cp. 15320,Ciudad de México,Venustiano Carranza,19.437353,-99.110088
Papel Higiénico,Paquete 4 Rollos. 200 Hojas Dobles,Suavel. con Aroma,Arts. de Papel P/higiene Personal,Basicos,12.9,2026/04/03,Superissste,Supermercado / Tienda de Autoservicio,Superissste Sucursal 011,Calle Peluqueros No. 310 Esquina Calle Tizayuca. Col. Michoacana. Cp. 15240,Ciudad de México,Venustiano Carranza,19.446139,-99.113372
Papel Higiénico,Paquete 4 Rollos. 200 Hojas Dobles,Suavel. con Aroma,Arts. de Papel P/higiene Personal,Basicos,12.9,2026/04/03,Superissste,Supermercado / Tienda de Autoservicio,Superissste Sucursal 022,Av. del Taller y Retorno No. 38 Dentro del Retorno 38. Col. Jardin Balbuena. Cp. 15900,Ciudad de México,Venustiano Carranza,19.412842,-99.105666
Papel Higiénico,Paquete 4 Rollos. 200 Hojas Dobles,Suavel. con Aroma,Arts. de Papel P/higiene Personal,Basicos,12.9,2026/04/10,Superissste,Supermercado / Tienda de Autoservicio,Superissste Sucursal 011,Calle Peluqueros No. 310 Esquina Calle Tizayuca. Col. Michoacana. Cp. 15240,Ciudad de México,Venustiano Carranza,19.446139,-99.113372
Papel Higiénico,Paquete 4 Rollos. 200 Hojas Dobles,Suavel. con Aroma,Arts. de Papel P/higiene Personal,Basicos,12.9,2026/04/10,Superissste,Supermercado / Tienda de Autoservicio,Superissste Sucursal 022,Av. del Taller y Retorno No. 38 Dentro del Retorno 38. Col. Jardin Balbuena. Cp. 15900,Ciudad de México,Venustiano Carranza,19.412842,-99.105666
Papel Higiénico,Paquete 4 Rollos. Xxl Hojas Dobles,Regio. Luxury,Arts. de Papel P/higiene Personal,Basicos,27,2026/04/14,Wal-mart,Supermercado / Tienda de Autoservicio,Walmart Sucursal Unidad Plaza de Toros,Autopista Queretaro Celaya 5501. Int. del Centro Comercial Plaza Esfera. Col. el Jacal. Cp. 76187,Querétaro,Santiago de Querétaro,20.574076,-100.408704
Papel Higiénico,Paquete 4 Rollos. Xxl Hojas Dobles,Regio. Luxury,Arts. de Papel P/higiene Personal,Basicos,32.5,2026/04/09,La Comer,Supermercado / Tienda de Autoservicio,Lacomer Sucursal Queretaro Estadio,Luis M. Vega y Monroy 1300. Esq.cimatario . Col. Cimatario. Cp. 76090,Querétaro,Santiago de Querétaro,20.577804,-100.373626
Papel Higiénico,Paquete 4 Rollos. Xxl Hojas Dobles,Regio. Luxury,Arts. de Papel P/higiene Personal,Basicos,35,2026/04/03,Superissste,Supermercado / Tienda de Autoservicio,Superissste Sucursal 011,Calle Peluqueros No. 310 Esquina Calle Tizayuca. Col. Michoacana. Cp. 15240,Ciudad de México,Venustiano Carranza,19.446139,-99.113372
Papel Higiénico,Paquete 4 Rollos. Xxl Hojas Dobles,Regio. Luxury,Arts. de Papel P/higiene Personal,Basicos,35,2026/04/03,Superissste,Supermercado / Tienda de Autoservicio,Superissste Sucursal 022,Av. del Taller y Retorno No. 38 Dentro del Retorno 38. Col. Jardin Balbuena. Cp. 15900,Ciudad de México,Venustiano Carranza,19.412842,-99.105666
Papel Higiénico,Paquete 4 Rollos. Xxl Hojas Dobles,Regio. Luxury,Arts. de Papel P/higiene Personal,Basicos,35,2026/04/06,Bodega Aurrera,Supermercado / Tienda de Autoservicio,Bodega Aurrera Sucursal la Viga,Calz. de la Viga 136 Esq. del Taller. Col. Lorenzo Boturini. Cp. 15820,Ciudad de México,Venustiano Carranza,19.414749,-99.127874
Papel Higiénico,Paquete 4 Rollos. Xxl Hojas Dobles,Regio. Luxury,Arts. de Papel P/higiene Personal,Basicos,35,2026/04/06,Wal-mart,Supermercado / Tienda de Autoservicio,Walmart Sucursal Aeropuerto,Calz. Ignacio Zaragoza 58. Esq. Blvd. Puerto Aereo. Col. Federal. Cp. 15700,Ciudad de México,Venustiano Carranza,19.41926,-99.094521
Papel Higiénico,Paquete 4 Rollos. Xxl Hojas Dobles,Regio. Luxury,Arts. de Papel P/higiene Personal,Basicos,35,2026/04/06,Wal-mart,Supermercado / Tienda de Autoservicio,Walmart Sucursal Balbuena,Fray Servando Teresa de Mier 881. Entre Fernando Iglesia Calderon y Genaro Garcia. Col. Jardin Balbuena. Cp. 15900,Ciudad de México,Venustiano Carranza,19.418067,-99.105639
Papel Higiénico,Paquete 4 Rollos. Xxl Hojas Dobles,Regio. Luxury,Arts. de Papel P/higiene Personal,Basicos,35,2026/04/10,Superissste,Supermercado / Tienda de Autoservicio,Superissste Sucursal 011,Calle Peluqueros No. 310 Esquina Calle Tizayuca. Col. Michoacana. Cp. 15240,Ciudad de México,Venustiano Carranza,19.446139,-99.113372
Papel Higiénico,Paquete 4 Rollos. Xxl Hojas Dobles,Regio. Luxury,Arts. de Papel P/higiene Personal,Basicos,35,2026/04/10,Superissste,Supermercado / Tienda de Autoservicio,Superissste Sucursal 022,Av. del Taller y Retorno No. 38 Dentro del Retorno 38. Col. Jardin Balbuena. Cp. 15900,Ciudad de México,Venustiano Carranza,19.412842,-99.105666
Papel Higiénico,Paquete 4 Rollos. Xxl Hojas Dobles,Regio. Luxury,Arts. de Papel P/higiene Personal,Basicos,39.9,2026/04/06,Hipermercado Soriana,Supermercado / Tienda de Autoservicio,Soriana Hiper Sucursal Consulado (418),Rio Consulado 2355. Esq. Carlos Marx. Col. Simon Bolivar. Cp. 15410,Ciudad de México,Venustiano Carranza,19.449572,-99.100376
Papel Higiénico,Paquete 4 Rollos. Xxl Hojas Dobles,Regio. Luxury,Arts. de Papel P/higiene Personal,Basicos,39.9,2026/04/13,Hipermercado Soriana,Supermercado / Tienda de Autoservicio,Soriana Hiper Sucursal Cimatario,Ctra. a Huimilpan 1001. Int. del Centro Comercial Plaza del Sol. Col. Plazas del Sol. Iii Seccion. Cp. 76099,Querétaro,Santiago de Querétaro,20.563227,-100.375284
Papel Higiénico,Paquete 4 Rollos. Xxl Hojas Dobles,Regio. Luxury,Arts. de Papel P/higiene Personal,Basicos,40,2026/04/01,Bodega Aurrera,Supermercado / Tienda de Autoservicio,Bodega Aurrera Sucursal Centro Constituyentes,Constituyentes Oriente 334. Entre Pasteur y Manuel Ponce. Col. Mercurio. Cp. 76040,Querétaro,Santiago de Querétaro,20.586349,-100.382801
Papel Higiénico,Paquete 4 Rollos. Xxl Hojas Dobles,Regio. Luxury,Arts. de Papel P/higiene Personal,Basicos,40,2026/04/06,Chedraui,Supermercado / Tienda de Autoservicio,Chedraui Sucursal Anfora,Anfora 71. Esq. Eje 1 Norte. Col. Madero. Cp. 15320,Ciudad de México,Venustiano Carranza,19.437353,-99.110088
Papel Higiénico,Paquete 4 Rollos. Xxl Hojas Dobles,Regio. Luxury,Arts. de Papel P/higiene Personal,Basicos,40,2026/04/07,Wal-mart,Supermercado / Tienda de Autoservicio,Walmart Sucursal Unidad Plaza de Toros,Autopista Queretaro Celaya 5501. Int. del Centro Comercial Plaza Esfera. Col. el Jacal. Cp. 76187,Querétaro,Santiago de Querétaro,20.574076,-100.408704
Papel Higiénico,Paquete 4 Rollos. Xxl Hojas Dobles,Regio. Luxury,Arts. de Papel P/higiene Personal,Basicos,40,2026/04/10,Bodega Aurrera,Supermercado / Tienda de Autoservicio,Bodega Aurrera Sucursal Centro Constituyentes,Constituyentes Oriente 334. Entre Pasteur y Manuel Ponce. Col. Mercurio. Cp. 76040,Querétaro,Santiago de Querétaro,20.586349,-100.382801
Papel Higiénico,Paquete 4 Rollos. Xxl Hojas Dobles,Regio. Luxury,Arts. de Papel P/higiene Personal,Basicos,40.5,2026/04/15,Chedraui,Supermercado / Tienda de Autoservicio,Chedraui Sucursal Centro Sur,Blvd. Bernardo Quintana 502. Carr. con Direccion a Centro Civico. Col. Centro Sur. Cp. 76087,Querétaro,Santiago de Querétaro,20.569354,-100.358831
Papel Higiénico,Paquete 8 Rollos. 280 Hojas Dobles,Kleenex. Cottonelle. Soft,Arts. de Papel P/higiene Personal,Basicos,101,2026/04/06,Chedraui,Supermercado / Tienda de Autoservicio,Chedraui Sucursal Anfora,Anfora 71. Esq. Eje 1 Norte. Col. Madero. Cp. 15320,Ciudad de México,Venustiano Carranza,19.437353,-99.110088
Papel Higiénico,Paquete 8 Rollos. 280 Hojas Dobles,Kleenex. Cottonelle. Soft,Arts. de Papel P/higiene Personal,Basicos,105,2026/04/13,Hipermercado Soriana,Supermercado / Tienda de Autoservicio,Soriana Hiper Sucursal Cimatario,Ctra. a Huimilpan 1001. Int. del Centro Comercial Plaza del Sol. Col. Plazas del Sol. Iii Seccion. Cp. 76099,Querétaro,Santiago de Querétaro,20.563227,-100.375284
Papel Higiénico,Paquete 8 Rollos. 280 Hojas Dobles,Kleenex. Cottonelle. Soft,Arts. de Papel P/higiene Personal,Basicos,99.5,2026/04/09,La Comer,Supermercado / Tienda de Autoservicio,Lacomer Sucursal Queretaro Estadio,Luis M. Vega y Monroy 1300. Esq.cimatario . Col. Cimatario. Cp. 76090,Querétaro,Santiago de Querétaro,20.577804,-100.373626
Paracetamol,Caja con Frasco con 30 Ml. 100 Mg./ml. Solución Gotas,S/M,Medicamentos,Medicamentos,159,2026/04/15,Farmacias Similares,Farmacias,Farmacias Similares Sucursal 7462,Canada 268 . Int. Plaza las Americas. Col. Centro. Cp. 76050,Querétaro,Santiago de Querétaro,20.588396,-100.373612
Pasta para Sopa,Paquete 180 Gr. Spaghetti,Chedraui,Galletas Pastas y Harinas de Trigo,Basicos,5.5,2026/04/01,Chedraui,Supermercado / Tienda de Autoservicio,Chedraui Sucursal Centro Sur,Blvd. Bernardo Quintana 502. Carr. con Direccion a Centro Civico. Col. Centro Sur. Cp. 76087,Querétaro,Santiago de Querétaro,20.569354,-100.358831
Pasta para Sopa,Paquete 180 Gr. Spaghetti,Chedraui,Galletas Pastas y Harinas de Trigo,Basicos,5.5,2026/04/06,Chedraui,Supermercado / Tienda de Autoservicio,Chedraui Sucursal Anfora,Anfora 71. Esq. Eje 1 Norte. Col. Madero. Cp. 15320,Ciudad de México,Venustiano Carranza,19.437353,-99.110088
Pasta para Sopa,Paquete 180 Gr. Spaghetti,Chedraui,Galletas Pastas y Harinas de Trigo,Basicos,5.5,2026/04/08,Chedraui,Supermercado / Tienda de Autoservicio,Chedraui Sucursal Centro Sur,Blvd. Bernardo Quintana 502. Carr. con Direccion a Centro Civico. Col. Centro Sur. Cp. 76087,Querétaro,Santiago de Querétaro,20.569354,-100.358831
Pasta para Sopa,Paquete 180 Gr. Spaghetti,Chedraui,Galletas Pastas y Harinas de Trigo,Basicos,5.5,2026/04/15,Chedraui,Supermercado / Tienda de Autoservicio,Chedraui Sucursal Centro Sur,Blvd. Bernardo Quintana 502. Carr. con Direccion a Centro Civico. Col. Centro Sur. Cp. 76087,Querétaro,Santiago de Querétaro,20.569354,-100.358831
Pasta para Sopa,Paquete 200 Gr. Codo,Precíssimo,Galletas Pastas y Harinas de Trigo,Pacic,4.5,2026/04/06,Hipermercado Soriana,Supermercado / Tienda de Autoservicio,Soriana Hiper Sucursal Cimatario,Ctra. a Huimilpan 1001. Int. del Centro Comercial Plaza del Sol. Col. Plazas del Sol. Iii Seccion. Cp. 76099,Querétaro,Santiago de Querétaro,20.563227,-100.375284
Pasta para Sopa,Paquete 200 Gr. Codo,Precíssimo,Galletas Pastas y Harinas de Trigo,Pacic,4.5,2026/04/06,Hipermercado Soriana,Supermercado / Tienda de Autoservicio,Soriana Hiper Sucursal Consulado (418),Rio Consulado 2355. Esq. Carlos Marx. Col. Simon Bolivar. Cp. 15410,Ciudad de México,Venustiano Carranza,19.449572,-99.100376
Pasta para Sopa,Paquete 200 Gr. Codo,Precíssimo,Galletas Pastas y Harinas de Trigo,Pacic,4.5,2026/04/13,Hipermercado Soriana,Supermercado / Tienda de Autoservicio,Soriana Hiper Sucursal Cimatario,Ctra. a Huimilpan 1001. Int. del Centro Comercial Plaza del Sol. Col. Plazas del Sol. Iii Seccion. Cp. 76099,Querétaro,Santiago de Querétaro,20.563227,-100.375284
Pasta para Sopa,Paquete 200 Gr. Codo 2,La Perla,Galletas Pastas y Harinas de Trigo,Pacic,6,2026/04/01,Chedraui,Supermercado / Tienda de Autoservicio,Chedraui Sucursal Centro Sur,Blvd. Bernardo Quintana 502. Carr. con Direccion a Centro Civico. Col. Centro Sur. Cp. 76087,Querétaro,Santiago de Querétaro,20.569354,-100.358831
Pasta para Sopa,Paquete 200 Gr. Codo 2,La Perla,Galletas Pastas y Harinas de Trigo,Pacic,6,2026/04/06,Chedraui,Supermercado / Tienda de Autoservicio,Chedraui Sucursal Anfora,Anfora 71. Esq. Eje 1 Norte. Col. Madero. Cp. 15320,Ciudad de México,Venustiano Carranza,19.437353,-99.110088
Pasta para Sopa,Paquete 200 Gr. Codo 2,La Perla,Galletas Pastas y Harinas de Trigo,Pacic,6,2026/04/08,Chedraui,Supermercado / Tienda de Autoservicio,Chedraui Sucursal Centro Sur,Blvd. Bernardo Quintana 502. Carr. con Direccion a Centro Civico. Col. Centro Sur. Cp. 76087,Querétaro,Santiago de Querétaro,20.569354,-100.358831
Pasta para Sopa,Paquete 200 Gr. Codo 2,La Perla,Galletas Pastas y Harinas de Trigo,Pacic,6,2026/04/15,Chedraui,Supermercado / Tienda de Autoservicio,Chedraui Sucursal Centro Sur,Blvd. Bernardo Quintana 502. Carr. con Direccion a Centro Civico. Col. Centro Sur. Cp. 76087,Querétaro,Santiago de Querétaro,20.569354,-100.358831
Pasta para Sopa,Paquete 200 Gr. Codo Mediano,Precíssimo,Galletas Pastas y Harinas de Trigo,Pacic,4.5,2026/04/06,Hipermercado Soriana,Supermercado / Tienda de Autoservicio,Soriana Hiper Sucursal Cimatario,Ctra. a Huimilpan 1001. Int. del Centro Comercial Plaza del Sol. Col. Plazas del Sol. Iii Seccion. Cp. 76099,Querétaro,Santiago de Querétaro,20.563227,-100.375284
Pasta para Sopa,Paquete 200 Gr. Codo Mediano,Precíssimo,Galletas Pastas y Harinas de Trigo,Pacic,4.5,2026/04/13,Hipermercado Soriana,Supermercado / Tienda de Autoservicio,Soriana Hiper Sucursal Cimatario,Ctra. a Huimilpan 1001. Int. del Centro Comercial Plaza del Sol. Col. Plazas del Sol. Iii Seccion. Cp. 76099,Querétaro,Santiago de Querétaro,20.563227,-100.375284
Pasta para Sopa,Paquete 200 Gr. Estrella,Precíssimo,Galletas Pastas y Harinas de Trigo,Pacic,4.5,2026/04/06,Hipermercado Soriana,Supermercado / Tienda de Autoservicio,Soriana Hiper Sucursal Cimatario,Ctra. a Huimilpan 1001. Int. del Centro Comercial Plaza del Sol. Col. Plazas del Sol. Iii Seccion. Cp. 76099,Querétaro,Santiago de Querétaro,20.563227,-100.375284
Pasta para Sopa,Paquete 200 Gr. Estrella,Precíssimo,Galletas Pastas y Harinas de Trigo,Pacic,4.5,2026/04/06,Hipermercado Soriana,Supermercado / Tienda de Autoservicio,Soriana Hiper Sucursal Consulado (418),Rio Consulado 2355. Esq. Carlos Marx. Col. Simon Bolivar. Cp. 15410,Ciudad de México,Venustiano Carranza,19.449572,-99.100376
Pasta para Sopa,Paquete 200 Gr. Estrella,Precíssimo,Galletas Pastas y Harinas de Trigo,Pacic,4.5,2026/04/13,Hipermercado Soriana,Supermercado / Tienda de Autoservicio,Soriana Hiper Sucursal Cimatario,Ctra. a Huimilpan 1001. Int. del Centro Comercial Plaza del Sol. Col. Plazas del Sol. Iii Seccion. Cp. 76099,Querétaro,Santiago de Querétaro,20.563227,-100.375284
Pasta para Sopa,Paquete 200 Gr. Fideo,Ke Precio,Galletas Pastas y Harinas de Trigo,Pacic,5.9,2026/04/01,La Comer,Supermercado / Tienda de Autoservicio,Lacomer Sucursal Queretaro Estadio,Luis M. Vega y Monroy 1300. Esq.cimatario . Col. Cimatario. Cp. 76090,Querétaro,Santiago de Querétaro,20.577804,-100.373626
Pasta para Sopa,Paquete 200 Gr. Fideo,Precíssimo,Galletas Pastas y Harinas de Trigo,Pacic,4.5,2026/04/06,Hipermercado Soriana,Supermercado / Tienda de Autoservicio,Soriana Hiper Sucursal Cimatario,Ctra. a Huimilpan 1001. Int. del Centro Comercial Plaza del Sol. Col. Plazas del Sol. Iii Seccion. Cp. 76099,Querétaro,Santiago de Querétaro,20.563227,-100.375284
Pasta para Sopa,Paquete 200 Gr. Fideo,Precíssimo,Galletas Pastas y Harinas de Trigo,Pacic,4.5,2026/04/06,Hipermercado Soriana,Supermercado / Tienda de Autoservicio,Soriana Hiper Sucursal Consulado (418),Rio Consulado 2355. Esq. Carlos Marx. Col. Simon Bolivar. Cp. 15410,Ciudad de México,Venustiano Carranza,19.449572,-99.100376
Pasta para Sopa,Paquete 200 Gr. Fideo,Precíssimo,Galletas Pastas y Harinas de Trigo,Pacic,4.5,2026/04/13,Hipermercado Soriana,Supermercado / Tienda de Autoservicio,Soriana Hiper Sucursal Cimatario,Ctra. a Huimilpan 1001. Int. del Centro Comercial Plaza del Sol. Col. Plazas del Sol. Iii Seccion. Cp. 76099,Querétaro,Santiago de Querétaro,20.563227,-100.375284
Pasta para Sopa,Paquete 200 Gr. Fideo 2,La Moderna,Galletas Pastas y Harinas de Trigo,Basicos,10,2026/04/06,Bodega Aurrera,Supermercado / Tienda de Autoservicio,Bodega Aurrera Sucursal la Viga,Calz. de la Viga 136 Esq. del Taller. Col. Lorenzo Boturini. Cp. 15820,Ciudad de México,Venustiano Carranza,19.414749,-99.127874
Pasta para Sopa,Paquete 200 Gr. Fideo Cortado No. 1,Italpasta,Galletas Pastas y Harinas de Trigo,Pacic,10,2026/04/06,Wal-mart,Supermercado / Tienda de Autoservicio,Walmart Sucursal Aeropuerto,Calz. Ignacio Zaragoza 58. Esq. Blvd. Puerto Aereo. Col. Federal. Cp. 15700,Ciudad de México,Venustiano Carranza,19.41926,-99.094521
Pasta para Sopa,Paquete 200 Gr. Fideo Cortado No. 1,Italpasta,Galletas Pastas y Harinas de Trigo,Pacic,10,2026/04/06,Wal-mart,Supermercado / Tienda de Autoservicio,Walmart Sucursal Balbuena,Fray Servando Teresa de Mier 881. Entre Fernando Iglesia Calderon y Genaro Garcia. Col. Jardin Balbuena. Cp. 15900,Ciudad de México,Venustiano Carranza,19.418067,-99.105639
Pasta para Sopa,Paquete 200 Gr. Fideo Cortado No. 1,Italpasta,Galletas Pastas y Harinas de Trigo,Pacic,10,2026/04/07,Wal-mart,Supermercado / Tienda de Autoservicio,Walmart Sucursal Unidad Plaza de Toros,Autopista Queretaro Celaya 5501. Int. del Centro Comercial Plaza Esfera. Col. el Jacal. Cp. 76187,Querétaro,Santiago de Querétaro,20.574076,-100.408704
Pasta para Sopa,Paquete 200 Gr. Fideo Cortado No. 1,Italpasta,Galletas Pastas y Harinas de Trigo,Pacic,10,2026/04/14,Wal-mart,Supermercado / Tienda de Autoservicio,Walmart Sucursal Unidad Plaza de Toros,Autopista Queretaro Celaya 5501. Int. del Centro Comercial Plaza Esfera. Col. el Jacal. Cp. 76187,Querétaro,Santiago de Querétaro,20.574076,-100.408704
Pasta para Sopa,Paquete 200 Gr. Fideo Cortado No. 1,Italpasta,Galletas Pastas y Harinas de Trigo,Pacic,9.5,2026/04/01,Bodega Aurrera,Supermercado / Tienda de Autoservicio,Bodega Aurrera Sucursal Centro Constituyentes,Constituyentes Oriente 334. Entre Pasteur y Manuel Ponce. Col. Mercurio. Cp. 76040,Querétaro,Santiago de Querétaro,20.586349,-100.382801
Pasta para Sopa,Paquete 200 Gr. Fideo Cortado No. 1,Italpasta,Galletas Pastas y Harinas de Trigo,Pacic,9.5,2026/04/06,Bodega Aurrera,Supermercado / Tienda de Autoservicio,Bodega Aurrera Sucursal la Viga,Calz. de la Viga 136 Esq. del Taller. Col. Lorenzo Boturini. Cp. 15820,Ciudad de México,Venustiano Carranza,19.414749,-99.127874
Pasta para Sopa,Paquete 200 Gr. Fideo Mediano,Aurrera,Galletas Pastas y Harinas de Trigo,Pacic,6.5,2026/04/01,Bodega Aurrera,Supermercado / Tienda de Autoservicio,Bodega Aurrera Sucursal Centro Constituyentes,Constituyentes Oriente 334. Entre Pasteur y Manuel Ponce. Col. Mercurio. Cp. 76040,Querétaro,Santiago de Querétaro,20.586349,-100.382801
Pasta para Sopa,Paquete 200 Gr. Fideo Mediano,Aurrera,Galletas Pastas y Harinas de Trigo,Pacic,6.5,2026/04/07,Wal-mart,Supermercado / Tienda de Autoservicio,Walmart Sucursal Unidad Plaza de Toros,Autopista Queretaro Celaya 5501. Int. del Centro Comercial Plaza Esfera. Col. el Jacal. Cp. 76187,Querétaro,Santiago de Querétaro,20.574076,-100.408704
Pasta para Sopa,Paquete 200 Gr. Fideo Mediano,Aurrera,Galletas Pastas y Harinas de Trigo,Pacic,6.5,2026/04/10,Bodega Aurrera,Supermercado / Tienda de Autoservicio,Bodega Aurrera Sucursal Centro Constituyentes,Constituyentes Oriente 334. Entre Pasteur y Manuel Ponce. Col. Mercurio. Cp. 76040,Querétaro,Santiago de Querétaro,20.586349,-100.382801
Pasta para Sopa,Paquete 200 Gr. Fideo Mediano,Aurrera,Galletas Pastas y Harinas de Trigo,Pacic,6.5,2026/04/14,Wal-mart,Supermercado / Tienda de Autoservicio,Walmart Sucursal Unidad Plaza de Toros,Autopista Queretaro Celaya 5501. Int. del Centro Comercial Plaza Esfera. Col. el Jacal. Cp. 76187,Querétaro,Santiago de Querétaro,20.574076,-100.408704
Pasta para Sopa,Paquete 200 Gr. Fideo Mediano,Precíssimo,Galletas Pastas y Harinas de Trigo,Pacic,4.5,2026/04/06,Hipermercado Soriana,Supermercado / Tienda de Autoservicio,Soriana Hiper Sucursal Cimatario,Ctra. a Huimilpan 1001. Int. del Centro Comercial Plaza del Sol. Col. Plazas del Sol. Iii Seccion. Cp. 76099,Querétaro,Santiago de Querétaro,20.563227,-100.375284
Pasta para Sopa,Paquete 200 Gr. Fideo Mediano,Precíssimo,Galletas Pastas y Harinas de Trigo,Pacic,4.5,2026/04/06,Hipermercado Soriana,Supermercado / Tienda de Autoservicio,Soriana Hiper Sucursal Consulado (418),Rio Consulado 2355. Esq. Carlos Marx. Col. Simon Bolivar. Cp. 15410,Ciudad de México,Venustiano Carranza,19.449572,-99.100376
Pasta para Sopa,Paquete 200 Gr. Fideo Mediano,Precíssimo,Galletas Pastas y Harinas de Trigo,Pacic,4.5,2026/04/13,Hipermercado Soriana,Supermercado / Tienda de Autoservicio,Soriana Hiper Sucursal Cimatario,Ctra. a Huimilpan 1001. Int. del Centro Comercial Plaza del Sol. Col. Plazas del Sol. Iii Seccion. Cp. 76099,Querétaro,Santiago de Querétaro,20.563227,-100.375284
Pasta para Sopa,Paquete 200 Gr. Fideo No. 2,Barilla,Galletas Pastas y Harinas de Trigo,Basicos,10.5,2026/04/08,Chedraui,Supermercado / Tienda de Autoservicio,Chedraui Sucursal Centro Sur,Blvd. Bernardo Quintana 502. Carr. con Direccion a Centro Civico. Col. Centro Sur. Cp. 76087,Querétaro,Santiago de Querétaro,20.569354,-100.358831
Pasta para Sopa,Paquete 200 Gr. Fideo No. 2,Barilla,Galletas Pastas y Harinas de Trigo,Basicos,10.5,2026/04/09,La Comer,Supermercado / Tienda de Autoservicio,Lacomer Sucursal Queretaro Estadio,Luis M. Vega y Monroy 1300. Esq.cimatario . Col. Cimatario. Cp. 76090,Querétaro,Santiago de Querétaro,20.577804,-100.373626
Pasta para Sopa,Paquete 200 Gr. Fideo No. 2,Barilla,Galletas Pastas y Harinas de Trigo,Basicos,10.5,2026/04/13,Hipermercado Soriana,Supermercado / Tienda de Autoservicio,Soriana Hiper Sucursal Cimatario,Ctra. a Huimilpan 1001. Int. del Centro Comercial Plaza del Sol. Col. Plazas del Sol. Iii Seccion. Cp. 76099,Querétaro,Santiago de Querétaro,20.563227,-100.375284
Pasta para Sopa,Paquete 200 Gr. Fideo No. 2,Barilla,Galletas Pastas y Harinas de Trigo,Basicos,10.5,2026/04/15,Chedraui,Supermercado / Tienda de Autoservicio,Chedraui Sucursal Centro Sur,Blvd. Bernardo Quintana 502. Carr. con Direccion a Centro Civico. Col. Centro Sur. Cp. 76087,Querétaro,Santiago de Querétaro,20.569354,-100.358831
Pasta para Sopa,Paquete 200 Gr. Fideo No. 2,Barilla,Galletas Pastas y Harinas de Trigo,Basicos,12,2026/04/06,Chedraui,Supermercado / Tienda de Autoservicio,Chedraui Sucursal Anfora,Anfora 71. Esq. Eje 1 Norte. Col. Madero. Cp. 15320,Ciudad de México,Venustiano Carranza,19.437353,-99.110088
Pasta para Sopa,Paquete 200 Gr. Fideo No. 2,Barilla,Galletas Pastas y Harinas de Trigo,Basicos,12.5,2026/04/01,Chedraui,Supermercado / Tienda de Autoservicio,Chedraui Sucursal Centro Sur,Blvd. Bernardo Quintana 502. Carr. con Direccion a Centro Civico. Col. Centro Sur. Cp. 76087,Querétaro,Santiago de Querétaro,20.569354,-100.358831
Pasta para Sopa,Paquete 200 Gr. Fideo No. 2,Barilla,Galletas Pastas y Harinas de Trigo,Basicos,12.5,2026/04/03,Superissste,Supermercado / Tienda de Autoservicio,Superissste Sucursal 011,Calle Peluqueros No. 310 Esquina Calle Tizayuca. Col. Michoacana. Cp. 15240,Ciudad de México,Venustiano Carranza,19.446139,-99.113372
Pasta para Sopa,Paquete 200 Gr. Fideo No. 2,Barilla,Galletas Pastas y Harinas de Trigo,Basicos,12.5,2026/04/03,Superissste,Supermercado / Tienda de Autoservicio,Superissste Sucursal 022,Av. del Taller y Retorno No. 38 Dentro del Retorno 38. Col. Jardin Balbuena. Cp. 15900,Ciudad de México,Venustiano Carranza,19.412842,-99.105666
Pasta para Sopa,Paquete 200 Gr. Fideo No. 2,Barilla,Galletas Pastas y Harinas de Trigo,Basicos,12.5,2026/04/10,Superissste,Supermercado / Tienda de Autoservicio,Superissste Sucursal 011,Calle Peluqueros No. 310 Esquina Calle Tizayuca. Col. Michoacana. Cp. 15240,Ciudad de México,Venustiano Carranza,19.446139,-99.113372
Pasta para Sopa,Paquete 200 Gr. Fideo No. 2,Barilla,Galletas Pastas y Harinas de Trigo,Basicos,12.5,2026/04/10,Superissste,Supermercado / Tienda de Autoservicio,Superissste Sucursal 022,Av. del Taller y Retorno No. 38 Dentro del Retorno 38. Col. Jardin Balbuena. Cp. 15900,Ciudad de México,Venustiano Carranza,19.412842,-99.105666
Pasta para Sopa,Paquete 200 Gr. Fideo No. 2,Barilla,Galletas Pastas y Harinas de Trigo,Basicos,12.5,2026/04/14,Wal-mart,Supermercado / Tienda de Autoservicio,Walmart Sucursal Unidad Plaza de Toros,Autopista Queretaro Celaya 5501. Int. del Centro Comercial Plaza Esfera. Col. el Jacal. Cp. 76187,Querétaro,Santiago de Querétaro,20.574076,-100.408704
Pasta para Sopa,Paquete 200 Gr. Fideo No. 2,Barilla,Galletas Pastas y Harinas de Trigo,Basicos,13,2026/04/06,Hipermercado Soriana,Supermercado / Tienda de Autoservicio,Soriana Hiper Sucursal Cimatario,Ctra. a Huimilpan 1001. Int. del Centro Comercial Plaza del Sol. Col. Plazas del Sol. Iii Seccion. Cp. 76099,Querétaro,Santiago de Querétaro,20.563227,-100.375284
Pasta para Sopa,Paquete 200 Gr. Fideo No. 2,Barilla,Galletas Pastas y Harinas de Trigo,Basicos,13.2,2026/04/06,Hipermercado Soriana,Supermercado / Tienda de Autoservicio,Soriana Hiper Sucursal Consulado (418),Rio Consulado 2355. Esq. Carlos Marx. Col. Simon Bolivar. Cp. 15410,Ciudad de México,Venustiano Carranza,19.449572,-99.100376
Pasta para Sopa,Paquete 200 Gr. Lengua,Precíssimo,Galletas Pastas y Harinas de Trigo,Pacic,4.5,2026/04/06,Hipermercado Soriana,Supermercado / Tienda de Autoservicio,Soriana Hiper Sucursal Cimatario,Ctra. a Huimilpan 1001. Int. del Centro Comercial Plaza del Sol. Col. Plazas del Sol. Iii Seccion. Cp. 76099,Querétaro,Santiago de Querétaro,20.563227,-100.375284
Pasta para Sopa,Paquete 200 Gr. Lengua,Precíssimo,Galletas Pastas y Harinas de Trigo,Pacic,4.5,2026/04/06,Hipermercado Soriana,Supermercado / Tienda de Autoservicio,Soriana Hiper Sucursal Consulado (418),Rio Consulado 2355. Esq. Carlos Marx. Col. Simon Bolivar. Cp. 15410,Ciudad de México,Venustiano Carranza,19.449572,-99.100376
Pasta para Sopa,Paquete 200 Gr. Lengua,Precíssimo,Galletas Pastas y Harinas de Trigo,Pacic,4.5,2026/04/13,Hipermercado Soriana,Supermercado / Tienda de Autoservicio,Soriana Hiper Sucursal Cimatario,Ctra. a Huimilpan 1001. Int. del Centro Comercial Plaza del Sol. Col. Plazas del Sol. Iii Seccion. Cp. 76099,Querétaro,Santiago de Querétaro,20.563227,-100.375284
Pasta para Sopa,Paquete 200 Gr. Lengüita,Barilla,Galletas Pastas y Harinas de Trigo,Basicos,12,2026/04/01,Bodega Aurrera,Supermercado / Tienda de Autoservicio,Bodega Aurrera Sucursal Centro Constituyentes,Constituyentes Oriente 334. Entre Pasteur y Manuel Ponce. Col. Mercurio. Cp. 76040,Querétaro,Santiago de Querétaro,20.586349,-100.382801
Pasta para Sopa,Paquete 200 Gr. Lengüita,Barilla,Galletas Pastas y Harinas de Trigo,Basicos,12,2026/04/06,Bodega Aurrera,Supermercado / Tienda de Autoservicio,Bodega Aurrera Sucursal la Viga,Calz. de la Viga 136 Esq. del Taller. Col. Lorenzo Boturini. Cp. 15820,Ciudad de México,Venustiano Carranza,19.414749,-99.127874
Pasta para Sopa,Paquete 200 Gr. Lengüita,Barilla,Galletas Pastas y Harinas de Trigo,Basicos,12,2026/04/06,Chedraui,Supermercado / Tienda de Autoservicio,Chedraui Sucursal Anfora,Anfora 71. Esq. Eje 1 Norte. Col. Madero. Cp. 15320,Ciudad de México,Venustiano Carranza,19.437353,-99.110088
Pasta para Sopa,Paquete 200 Gr. Lengüita,Barilla,Galletas Pastas y Harinas de Trigo,Basicos,12,2026/04/10,Bodega Aurrera,Supermercado / Tienda de Autoservicio,Bodega Aurrera Sucursal Centro Constituyentes,Constituyentes Oriente 334. Entre Pasteur y Manuel Ponce. Col. Mercurio. Cp. 76040,Querétaro,Santiago de Querétaro,20.586349,-100.382801
Pasta para Sopa,Paquete 200 Gr. Lengüita,Barilla,Galletas Pastas y Harinas de Trigo,Basicos,13.2,2026/04/06,Hipermercado Soriana,Supermercado / Tienda de Autoservicio,Soriana Hiper Sucursal Consulado (418),Rio Consulado 2355. Esq. Carlos Marx. Col. Simon Bolivar. Cp. 15410,Ciudad de México,Venustiano Carranza,19.449572,-99.100376
Pasta para Sopa,Paquete 200 Gr. Letra,Barilla,Galletas Pastas y Harinas de Trigo,Basicos,10.5,2026/04/08,Chedraui,Supermercado / Tienda de Autoservicio,Chedraui Sucursal Centro Sur,Blvd. Bernardo Quintana 502. Carr. con Direccion a Centro Civico. Col. Centro Sur. Cp. 76087,Querétaro,Santiago de Querétaro,20.569354,-100.358831
Pasta para Sopa,Paquete 200 Gr. Letra,Barilla,Galletas Pastas y Harinas de Trigo,Basicos,10.5,2026/04/15,Chedraui,Supermercado / Tienda de Autoservicio,Chedraui Sucursal Centro Sur,Blvd. Bernardo Quintana 502. Carr. con Direccion a Centro Civico. Col. Centro Sur. Cp. 76087,Querétaro,Santiago de Querétaro,20.569354,-100.358831
Pasta para Sopa,Paquete 200 Gr. Letra,Barilla,Galletas Pastas y Harinas de Trigo,Basicos,12,2026/04/06,Chedraui,Supermercado / Tienda de Autoservicio,Chedraui Sucursal Anfora,Anfora 71. Esq. Eje 1 Norte. Col. Madero. Cp. 15320,Ciudad de México,Venustiano Carranza,19.437353,-99.110088
Pasta para Sopa,Paquete 200 Gr. Letra,Barilla,Galletas Pastas y Harinas de Trigo,Basicos,12.5,2026/04/01,Chedraui,Supermercado / Tienda de Autoservicio,Chedraui Sucursal Centro Sur,Blvd. Bernardo Quintana 502. Carr. con Direccion a Centro Civico. Col. Centro Sur. Cp. 76087,Querétaro,Santiago de Querétaro,20.569354,-100.358831
Pasta para Sopa,Paquete 200 Gr. Letra,Barilla,Galletas Pastas y Harinas de Trigo,Basicos,12.5,2026/04/09,La Comer,Supermercado / Tienda de Autoservicio,Lacomer Sucursal Queretaro Estadio,Luis M. Vega y Monroy 1300. Esq.cimatario . Col. Cimatario. Cp. 76090,Querétaro,Santiago de Querétaro,20.577804,-100.373626
Pasta para Sopa,Paquete 200 Gr. Letra,Barilla,Galletas Pastas y Harinas de Trigo,Basicos,13.2,2026/04/06,Hipermercado Soriana,Supermercado / Tienda de Autoservicio,Soriana Hiper Sucursal Consulado (418),Rio Consulado 2355. Esq. Carlos Marx. Col. Simon Bolivar. Cp. 15410,Ciudad de México,Venustiano Carranza,19.449572,-99.100376
Pasta para Sopa,Paquete 200 Gr. Letras,Precíssimo,Galletas Pastas y Harinas de Trigo,Pacic,4.5,2026/04/06,Hipermercado Soriana,Supermercado / Tienda de Autoservicio,Soriana Hiper Sucursal Cimatario,Ctra. a Huimilpan 1001. Int. del Centro Comercial Plaza del Sol. Col. Plazas del Sol. Iii Seccion. Cp. 76099,Querétaro,Santiago de Querétaro,20.563227,-100.375284
Pasta para Sopa,Paquete 200 Gr. Letras,Precíssimo,Galletas Pastas y Harinas de Trigo,Pacic,4.5,2026/04/06,Hipermercado Soriana,Supermercado / Tienda de Autoservicio,Soriana Hiper Sucursal Consulado (418),Rio Consulado 2355. Esq. Carlos Marx. Col. Simon Bolivar. Cp. 15410,Ciudad de México,Venustiano Carranza,19.449572,-99.100376
Pasta para Sopa,Paquete 200 Gr. Letras,Precíssimo,Galletas Pastas y Harinas de Trigo,Pacic,4.5,2026/04/13,Hipermercado Soriana,Supermercado / Tienda de Autoservicio,Soriana Hiper Sucursal Cimatario,Ctra. a Huimilpan 1001. Int. del Centro Comercial Plaza del Sol. Col. Plazas del Sol. Iii Seccion. Cp. 76099,Querétaro,Santiago de Querétaro,20.563227,-100.375284
Pasta para Sopa,Paquete 200 Gr. Pluma,Precíssimo,Galletas Pastas y Harinas de Trigo,Pacic,4.5,2026/04/06,Hipermercado Soriana,Supermercado / Tienda de Autoservicio,Soriana Hiper Sucursal Cimatario,Ctra. a Huimilpan 1001. Int. del Centro Comercial Plaza del Sol. Col. Plazas del Sol. Iii Seccion. Cp. 76099,Querétaro,Santiago de Querétaro,20.563227,-100.375284
Pasta para Sopa,Paquete 200 Gr. Pluma,Precíssimo,Galletas Pastas y Harinas de Trigo,Pacic,4.5,2026/04/06,Hipermercado Soriana,Supermercado / Tienda de Autoservicio,Soriana Hiper Sucursal Consulado (418),Rio Consulado 2355. Esq. Carlos Marx. Col. Simon Bolivar. Cp. 15410,Ciudad de México,Venustiano Carranza,19.449572,-99.100376
Pasta para Sopa,Paquete 200 Gr. Pluma,Precíssimo,Galletas Pastas y Harinas de Trigo,Pacic,4.5,2026/04/13,Hipermercado Soriana,Supermercado / Tienda de Autoservicio,Soriana Hiper Sucursal Cimatario,Ctra. a Huimilpan 1001. Int. del Centro Comercial Plaza del Sol. Col. Plazas del Sol. Iii Seccion. Cp. 76099,Querétaro,Santiago de Querétaro,20.563227,-100.375284
Pasta para Sopa,Paquete 200 Gr. Spaghetti,La Moderna,Galletas Pastas y Harinas de Trigo,Basicos,10,2026/04/03,Superissste,Supermercado / Tienda de Autoservicio,Superissste Sucursal 011,Calle Peluqueros No. 310 Esquina Calle Tizayuca. Col. Michoacana. Cp. 15240,Ciudad de México,Venustiano Carranza,19.446139,-99.113372
Pasta para Sopa,Paquete 200 Gr. Spaghetti,La Moderna,Galletas Pastas y Harinas de Trigo,Basicos,10,2026/04/03,Superissste,Supermercado / Tienda de Autoservicio,Superissste Sucursal 022,Av. del Taller y Retorno No. 38 Dentro del Retorno 38. Col. Jardin Balbuena. Cp. 15900,Ciudad de México,Venustiano Carranza,19.412842,-99.105666
Pasta para Sopa,Paquete 200 Gr. Spaghetti,La Moderna,Galletas Pastas y Harinas de Trigo,Basicos,10,2026/04/06,Bodega Aurrera,Supermercado / Tienda de Autoservicio,Bodega Aurrera Sucursal la Viga,Calz. de la Viga 136 Esq. del Taller. Col. Lorenzo Boturini. Cp. 15820,Ciudad de México,Venustiano Carranza,19.414749,-99.127874
Pasta para Sopa,Paquete 200 Gr. Spaghetti,La Moderna,Galletas Pastas y Harinas de Trigo,Basicos,10,2026/04/10,Superissste,Supermercado / Tienda de Autoservicio,Superissste Sucursal 011,Calle Peluqueros No. 310 Esquina Calle Tizayuca. Col. Michoacana. Cp. 15240,Ciudad de México,Venustiano Carranza,19.446139,-99.113372
Pasta para Sopa,Paquete 200 Gr. Spaghetti,La Moderna,Galletas Pastas y Harinas de Trigo,Basicos,10,2026/04/10,Superissste,Supermercado / Tienda de Autoservicio,Superissste Sucursal 022,Av. del Taller y Retorno No. 38 Dentro del Retorno 38. Col. Jardin Balbuena. Cp. 15900,Ciudad de México,Venustiano Carranza,19.412842,-99.105666
Pasta para Sopa,Paquete 200 Gr. Spaghetti,La Perla,Galletas Pastas y Harinas de Trigo,Basicos,6,2026/04/01,Chedraui,Supermercado / Tienda de Autoservicio,Chedraui Sucursal Centro Sur,Blvd. Bernardo Quintana 502. Carr. con Direccion a Centro Civico. Col. Centro Sur. Cp. 76087,Querétaro,Santiago de Querétaro,20.569354,-100.358831
Pasta para Sopa,Paquete 200 Gr. Spaghetti,La Perla,Galletas Pastas y Harinas de Trigo,Basicos,6,2026/04/06,Chedraui,Supermercado / Tienda de Autoservicio,Chedraui Sucursal Anfora,Anfora 71. Esq. Eje 1 Norte. Col. Madero. Cp. 15320,Ciudad de México,Venustiano Carranza,19.437353,-99.110088
Pasta para Sopa,Paquete 200 Gr. Spaghetti,La Perla,Galletas Pastas y Harinas de Trigo,Basicos,6,2026/04/08,Chedraui,Supermercado / Tienda de Autoservicio,Chedraui Sucursal Centro Sur,Blvd. Bernardo Quintana 502. Carr. con Direccion a Centro Civico. Col. Centro Sur. Cp. 76087,Querétaro,Santiago de Querétaro,20.569354,-100.358831
Pasta para Sopa,Paquete 200 Gr. Spaghetti,La Perla,Galletas Pastas y Harinas de Trigo,Basicos,6,2026/04/15,Chedraui,Supermercado / Tienda de Autoservicio,Chedraui Sucursal Centro Sur,Blvd. Bernardo Quintana 502. Carr. con Direccion a Centro Civico. Col. Centro Sur. Cp. 76087,Querétaro,Santiago de Querétaro,20.569354,-100.358831
Pasta para Sopa,Paquete 200 Gr. Spaghetti,La Perla,Galletas Pastas y Harinas de Trigo,Pacic,6,2026/04/01,Chedraui,Supermercado / Tienda de Autoservicio,Chedraui Sucursal Centro Sur,Blvd. Bernardo Quintana 502. Carr. con Direccion a Centro Civico. Col. Centro Sur. Cp. 76087,Querétaro,Santiago de Querétaro,20.569354,-100.358831
Pasta para Sopa,Paquete 200 Gr. Spaghetti,La Perla,Galletas Pastas y Harinas de Trigo,Pacic,6,2026/04/06,Chedraui,Supermercado / Tienda de Autoservicio,Chedraui Sucursal Anfora,Anfora 71. Esq. Eje 1 Norte. Col. Madero. Cp. 15320,Ciudad de México,Venustiano Carranza,19.437353,-99.110088
Pasta para Sopa,Paquete 200 Gr. Spaghetti,La Perla,Galletas Pastas y Harinas de Trigo,Pacic,6,2026/04/08,Chedraui,Supermercado / Tienda de Autoservicio,Chedraui Sucursal Centro Sur,Blvd. Bernardo Quintana 502. Carr. con Direccion a Centro Civico. Col. Centro Sur. Cp. 76087,Querétaro,Santiago de Querétaro,20.569354,-100.358831
Pasta para Sopa,Paquete 200 Gr. Spaghetti,La Perla,Galletas Pastas y Harinas de Trigo,Pacic,6,2026/04/15,Chedraui,Supermercado / Tienda de Autoservicio,Chedraui Sucursal Centro Sur,Blvd. Bernardo Quintana 502. Carr. con Direccion a Centro Civico. Col. Centro Sur. Cp. 76087,Querétaro,Santiago de Querétaro,20.569354,-100.358831
Pasta para Sopa,Paquete 200 Gr. Spaghetti,Precíssimo,Galletas Pastas y Harinas de Trigo,Basicos,4.5,2026/04/06,Hipermercado Soriana,Supermercado / Tienda de Autoservicio,Soriana Hiper Sucursal Cimatario,Ctra. a Huimilpan 1001. Int. del Centro Comercial Plaza del Sol. Col. Plazas del Sol. Iii Seccion. Cp. 76099,Querétaro,Santiago de Querétaro,20.563227,-100.375284
Pasta para Sopa,Paquete 200 Gr. Spaghetti,Precíssimo,Galletas Pastas y Harinas de Trigo,Pacic,4.5,2026/04/06,Hipermercado Soriana,Supermercado / Tienda de Autoservicio,Soriana Hiper Sucursal Cimatario,Ctra. a Huimilpan 1001. Int. del Centro Comercial Plaza del Sol. Col. Plazas del Sol. Iii Seccion. Cp. 76099,Querétaro,Santiago de Querétaro,20.563227,-100.375284
Pasta para Sopa,Paquete 200 Gr. Spaghetti,Precíssimo,Galletas Pastas y Harinas de Trigo,Pacic,4.5,2026/04/06,Hipermercado Soriana,Supermercado / Tienda de Autoservicio,Soriana Hiper Sucursal Consulado (418),Rio Consulado 2355. Esq. Carlos Marx. Col. Simon Bolivar. Cp. 15410,Ciudad de México,Venustiano Carranza,19.449572,-99.100376
Pasta para Sopa,Paquete 200 Gr. Spaghetti,Precíssimo,Galletas Pastas y Harinas de Trigo,Pacic,4.5,2026/04/13,Hipermercado Soriana,Supermercado / Tienda de Autoservicio,Soriana Hiper Sucursal Cimatario,Ctra. a Huimilpan 1001. Int. del Centro Comercial Plaza del Sol. Col. Plazas del Sol. Iii Seccion. Cp. 76099,Querétaro,Santiago de Querétaro,20.563227,-100.375284
Pasta para Sopa,Paquete 200 Gr. Spaghetti No. 5,Barilla,Galletas Pastas y Harinas de Trigo,Basicos,10,2026/04/01,Bodega Aurrera,Supermercado / Tienda de Autoservicio,Bodega Aurrera Sucursal Centro Constituyentes,Constituyentes Oriente 334. Entre Pasteur y Manuel Ponce. Col. Mercurio. Cp. 76040,Querétaro,Santiago de Querétaro,20.586349,-100.382801
Pasta para Sopa,Paquete 200 Gr. Spaghetti No. 5,Barilla,Galletas Pastas y Harinas de Trigo,Basicos,10,2026/04/06,Bodega Aurrera,Supermercado / Tienda de Autoservicio,Bodega Aurrera Sucursal la Viga,Calz. de la Viga 136 Esq. del Taller. Col. Lorenzo Boturini. Cp. 15820,Ciudad de México,Venustiano Carranza,19.414749,-99.127874
Pasta para Sopa,Paquete 200 Gr. Spaghetti No. 5,Barilla,Galletas Pastas y Harinas de Trigo,Basicos,10,2026/04/10,Bodega Aurrera,Supermercado / Tienda de Autoservicio,Bodega Aurrera Sucursal Centro Constituyentes,Constituyentes Oriente 334. Entre Pasteur y Manuel Ponce. Col. Mercurio. Cp. 76040,Querétaro,Santiago de Querétaro,20.586349,-100.382801
Pasta para Sopa,Paquete 200 Gr. Spaghetti No. 5,Barilla,Galletas Pastas y Harinas de Trigo,Basicos,10.5,2026/04/06,Wal-mart,Supermercado / Tienda de Autoservicio,Walmart Sucursal Aeropuerto,Calz. Ignacio Zaragoza 58. Esq. Blvd. Puerto Aereo. Col. Federal. Cp. 15700,Ciudad de México,Venustiano Carranza,19.41926,-99.094521
Pasta para Sopa,Paquete 200 Gr. Spaghetti No. 5,Barilla,Galletas Pastas y Harinas de Trigo,Basicos,10.5,2026/04/06,Wal-mart,Supermercado / Tienda de Autoservicio,Walmart Sucursal Balbuena,Fray Servando Teresa de Mier 881. Entre Fernando Iglesia Calderon y Genaro Garcia. Col. Jardin Balbuena. Cp. 15900,Ciudad de México,Venustiano Carranza,19.418067,-99.105639
Pasta para Sopa,Paquete 200 Gr. Spaghetti No. 5,Barilla,Galletas Pastas y Harinas de Trigo,Basicos,10.5,2026/04/07,Wal-mart,Supermercado / Tienda de Autoservicio,Walmart Sucursal Unidad Plaza de Toros,Autopista Queretaro Celaya 5501. Int. del Centro Comercial Plaza Esfera. Col. el Jacal. Cp. 76187,Querétaro,Santiago de Querétaro,20.574076,-100.408704
Pasta para Sopa,Paquete 200 Gr. Spaghetti No. 5,Barilla,Galletas Pastas y Harinas de Trigo,Basicos,10.5,2026/04/08,Chedraui,Supermercado / Tienda de Autoservicio,Chedraui Sucursal Centro Sur,Blvd. Bernardo Quintana 502. Carr. con Direccion a Centro Civico. Col. Centro Sur. Cp. 76087,Querétaro,Santiago de Querétaro,20.569354,-100.358831
Pasta para Sopa,Paquete 200 Gr. Spaghetti No. 5,Barilla,Galletas Pastas y Harinas de Trigo,Basicos,10.5,2026/04/09,La Comer,Supermercado / Tienda de Autoservicio,Lacomer Sucursal Queretaro Estadio,Luis M. Vega y Monroy 1300. Esq.cimatario . Col. Cimatario. Cp. 76090,Querétaro,Santiago de Querétaro,20.577804,-100.373626
Pasta para Sopa,Paquete 200 Gr. Spaghetti No. 5,Barilla,Galletas Pastas y Harinas de Trigo,Basicos,10.5,2026/04/14,Wal-mart,Supermercado / Tienda de Autoservicio,Walmart Sucursal Unidad Plaza de Toros,Autopista Queretaro Celaya 5501. Int. del Centro Comercial Plaza Esfera. Col. el Jacal. Cp. 76187,Querétaro,Santiago de Querétaro,20.574076,-100.408704
Pasta para Sopa,Paquete 200 Gr. Spaghetti No. 5,Barilla,Galletas Pastas y Harinas de Trigo,Basicos,10.5,2026/04/15,Chedraui,Supermercado / Tienda de Autoservicio,Chedraui Sucursal Centro Sur,Blvd. Bernardo Quintana 502. Carr. con Direccion a Centro Civico. Col. Centro Sur. Cp. 76087,Querétaro,Santiago de Querétaro,20.569354,-100.358831
Pasta para Sopa,Paquete 200 Gr. Spaghetti No. 5,Barilla,Galletas Pastas y Harinas de Trigo,Basicos,11,2026/04/13,Hipermercado Soriana,Supermercado / Tienda de Autoservicio,Soriana Hiper Sucursal Cimatario,Ctra. a Huimilpan 1001. Int. del Centro Comercial Plaza del Sol. Col. Plazas del Sol. Iii Seccion. Cp. 76099,Querétaro,Santiago de Querétaro,20.563227,-100.375284
Pasta para Sopa,Paquete 200 Gr. Spaghetti No. 5,Barilla,Galletas Pastas y Harinas de Trigo,Basicos,12,2026/04/06,Chedraui,Supermercado / Tienda de Autoservicio,Chedraui Sucursal Anfora,Anfora 71. Esq. Eje 1 Norte. Col. Madero. Cp. 15320,Ciudad de México,Venustiano Carranza,19.437353,-99.110088
Pasta para Sopa,Paquete 200 Gr. Spaghetti No. 5,Barilla,Galletas Pastas y Harinas de Trigo,Basicos,12.5,2026/04/01,Chedraui,Supermercado / Tienda de Autoservicio,Chedraui Sucursal Centro Sur,Blvd. Bernardo Quintana 502. Carr. con Direccion a Centro Civico. Col. Centro Sur. Cp. 76087,Querétaro,Santiago de Querétaro,20.569354,-100.358831
Pasta para Sopa,Paquete 200 Gr. Spaghetti No. 5,Barilla,Galletas Pastas y Harinas de Trigo,Basicos,12.5,2026/04/03,Superissste,Supermercado / Tienda de Autoservicio,Superissste Sucursal 011,Calle Peluqueros No. 310 Esquina Calle Tizayuca. Col. Michoacana. Cp. 15240,Ciudad de México,Venustiano Carranza,19.446139,-99.113372
Pasta para Sopa,Paquete 200 Gr. Spaghetti No. 5,Barilla,Galletas Pastas y Harinas de Trigo,Basicos,12.5,2026/04/03,Superissste,Supermercado / Tienda de Autoservicio,Superissste Sucursal 022,Av. del Taller y Retorno No. 38 Dentro del Retorno 38. Col. Jardin Balbuena. Cp. 15900,Ciudad de México,Venustiano Carranza,19.412842,-99.105666
Pasta para Sopa,Paquete 200 Gr. Spaghetti No. 5,Barilla,Galletas Pastas y Harinas de Trigo,Basicos,12.5,2026/04/10,Superissste,Supermercado / Tienda de Autoservicio,Superissste Sucursal 011,Calle Peluqueros No. 310 Esquina Calle Tizayuca. Col. Michoacana. Cp. 15240,Ciudad de México,Venustiano Carranza,19.446139,-99.113372
Pasta para Sopa,Paquete 200 Gr. Spaghetti No. 5,Barilla,Galletas Pastas y Harinas de Trigo,Basicos,12.5,2026/04/10,Superissste,Supermercado / Tienda de Autoservicio,Superissste Sucursal 022,Av. del Taller y Retorno No. 38 Dentro del Retorno 38. Col. Jardin Balbuena. Cp. 15900,Ciudad de México,Venustiano Carranza,19.412842,-99.105666
Pasta para Sopa,Paquete 200 Gr. Spaghetti No. 5,Barilla,Galletas Pastas y Harinas de Trigo,Basicos,13,2026/04/06,Hipermercado Soriana,Supermercado / Tienda de Autoservicio,Soriana Hiper Sucursal Cimatario,Ctra. a Huimilpan 1001. Int. del Centro Comercial Plaza del Sol. Col. Plazas del Sol. Iii Seccion. Cp. 76099,Querétaro,Santiago de Querétaro,20.563227,-100.375284
Pasta para Sopa,Paquete 200 Gr. Spaghetti No. 5,Barilla,Galletas Pastas y Harinas de Trigo,Basicos,13.2,2026/04/06,Hipermercado Soriana,Supermercado / Tienda de Autoservicio,Soriana Hiper Sucursal Consulado (418),Rio Consulado 2355. Esq. Carlos Marx. Col. Simon Bolivar. Cp. 15410,Ciudad de México,Venustiano Carranza,19.449572,-99.100376
Pasta para Sopa,Paquete 220 Gr. Fideo 2,La Moderna,Galletas Pastas y Harinas de Trigo,Basicos,10.5,2026/04/01,Chedraui,Supermercado / Tienda de Autoservicio,Chedraui Sucursal Centro Sur,Blvd. Bernardo Quintana 502. Carr. con Direccion a Centro Civico. Col. Centro Sur. Cp. 76087,Querétaro,Santiago de Querétaro,20.569354,-100.358831
Pasta para Sopa,Paquete 220 Gr. Fideo 2,La Moderna,Galletas Pastas y Harinas de Trigo,Basicos,10.9,2026/04/09,La Comer,Supermercado / Tienda de Autoservicio,Lacomer Sucursal Queretaro Estadio,Luis M. Vega y Monroy 1300. Esq.cimatario . Col. Cimatario. Cp. 76090,Querétaro,Santiago de Querétaro,20.577804,-100.373626
Pasta para Sopa,Paquete 220 Gr. Fideo 2,La Moderna,Galletas Pastas y Harinas de Trigo,Basicos,12.5,2026/04/06,Chedraui,Supermercado / Tienda de Autoservicio,Chedraui Sucursal Anfora,Anfora 71. Esq. Eje 1 Norte. Col. Madero. Cp. 15320,Ciudad de México,Venustiano Carranza,19.437353,-99.110088
Pasta para Sopa,Paquete 220 Gr. Fideo 2,La Moderna,Galletas Pastas y Harinas de Trigo,Basicos,12.5,2026/04/06,Hipermercado Soriana,Supermercado / Tienda de Autoservicio,Soriana Hiper Sucursal Consulado (418),Rio Consulado 2355. Esq. Carlos Marx. Col. Simon Bolivar. Cp. 15410,Ciudad de México,Venustiano Carranza,19.449572,-99.100376
Pasta para Sopa,Paquete 220 Gr. Fideo 2,La Moderna,Galletas Pastas y Harinas de Trigo,Basicos,12.5,2026/04/13,Hipermercado Soriana,Supermercado / Tienda de Autoservicio,Soriana Hiper Sucursal Cimatario,Ctra. a Huimilpan 1001. Int. del Centro Comercial Plaza del Sol. Col. Plazas del Sol. Iii Seccion. Cp. 76099,Querétaro,Santiago de Querétaro,20.563227,-100.375284
Pasta para Sopa,Paquete 220 Gr. Fideo 2,La Moderna,Galletas Pastas y Harinas de Trigo,Basicos,13.5,2026/04/06,Hipermercado Soriana,Supermercado / Tienda de Autoservicio,Soriana Hiper Sucursal Cimatario,Ctra. a Huimilpan 1001. Int. del Centro Comercial Plaza del Sol. Col. Plazas del Sol. Iii Seccion. Cp. 76099,Querétaro,Santiago de Querétaro,20.563227,-100.375284
Pasta para Sopa,Paquete 220 Gr. Fideo 2,La Moderna,Galletas Pastas y Harinas de Trigo,Basicos,8.5,2026/04/08,Chedraui,Supermercado / Tienda de Autoservicio,Chedraui Sucursal Centro Sur,Blvd. Bernardo Quintana 502. Carr. con Direccion a Centro Civico. Col. Centro Sur. Cp. 76087,Querétaro,Santiago de Querétaro,20.569354,-100.358831
Pasta para Sopa,Paquete 220 Gr. Fideo 2,La Moderna,Galletas Pastas y Harinas de Trigo,Basicos,9.5,2026/04/15,Chedraui,Supermercado / Tienda de Autoservicio,Chedraui Sucursal Centro Sur,Blvd. Bernardo Quintana 502. Carr. con Direccion a Centro Civico. Col. Centro Sur. Cp. 76087,Querétaro,Santiago de Querétaro,20.569354,-100.358831
Pasta para Sopa,Paquete 220 Gr. Moñito,La Moderna,Galletas Pastas y Harinas de Trigo,Basicos,10.5,2026/04/01,Chedraui,Supermercado / Tienda de Autoservicio,Chedraui Sucursal Centro Sur,Blvd. Bernardo Quintana 502. Carr. con Direccion a Centro Civico. Col. Centro Sur. Cp. 76087,Querétaro,Santiago de Querétaro,20.569354,-100.358831
Pasta para Sopa,Paquete 220 Gr. Moñito,La Moderna,Galletas Pastas y Harinas de Trigo,Basicos,10.9,2026/04/09,La Comer,Supermercado / Tienda de Autoservicio,Lacomer Sucursal Queretaro Estadio,Luis M. Vega y Monroy 1300. Esq.cimatario . Col. Cimatario. Cp. 76090,Querétaro,Santiago de Querétaro,20.577804,-100.373626
Pasta para Sopa,Paquete 220 Gr. Moñito,La Moderna,Galletas Pastas y Harinas de Trigo,Basicos,12.5,2026/04/06,Chedraui,Supermercado / Tienda de Autoservicio,Chedraui Sucursal Anfora,Anfora 71. Esq. Eje 1 Norte. Col. Madero. Cp. 15320,Ciudad de México,Venustiano Carranza,19.437353,-99.110088
Pasta para Sopa,Paquete 220 Gr. Moñito,La Moderna,Galletas Pastas y Harinas de Trigo,Basicos,12.5,2026/04/06,Hipermercado Soriana,Supermercado / Tienda de Autoservicio,Soriana Hiper Sucursal Consulado (418),Rio Consulado 2355. Esq. Carlos Marx. Col. Simon Bolivar. Cp. 15410,Ciudad de México,Venustiano Carranza,19.449572,-99.100376
Pasta para Sopa,Paquete 220 Gr. Moñito,La Moderna,Galletas Pastas y Harinas de Trigo,Basicos,12.5,2026/04/13,Hipermercado Soriana,Supermercado / Tienda de Autoservicio,Soriana Hiper Sucursal Cimatario,Ctra. a Huimilpan 1001. Int. del Centro Comercial Plaza del Sol. Col. Plazas del Sol. Iii Seccion. Cp. 76099,Querétaro,Santiago de Querétaro,20.563227,-100.375284
Pasta para Sopa,Paquete 220 Gr. Moñito,La Moderna,Galletas Pastas y Harinas de Trigo,Basicos,13.5,2026/04/06,Hipermercado Soriana,Supermercado / Tienda de Autoservicio,Soriana Hiper Sucursal Cimatario,Ctra. a Huimilpan 1001. Int. del Centro Comercial Plaza del Sol. Col. Plazas del Sol. Iii Seccion. Cp. 76099,Querétaro,Santiago de Querétaro,20.563227,-100.375284
Pasta para Sopa,Paquete 220 Gr. Moñito,La Moderna,Galletas Pastas y Harinas de Trigo,Basicos,8.5,2026/04/08,Chedraui,Supermercado / Tienda de Autoservicio,Chedraui Sucursal Centro Sur,Blvd. Bernardo Quintana 502. Carr. con Direccion a Centro Civico. Col. Centro Sur. Cp. 76087,Querétaro,Santiago de Querétaro,20.569354,-100.358831
Pasta para Sopa,Paquete 220 Gr. Moñito,La Moderna,Galletas Pastas y Harinas de Trigo,Basicos,9.5,2026/04/15,Chedraui,Supermercado / Tienda de Autoservicio,Chedraui Sucursal Centro Sur,Blvd. Bernardo Quintana 502. Carr. con Direccion a Centro Civico. Col. Centro Sur. Cp. 76087,Querétaro,Santiago de Querétaro,20.569354,-100.358831
Pasta para Sopa,Paquete 220 Gr. Spaghetti,La Moderna,Galletas Pastas y Harinas de Trigo,Basicos,10.5,2026/04/01,Chedraui,Supermercado / Tienda de Autoservicio,Chedraui Sucursal Centro Sur,Blvd. Bernardo Quintana 502. Carr. con Direccion a Centro Civico. Col. Centro Sur. Cp. 76087,Querétaro,Santiago de Querétaro,20.569354,-100.358831
Pasta para Sopa,Paquete 220 Gr. Spaghetti,La Moderna,Galletas Pastas y Harinas de Trigo,Basicos,10.9,2026/04/09,La Comer,Supermercado / Tienda de Autoservicio,Lacomer Sucursal Queretaro Estadio,Luis M. Vega y Monroy 1300. Esq.cimatario . Col. Cimatario. Cp. 76090,Querétaro,Santiago de Querétaro,20.577804,-100.373626
Pasta para Sopa,Paquete 220 Gr. Spaghetti,La Moderna,Galletas Pastas y Harinas de Trigo,Basicos,12.5,2026/04/06,Chedraui,Supermercado / Tienda de Autoservicio,Chedraui Sucursal Anfora,Anfora 71. Esq. Eje 1 Norte. Col. Madero. Cp. 15320,Ciudad de México,Venustiano Carranza,19.437353,-99.110088
Pasta para Sopa,Paquete 220 Gr. Spaghetti,La Moderna,Galletas Pastas y Harinas de Trigo,Basicos,12.5,2026/04/06,Hipermercado Soriana,Supermercado / Tienda de Autoservicio,Soriana Hiper Sucursal Consulado (418),Rio Consulado 2355. Esq. Carlos Marx. Col. Simon Bolivar. Cp. 15410,Ciudad de México,Venustiano Carranza,19.449572,-99.100376
Pasta para Sopa,Paquete 220 Gr. Spaghetti,La Moderna,Galletas Pastas y Harinas de Trigo,Basicos,12.5,2026/04/13,Hipermercado Soriana,Supermercado / Tienda de Autoservicio,Soriana Hiper Sucursal Cimatario,Ctra. a Huimilpan 1001. Int. del Centro Comercial Plaza del Sol. Col. Plazas del Sol. Iii Seccion. Cp. 76099,Querétaro,Santiago de Querétaro,20.563227,-100.375284
Pasta para Sopa,Paquete 220 Gr. Spaghetti,La Moderna,Galletas Pastas y Harinas de Trigo,Basicos,13.5,2026/04/06,Hipermercado Soriana,Supermercado / Tienda de Autoservicio,Soriana Hiper Sucursal Cimatario,Ctra. a Huimilpan 1001. Int. del Centro Comercial Plaza del Sol. Col. Plazas del Sol. Iii Seccion. Cp. 76099,Querétaro,Santiago de Querétaro,20.563227,-100.375284
Pasta para Sopa,Paquete 220 Gr. Spaghetti,La Moderna,Galletas Pastas y Harinas de Trigo,Basicos,8.5,2026/04/08,Chedraui,Supermercado / Tienda de Autoservicio,Chedraui Sucursal Centro Sur,Blvd. Bernardo Quintana 502. Carr. con Direccion a Centro Civico. Col. Centro Sur. Cp. 76087,Querétaro,Santiago de Querétaro,20.569354,-100.358831
Pasta para Sopa,Paquete 220 Gr. Spaghetti,La Moderna,Galletas Pastas y Harinas de Trigo,Basicos,9.5,2026/04/15,Chedraui,Supermercado / Tienda de Autoservicio,Chedraui Sucursal Centro Sur,Blvd. Bernardo Quintana 502. Carr. con Direccion a Centro Civico. Col. Centro Sur. Cp. 76087,Querétaro,Santiago de Querétaro,20.569354,-100.358831
Pastelillos y Pan Dulce Empaquetado,Paquete 280 Gr. Panqué con Pasas,Bimbo,Pan,Basicos,43,2026/04/10,Superissste,Supermercado / Tienda de Autoservicio,Superissste Sucursal 022,Av. del Taller y Retorno No. 38 Dentro del Retorno 38. Col. Jardin Balbuena. Cp. 15900,Ciudad de México,Venustiano Carranza,19.412842,-99.105666
Pastelillos y Pan Dulce Empaquetado,Paquete 280 Gr. Panqué con Pasas,Bimbo,Pan,Basicos,55.9,2026/04/13,Hipermercado Soriana,Supermercado / Tienda de Autoservicio,Soriana Hiper Sucursal Cimatario,Ctra. a Huimilpan 1001. Int. del Centro Comercial Plaza del Sol. Col. Plazas del Sol. Iii Seccion. Cp. 76099,Querétaro,Santiago de Querétaro,20.563227,-100.375284
Pastelillos y Pan Dulce Empaquetado,Paquete con 1 Nito (62 Gr.),Bimbo,Pan,Basicos,21,2026/04/14,Wal-mart,Supermercado / Tienda de Autoservicio,Walmart Sucursal Unidad Plaza de Toros,Autopista Queretaro Celaya 5501. Int. del Centro Comercial Plaza Esfera. Col. el Jacal. Cp. 76187,Querétaro,Santiago de Querétaro,20.574076,-100.408704
Pastelillos y Pan Dulce Empaquetado,Paquete con 2 Chocoroles (100 Gr.),Marinela,Pan,Basicos,23.5,2026/04/10,Superissste,Supermercado / Tienda de Autoservicio,Superissste Sucursal 022,Av. del Taller y Retorno No. 38 Dentro del Retorno 38. Col. Jardin Balbuena. Cp. 15900,Ciudad de México,Venustiano Carranza,19.412842,-99.105666
Paxil,Caja con 20 Tabletas de 20 Mg.,S/M,Medicamentos,Medicamentos,1324,2026/04/01,Farmacias del Ahorro,Farmacias,Farmacias del Ahorro Sucursal Queretaro,Constituyentes Pte. 46. Entre Fernando de Tapia y Melchor Ocampo. Col. Centro. Cp. 76000,Querétaro,Santiago de Querétaro,20.584013,-100.394346
Pañales Desechables,Paquete 40 Piezas. Antifugas. Talla 4,Chicolastic. Kiddies,Arts. de Papel P/higiene Personal,Basicos,175,2026/04/10,Bodega Aurrera,Supermercado / Tienda de Autoservicio,Bodega Aurrera Sucursal Centro Constituyentes,Constituyentes Oriente 334. Entre Pasteur y Manuel Ponce. Col. Mercurio. Cp. 76040,Querétaro,Santiago de Querétaro,20.586349,-100.382801
Pañales Desechables,Paquete 40 Piezas. Antifugas. Talla 4,Chicolastic. Kiddies,Arts. de Papel P/higiene Personal,Basicos,195,2026/04/06,Hipermercado Soriana,Supermercado / Tienda de Autoservicio,Soriana Hiper Sucursal Consulado (418),Rio Consulado 2355. Esq. Carlos Marx. Col. Simon Bolivar. Cp. 15410,Ciudad de México,Venustiano Carranza,19.449572,-99.100376
Pañales Desechables,Paquete 40 Piezas. Grande,Kleen Bebé. Absorsec Ultra,Arts. de Papel P/higiene Personal,Basicos,140,2026/04/10,Superissste,Supermercado / Tienda de Autoservicio,Superissste Sucursal 011,Calle Peluqueros No. 310 Esquina Calle Tizayuca. Col. Michoacana. Cp. 15240,Ciudad de México,Venustiano Carranza,19.446139,-99.113372
Pera,1 Kg. Granel. D´anjou,S/M,Frutas Frescas,Frutas y Legumbres,39.9,2026/04/06,Wal-mart,Supermercado / Tienda de Autoservicio,Walmart Sucursal Aeropuerto,Calz. Ignacio Zaragoza 58. Esq. Blvd. Puerto Aereo. Col. Federal. Cp. 15700,Ciudad de México,Venustiano Carranza,19.41926,-99.094521
Pilas Eléctricas,Paquete con 6. Aa,Energizer Max,Accesorios Domesticos,Basicos,195,2026/04/13,Hipermercado Soriana,Supermercado / Tienda de Autoservicio,Soriana Hiper Sucursal Cimatario,Ctra. a Huimilpan 1001. Int. del Centro Comercial Plaza del Sol. Col. Plazas del Sol. Iii Seccion. Cp. 76099,Querétaro,Santiago de Querétaro,20.563227,-100.375284
Pilas Eléctricas,Paquete con 6. Aaa,Energizer Max,Accesorios Domesticos,Basicos,179,2026/04/14,Wal-mart,Supermercado / Tienda de Autoservicio,Walmart Sucursal Unidad Plaza de Toros,Autopista Queretaro Celaya 5501. Int. del Centro Comercial Plaza Esfera. Col. el Jacal. Cp. 76187,Querétaro,Santiago de Querétaro,20.574076,-100.408704
Plátano,1 Kg. Granel. Macho,S/M,Frutas Frescas,Frutas y Legumbres,24,2026/04/06,Mercado Publico,Mercados,Mercado Romero Rubio,Cairo S/n. Esq. Persia. Col. Romero Rubio. Cp. 15400,Ciudad de México,Venustiano Carranza,19.388643,-99.066708
Plátano,1 Kg. Granel. Macho,S/M,Frutas Frescas,Frutas y Legumbres,30,2026/04/01,Bodega Aurrera,Supermercado / Tienda de Autoservicio,Bodega Aurrera Sucursal Centro Constituyentes,Constituyentes Oriente 334. Entre Pasteur y Manuel Ponce. Col. Mercurio. Cp. 76040,Querétaro,Santiago de Querétaro,20.586349,-100.382801
Plátano,1 Kg. Granel. Macho,S/M,Frutas Frescas,Frutas y Legumbres,30,2026/04/10,Bodega Aurrera,Supermercado / Tienda de Autoservicio,Bodega Aurrera Sucursal Centro Constituyentes,Constituyentes Oriente 334. Entre Pasteur y Manuel Ponce. Col. Mercurio. Cp. 76040,Querétaro,Santiago de Querétaro,20.586349,-100.382801
Plátano,1 Kg. Granel. Macho,S/M,Frutas Frescas,Frutas y Legumbres,30,2026/04/13,Mercado Publico,Mercados,Mercado Lomas de Casablanca,Avenida 10. Esq. Calle 23. Col. Lomas de Casa Blanca. Cp. 76080,Querétaro,Santiago de Querétaro,20.603024,-100.396263
Plátano,1 Kg. Granel. Macho,S/M,Frutas Frescas,Frutas y Legumbres,33.9,2026/04/08,Chedraui,Supermercado / Tienda de Autoservicio,Chedraui Sucursal Centro Sur,Blvd. Bernardo Quintana 502. Carr. con Direccion a Centro Civico. Col. Centro Sur. Cp. 76087,Querétaro,Santiago de Querétaro,20.569354,-100.358831
Plátano,1 Kg. Granel. Macho,S/M,Frutas Frescas,Frutas y Legumbres,34,2026/04/10,Mercado Publico,Mercados,Mercado Lomas de Casablanca,Avenida 10. Esq. Calle 23. Col. Lomas de Casa Blanca. Cp. 76080,Querétaro,Santiago de Querétaro,20.603024,-100.396263
Plátano,1 Kg. Granel. Macho,S/M,Frutas Frescas,Frutas y Legumbres,34.5,2026/04/06,Chedraui,Supermercado / Tienda de Autoservicio,Chedraui Sucursal Anfora,Anfora 71. Esq. Eje 1 Norte. Col. Madero. Cp. 15320,Ciudad de México,Venustiano Carranza,19.437353,-99.110088
Plátano,1 Kg. Granel. Macho,S/M,Frutas Frescas,Frutas y Legumbres,36.5,2026/04/06,Hipermercado Soriana,Supermercado / Tienda de Autoservicio,Soriana Hiper Sucursal Cimatario,Ctra. a Huimilpan 1001. Int. del Centro Comercial Plaza del Sol. Col. Plazas del Sol. Iii Seccion. Cp. 76099,Querétaro,Santiago de Querétaro,20.563227,-100.375284
Plátano,1 Kg. Granel. Macho,S/M,Frutas Frescas,Frutas y Legumbres,36.5,2026/04/13,Hipermercado Soriana,Supermercado / Tienda de Autoservicio,Soriana Hiper Sucursal Cimatario,Ctra. a Huimilpan 1001. Int. del Centro Comercial Plaza del Sol. Col. Plazas del Sol. Iii Seccion. Cp. 76099,Querétaro,Santiago de Querétaro,20.563227,-100.375284
Plátano,1 Kg. Granel. Macho,S/M,Frutas Frescas,Frutas y Legumbres,39.9,2026/04/06,Wal-mart,Supermercado / Tienda de Autoservicio,Walmart Sucursal Aeropuerto,Calz. Ignacio Zaragoza 58. Esq. Blvd. Puerto Aereo. Col. Federal. Cp. 15700,Ciudad de México,Venustiano Carranza,19.41926,-99.094521
Plátano,1 Kg. Granel. Macho,S/M,Frutas Frescas,Frutas y Legumbres,39.9,2026/04/06,Wal-mart,Supermercado / Tienda de Autoservicio,Walmart Sucursal Balbuena,Fray Servando Teresa de Mier 881. Entre Fernando Iglesia Calderon y Genaro Garcia. Col. Jardin Balbuena. Cp. 15900,Ciudad de México,Venustiano Carranza,19.418067,-99.105639
Plátano,1 Kg. Granel. Macho,S/M,Frutas Frescas,Frutas y Legumbres,39.9,2026/04/15,Chedraui,Supermercado / Tienda de Autoservicio,Chedraui Sucursal Centro Sur,Blvd. Bernardo Quintana 502. Carr. con Direccion a Centro Civico. Col. Centro Sur. Cp. 76087,Querétaro,Santiago de Querétaro,20.569354,-100.358831
Plátano,1 Kg. Granel. Macho,S/M,Frutas Frescas,Frutas y Legumbres,45.9,2026/04/09,La Comer,Supermercado / Tienda de Autoservicio,Lacomer Sucursal Queretaro Estadio,Luis M. Vega y Monroy 1300. Esq.cimatario . Col. Cimatario. Cp. 76090,Querétaro,Santiago de Querétaro,20.577804,-100.373626
Plátano,1 Kg. Granel. Tabasco/chiapas/roatán/portalimón,S/M,Frutas Frescas,Frutas y Legumbres,14.5,2026/04/15,Chedraui,Supermercado / Tienda de Autoservicio,Chedraui Sucursal Centro Sur,Blvd. Bernardo Quintana 502. Carr. con Direccion a Centro Civico. Col. Centro Sur. Cp. 76087,Querétaro,Santiago de Querétaro,20.569354,-100.358831
Plátano,1 Kg. Granel. Tabasco/chiapas/roatán/portalimón,S/M,Frutas Frescas,Frutas y Legumbres,21,2026/04/01,Bodega Aurrera,Supermercado / Tienda de Autoservicio,Bodega Aurrera Sucursal Centro Constituyentes,Constituyentes Oriente 334. Entre Pasteur y Manuel Ponce. Col. Mercurio. Cp. 76040,Querétaro,Santiago de Querétaro,20.586349,-100.382801
Plátano,1 Kg. Granel. Tabasco/chiapas/roatán/portalimón,S/M,Frutas Frescas,Frutas y Legumbres,21,2026/04/06,Bodega Aurrera,Supermercado / Tienda de Autoservicio,Bodega Aurrera Sucursal la Viga,Calz. de la Viga 136 Esq. del Taller. Col. Lorenzo Boturini. Cp. 15820,Ciudad de México,Venustiano Carranza,19.414749,-99.127874
Plátano,1 Kg. Granel. Tabasco/chiapas/roatán/portalimón,S/M,Frutas Frescas,Frutas y Legumbres,21,2026/04/10,Bodega Aurrera,Supermercado / Tienda de Autoservicio,Bodega Aurrera Sucursal Centro Constituyentes,Constituyentes Oriente 334. Entre Pasteur y Manuel Ponce. Col. Mercurio. Cp. 76040,Querétaro,Santiago de Querétaro,20.586349,-100.382801
Plátano,1 Kg. Granel. Tabasco/chiapas/roatán/portalimón,S/M,Frutas Frescas,Frutas y Legumbres,22,2026/04/01,Chedraui,Supermercado / Tienda de Autoservicio,Chedraui Sucursal Centro Sur,Blvd. Bernardo Quintana 502. Carr. con Direccion a Centro Civico. Col. Centro Sur. Cp. 76087,Querétaro,Santiago de Querétaro,20.569354,-100.358831
Plátano,1 Kg. Granel. Tabasco/chiapas/roatán/portalimón,S/M,Frutas Frescas,Frutas y Legumbres,22,2026/04/06,Wal-mart,Supermercado / Tienda de Autoservicio,Walmart Sucursal Aeropuerto,Calz. Ignacio Zaragoza 58. Esq. Blvd. Puerto Aereo. Col. Federal. Cp. 15700,Ciudad de México,Venustiano Carranza,19.41926,-99.094521
Plátano,1 Kg. Granel. Tabasco/chiapas/roatán/portalimón,S/M,Frutas Frescas,Frutas y Legumbres,22,2026/04/06,Wal-mart,Supermercado / Tienda de Autoservicio,Walmart Sucursal Balbuena,Fray Servando Teresa de Mier 881. Entre Fernando Iglesia Calderon y Genaro Garcia. Col. Jardin Balbuena. Cp. 15900,Ciudad de México,Venustiano Carranza,19.418067,-99.105639
Plátano,1 Kg. Granel. Tabasco/chiapas/roatán/portalimón,S/M,Frutas Frescas,Frutas y Legumbres,22,2026/04/07,Wal-mart,Supermercado / Tienda de Autoservicio,Walmart Sucursal Unidad Plaza de Toros,Autopista Queretaro Celaya 5501. Int. del Centro Comercial Plaza Esfera. Col. el Jacal. Cp. 76187,Querétaro,Santiago de Querétaro,20.574076,-100.408704
Plátano,1 Kg. Granel. Tabasco/chiapas/roatán/portalimón,S/M,Frutas Frescas,Frutas y Legumbres,22,2026/04/08,Chedraui,Supermercado / Tienda de Autoservicio,Chedraui Sucursal Centro Sur,Blvd. Bernardo Quintana 502. Carr. con Direccion a Centro Civico. Col. Centro Sur. Cp. 76087,Querétaro,Santiago de Querétaro,20.569354,-100.358831
Plátano,1 Kg. Granel. Tabasco/chiapas/roatán/portalimón,S/M,Frutas Frescas,Frutas y Legumbres,22,2026/04/14,Wal-mart,Supermercado / Tienda de Autoservicio,Walmart Sucursal Unidad Plaza de Toros,Autopista Queretaro Celaya 5501. Int. del Centro Comercial Plaza Esfera. Col. el Jacal. Cp. 76187,Querétaro,Santiago de Querétaro,20.574076,-100.408704
Plátano,1 Kg. Granel. Tabasco/chiapas/roatán/portalimón,S/M,Frutas Frescas,Frutas y Legumbres,24,2026/04/03,Superissste,Supermercado / Tienda de Autoservicio,Superissste Sucursal 011,Calle Peluqueros No. 310 Esquina Calle Tizayuca. Col. Michoacana. Cp. 15240,Ciudad de México,Venustiano Carranza,19.446139,-99.113372
Plátano,1 Kg. Granel. Tabasco/chiapas/roatán/portalimón,S/M,Frutas Frescas,Frutas y Legumbres,24,2026/04/03,Superissste,Supermercado / Tienda de Autoservicio,Superissste Sucursal 022,Av. del Taller y Retorno No. 38 Dentro del Retorno 38. Col. Jardin Balbuena. Cp. 15900,Ciudad de México,Venustiano Carranza,19.412842,-99.105666
Plátano,1 Kg. Granel. Tabasco/chiapas/roatán/portalimón,S/M,Frutas Frescas,Frutas y Legumbres,24,2026/04/10,Superissste,Supermercado / Tienda de Autoservicio,Superissste Sucursal 011,Calle Peluqueros No. 310 Esquina Calle Tizayuca. Col. Michoacana. Cp. 15240,Ciudad de México,Venustiano Carranza,19.446139,-99.113372
Plátano,1 Kg. Granel. Tabasco/chiapas/roatán/portalimón,S/M,Frutas Frescas,Frutas y Legumbres,24,2026/04/10,Superissste,Supermercado / Tienda de Autoservicio,Superissste Sucursal 022,Av. del Taller y Retorno No. 38 Dentro del Retorno 38. Col. Jardin Balbuena. Cp. 15900,Ciudad de México,Venustiano Carranza,19.412842,-99.105666
Plátano,1 Kg. Granel. Tabasco/chiapas/roatán/portalimón,S/M,Frutas Frescas,Frutas y Legumbres,24,2026/04/13,Mercado Publico,Mercados,Mercado Lomas de Casablanca,Avenida 10. Esq. Calle 23. Col. Lomas de Casa Blanca. Cp. 76080,Querétaro,Santiago de Querétaro,20.603024,-100.396263
Plátano,1 Kg. Granel. Tabasco/chiapas/roatán/portalimón,S/M,Frutas Frescas,Frutas y Legumbres,24.8,2026/04/06,Hipermercado Soriana,Supermercado / Tienda de Autoservicio,Soriana Hiper Sucursal Cimatario,Ctra. a Huimilpan 1001. Int. del Centro Comercial Plaza del Sol. Col. Plazas del Sol. Iii Seccion. Cp. 76099,Querétaro,Santiago de Querétaro,20.563227,-100.375284
Plátano,1 Kg. Granel. Tabasco/chiapas/roatán/portalimón,S/M,Frutas Frescas,Frutas y Legumbres,24.8,2026/04/06,Hipermercado Soriana,Supermercado / Tienda de Autoservicio,Soriana Hiper Sucursal Consulado (418),Rio Consulado 2355. Esq. Carlos Marx. Col. Simon Bolivar. Cp. 15410,Ciudad de México,Venustiano Carranza,19.449572,-99.100376
Plátano,1 Kg. Granel. Tabasco/chiapas/roatán/portalimón,S/M,Frutas Frescas,Frutas y Legumbres,26,2026/04/10,Mercado Publico,Mercados,Mercado Lomas de Casablanca,Avenida 10. Esq. Calle 23. Col. Lomas de Casa Blanca. Cp. 76080,Querétaro,Santiago de Querétaro,20.603024,-100.396263
Plátano,1 Kg. Granel. Tabasco/chiapas/roatán/portalimón,S/M,Frutas Frescas,Frutas y Legumbres,26.9,2026/04/13,Hipermercado Soriana,Supermercado / Tienda de Autoservicio,Soriana Hiper Sucursal Cimatario,Ctra. a Huimilpan 1001. Int. del Centro Comercial Plaza del Sol. Col. Plazas del Sol. Iii Seccion. Cp. 76099,Querétaro,Santiago de Querétaro,20.563227,-100.375284
Plátano,1 Kg. Granel. Tabasco/chiapas/roatán/portalimón,S/M,Frutas Frescas,Frutas y Legumbres,27.9,2026/04/09,La Comer,Supermercado / Tienda de Autoservicio,Lacomer Sucursal Queretaro Estadio,Luis M. Vega y Monroy 1300. Esq.cimatario . Col. Cimatario. Cp. 76090,Querétaro,Santiago de Querétaro,20.577804,-100.373626
Plátano,1 Kg. Granel. Tabasco/chiapas/roatán/portalimón,S/M,Frutas Frescas,Pacic,14.5,2026/04/15,Chedraui,Supermercado / Tienda de Autoservicio,Chedraui Sucursal Centro Sur,Blvd. Bernardo Quintana 502. Carr. con Direccion a Centro Civico. Col. Centro Sur. Cp. 76087,Querétaro,Santiago de Querétaro,20.569354,-100.358831
Plátano,1 Kg. Granel. Tabasco/chiapas/roatán/portalimón,S/M,Frutas Frescas,Pacic,21,2026/04/01,Bodega Aurrera,Supermercado / Tienda de Autoservicio,Bodega Aurrera Sucursal Centro Constituyentes,Constituyentes Oriente 334. Entre Pasteur y Manuel Ponce. Col. Mercurio. Cp. 76040,Querétaro,Santiago de Querétaro,20.586349,-100.382801
Plátano,1 Kg. Granel. Tabasco/chiapas/roatán/portalimón,S/M,Frutas Frescas,Pacic,21,2026/04/06,Bodega Aurrera,Supermercado / Tienda de Autoservicio,Bodega Aurrera Sucursal la Viga,Calz. de la Viga 136 Esq. del Taller. Col. Lorenzo Boturini. Cp. 15820,Ciudad de México,Venustiano Carranza,19.414749,-99.127874
Plátano,1 Kg. Granel. Tabasco/chiapas/roatán/portalimón,S/M,Frutas Frescas,Pacic,21,2026/04/10,Bodega Aurrera,Supermercado / Tienda de Autoservicio,Bodega Aurrera Sucursal Centro Constituyentes,Constituyentes Oriente 334. Entre Pasteur y Manuel Ponce. Col. Mercurio. Cp. 76040,Querétaro,Santiago de Querétaro,20.586349,-100.382801
Plátano,1 Kg. Granel. Tabasco/chiapas/roatán/portalimón,S/M,Frutas Frescas,Pacic,22,2026/04/01,Chedraui,Supermercado / Tienda de Autoservicio,Chedraui Sucursal Centro Sur,Blvd. Bernardo Quintana 502. Carr. con Direccion a Centro Civico. Col. Centro Sur. Cp. 76087,Querétaro,Santiago de Querétaro,20.569354,-100.358831
Plátano,1 Kg. Granel. Tabasco/chiapas/roatán/portalimón,S/M,Frutas Frescas,Pacic,22,2026/04/01,Wal-mart,Supermercado / Tienda de Autoservicio,Walmart Sucursal Unidad Plaza de Toros,Autopista Queretaro Celaya 5501. Int. del Centro Comercial Plaza Esfera. Col. el Jacal. Cp. 76187,Querétaro,Santiago de Querétaro,20.574076,-100.408704
Plátano,1 Kg. Granel. Tabasco/chiapas/roatán/portalimón,S/M,Frutas Frescas,Pacic,22,2026/04/06,Wal-mart,Supermercado / Tienda de Autoservicio,Walmart Sucursal Aeropuerto,Calz. Ignacio Zaragoza 58. Esq. Blvd. Puerto Aereo. Col. Federal. Cp. 15700,Ciudad de México,Venustiano Carranza,19.41926,-99.094521
Plátano,1 Kg. Granel. Tabasco/chiapas/roatán/portalimón,S/M,Frutas Frescas,Pacic,22,2026/04/06,Wal-mart,Supermercado / Tienda de Autoservicio,Walmart Sucursal Balbuena,Fray Servando Teresa de Mier 881. Entre Fernando Iglesia Calderon y Genaro Garcia. Col. Jardin Balbuena. Cp. 15900,Ciudad de México,Venustiano Carranza,19.418067,-99.105639
Plátano,1 Kg. Granel. Tabasco/chiapas/roatán/portalimón,S/M,Frutas Frescas,Pacic,22,2026/04/07,Wal-mart,Supermercado / Tienda de Autoservicio,Walmart Sucursal Unidad Plaza de Toros,Autopista Queretaro Celaya 5501. Int. del Centro Comercial Plaza Esfera. Col. el Jacal. Cp. 76187,Querétaro,Santiago de Querétaro,20.574076,-100.408704
Plátano,1 Kg. Granel. Tabasco/chiapas/roatán/portalimón,S/M,Frutas Frescas,Pacic,22,2026/04/08,Chedraui,Supermercado / Tienda de Autoservicio,Chedraui Sucursal Centro Sur,Blvd. Bernardo Quintana 502. Carr. con Direccion a Centro Civico. Col. Centro Sur. Cp. 76087,Querétaro,Santiago de Querétaro,20.569354,-100.358831
Plátano,1 Kg. Granel. Tabasco/chiapas/roatán/portalimón,S/M,Frutas Frescas,Pacic,22,2026/04/14,Wal-mart,Supermercado / Tienda de Autoservicio,Walmart Sucursal Unidad Plaza de Toros,Autopista Queretaro Celaya 5501. Int. del Centro Comercial Plaza Esfera. Col. el Jacal. Cp. 76187,Querétaro,Santiago de Querétaro,20.574076,-100.408704
Plátano,1 Kg. Granel. Tabasco/chiapas/roatán/portalimón,S/M,Frutas Frescas,Pacic,24.8,2026/04/06,Hipermercado Soriana,Supermercado / Tienda de Autoservicio,Soriana Hiper Sucursal Cimatario,Ctra. a Huimilpan 1001. Int. del Centro Comercial Plaza del Sol. Col. Plazas del Sol. Iii Seccion. Cp. 76099,Querétaro,Santiago de Querétaro,20.563227,-100.375284
Plátano,1 Kg. Granel. Tabasco/chiapas/roatán/portalimón,S/M,Frutas Frescas,Pacic,24.8,2026/04/06,Hipermercado Soriana,Supermercado / Tienda de Autoservicio,Soriana Hiper Sucursal Consulado (418),Rio Consulado 2355. Esq. Carlos Marx. Col. Simon Bolivar. Cp. 15410,Ciudad de México,Venustiano Carranza,19.449572,-99.100376
Plátano,1 Kg. Granel. Tabasco/chiapas/roatán/portalimón,S/M,Frutas Frescas,Pacic,26.9,2026/04/13,Hipermercado Soriana,Supermercado / Tienda de Autoservicio,Soriana Hiper Sucursal Cimatario,Ctra. a Huimilpan 1001. Int. del Centro Comercial Plaza del Sol. Col. Plazas del Sol. Iii Seccion. Cp. 76099,Querétaro,Santiago de Querétaro,20.563227,-100.375284
Plátano,1 Kg. Granel. Tabasco/chiapas/roatán/portalimón,S/M,Frutas Frescas,Pacic,27.9,2026/04/01,La Comer,Supermercado / Tienda de Autoservicio,Lacomer Sucursal Queretaro Estadio,Luis M. Vega y Monroy 1300. Esq.cimatario . Col. Cimatario. Cp. 76090,Querétaro,Santiago de Querétaro,20.577804,-100.373626
Plátano,1 Kg. Granel. Tabasco/chiapas/roatán/portalimón,S/M,Frutas Frescas,Pacic,27.9,2026/04/09,La Comer,Supermercado / Tienda de Autoservicio,Lacomer Sucursal Queretaro Estadio,Luis M. Vega y Monroy 1300. Esq.cimatario . Col. Cimatario. Cp. 76090,Querétaro,Santiago de Querétaro,20.577804,-100.373626
Polvo P/preparar Bebidas Sabor Chocolate,Bolsa 350 Gr. con Cocoa,Choco Milk,Chocolates y Golosinas,Basicos,58,2026/04/06,Wal-mart,Supermercado / Tienda de Autoservicio,Walmart Sucursal Aeropuerto,Calz. Ignacio Zaragoza 58. Esq. Blvd. Puerto Aereo. Col. Federal. Cp. 15700,Ciudad de México,Venustiano Carranza,19.41926,-99.094521
Polvo P/preparar Bebidas Sabor Chocolate,Bolsa 357 Gr.,Nesquik,Chocolates y Golosinas,Basicos,48.9,2026/04/14,Oxxo,Tienda de Conveniencia,Oxxo Sucursal Corregidora 50 Cr,Circuito Moises Solana No. 128. Esq. Gertrudis Bocanegra. Col. Burocratas. Cp. 76070,Querétaro,Santiago de Querétaro,20.57462,-100.384232
Polvo P/preparar Bebidas Sabor Chocolate,Lata 400 Gr.,Nesquik,Chocolates y Golosinas,Mercados,68,2026/04/03,Superissste,Supermercado / Tienda de Autoservicio,Superissste Sucursal 011,Calle Peluqueros No. 310 Esquina Calle Tizayuca. Col. Michoacana. Cp. 15240,Ciudad de México,Venustiano Carranza,19.446139,-99.113372
Polvo P/preparar Bebidas Sabor Chocolate,Lata 400 Gr. con Cocoa,Choco Milk,Chocolates y Golosinas,Basicos,66,2026/04/10,Bodega Aurrera,Supermercado / Tienda de Autoservicio,Bodega Aurrera Sucursal Centro Constituyentes,Constituyentes Oriente 334. Entre Pasteur y Manuel Ponce. Col. Mercurio. Cp. 76040,Querétaro,Santiago de Querétaro,20.586349,-100.382801
Pomada de la Campana,Envase 75 Gr. Suavizante,S/M,Medicamentos,Medicamentos,57,2026/04/01,Sanborn S Hnos.,Farmacias,Sanborns Sucursal los Arquitos,Constituyentes Oriente 172. Esq. de los Arquitos. Col. los Arquitos. Cp. 76050,Querétaro,Santiago de Querétaro,20.588117,-100.36869
Producto Lácteo,Caja 1 Lt. Ultrapasteurizada. con Grasa Vegetal. Clásica,Nutri,Leche Procesada,Basicos,28.5,2026/04/13,Hipermercado Soriana,Supermercado / Tienda de Autoservicio,Soriana Hiper Sucursal Cimatario,Ctra. a Huimilpan 1001. Int. del Centro Comercial Plaza del Sol. Col. Plazas del Sol. Iii Seccion. Cp. 76099,Querétaro,Santiago de Querétaro,20.563227,-100.375284
Protector Solar,Caja 60 Gr. Fps 50+,Eclipsol,Arts. para el Cuidado Personal,Basicos,274,2026/04/14,Wal-mart,Supermercado / Tienda de Autoservicio,Walmart Sucursal Unidad Plaza de Toros,Autopista Queretaro Celaya 5501. Int. del Centro Comercial Plaza Esfera. Col. el Jacal. Cp. 76187,Querétaro,Santiago de Querétaro,20.574076,-100.408704
Pulmicort,Caja con 5 Ampolletas de 2 Ml. 0.250 Mg./ml. Suspensión para Nebulización,S/M,Medicamentos,Medicamentos,544,2026/04/15,Sanborn S Hnos.,Farmacias,Sanborns Sucursal los Arquitos,Constituyentes Oriente 172. Esq. de los Arquitos. Col. los Arquitos. Cp. 76050,Querétaro,Santiago de Querétaro,20.588117,-100.36869
Quadriderm Nf,Caja con Tubo con 30 Gr.,S/M,Medicamentos,Medicamentos,519,2026/04/01,Bodega Aurrera,Supermercado / Tienda de Autoservicio,Bodega Aurrera Sucursal Centro Constituyentes,Constituyentes Oriente 334. Entre Pasteur y Manuel Ponce. Col. Mercurio. Cp. 76040,Querétaro,Santiago de Querétaro,20.586349,-100.382801
Quadriderm Nf,Caja con Tubo con 30 Gr.,S/M,Medicamentos,Medicamentos,549,2026/04/15,Chedraui,Supermercado / Tienda de Autoservicio,Chedraui Sucursal Centro Sur,Blvd. Bernardo Quintana 502. Carr. con Direccion a Centro Civico. Col. Centro Sur. Cp. 76087,Querétaro,Santiago de Querétaro,20.569354,-100.358831
Queso Americano,Paquete 140 Gr. 8 Rebanadas. Imitación Queso Americano,Nutri,Derivados de Leche,Basicos,22.9,2026/04/03,Superissste,Supermercado / Tienda de Autoservicio,Superissste Sucursal 022,Av. del Taller y Retorno No. 38 Dentro del Retorno 38. Col. Jardin Balbuena. Cp. 15900,Ciudad de México,Venustiano Carranza,19.412842,-99.105666
Queso Americano,Paquete 140 Gr. 8 Rebanadas. Imitación Queso Americano,Nutri,Derivados de Leche,Basicos,22.9,2026/04/10,Superissste,Supermercado / Tienda de Autoservicio,Superissste Sucursal 022,Av. del Taller y Retorno No. 38 Dentro del Retorno 38. Col. Jardin Balbuena. Cp. 15900,Ciudad de México,Venustiano Carranza,19.412842,-99.105666
Queso Americano,Paquete 144 Gr. Queso Procesado,Zwan,Derivados de Leche,Basicos,29,2026/04/06,Chedraui,Supermercado / Tienda de Autoservicio,Chedraui Sucursal Anfora,Anfora 71. Esq. Eje 1 Norte. Col. Madero. Cp. 15320,Ciudad de México,Venustiano Carranza,19.437353,-99.110088
Queso Manchego,1 Kg. Granel,S/M,Derivados de Leche,Mercados,160,2026/04/06,Mercado Publico,Mercados,Mercado Romero Rubio,Cairo S/n. Esq. Persia. Col. Romero Rubio. Cp. 15400,Ciudad de México,Venustiano Carranza,19.388643,-99.066708
Queso Manchego,Paquete 400 Gr. Rebanado,Lala,Derivados de Leche,Basicos,125,2026/04/06,Bodega Aurrera,Supermercado / Tienda de Autoservicio,Bodega Aurrera Sucursal la Viga,Calz. de la Viga 136 Esq. del Taller. Col. Lorenzo Boturini. Cp. 15820,Ciudad de México,Venustiano Carranza,19.414749,-99.127874
Queso Manchego,Paquete 400 Gr. Rebanado,Zwan. Premium,Derivados de Leche,Basicos,90,2026/04/06,Wal-mart,Supermercado / Tienda de Autoservicio,Walmart Sucursal Aeropuerto,Calz. Ignacio Zaragoza 58. Esq. Blvd. Puerto Aereo. Col. Federal. Cp. 15700,Ciudad de México,Venustiano Carranza,19.41926,-99.094521
Queso Panela,Paquete 400 Gr.,Zwan. Premium,Derivados de Leche,Basicos,81,2026/04/06,Chedraui,Supermercado / Tienda de Autoservicio,Chedraui Sucursal Anfora,Anfora 71. Esq. Eje 1 Norte. Col. Madero. Cp. 15320,Ciudad de México,Venustiano Carranza,19.437353,-99.110088
Queso de Puerco,1 Kg. Granel,Parma. Campestre,Carnes Frias Secas y Embutidos,Basicos,270,2026/04/06,Wal-mart,Supermercado / Tienda de Autoservicio,Walmart Sucursal Balbuena,Fray Servando Teresa de Mier 881. Entre Fernando Iglesia Calderon y Genaro Garcia. Col. Jardin Balbuena. Cp. 15900,Ciudad de México,Venustiano Carranza,19.418067,-99.105639
Rastrillos Desechables,Paquete con 2,Perma Sharp Ii,Arts. para el Cuidado Personal,Basicos,22,2026/04/10,Bodega Aurrera,Supermercado / Tienda de Autoservicio,Bodega Aurrera Sucursal Centro Constituyentes,Constituyentes Oriente 334. Entre Pasteur y Manuel Ponce. Col. Mercurio. Cp. 76040,Querétaro,Santiago de Querétaro,20.586349,-100.382801
Redotex,Caja con Frasco con 30 Cápsulas,S/M,Medicamentos,Medicamentos,809,2026/04/15,Chedraui,Supermercado / Tienda de Autoservicio,Chedraui Sucursal Centro Sur,Blvd. Bernardo Quintana 502. Carr. con Direccion a Centro Civico. Col. Centro Sur. Cp. 76087,Querétaro,Santiago de Querétaro,20.569354,-100.358831
Refresco,Botella 1 Lt. No Retornable,Coca Cola,Refrescos Envasados,Basicos,30,2026/04/06,Bodega Aurrera,Supermercado / Tienda de Autoservicio,Bodega Aurrera Sucursal la Viga,Calz. de la Viga 136 Esq. del Taller. Col. Lorenzo Boturini. Cp. 15820,Ciudad de México,Venustiano Carranza,19.414749,-99.127874
Refresco,Botella 2 Lt. No Retornable,Orange Crush,Refrescos Envasados,Basicos,38,2026/04/06,Chedraui,Supermercado / Tienda de Autoservicio,Chedraui Sucursal Anfora,Anfora 71. Esq. Eje 1 Norte. Col. Madero. Cp. 15320,Ciudad de México,Venustiano Carranza,19.437353,-99.110088
Refresco,Botella 2 Lt. No Retornable.,Sidral Mundet,Refrescos Envasados,Basicos,30,2026/04/06,Chedraui,Supermercado / Tienda de Autoservicio,Chedraui Sucursal Anfora,Anfora 71. Esq. Eje 1 Norte. Col. Madero. Cp. 15320,Ciudad de México,Venustiano Carranza,19.437353,-99.110088
Refresco,Botella 2 Lt. No Retornable.,Sidral Mundet,Refrescos Envasados,Basicos,31,2026/04/06,Wal-mart,Supermercado / Tienda de Autoservicio,Walmart Sucursal Balbuena,Fray Servando Teresa de Mier 881. Entre Fernando Iglesia Calderon y Genaro Garcia. Col. Jardin Balbuena. Cp. 15900,Ciudad de México,Venustiano Carranza,19.418067,-99.105639
Refresco,Botella 2 Lt. No Retornable.,Squirt,Refrescos Envasados,Basicos,26,2026/04/03,Superissste,Supermercado / Tienda de Autoservicio,Superissste Sucursal 011,Calle Peluqueros No. 310 Esquina Calle Tizayuca. Col. Michoacana. Cp. 15240,Ciudad de México,Venustiano Carranza,19.446139,-99.113372
Refresco,Botella 2 Lt. No Retornable. Manzanita,Peñafiel,Refrescos Envasados,Basicos,36.9,2026/04/13,Hipermercado Soriana,Supermercado / Tienda de Autoservicio,Soriana Hiper Sucursal Cimatario,Ctra. a Huimilpan 1001. Int. del Centro Comercial Plaza del Sol. Col. Plazas del Sol. Iii Seccion. Cp. 76099,Querétaro,Santiago de Querétaro,20.563227,-100.375284
Refresco,Botella 2.75 Lt. No Retornable,Coca Cola,Refrescos Envasados,Basicos,46,2026/04/06,Wal-mart,Supermercado / Tienda de Autoservicio,Walmart Sucursal Aeropuerto,Calz. Ignacio Zaragoza 58. Esq. Blvd. Puerto Aereo. Col. Federal. Cp. 15700,Ciudad de México,Venustiano Carranza,19.41926,-99.094521
Refresco,Botella 2.75 Lt. No Retornable,Coca Cola,Refrescos Envasados,Basicos,50,2026/04/03,Superissste,Supermercado / Tienda de Autoservicio,Superissste Sucursal 022,Av. del Taller y Retorno No. 38 Dentro del Retorno 38. Col. Jardin Balbuena. Cp. 15900,Ciudad de México,Venustiano Carranza,19.412842,-99.105666
Refresco,Botella 3 Lt. No Retornable,Pepsi,Refrescos Envasados,Basicos,49,2026/04/06,Wal-mart,Supermercado / Tienda de Autoservicio,Walmart Sucursal Aeropuerto,Calz. Ignacio Zaragoza 58. Esq. Blvd. Puerto Aereo. Col. Federal. Cp. 15700,Ciudad de México,Venustiano Carranza,19.41926,-99.094521
Refresco,Botella 3 Lt. No Retornable. Naranja,Fanta,Refrescos Envasados,Basicos,47.5,2026/04/03,Superissste,Supermercado / Tienda de Autoservicio,Superissste Sucursal 022,Av. del Taller y Retorno No. 38 Dentro del Retorno 38. Col. Jardin Balbuena. Cp. 15900,Ciudad de México,Venustiano Carranza,19.412842,-99.105666
Refresco,Botella 3 Lt. No Retornable. Naranja,Fanta,Refrescos Envasados,Basicos,47.5,2026/04/10,Superissste,Supermercado / Tienda de Autoservicio,Superissste Sucursal 022,Av. del Taller y Retorno No. 38 Dentro del Retorno 38. Col. Jardin Balbuena. Cp. 15900,Ciudad de México,Venustiano Carranza,19.412842,-99.105666
Refresco,Botella 600 Ml.,Coca Cola. Light,Refrescos Envasados,Basicos,19,2026/04/06,Chedraui,Supermercado / Tienda de Autoservicio,Chedraui Sucursal Anfora,Anfora 71. Esq. Eje 1 Norte. Col. Madero. Cp. 15320,Ciudad de México,Venustiano Carranza,19.437353,-99.110088
Refresco,Lata 355 Ml.,Coca Cola,Refrescos Envasados,Basicos,23,2026/04/06,Chedraui,Supermercado / Tienda de Autoservicio,Chedraui Sucursal Anfora,Anfora 71. Esq. Eje 1 Norte. Col. Madero. Cp. 15320,Ciudad de México,Venustiano Carranza,19.437353,-99.110088
Refresh Tears,Caja con Frasco Gotero de 15 Ml.,S/M,Medicamentos,Medicamentos,914,2026/04/15,Chedraui,Supermercado / Tienda de Autoservicio,Chedraui Sucursal Centro Sur,Blvd. Bernardo Quintana 502. Carr. con Direccion a Centro Civico. Col. Centro Sur. Cp. 76087,Querétaro,Santiago de Querétaro,20.569354,-100.358831
Refrigeradores,"Vt 40 Wp (silver). 395 Dm3. 2 Puertas, Horizontal y Vertical. Deshielo Automático Ajustable",Lg,Aparatos Electricos,Electrodomesticos,12199,2026/04/13,Coppel,Tienda de Electrodomésticos,Coppel Sucursal Cimatario (233),Del Parque 1001. Int. del Centro Comercial Plaza del Sol. Col. Plazas del Sol. Iii Sección. Cp. 76099,Querétaro,Santiago de Querétaro,20.564142,-100.374792
Reproductores Streaming,Fire Tv Stick 4k,Amazon,Aparatos Electronicos,Electrodomesticos,1299,2026/04/13,Coppel,Tienda de Electrodomésticos,Coppel Sucursal Cimatario (233),Del Parque 1001. Int. del Centro Comercial Plaza del Sol. Col. Plazas del Sol. Iii Sección. Cp. 76099,Querétaro,Santiago de Querétaro,20.564142,-100.374792
Rinelon,Caja con 1 Frasco Nebulizador con 18 Gr. y Válvula Dosificadora. 0.05 % Spray Nasal,S/M,Medicamentos,Medicamentos,1185,2026/04/15,Chedraui,Supermercado / Tienda de Autoservicio,Chedraui Sucursal Centro Sur,Blvd. Bernardo Quintana 502. Carr. con Direccion a Centro Civico. Col. Centro Sur. Cp. 76087,Querétaro,Santiago de Querétaro,20.569354,-100.358831
Rinelon,Caja con 1 Frasco Nebulizador con 18 Gr. y Válvula Dosificadora. 0.05 % Spray Nasal,S/M,Medicamentos,Medicamentos,1299,2026/04/01,Sanborn S Hnos.,Farmacias,Sanborns Sucursal los Arquitos,Constituyentes Oriente 172. Esq. de los Arquitos. Col. los Arquitos. Cp. 76050,Querétaro,Santiago de Querétaro,20.588117,-100.36869
Ropa Interior Desechable y Similares,Paquete 14 Piezas. Pants. Maxi Protect. Mujer. Ch/m. Pañal para Adulto,Tena,Arts. de Papel P/higiene Personal,Basicos,235,2026/04/06,Hipermercado Soriana,Supermercado / Tienda de Autoservicio,Soriana Hiper Sucursal Consulado (418),Rio Consulado 2355. Esq. Carlos Marx. Col. Simon Bolivar. Cp. 15410,Ciudad de México,Venustiano Carranza,19.449572,-99.100376
Salchicha,Paquete 500 Gr. con Pavo,Fud,Carnes Frias Secas y Embutidos,Basicos,52.9,2026/04/14,Oxxo,Tienda de Conveniencia,Oxxo Sucursal Corregidora 50 Cr,Circuito Moises Solana No. 128. Esq. Gertrudis Bocanegra. Col. Burocratas. Cp. 76070,Querétaro,Santiago de Querétaro,20.57462,-100.384232
Salchicha,Paquete 500 Gr. con Pavo. Frankfort,Bafar,Carnes Frias Secas y Embutidos,Basicos,38,2026/04/06,Bodega Aurrera,Supermercado / Tienda de Autoservicio,Bodega Aurrera Sucursal la Viga,Calz. de la Viga 136 Esq. del Taller. Col. Lorenzo Boturini. Cp. 15820,Ciudad de México,Venustiano Carranza,19.414749,-99.127874
Salchicha,Paquete 500 Gr. de Pavo,San Rafael,Carnes Frias Secas y Embutidos,Basicos,53,2026/04/06,Wal-mart,Supermercado / Tienda de Autoservicio,Walmart Sucursal Aeropuerto,Calz. Ignacio Zaragoza 58. Esq. Blvd. Puerto Aereo. Col. Federal. Cp. 15700,Ciudad de México,Venustiano Carranza,19.41926,-99.094521
Salsa Catsup,Botella 220 Gr. Plástico,La Costeña,Condimentos,Basicos,18.5,2026/04/06,Hipermercado Soriana,Supermercado / Tienda de Autoservicio,Soriana Hiper Sucursal Consulado (418),Rio Consulado 2355. Esq. Carlos Marx. Col. Simon Bolivar. Cp. 15410,Ciudad de México,Venustiano Carranza,19.449572,-99.100376
Salsa Inglesa,Botella 145 Ml.,Worcestershire Crosse & Blackwell,Condimentos,Basicos,47,2026/04/06,Wal-mart,Supermercado / Tienda de Autoservicio,Walmart Sucursal Balbuena,Fray Servando Teresa de Mier 881. Entre Fernando Iglesia Calderon y Genaro Garcia. Col. Jardin Balbuena. Cp. 15900,Ciudad de México,Venustiano Carranza,19.418067,-99.105639
Salsa Picante y Similares,Botella 142 Gr. Tapa Blanca. Chile. en Polvo con Limón,Tajín. Clásico,Condimentos,Basicos,38.5,2026/04/10,Superissste,Supermercado / Tienda de Autoservicio,Superissste Sucursal 011,Calle Peluqueros No. 310 Esquina Calle Tizayuca. Col. Michoacana. Cp. 15240,Ciudad de México,Venustiano Carranza,19.446139,-99.113372
Salsa Picante y Similares,Botella 220 Gr. Chipotles Dulces. Adobados Molidos,Clemente Jacques,Condimentos,Basicos,35,2026/04/06,Wal-mart,Supermercado / Tienda de Autoservicio,Walmart Sucursal Aeropuerto,Calz. Ignacio Zaragoza 58. Esq. Blvd. Puerto Aereo. Col. Federal. Cp. 15700,Ciudad de México,Venustiano Carranza,19.41926,-99.094521
Salsa Picante y Similares,Botella 220 Gr. Habanero Molido,Clemente Jacques,Condimentos,Basicos,27.5,2026/04/10,Superissste,Supermercado / Tienda de Autoservicio,Superissste Sucursal 022,Av. del Taller y Retorno No. 38 Dentro del Retorno 38. Col. Jardin Balbuena. Cp. 15900,Ciudad de México,Venustiano Carranza,19.412842,-99.105666
Salsa Picante y Similares,Botella 370 Ml. Etiqueta Amarilla,Valentina,Condimentos,Basicos,16.5,2026/04/10,Superissste,Supermercado / Tienda de Autoservicio,Superissste Sucursal 011,Calle Peluqueros No. 310 Esquina Calle Tizayuca. Col. Michoacana. Cp. 15240,Ciudad de México,Venustiano Carranza,19.446139,-99.113372
Sandwicheras,Sm2118mx,T-fal,Aparatos Electricos,Electrodomesticos,495,2026/04/15,Chedraui,Supermercado / Tienda de Autoservicio,Chedraui Sucursal Centro Sur,Blvd. Bernardo Quintana 502. Carr. con Direccion a Centro Civico. Col. Centro Sur. Cp. 76087,Querétaro,Santiago de Querétaro,20.569354,-100.358831
Sardina,Lata 425 Gr. en Tomate,Calmex,Pescados y Mariscos en Conserva,Basicos,43.5,2026/04/03,Superissste,Supermercado / Tienda de Autoservicio,Superissste Sucursal 022,Av. del Taller y Retorno No. 38 Dentro del Retorno 38. Col. Jardin Balbuena. Cp. 15900,Ciudad de México,Venustiano Carranza,19.412842,-99.105666
Sardina,Lata 425 Gr. en Tomate,Calmex,Pescados y Mariscos en Conserva,Basicos,46,2026/04/06,Chedraui,Supermercado / Tienda de Autoservicio,Chedraui Sucursal Anfora,Anfora 71. Esq. Eje 1 Norte. Col. Madero. Cp. 15320,Ciudad de México,Venustiano Carranza,19.437353,-99.110088
Sardina,Lata 425 Gr. en Tomate,Chedraui,Pescados y Mariscos en Conserva,Pacic,14,2026/04/15,Chedraui,Supermercado / Tienda de Autoservicio,Chedraui Sucursal Centro Sur,Blvd. Bernardo Quintana 502. Carr. con Direccion a Centro Civico. Col. Centro Sur. Cp. 76087,Querétaro,Santiago de Querétaro,20.569354,-100.358831
Sardina,Lata 425 Gr. en Tomate,Portola,Pescados y Mariscos en Conserva,Basicos,38.9,2026/04/03,Superissste,Supermercado / Tienda de Autoservicio,Superissste Sucursal 011,Calle Peluqueros No. 310 Esquina Calle Tizayuca. Col. Michoacana. Cp. 15240,Ciudad de México,Venustiano Carranza,19.446139,-99.113372
Selopres Zok,Caja con 20 Tabletas de 95 Mg./12.5 Mg. Liberación Prolongada,S/M,Medicamentos,Medicamentos,639,2026/04/13,Hipermercado Soriana,Supermercado / Tienda de Autoservicio,Soriana Hiper Sucursal Cimatario,Ctra. a Huimilpan 1001. Int. del Centro Comercial Plaza del Sol. Col. Plazas del Sol. Iii Seccion. Cp. 76099,Querétaro,Santiago de Querétaro,20.563227,-100.375284
Selopres Zok,Caja con 20 Tabletas de 95 Mg./12.5 Mg. Liberación Prolongada,S/M,Medicamentos,Medicamentos,919,2026/04/15,Sanborn S Hnos.,Farmacias,Sanborns Sucursal los Arquitos,Constituyentes Oriente 172. Esq. de los Arquitos. Col. los Arquitos. Cp. 76050,Querétaro,Santiago de Querétaro,20.588117,-100.36869
Sensibit,Caja con 12 Tabletas. Sensibit D Nf,S/M,Medicamentos,Medicamentos,54,2026/04/01,Chedraui,Supermercado / Tienda de Autoservicio,Chedraui Sucursal Centro Sur,Blvd. Bernardo Quintana 502. Carr. con Direccion a Centro Civico. Col. Centro Sur. Cp. 76087,Querétaro,Santiago de Querétaro,20.569354,-100.358831
Sensibit,Caja con 12 Tabletas. Sensibit D Nf,S/M,Medicamentos,Medicamentos,68.5,2026/04/09,La Comer,Supermercado / Tienda de Autoservicio,Lacomer Sucursal Queretaro Estadio,Luis M. Vega y Monroy 1300. Esq.cimatario . Col. Cimatario. Cp. 76090,Querétaro,Santiago de Querétaro,20.577804,-100.373626
Sensibit,Caja con 12 Tabletas. Sensibit D Nf,S/M,Medicamentos,Medicamentos,71,2026/04/06,Wal-mart,Supermercado / Tienda de Autoservicio,Walmart Sucursal Balbuena,Fray Servando Teresa de Mier 881. Entre Fernando Iglesia Calderon y Genaro Garcia. Col. Jardin Balbuena. Cp. 15900,Ciudad de México,Venustiano Carranza,19.418067,-99.105639
Serc,Caja con 30 Tabletas de 24 Mg.,S/M,Medicamentos,Medicamentos,1029,2026/04/15,Sanborn S Hnos.,Farmacias,Sanborns Sucursal los Arquitos,Constituyentes Oriente 172. Esq. de los Arquitos. Col. los Arquitos. Cp. 76050,Querétaro,Santiago de Querétaro,20.588117,-100.36869
Servilletas de Papel Blanco,Paquete 360 Hojas,Fancy,Arts. de Papel P/higiene Personal,Basicos,40,2026/04/06,Bodega Aurrera,Supermercado / Tienda de Autoservicio,Bodega Aurrera Sucursal la Viga,Calz. de la Viga 136 Esq. del Taller. Col. Lorenzo Boturini. Cp. 15820,Ciudad de México,Venustiano Carranza,19.414749,-99.127874
Servilletas de Papel Blanco,Paquete 420 Hojas,Pétalo,Arts. de Papel P/higiene Personal,Basicos,48.5,2026/04/03,Superissste,Supermercado / Tienda de Autoservicio,Superissste Sucursal 022,Av. del Taller y Retorno No. 38 Dentro del Retorno 38. Col. Jardin Balbuena. Cp. 15900,Ciudad de México,Venustiano Carranza,19.412842,-99.105666
Shampoo,Botella 375 Ml. Protección Caída,Head & Shoulders,Arts. para el Cuidado Personal,Basicos,105,2026/04/14,Wal-mart,Supermercado / Tienda de Autoservicio,Walmart Sucursal Unidad Plaza de Toros,Autopista Queretaro Celaya 5501. Int. del Centro Comercial Plaza Esfera. Col. el Jacal. Cp. 76187,Querétaro,Santiago de Querétaro,20.574076,-100.408704
Shampoo,Botella 400 Ml. Control Caída,Pantene,Arts. para el Cuidado Personal,Basicos,105,2026/04/15,Chedraui,Supermercado / Tienda de Autoservicio,Chedraui Sucursal Centro Sur,Blvd. Bernardo Quintana 502. Carr. con Direccion a Centro Civico. Col. Centro Sur. Cp. 76087,Querétaro,Santiago de Querétaro,20.569354,-100.358831
Shampoo,Botella 650 Ml. Aceite de Oliva,Pert,Arts. para el Cuidado Personal,Basicos,45,2026/04/10,Bodega Aurrera,Supermercado / Tienda de Autoservicio,Bodega Aurrera Sucursal Centro Constituyentes,Constituyentes Oriente 334. Entre Pasteur y Manuel Ponce. Col. Mercurio. Cp. 76040,Querétaro,Santiago de Querétaro,20.586349,-100.382801
Shampoo,Botella 650 Ml. Aceite de Oliva,Pert,Arts. para el Cuidado Personal,Basicos,53,2026/04/06,Bodega Aurrera,Supermercado / Tienda de Autoservicio,Bodega Aurrera Sucursal la Viga,Calz. de la Viga 136 Esq. del Taller. Col. Lorenzo Boturini. Cp. 15820,Ciudad de México,Venustiano Carranza,19.414749,-99.127874
Shampoo,Botella 700 Ml. 2 en 1. Hidratación (pulpa de Sábila y Aguacate),Savilé,Arts. para el Cuidado Personal,Basicos,45,2026/04/06,Hipermercado Soriana,Supermercado / Tienda de Autoservicio,Soriana Hiper Sucursal Consulado (418),Rio Consulado 2355. Esq. Carlos Marx. Col. Simon Bolivar. Cp. 15410,Ciudad de México,Venustiano Carranza,19.449572,-99.100376
Shampoo,Botella 700 Ml. con Proteina. con Acondicionador. Suave,Mennen,Arts. para el Cuidado Personal,Basicos,101,2026/04/06,Wal-mart,Supermercado / Tienda de Autoservicio,Walmart Sucursal Aeropuerto,Calz. Ignacio Zaragoza 58. Esq. Blvd. Puerto Aereo. Col. Federal. Cp. 15700,Ciudad de México,Venustiano Carranza,19.41926,-99.094521
Shampoo,Botella 700 Ml. con Proteina. con Acondicionador. Suave,Mennen,Arts. para el Cuidado Personal,Basicos,97,2026/04/03,Superissste,Supermercado / Tienda de Autoservicio,Superissste Sucursal 022,Av. del Taller y Retorno No. 38 Dentro del Retorno 38. Col. Jardin Balbuena. Cp. 15900,Ciudad de México,Venustiano Carranza,19.412842,-99.105666
Shampoo,Botella 700 Ml. con Proteina. con Acondicionador. Suave,Mennen,Arts. para el Cuidado Personal,Basicos,97,2026/04/10,Superissste,Supermercado / Tienda de Autoservicio,Superissste Sucursal 022,Av. del Taller y Retorno No. 38 Dentro del Retorno 38. Col. Jardin Balbuena. Cp. 15900,Ciudad de México,Venustiano Carranza,19.412842,-99.105666
Shampoo para Bebés/niños,Botella 200 Ml.,Mennen. Protección y Suavidad,Arts. para el Cuidado Personal,Basicos,28,2026/04/14,Wal-mart,Supermercado / Tienda de Autoservicio,Walmart Sucursal Unidad Plaza de Toros,Autopista Queretaro Celaya 5501. Int. del Centro Comercial Plaza Esfera. Col. el Jacal. Cp. 76187,Querétaro,Santiago de Querétaro,20.574076,-100.408704
Sierra,1 Kg. Granel. Entero. del Golfo. Fresco,S/M,Pescados y Mariscos,Pescados y Mariscos,99,2026/04/07,Wal-mart,Supermercado / Tienda de Autoservicio,Walmart Sucursal Unidad Plaza de Toros,Autopista Queretaro Celaya 5501. Int. del Centro Comercial Plaza Esfera. Col. el Jacal. Cp. 76187,Querétaro,Santiago de Querétaro,20.574076,-100.408704
Sildenafil,Caja con 1 Tableta de 100 Mg.,S/M,Medicamentos,Medicamentos,60,2026/04/14,Wal-mart,Supermercado / Tienda de Autoservicio,Walmart Sucursal Unidad Plaza de Toros,Autopista Queretaro Celaya 5501. Int. del Centro Comercial Plaza Esfera. Col. el Jacal. Cp. 76187,Querétaro,Santiago de Querétaro,20.574076,-100.408704
Silka Medic,Caja con Tubo con 30 Gr. Gel 1%,S/M,Medicamentos,Medicamentos,142,2026/04/01,Farmacias del Ahorro,Farmacias,Farmacias del Ahorro Sucursal Queretaro,Constituyentes Pte. 46. Entre Fernando de Tapia y Melchor Ocampo. Col. Centro. Cp. 76000,Querétaro,Santiago de Querétaro,20.584013,-100.394346
Stugeron Forte,Caja con 60 Tabletas de 75 Mg.,S/M,Medicamentos,Medicamentos,1339,2026/04/01,Bodega Aurrera,Supermercado / Tienda de Autoservicio,Bodega Aurrera Sucursal Centro Constituyentes,Constituyentes Oriente 334. Entre Pasteur y Manuel Ponce. Col. Mercurio. Cp. 76040,Querétaro,Santiago de Querétaro,20.586349,-100.382801
Suavizante P/ropa,Bolsa 1.3 Lt. (ahorrapack). Cuidado Superior. Fresca Primavera,Suavitel,Detergentes y Productos Similares,Basicos,65,2026/04/06,Bodega Aurrera,Supermercado / Tienda de Autoservicio,Bodega Aurrera Sucursal la Viga,Calz. de la Viga 136 Esq. del Taller. Col. Lorenzo Boturini. Cp. 15820,Ciudad de México,Venustiano Carranza,19.414749,-99.127874
Suavizante P/ropa,Botella 700 Ml. Acondicionador de Telas. Intense Floral,Downy,Detergentes y Productos Similares,Basicos,30,2026/04/07,Oxxo,Tienda de Conveniencia,Oxxo Sucursal Corregidora 50 Cr,Circuito Moises Solana No. 128. Esq. Gertrudis Bocanegra. Col. Burocratas. Cp. 76070,Querétaro,Santiago de Querétaro,20.57462,-100.384232
Suavizante P/ropa,Botella 700 Ml. Acondicionador de Telas. Intense Floral,Downy,Detergentes y Productos Similares,Basicos,31.9,2026/04/10,Superissste,Supermercado / Tienda de Autoservicio,Superissste Sucursal 011,Calle Peluqueros No. 310 Esquina Calle Tizayuca. Col. Michoacana. Cp. 15240,Ciudad de México,Venustiano Carranza,19.446139,-99.113372
Suavizante P/ropa,Botella 740ml. Cuidado Superior. Fresca Primavera,Suavitel,Detergentes y Productos Similares,Basicos,26,2026/04/06,Wal-mart,Supermercado / Tienda de Autoservicio,Walmart Sucursal Aeropuerto,Calz. Ignacio Zaragoza 58. Esq. Blvd. Puerto Aereo. Col. Federal. Cp. 15700,Ciudad de México,Venustiano Carranza,19.41926,-99.094521
Sueros Orales,Botella 625 Ml. Sabor Uva,Electrolit,Medicamentos,Basicos,21.9,2026/04/03,Superissste,Supermercado / Tienda de Autoservicio,Superissste Sucursal 022,Av. del Taller y Retorno No. 38 Dentro del Retorno 38. Col. Jardin Balbuena. Cp. 15900,Ciudad de México,Venustiano Carranza,19.412842,-99.105666
Sufrexal Combi,Caja con 10 Óvulos,S/M,Medicamentos,Medicamentos,1012,2026/04/14,Farmacias del Ahorro,Farmacias,Farmacias del Ahorro Sucursal Queretaro,Constituyentes Pte. 46. Entre Fernando de Tapia y Melchor Ocampo. Col. Centro. Cp. 76000,Querétaro,Santiago de Querétaro,20.584013,-100.394346
Tafirol Flex,Caja con 30 Tabletas de 300 Mg./250 Mg.,S/M,Medicamentos,Medicamentos,899,2026/04/14,Farmacias del Ahorro,Farmacias,Farmacias del Ahorro Sucursal Queretaro,Constituyentes Pte. 46. Entre Fernando de Tapia y Melchor Ocampo. Col. Centro. Cp. 76000,Querétaro,Santiago de Querétaro,20.584013,-100.394346
Tamarindo,Bolsa 500 Gr.,S/M,Productos de Temporada (navideños),Frutas y Legumbres,90,2026/04/06,Wal-mart,Supermercado / Tienda de Autoservicio,Walmart Sucursal Aeropuerto,Calz. Ignacio Zaragoza 58. Esq. Blvd. Puerto Aereo. Col. Federal. Cp. 15700,Ciudad de México,Venustiano Carranza,19.41926,-99.094521
Tampones,Caja 10 Piezas. Super Plus,Tampax,Arts. de Papel P/higiene Personal,Basicos,55,2026/04/15,Chedraui,Supermercado / Tienda de Autoservicio,Chedraui Sucursal Centro Sur,Blvd. Bernardo Quintana 502. Carr. con Direccion a Centro Civico. Col. Centro Sur. Cp. 76087,Querétaro,Santiago de Querétaro,20.569354,-100.358831
Tampones,Caja 12 Piezas. Unika. Súper. Flujo Abundante,Kotex,Arts. de Papel P/higiene Personal,Basicos,40.5,2026/04/06,Chedraui,Supermercado / Tienda de Autoservicio,Chedraui Sucursal Anfora,Anfora 71. Esq. Eje 1 Norte. Col. Madero. Cp. 15320,Ciudad de México,Venustiano Carranza,19.437353,-99.110088
Tecta,Caja con 14 Tabletas de 40 Mg. con Capa Entérica,S/M,Medicamentos,Medicamentos,845,2026/04/14,Farmacias del Ahorro,Farmacias,Farmacias del Ahorro Sucursal Queretaro,Constituyentes Pte. 46. Entre Fernando de Tapia y Melchor Ocampo. Col. Centro. Cp. 76000,Querétaro,Santiago de Querétaro,20.584013,-100.394346
Tempra,Caja con 20 Tabletas de 500 Mg.,S/M,Medicamentos,Medicamentos,99,2026/04/06,Hipermercado Soriana,Supermercado / Tienda de Autoservicio,Soriana Hiper Sucursal Consulado (418),Rio Consulado 2355. Esq. Carlos Marx. Col. Simon Bolivar. Cp. 15410,Ciudad de México,Venustiano Carranza,19.449572,-99.100376
Tenormin,Caja con 28 Tabletas de 50 Mg.,S/M,Medicamentos,Medicamentos,469,2026/04/01,Sanborn S Hnos.,Farmacias,Sanborns Sucursal los Arquitos,Constituyentes Oriente 172. Esq. de los Arquitos. Col. los Arquitos. Cp. 76050,Querétaro,Santiago de Querétaro,20.588117,-100.36869
Termómetro,Digital. Mod. Mc-343f. Blister 1 Pieza,Omron,Arts. para el Cuidado Personal,Medicamentos,95,2026/04/13,Hipermercado Soriana,Supermercado / Tienda de Autoservicio,Soriana Hiper Sucursal Cimatario,Ctra. a Huimilpan 1001. Int. del Centro Comercial Plaza del Sol. Col. Plazas del Sol. Iii Seccion. Cp. 76099,Querétaro,Santiago de Querétaro,20.563227,-100.375284
Termómetro,Digital. Tipo Pluma. Caja o Blister 1 Pieza,S/M,Arts. para el Cuidado Personal,Medicamentos,84,2026/04/15,Sanborn S Hnos.,Farmacias,Sanborns Sucursal los Arquitos,Constituyentes Oriente 172. Esq. de los Arquitos. Col. los Arquitos. Cp. 76050,Querétaro,Santiago de Querétaro,20.588117,-100.36869
Terramicina,Caja con 16 Cápsulas de 500 Mg.,S/M,Medicamentos,Medicamentos,267,2026/04/01,Chedraui,Supermercado / Tienda de Autoservicio,Chedraui Sucursal Centro Sur,Blvd. Bernardo Quintana 502. Carr. con Direccion a Centro Civico. Col. Centro Sur. Cp. 76087,Querétaro,Santiago de Querétaro,20.569354,-100.358831
Terramicina,Caja con 16 Cápsulas de 500 Mg.,S/M,Medicamentos,Medicamentos,292,2026/04/13,Hipermercado Soriana,Supermercado / Tienda de Autoservicio,Soriana Hiper Sucursal Cimatario,Ctra. a Huimilpan 1001. Int. del Centro Comercial Plaza del Sol. Col. Plazas del Sol. Iii Seccion. Cp. 76099,Querétaro,Santiago de Querétaro,20.563227,-100.375284
Tiaminal B12,Caja con Frasco Ámpula de 10 Ml. y Cinco Jeringas de 3 Ml. Esterilizadas Desechables. 50 000,S/M,Medicamentos,Medicamentos,535,2026/04/13,Hipermercado Soriana,Supermercado / Tienda de Autoservicio,Soriana Hiper Sucursal Cimatario,Ctra. a Huimilpan 1001. Int. del Centro Comercial Plaza del Sol. Col. Plazas del Sol. Iii Seccion. Cp. 76099,Querétaro,Santiago de Querétaro,20.563227,-100.375284
Tinte para el Cabello,Caja,Garnier. Nutrisse. 40,Arts. para el Cuidado Personal,Basicos,105,2026/04/15,Chedraui,Supermercado / Tienda de Autoservicio,Chedraui Sucursal Centro Sur,Blvd. Bernardo Quintana 502. Carr. con Direccion a Centro Civico. Col. Centro Sur. Cp. 76087,Querétaro,Santiago de Querétaro,20.569354,-100.358831
Tinte para el Cabello,Caja,L´oréeal Paris. Imédia Excellence Creme. 4,Arts. para el Cuidado Personal,Basicos,128,2026/04/10,Bodega Aurrera,Supermercado / Tienda de Autoservicio,Bodega Aurrera Sucursal Centro Constituyentes,Constituyentes Oriente 334. Entre Pasteur y Manuel Ponce. Col. Mercurio. Cp. 76040,Querétaro,Santiago de Querétaro,20.586349,-100.382801
Toalla Femenina,Bolsa 10 Piezas. Nocturna. Extra Larga con Alas. Flujo Súper Abundante,Kotex,Arts. de Papel P/higiene Personal,Basicos,21.5,2026/04/03,Superissste,Supermercado / Tienda de Autoservicio,Superissste Sucursal 011,Calle Peluqueros No. 310 Esquina Calle Tizayuca. Col. Michoacana. Cp. 15240,Ciudad de México,Venustiano Carranza,19.446139,-99.113372
Toalla Femenina,Bolsa 10 Piezas. Unika. Nocturna. con Alas. Flujo Súper Abundante,Kotex,Arts. de Papel P/higiene Personal,Basicos,29,2026/04/07,Oxxo,Tienda de Conveniencia,Oxxo Sucursal Corregidora 50 Cr,Circuito Moises Solana No. 128. Esq. Gertrudis Bocanegra. Col. Burocratas. Cp. 76070,Querétaro,Santiago de Querétaro,20.57462,-100.384232
Toalla Femenina,Bolsa 12 Piezas. Ultra Invisible. Ultradelgada. Larga con Alas. Flujo Abundante,Saba,Arts. de Papel P/higiene Personal,Basicos,41,2026/04/15,Chedraui,Supermercado / Tienda de Autoservicio,Chedraui Sucursal Centro Sur,Blvd. Bernardo Quintana 502. Carr. con Direccion a Centro Civico. Col. Centro Sur. Cp. 76087,Querétaro,Santiago de Querétaro,20.569354,-100.358831
Toalla Femenina,Bolsa 32 Piezas. Invisible. Delgada con Alas. Flujo Abundante,Saba,Arts. de Papel P/higiene Personal,Basicos,65.5,2026/04/10,Superissste,Supermercado / Tienda de Autoservicio,Superissste Sucursal 022,Av. del Taller y Retorno No. 38 Dentro del Retorno 38. Col. Jardin Balbuena. Cp. 15900,Ciudad de México,Venustiano Carranza,19.412842,-99.105666
Toalla Femenina,Bolsa 8 Piezas. Nocturna con Alas. Extra Largas. Flujo Súper Abundante,Naturella,Arts. de Papel P/higiene Personal,Basicos,25,2026/04/03,Superissste,Supermercado / Tienda de Autoservicio,Superissste Sucursal 011,Calle Peluqueros No. 310 Esquina Calle Tizayuca. Col. Michoacana. Cp. 15240,Ciudad de México,Venustiano Carranza,19.446139,-99.113372
Tomate,1 Kg. Granel. Verde Sin Cáscara,S/M,Hortalizas Frescas,Frutas y Legumbres,67.9,2026/04/08,Chedraui,Supermercado / Tienda de Autoservicio,Chedraui Sucursal Centro Sur,Blvd. Bernardo Quintana 502. Carr. con Direccion a Centro Civico. Col. Centro Sur. Cp. 76087,Querétaro,Santiago de Querétaro,20.569354,-100.358831
Tortilla de Maíz,1 Kg. Granel,S/M,Tortillas y Derivados del Maiz,Basicos,13,2026/04/06,Chedraui,Supermercado / Tienda de Autoservicio,Chedraui Sucursal Anfora,Anfora 71. Esq. Eje 1 Norte. Col. Madero. Cp. 15320,Ciudad de México,Venustiano Carranza,19.437353,-99.110088
Tortilla de Maíz,1 Kg. Granel,S/M,Tortillas y Derivados del Maiz,Basicos,13,2026/04/08,Chedraui,Supermercado / Tienda de Autoservicio,Chedraui Sucursal Centro Sur,Blvd. Bernardo Quintana 502. Carr. con Direccion a Centro Civico. Col. Centro Sur. Cp. 76087,Querétaro,Santiago de Querétaro,20.569354,-100.358831
Tortilla de Maíz,1 Kg. Granel,S/M,Tortillas y Derivados del Maiz,Basicos,13,2026/04/10,Bodega Aurrera,Supermercado / Tienda de Autoservicio,Bodega Aurrera Sucursal Centro Constituyentes,Constituyentes Oriente 334. Entre Pasteur y Manuel Ponce. Col. Mercurio. Cp. 76040,Querétaro,Santiago de Querétaro,20.586349,-100.382801
Tortilla de Maíz,1 Kg. Granel,S/M,Tortillas y Derivados del Maiz,Basicos,13.9,2026/04/06,Hipermercado Soriana,Supermercado / Tienda de Autoservicio,Soriana Hiper Sucursal Consulado (418),Rio Consulado 2355. Esq. Carlos Marx. Col. Simon Bolivar. Cp. 15410,Ciudad de México,Venustiano Carranza,19.449572,-99.100376
Tortilla de Maíz,1 Kg. Granel,S/M,Tortillas y Derivados del Maiz,Basicos,14.5,2026/04/01,Bodega Aurrera,Supermercado / Tienda de Autoservicio,Bodega Aurrera Sucursal Centro Constituyentes,Constituyentes Oriente 334. Entre Pasteur y Manuel Ponce. Col. Mercurio. Cp. 76040,Querétaro,Santiago de Querétaro,20.586349,-100.382801
Tortilla de Maíz,1 Kg. Granel,S/M,Tortillas y Derivados del Maiz,Basicos,14.5,2026/04/06,Bodega Aurrera,Supermercado / Tienda de Autoservicio,Bodega Aurrera Sucursal la Viga,Calz. de la Viga 136 Esq. del Taller. Col. Lorenzo Boturini. Cp. 15820,Ciudad de México,Venustiano Carranza,19.414749,-99.127874
Tortilla de Maíz,1 Kg. Granel,S/M,Tortillas y Derivados del Maiz,Basicos,14.5,2026/04/06,Wal-mart,Supermercado / Tienda de Autoservicio,Walmart Sucursal Aeropuerto,Calz. Ignacio Zaragoza 58. Esq. Blvd. Puerto Aereo. Col. Federal. Cp. 15700,Ciudad de México,Venustiano Carranza,19.41926,-99.094521
Tortilla de Maíz,1 Kg. Granel,S/M,Tortillas y Derivados del Maiz,Basicos,14.5,2026/04/07,Wal-mart,Supermercado / Tienda de Autoservicio,Walmart Sucursal Unidad Plaza de Toros,Autopista Queretaro Celaya 5501. Int. del Centro Comercial Plaza Esfera. Col. el Jacal. Cp. 76187,Querétaro,Santiago de Querétaro,20.574076,-100.408704
Tortilla de Maíz,1 Kg. Granel,S/M,Tortillas y Derivados del Maiz,Basicos,14.5,2026/04/09,La Comer,Supermercado / Tienda de Autoservicio,Lacomer Sucursal Queretaro Estadio,Luis M. Vega y Monroy 1300. Esq.cimatario . Col. Cimatario. Cp. 76090,Querétaro,Santiago de Querétaro,20.577804,-100.373626
Tortilla de Maíz,1 Kg. Granel,S/M,Tortillas y Derivados del Maiz,Basicos,14.5,2026/04/14,Wal-mart,Supermercado / Tienda de Autoservicio,Walmart Sucursal Unidad Plaza de Toros,Autopista Queretaro Celaya 5501. Int. del Centro Comercial Plaza Esfera. Col. el Jacal. Cp. 76187,Querétaro,Santiago de Querétaro,20.574076,-100.408704
Tortilla de Maíz,1 Kg. Granel,S/M,Tortillas y Derivados del Maiz,Basicos,14.8,2026/04/06,Hipermercado Soriana,Supermercado / Tienda de Autoservicio,Soriana Hiper Sucursal Cimatario,Ctra. a Huimilpan 1001. Int. del Centro Comercial Plaza del Sol. Col. Plazas del Sol. Iii Seccion. Cp. 76099,Querétaro,Santiago de Querétaro,20.563227,-100.375284
Tortilla de Maíz,1 Kg. Granel,S/M,Tortillas y Derivados del Maiz,Basicos,14.8,2026/04/13,Hipermercado Soriana,Supermercado / Tienda de Autoservicio,Soriana Hiper Sucursal Cimatario,Ctra. a Huimilpan 1001. Int. del Centro Comercial Plaza del Sol. Col. Plazas del Sol. Iii Seccion. Cp. 76099,Querétaro,Santiago de Querétaro,20.563227,-100.375284
Tortilla de Maíz,1 Kg. Granel,S/M,Tortillas y Derivados del Maiz,Basicos,14.9,2026/04/06,Wal-mart,Supermercado / Tienda de Autoservicio,Walmart Sucursal Balbuena,Fray Servando Teresa de Mier 881. Entre Fernando Iglesia Calderon y Genaro Garcia. Col. Jardin Balbuena. Cp. 15900,Ciudad de México,Venustiano Carranza,19.418067,-99.105639
Tortilla de Maíz,1 Kg. Granel,S/M,Tortillas y Derivados del Maiz,Basicos,16,2026/04/06,Tortillerias Tradicionales,Tortillerías,Tortilleria la Azteca Sucursal Lomas de Casa Blanca,Av. 10 No. 1201 C. Esq. Calle 21. Col. Lomas de Casa Blanca. Cp. 76080,Querétaro,Santiago de Querétaro,20.570646,-100.391756
Tortilla de Maíz,1 Kg. Granel,S/M,Tortillas y Derivados del Maiz,Basicos,16,2026/04/13,Tortillerias Tradicionales,Tortillerías,Tortilleria la Azteca Sucursal Lomas de Casa Blanca,Av. 10 No. 1201 C. Esq. Calle 21. Col. Lomas de Casa Blanca. Cp. 76080,Querétaro,Santiago de Querétaro,20.570646,-100.391756
Tortilla de Maíz,1 Kg. Granel,S/M,Tortillas y Derivados del Maiz,Basicos,19,2026/04/06,Tortillerias Tradicionales,Tortillerías,Tortillería la 10 Sucursal Lomas de Casa Blanca,Av. 10 S/n. Entre Av. 25 y Av. 27. Col. Lomas de Casa Blanca. Cp. 76080,Querétaro,Santiago de Querétaro,20.570415,-100.392998
Tortilla de Maíz,1 Kg. Granel,S/M,Tortillas y Derivados del Maiz,Basicos,19,2026/04/13,Tortillerias Tradicionales,Tortillerías,Tortillería la 10 Sucursal Lomas de Casa Blanca,Av. 10 S/n. Entre Av. 25 y Av. 27. Col. Lomas de Casa Blanca. Cp. 76080,Querétaro,Santiago de Querétaro,20.570415,-100.392998
Tortilla de Maíz,1 Kg. Granel,S/M,Tortillas y Derivados del Maiz,Basicos,20,2026/04/06,Tortillerias Tradicionales,Tortillerías,Tortillería Alondra Sucursal Lomas de Casa Blanca,Calle 25 No. 420. Esq. Av. 10. Col. Lomas de Casa Blanca. Cp. 76080,Querétaro,Santiago de Querétaro,20.570564,-100.392829
Tortilla de Maíz,1 Kg. Granel,S/M,Tortillas y Derivados del Maiz,Basicos,20,2026/04/13,Tortillerias Tradicionales,Tortillerías,Tortillería Alondra Sucursal Lomas de Casa Blanca,Calle 25 No. 420. Esq. Av. 10. Col. Lomas de Casa Blanca. Cp. 76080,Querétaro,Santiago de Querétaro,20.570564,-100.392829
Tortilla de Maíz,1 Kg. Granel,S/M,Tortillas y Derivados del Maiz,Basicos,22,2026/04/06,Tortillerias Tradicionales,Tortillerías,Tortillería Estrella,Persia No. 48. Entre Asia y Cantón. Col. Romero Rubio. Cp. 15400,Ciudad de México,Venustiano Carranza,19.44467,-99.09939
Tortilla de Maíz,1 Kg. Granel,S/M,Tortillas y Derivados del Maiz,Basicos,22,2026/04/06,Tortillerias Tradicionales,Tortillerías,Tortillería Hortelanos,Hortelanos No. 220. Casi Esq. Avicultura. Col. 20 de Noviembre. Cp. 15340,Ciudad de México,Venustiano Carranza,-19.440087,-99.107246
Tortilla de Maíz,1 Kg. Granel,S/M,Tortillas y Derivados del Maiz,Basicos,22,2026/04/06,Tortillerias Tradicionales,Tortillerías,Tortillería Odette,Av. del Taller No. 502. Esq. Doctor Nicólas León. Col. Jardín Balbuena. Cp. 15900,Ciudad de México,Venustiano Carranza,19.413593,-99.110927
Tortilla de Maíz,1 Kg. Granel,S/M,Tortillas y Derivados del Maiz,Basicos,22,2026/04/06,Tortillerias Tradicionales,Tortillerías,Tortillería Persia,Persia No. 48a. Entre Cairo y Asia. Col. Romero Rubio. Cp. 15400,Ciudad de México,Venustiano Carranza,19.44466,-99.099385
Tortilla de Maíz,1 Kg. Granel,S/M,Tortillas y Derivados del Maiz,Basicos,22,2026/04/06,Tortillerias Tradicionales,Tortillerías,Tortillería Pollito Campesino,Retorno 18 de Av. del Taller. Esq. Av. del Taller. Col. Jardín Balbuena. Cp. 15900,Ciudad de México,Venustiano Carranza,19.413395,-99.109274
Tortilla de Maíz,1 Kg. Granel,S/M,Tortillas y Derivados del Maiz,Basicos,24,2026/04/06,Tortillerias Tradicionales,Tortillerías,Tortillería Loliño Sucursal Casa Blanca,Avenida 6 No. 402. Esq. Calle 5. Col. Lomas de Casa Blanca. Cp. 76080,Querétaro,Santiago de Querétaro,20.573752,-100.388436
Tortilla de Maíz,1 Kg. Granel,S/M,Tortillas y Derivados del Maiz,Basicos,24,2026/04/13,Tortillerias Tradicionales,Tortillerías,Tortillería Loliño Sucursal Casa Blanca,Avenida 6 No. 402. Esq. Calle 5. Col. Lomas de Casa Blanca. Cp. 76080,Querétaro,Santiago de Querétaro,20.573752,-100.388436
Tortilla de Maíz,1 Kg. Granel,S/M,Tortillas y Derivados del Maiz,Basicos,25,2026/04/01,Tortillerias Tradicionales,Tortillerías,Tortillería la Candelaria,Cimatario 401. Esq. Arquitectos. Col. Marques. Cp. 76047,Querétaro,Santiago de Querétaro,20.580895,-100.374219
Tortilla de Maíz,1 Kg. Granel,S/M,Tortillas y Derivados del Maiz,Basicos,25,2026/04/01,Tortillerias Tradicionales,Tortillerías,Tortillería las Palmas,Nevado de Toluca 202. Popocatepet e Iztaccihuatl. Col. Fraccionamiento las Palmas. Cp. 76040,Querétaro,Santiago de Querétaro,20.582819,-100.375184
Tortilla de Maíz,1 Kg. Granel,S/M,Tortillas y Derivados del Maiz,Basicos,25,2026/04/06,Tortillerias Tradicionales,Tortillerías,Tortillarama Sucursal Lomas de Casa Blanca,Av. 10 S/n Loc. 207. Int. Mercado Lomas de Casa Blanca. Col. Lomas de Casa Blanca. Cp. 76080,Querétaro,Santiago de Querétaro,20.571521,-100.392274
Tortilla de Maíz,1 Kg. Granel,S/M,Tortillas y Derivados del Maiz,Basicos,25,2026/04/08,Tortillerias Tradicionales,Tortillerías,Tortillería la Candelaria,Cimatario 401. Esq. Arquitectos. Col. Marques. Cp. 76047,Querétaro,Santiago de Querétaro,20.580895,-100.374219
Tortilla de Maíz,1 Kg. Granel,S/M,Tortillas y Derivados del Maiz,Basicos,25,2026/04/09,Tortillerias Tradicionales,Tortillerías,Tortillería la T Sucursal Querétaro,Carlos Pellicer No. 101. Esq. Calle Pasteur. Col. Prados del Mirador. Cp. 76070,Querétaro,Santiago de Querétaro,20.574543,-100.382572
Tortilla de Maíz,1 Kg. Granel,S/M,Tortillas y Derivados del Maiz,Basicos,25,2026/04/10,Tortillerias Tradicionales,Tortillerías,Tortillería Super Tortillerama,Severa Lara 6. Entre Ignacio Zaragoza y Priv. Guerrero. Col. Centro. Cp. 76000,Querétaro,Santiago de Querétaro,20.587122,-100.392745
Tortilla de Maíz,1 Kg. Granel,S/M,Tortillas y Derivados del Maiz,Basicos,25,2026/04/10,Tortillerias Tradicionales,Tortillerías,Tortillería la Esperanza,Lucas Alaman 8. Entre Ignacio Zaragoza y Privada Guerrero. Col. Centro. Cp. 76000,Querétaro,Santiago de Querétaro,20.587479,-100.392635
Tortilla de Maíz,1 Kg. Granel,S/M,Tortillas y Derivados del Maiz,Basicos,25,2026/04/13,Tortillerias Tradicionales,Tortillerías,Tortillarama Sucursal Lomas de Casa Blanca,Av. 10 S/n Loc. 207. Int. Mercado Lomas de Casa Blanca. Col. Lomas de Casa Blanca. Cp. 76080,Querétaro,Santiago de Querétaro,20.571521,-100.392274
Tortilla de Maíz,1 Kg. Granel,S/M,Tortillas y Derivados del Maiz,Basicos,25,2026/04/15,Tortillerias Tradicionales,Tortillerías,Tortillería la Candelaria,Cimatario 401. Esq. Arquitectos. Col. Marques. Cp. 76047,Querétaro,Santiago de Querétaro,20.580895,-100.374219
Tortilla de Maíz,1 Kg. Granel,S/M,Tortillas y Derivados del Maiz,Basicos,25,2026/04/15,Tortillerias Tradicionales,Tortillerías,Tortillería las Palmas,Nevado de Toluca 202. Popocatepet e Iztaccihuatl. Col. Fraccionamiento las Palmas. Cp. 76040,Querétaro,Santiago de Querétaro,20.582819,-100.375184
Tortilla de Maíz,1 Kg. Granel,S/M,Tortillas y Derivados del Maiz,Basicos,26,2026/04/01,Tortillerias Tradicionales,Tortillerías,Tortillería la Guadalupana Sucursal Palmas,Nevado de Colima 234 Esq. Calle Chimborazo. Col. Palmas. Cp. 76040,Querétaro,Santiago de Querétaro,20.584546,-100.376116
Tortilla de Maíz,1 Kg. Granel,S/M,Tortillas y Derivados del Maiz,Basicos,26,2026/04/01,Tortillerias Tradicionales,Tortillerías,Tortillería la Oriental Sucursal Palmas,Del Cimatario 508. Andador Agapito Pozo y Nevado de Toluca. Col. Palmas. Cp. 76040,Querétaro,Santiago de Querétaro,20.582477,-100.374414
Tortilla de Maíz,1 Kg. Granel,S/M,Tortillas y Derivados del Maiz,Basicos,26,2026/04/08,Tortillerias Tradicionales,Tortillerías,Tortillería la Guadalupana Sucursal Palmas,Nevado de Colima 234 Esq. Calle Chimborazo. Col. Palmas. Cp. 76040,Querétaro,Santiago de Querétaro,20.584546,-100.376116
Tortilla de Maíz,1 Kg. Granel,S/M,Tortillas y Derivados del Maiz,Basicos,26,2026/04/15,Tortillerias Tradicionales,Tortillerías,Tortillería la Guadalupana Sucursal Palmas,Nevado de Colima 234 Esq. Calle Chimborazo. Col. Palmas. Cp. 76040,Querétaro,Santiago de Querétaro,20.584546,-100.376116
Tortilla de Maíz,1 Kg. Granel,S/M,Tortillas y Derivados del Maiz,Basicos,26,2026/04/15,Tortillerias Tradicionales,Tortillerías,Tortillería la Oriental Sucursal Palmas,Del Cimatario 508. Andador Agapito Pozo y Nevado de Toluca. Col. Palmas. Cp. 76040,Querétaro,Santiago de Querétaro,20.582477,-100.374414
Tortilla de Maíz,1 Kg. Granel,S/M,Tortillas y Derivados del Maiz,Basicos,27,2026/04/06,Tortillerias Tradicionales,Tortillerías,Tortillería la Oriental Sucursal Casa Blanca,Calle 25 No. 404. Entre Av. 8 y Calle 10. Col. Lomas de Casa Blanca. Cp. 76080,Querétaro,Santiago de Querétaro,20.571283,-100.393128
Tortilla de Maíz,1 Kg. Granel,S/M,Tortillas y Derivados del Maiz,Basicos,28,2026/04/13,Tortillerias Tradicionales,Tortillerías,Tortillería la Oriental Sucursal Casa Blanca,Calle 25 No. 404. Entre Av. 8 y Calle 10. Col. Lomas de Casa Blanca. Cp. 76080,Querétaro,Santiago de Querétaro,20.571283,-100.393128
Tortilla de Maíz,1 Kg. Granel,S/M,Tortillas y Derivados del Maiz,Pacic,13,2026/04/01,Chedraui,Supermercado / Tienda de Autoservicio,Chedraui Sucursal Centro Sur,Blvd. Bernardo Quintana 502. Carr. con Direccion a Centro Civico. Col. Centro Sur. Cp. 76087,Querétaro,Santiago de Querétaro,20.569354,-100.358831
Tortilla de Maíz,1 Kg. Granel,S/M,Tortillas y Derivados del Maiz,Pacic,13,2026/04/06,Chedraui,Supermercado / Tienda de Autoservicio,Chedraui Sucursal Anfora,Anfora 71. Esq. Eje 1 Norte. Col. Madero. Cp. 15320,Ciudad de México,Venustiano Carranza,19.437353,-99.110088
Tortilla de Maíz,1 Kg. Granel,S/M,Tortillas y Derivados del Maiz,Pacic,13,2026/04/08,Chedraui,Supermercado / Tienda de Autoservicio,Chedraui Sucursal Centro Sur,Blvd. Bernardo Quintana 502. Carr. con Direccion a Centro Civico. Col. Centro Sur. Cp. 76087,Querétaro,Santiago de Querétaro,20.569354,-100.358831
Tortilla de Maíz,1 Kg. Granel,S/M,Tortillas y Derivados del Maiz,Pacic,13,2026/04/10,Bodega Aurrera,Supermercado / Tienda de Autoservicio,Bodega Aurrera Sucursal Centro Constituyentes,Constituyentes Oriente 334. Entre Pasteur y Manuel Ponce. Col. Mercurio. Cp. 76040,Querétaro,Santiago de Querétaro,20.586349,-100.382801
Tortilla de Maíz,1 Kg. Granel,S/M,Tortillas y Derivados del Maiz,Pacic,13,2026/04/15,Chedraui,Supermercado / Tienda de Autoservicio,Chedraui Sucursal Centro Sur,Blvd. Bernardo Quintana 502. Carr. con Direccion a Centro Civico. Col. Centro Sur. Cp. 76087,Querétaro,Santiago de Querétaro,20.569354,-100.358831
Tortilla de Maíz,1 Kg. Granel,S/M,Tortillas y Derivados del Maiz,Pacic,13.4,2026/04/01,Wal-mart,Supermercado / Tienda de Autoservicio,Walmart Sucursal Unidad Plaza de Toros,Autopista Queretaro Celaya 5501. Int. del Centro Comercial Plaza Esfera. Col. el Jacal. Cp. 76187,Querétaro,Santiago de Querétaro,20.574076,-100.408704
Tortilla de Maíz,1 Kg. Granel,S/M,Tortillas y Derivados del Maiz,Pacic,13.9,2026/04/06,Hipermercado Soriana,Supermercado / Tienda de Autoservicio,Soriana Hiper Sucursal Consulado (418),Rio Consulado 2355. Esq. Carlos Marx. Col. Simon Bolivar. Cp. 15410,Ciudad de México,Venustiano Carranza,19.449572,-99.100376
Tortilla de Maíz,1 Kg. Granel,S/M,Tortillas y Derivados del Maiz,Pacic,14.5,2026/04/01,Bodega Aurrera,Supermercado / Tienda de Autoservicio,Bodega Aurrera Sucursal Centro Constituyentes,Constituyentes Oriente 334. Entre Pasteur y Manuel Ponce. Col. Mercurio. Cp. 76040,Querétaro,Santiago de Querétaro,20.586349,-100.382801
Tortilla de Maíz,1 Kg. Granel,S/M,Tortillas y Derivados del Maiz,Pacic,14.5,2026/04/01,La Comer,Supermercado / Tienda de Autoservicio,Lacomer Sucursal Queretaro Estadio,Luis M. Vega y Monroy 1300. Esq.cimatario . Col. Cimatario. Cp. 76090,Querétaro,Santiago de Querétaro,20.577804,-100.373626
Tortilla de Maíz,1 Kg. Granel,S/M,Tortillas y Derivados del Maiz,Pacic,14.5,2026/04/06,Bodega Aurrera,Supermercado / Tienda de Autoservicio,Bodega Aurrera Sucursal la Viga,Calz. de la Viga 136 Esq. del Taller. Col. Lorenzo Boturini. Cp. 15820,Ciudad de México,Venustiano Carranza,19.414749,-99.127874
Tortilla de Maíz,1 Kg. Granel,S/M,Tortillas y Derivados del Maiz,Pacic,14.5,2026/04/06,Wal-mart,Supermercado / Tienda de Autoservicio,Walmart Sucursal Aeropuerto,Calz. Ignacio Zaragoza 58. Esq. Blvd. Puerto Aereo. Col. Federal. Cp. 15700,Ciudad de México,Venustiano Carranza,19.41926,-99.094521
Tortilla de Maíz,1 Kg. Granel,S/M,Tortillas y Derivados del Maiz,Pacic,14.5,2026/04/07,Wal-mart,Supermercado / Tienda de Autoservicio,Walmart Sucursal Unidad Plaza de Toros,Autopista Queretaro Celaya 5501. Int. del Centro Comercial Plaza Esfera. Col. el Jacal. Cp. 76187,Querétaro,Santiago de Querétaro,20.574076,-100.408704
Tortilla de Maíz,1 Kg. Granel,S/M,Tortillas y Derivados del Maiz,Pacic,14.5,2026/04/09,La Comer,Supermercado / Tienda de Autoservicio,Lacomer Sucursal Queretaro Estadio,Luis M. Vega y Monroy 1300. Esq.cimatario . Col. Cimatario. Cp. 76090,Querétaro,Santiago de Querétaro,20.577804,-100.373626
Tortilla de Maíz,1 Kg. Granel,S/M,Tortillas y Derivados del Maiz,Pacic,14.5,2026/04/14,Wal-mart,Supermercado / Tienda de Autoservicio,Walmart Sucursal Unidad Plaza de Toros,Autopista Queretaro Celaya 5501. Int. del Centro Comercial Plaza Esfera. Col. el Jacal. Cp. 76187,Querétaro,Santiago de Querétaro,20.574076,-100.408704
Tortilla de Maíz,1 Kg. Granel,S/M,Tortillas y Derivados del Maiz,Pacic,14.8,2026/04/06,Hipermercado Soriana,Supermercado / Tienda de Autoservicio,Soriana Hiper Sucursal Cimatario,Ctra. a Huimilpan 1001. Int. del Centro Comercial Plaza del Sol. Col. Plazas del Sol. Iii Seccion. Cp. 76099,Querétaro,Santiago de Querétaro,20.563227,-100.375284
Tortilla de Maíz,1 Kg. Granel,S/M,Tortillas y Derivados del Maiz,Pacic,14.8,2026/04/13,Hipermercado Soriana,Supermercado / Tienda de Autoservicio,Soriana Hiper Sucursal Cimatario,Ctra. a Huimilpan 1001. Int. del Centro Comercial Plaza del Sol. Col. Plazas del Sol. Iii Seccion. Cp. 76099,Querétaro,Santiago de Querétaro,20.563227,-100.375284
Tortilla de Maíz,1 Kg. Granel,S/M,Tortillas y Derivados del Maiz,Pacic,14.9,2026/04/06,Wal-mart,Supermercado / Tienda de Autoservicio,Walmart Sucursal Balbuena,Fray Servando Teresa de Mier 881. Entre Fernando Iglesia Calderon y Genaro Garcia. Col. Jardin Balbuena. Cp. 15900,Ciudad de México,Venustiano Carranza,19.418067,-99.105639
Tortilla de Maíz,1 Kg. Granel. Amarilla,Max Select,Tortillas y Derivados del Maiz,Pacic,13.9,2026/04/06,Hipermercado Soriana,Supermercado / Tienda de Autoservicio,Soriana Hiper Sucursal Consulado (418),Rio Consulado 2355. Esq. Carlos Marx. Col. Simon Bolivar. Cp. 15410,Ciudad de México,Venustiano Carranza,19.449572,-99.100376
Tortilla de Maíz,1 Kg. Granel. Amarilla,S/M,Tortillas y Derivados del Maiz,Pacic,13,2026/04/06,Chedraui,Supermercado / Tienda de Autoservicio,Chedraui Sucursal Anfora,Anfora 71. Esq. Eje 1 Norte. Col. Madero. Cp. 15320,Ciudad de México,Venustiano Carranza,19.437353,-99.110088
Tortilla de Maíz,1 Kg. Granel. Amarilla,S/M,Tortillas y Derivados del Maiz,Pacic,13,2026/04/08,Chedraui,Supermercado / Tienda de Autoservicio,Chedraui Sucursal Centro Sur,Blvd. Bernardo Quintana 502. Carr. con Direccion a Centro Civico. Col. Centro Sur. Cp. 76087,Querétaro,Santiago de Querétaro,20.569354,-100.358831
Tortilla de Maíz,1 Kg. Granel. Amarilla,S/M,Tortillas y Derivados del Maiz,Pacic,13,2026/04/15,Chedraui,Supermercado / Tienda de Autoservicio,Chedraui Sucursal Centro Sur,Blvd. Bernardo Quintana 502. Carr. con Direccion a Centro Civico. Col. Centro Sur. Cp. 76087,Querétaro,Santiago de Querétaro,20.569354,-100.358831
Tortilla de Maíz,1 Kg. Granel. Amarilla,S/M,Tortillas y Derivados del Maiz,Pacic,15.5,2026/04/06,Hipermercado Soriana,Supermercado / Tienda de Autoservicio,Soriana Hiper Sucursal Cimatario,Ctra. a Huimilpan 1001. Int. del Centro Comercial Plaza del Sol. Col. Plazas del Sol. Iii Seccion. Cp. 76099,Querétaro,Santiago de Querétaro,20.563227,-100.375284
Tortilla de Maíz,1 Kg. Granel. Amarilla,S/M,Tortillas y Derivados del Maiz,Pacic,15.5,2026/04/13,Hipermercado Soriana,Supermercado / Tienda de Autoservicio,Soriana Hiper Sucursal Cimatario,Ctra. a Huimilpan 1001. Int. del Centro Comercial Plaza del Sol. Col. Plazas del Sol. Iii Seccion. Cp. 76099,Querétaro,Santiago de Querétaro,20.563227,-100.375284
Tortilla de Maíz,1 Kg. Granel. Amarilla. Chica,S/M,Tortillas y Derivados del Maiz,Pacic,14.1,2026/04/06,Hipermercado Soriana,Supermercado / Tienda de Autoservicio,Soriana Hiper Sucursal Cimatario,Ctra. a Huimilpan 1001. Int. del Centro Comercial Plaza del Sol. Col. Plazas del Sol. Iii Seccion. Cp. 76099,Querétaro,Santiago de Querétaro,20.563227,-100.375284
Tortilla de Maíz,1 Kg. Granel. Amarilla. Chica,S/M,Tortillas y Derivados del Maiz,Pacic,14.1,2026/04/13,Hipermercado Soriana,Supermercado / Tienda de Autoservicio,Soriana Hiper Sucursal Cimatario,Ctra. a Huimilpan 1001. Int. del Centro Comercial Plaza del Sol. Col. Plazas del Sol. Iii Seccion. Cp. 76099,Querétaro,Santiago de Querétaro,20.563227,-100.375284
Tortilla de Maíz,1 Kg. Granel. Blanca. Chica,S/M,Tortillas y Derivados del Maiz,Pacic,14.1,2026/04/06,Hipermercado Soriana,Supermercado / Tienda de Autoservicio,Soriana Hiper Sucursal Cimatario,Ctra. a Huimilpan 1001. Int. del Centro Comercial Plaza del Sol. Col. Plazas del Sol. Iii Seccion. Cp. 76099,Querétaro,Santiago de Querétaro,20.563227,-100.375284
Tortilla de Maíz,1 Kg. Granel. Blanca. Chica,S/M,Tortillas y Derivados del Maiz,Pacic,14.1,2026/04/13,Hipermercado Soriana,Supermercado / Tienda de Autoservicio,Soriana Hiper Sucursal Cimatario,Ctra. a Huimilpan 1001. Int. del Centro Comercial Plaza del Sol. Col. Plazas del Sol. Iii Seccion. Cp. 76099,Querétaro,Santiago de Querétaro,20.563227,-100.375284
Tostadas de Maíz,Paquete 324 Gr. Onduladas,Milpa Real,Tortillas y Derivados del Maiz,Basicos,34.5,2026/04/10,Superissste,Supermercado / Tienda de Autoservicio,Superissste Sucursal 022,Av. del Taller y Retorno No. 38 Dentro del Retorno 38. Col. Jardin Balbuena. Cp. 15900,Ciudad de México,Venustiano Carranza,19.412842,-99.105666
Tostadas de Maíz,Paquete 324 Gr. Onduladas,Milpa Real,Tortillas y Derivados del Maiz,Basicos,38.5,2026/04/08,Chedraui,Supermercado / Tienda de Autoservicio,Chedraui Sucursal Centro Sur,Blvd. Bernardo Quintana 502. Carr. con Direccion a Centro Civico. Col. Centro Sur. Cp. 76087,Querétaro,Santiago de Querétaro,20.569354,-100.358831
Trayenta,Caja con 30 Tabletas de 5 Mg.,S/M,Medicamentos,Medicamentos,2065,2026/04/14,Wal-mart,Supermercado / Tienda de Autoservicio,Walmart Sucursal Unidad Plaza de Toros,Autopista Queretaro Celaya 5501. Int. del Centro Comercial Plaza Esfera. Col. el Jacal. Cp. 76187,Querétaro,Santiago de Querétaro,20.574076,-100.408704
Trental,Caja con 30 Tabletas de 400 Mg. Liberación Prolongada,S/M,Medicamentos,Medicamentos,955,2026/04/01,Farmacias del Ahorro,Farmacias,Farmacias del Ahorro Sucursal Queretaro,Constituyentes Pte. 46. Entre Fernando de Tapia y Melchor Ocampo. Col. Centro. Cp. 76000,Querétaro,Santiago de Querétaro,20.584013,-100.394346
Uva,1 Kg. Granel. Globo o Red Globo,S/M,Frutas Frescas,Frutas y Legumbres,102.9,2026/04/06,Hipermercado Soriana,Supermercado / Tienda de Autoservicio,Soriana Hiper Sucursal Cimatario,Ctra. a Huimilpan 1001. Int. del Centro Comercial Plaza del Sol. Col. Plazas del Sol. Iii Seccion. Cp. 76099,Querétaro,Santiago de Querétaro,20.563227,-100.375284
Vagitrol -v,Caja con 10 Óvulos,S/M,Medicamentos,Medicamentos,495,2026/04/15,Chedraui,Supermercado / Tienda de Autoservicio,Chedraui Sucursal Centro Sur,Blvd. Bernardo Quintana 502. Carr. con Direccion a Centro Civico. Col. Centro Sur. Cp. 76087,Querétaro,Santiago de Querétaro,20.569354,-100.358831
Vasculflow,Caja con 30 Tabletas de 250 Mg./225 Mg./25 Mg.,S/M,Medicamentos,Medicamentos,854,2026/04/01,Chedraui,Supermercado / Tienda de Autoservicio,Chedraui Sucursal Centro Sur,Blvd. Bernardo Quintana 502. Carr. con Direccion a Centro Civico. Col. Centro Sur. Cp. 76087,Querétaro,Santiago de Querétaro,20.569354,-100.358831
Venda Elástica,Paquete 1 Pieza (30 Cm. X 5 M.). Premium,Le Roy,Medicamentos,Medicamentos,65.9,2026/04/06,Hipermercado Soriana,Supermercado / Tienda de Autoservicio,Soriana Hiper Sucursal Consulado (418),Rio Consulado 2355. Esq. Carlos Marx. Col. Simon Bolivar. Cp. 15410,Ciudad de México,Venustiano Carranza,19.449572,-99.100376
Ventiladores,Freal 2020 o 2020n. 20 Plgs. Piso. 3 Velocidades,Man,Aparatos Electricos,Electrodomesticos,1399,2026/04/06,Coppel,Tienda de Electrodomésticos,Coppel Sucursal Cimatario (233),Del Parque 1001. Int. del Centro Comercial Plaza del Sol. Col. Plazas del Sol. Iii Sección. Cp. 76099,Querétaro,Santiago de Querétaro,20.564142,-100.374792
Viagra,Caja con 4 Tabletas de 100 Mg.,S/M,Medicamentos,Medicamentos,1035,2026/04/01,Wal-mart,Supermercado / Tienda de Autoservicio,Walmart Sucursal Unidad Plaza de Toros,Autopista Queretaro Celaya 5501. Int. del Centro Comercial Plaza Esfera. Col. el Jacal. Cp. 76187,Querétaro,Santiago de Querétaro,20.574076,-100.408704
Vinagre,Botella 1 Lt. Blanco Alcohol Cana,Clemente Jacques,Condimentos,Basicos,18,2026/04/09,La Comer,Supermercado / Tienda de Autoservicio,Lacomer Sucursal Queretaro Estadio,Luis M. Vega y Monroy 1300. Esq.cimatario . Col. Cimatario. Cp. 76090,Querétaro,Santiago de Querétaro,20.577804,-100.373626
Vinagre,Botella 1 Lt. Blanco Alcohol Caña,Barrilito,Condimentos,Basicos,16.5,2026/04/06,Chedraui,Supermercado / Tienda de Autoservicio,Chedraui Sucursal Anfora,Anfora 71. Esq. Eje 1 Norte. Col. Madero. Cp. 15320,Ciudad de México,Venustiano Carranza,19.437353,-99.110088
Xl-3,Caja con 24 Tabletas. Vr,S/M,Medicamentos,Medicamentos,124,2026/04/08,Sanborn S Hnos.,Farmacias,Sanborns Sucursal los Arquitos,Constituyentes Oriente 172. Esq. de los Arquitos. Col. los Arquitos. Cp. 76050,Querétaro,Santiago de Querétaro,20.588117,-100.36869
Yasmin,Caja con 21 Comprimidos,S/M,Medicamentos,Medicamentos,594,2026/04/14,Farmacias del Ahorro,Farmacias,Farmacias del Ahorro Sucursal Queretaro,Constituyentes Pte. 46. Entre Fernando de Tapia y Melchor Ocampo. Col. Centro. Cp. 76000,Querétaro,Santiago de Querétaro,20.584013,-100.394346
Yasmin,Caja con 21 Comprimidos,S/M,Medicamentos,Medicamentos,649,2026/04/15,Sanborn S Hnos.,Farmacias,Sanborns Sucursal los Arquitos,Constituyentes Oriente 172. Esq. de los Arquitos. Col. los Arquitos. Cp. 76050,Querétaro,Santiago de Querétaro,20.588117,-100.36869
Yoghurt,Bote 1 Kg. Fresa,Yoplait,Derivados de Leche,Basicos,48.5,2026/04/09,La Comer,Supermercado / Tienda de Autoservicio,Lacomer Sucursal Queretaro Estadio,Luis M. Vega y Monroy 1300. Esq.cimatario . Col. Cimatario. Cp. 76090,Querétaro,Santiago de Querétaro,20.577804,-100.373626
Yoghurt,Bote 900 Gr. Fresa,Nutri,Derivados de Leche,Basicos,40,2026/04/03,Superissste,Supermercado / Tienda de Autoservicio,Superissste Sucursal 022,Av. del Taller y Retorno No. 38 Dentro del Retorno 38. Col. Jardin Balbuena. Cp. 15900,Ciudad de México,Venustiano Carranza,19.412842,-99.105666
Yoghurt,Envase 220 Gr. Bebible. Fresa,Danone,Derivados de Leche,Basicos,15,2026/04/06,Wal-mart,Supermercado / Tienda de Autoservicio,Walmart Sucursal Balbuena,Fray Servando Teresa de Mier 881. Entre Fernando Iglesia Calderon y Genaro Garcia. Col. Jardin Balbuena. Cp. 15900,Ciudad de México,Venustiano Carranza,19.418067,-99.105639
Yoghurt,Vaso 120 Gr. Fresa,Lala,Derivados de Leche,Basicos,8.5,2026/04/03,Superissste,Supermercado / Tienda de Autoservicio,Superissste Sucursal 011,Calle Peluqueros No. 310 Esquina Calle Tizayuca. Col. Michoacana. Cp. 15240,Ciudad de México,Venustiano Carranza,19.446139,-99.113372
Yoghurt,Vaso 125 Gr. Fresa,Alpura,Derivados de Leche,Basicos,9.5,2026/04/06,Chedraui,Supermercado / Tienda de Autoservicio,Chedraui Sucursal Anfora,Anfora 71. Esq. Eje 1 Norte. Col. Madero. Cp. 15320,Ciudad de México,Venustiano Carranza,19.437353,-99.110088
Yoghurt,Vaso 150 Gr. Natural con Endulzantes. Griego,Oikos,Derivados de Leche,Basicos,20,2026/04/06,Wal-mart,Supermercado / Tienda de Autoservicio,Walmart Sucursal Aeropuerto,Calz. Ignacio Zaragoza 58. Esq. Blvd. Puerto Aereo. Col. Federal. Cp. 15700,Ciudad de México,Venustiano Carranza,19.41926,-99.094521
Zinnat,Caja con 10 Tabletas de 500 Mg.,S/M,Medicamentos,Medicamentos,879,2026/04/01,Sanborn S Hnos.,Farmacias,Sanborns Sucursal los Arquitos,Constituyentes Oriente 172. Esq. de los Arquitos. Col. los Arquitos. Cp. 76050,Querétaro,Santiago de Querétaro,20.588117,-100.36869
