producto,presentacion,marca,categoria,catalogo,precio,fecha_registro,cadena_comercial,giro,nombre_comercial,direccion,estado,municipio,latitud,longitud
Aceite,Botella 1 Lt. Vegetal,1_2_3,Aceites y Grasas Veg. Comestibles,Basicos,43.5,12/05/2026,Oxxo,Tienda de Conveniencia,Oxxo Sucursal Corregidora 50 Cr,Circuito Moises Solana No. 128. Esq. Gertrudis Bocanegra. Col. Burocratas. Cp. 76070,Querétaro,Santiago de Querétaro,20.57462,-100.384232
Aceite,Botella 1 Lt. Vegetal,1_2_3,Aceites y Grasas Veg. Comestibles,Basicos,43.9,01/05/2026,Superissste,Supermercado / Tienda de Autoservicio,Superissste Sucursal 011,Calle Peluqueros No. 310 Esquina Calle Tizayuca. Col. Michoacána. Cp. 15240,Ciudad de México,Venustiano Carranza,19.446139,-99.113372
Aceite,Botella 1 Lt. Vegetal,1_2_3,Aceites y Grasas Veg. Comestibles,Basicos,43.9,01/05/2026,Superissste,Supermercado / Tienda de Autoservicio,Superissste Sucursal 022,Av. del Taller y Retorno No. 38 Dentro del Retorno 38. Col. Jardín Balbuena. Cp. 15900,Ciudad de México,Venustiano Carranza,19.412842,-99.105666
Aceite,Botella 1 Lt. Vegetal,1_2_3,Aceites y Grasas Veg. Comestibles,Basicos,43.9,08/05/2026,Superissste,Supermercado / Tienda de Autoservicio,Superissste Sucursal 011,Calle Peluqueros No. 310 Esquina Calle Tizayuca. Col. Michoacána. Cp. 15240,Ciudad de México,Venustiano Carranza,19.446139,-99.113372
Aceite,Botella 1 Lt. Vegetal,1_2_3,Aceites y Grasas Veg. Comestibles,Basicos,43.9,08/05/2026,Superissste,Supermercado / Tienda de Autoservicio,Superissste Sucursal 022,Av. del Taller y Retorno No. 38 Dentro del Retorno 38. Col. Jardín Balbuena. Cp. 15900,Ciudad de México,Venustiano Carranza,19.412842,-99.105666
Aceite,Botella 1 Lt. Vegetal,1_2_3,Aceites y Grasas Veg. Comestibles,Basicos,43.9,15/05/2026,Superissste,Supermercado / Tienda de Autoservicio,Superissste Sucursal 011,Calle Peluqueros No. 310 Esquina Calle Tizayuca. Col. Michoacána. Cp. 15240,Ciudad de México,Venustiano Carranza,19.446139,-99.113372
Aceite,Botella 1 Lt. Vegetal,1_2_3,Aceites y Grasas Veg. Comestibles,Basicos,43.9,15/05/2026,Superissste,Supermercado / Tienda de Autoservicio,Superissste Sucursal 022,Av. del Taller y Retorno No. 38 Dentro del Retorno 38. Col. Jardín Balbuena. Cp. 15900,Ciudad de México,Venustiano Carranza,19.412842,-99.105666
Aceite,Botella 1 Lt. Vegetal,1_2_3,Aceites y Grasas Veg. Comestibles,Basicos,45,13/05/2026,Bodega Aurrera,Supermercado / Tienda de Autoservicio,Bodega Aurrera Sucursal la Viga,Calz. de la Viga 136 Esq. del Taller. Col. Lorenzo Boturini. Cp. 15820,Ciudad de México,Venustiano Carranza,19.414749,-99.127874
Aceite,Botella 1 Lt. Vegetal,1_2_3,Aceites y Grasas Veg. Comestibles,Basicos,46,13/05/2026,Chedraui,Supermercado / Tienda de Autoservicio,Chedraui Sucursal Centro Sur,Blvd. Bernardo Quintana 502. Carr. con Direccion a Centro Civico. Col. Centro Sur. Cp. 76087,Querétaro,Santiago de Querétaro,20.569354,-100.358831
Aceite,Botella 1 Lt. Vegetal,1_2_3,Aceites y Grasas Veg. Comestibles,Basicos,46,13/05/2026,Wal-mart,Supermercado / Tienda de Autoservicio,Walmart Sucursal Aeropuerto,Calz. Ignacio Zaragoza 58. Esq. Blvd. Puerto Aereo. Col. Federal. Cp. 15700,Ciudad de México,Venustiano Carranza,19.41926,-99.094521
Aceite,Botella 1 Lt. Vegetal,1_2_3,Aceites y Grasas Veg. Comestibles,Basicos,46,13/05/2026,Wal-mart,Supermercado / Tienda de Autoservicio,Walmart Sucursal Balbuena,Fray Servando Teresa de Mier 881. Entre Fernando Iglesia Calderon y Genaro Garcia. Col. Jardín Balbuena. Cp. 15900,Ciudad de México,Venustiano Carranza,19.418067,-99.105639
Aceite,Botella 1 Lt. Vegetal,1_2_3,Aceites y Grasas Veg. Comestibles,Basicos,47,07/05/2026,Bodega Aurrera,Supermercado / Tienda de Autoservicio,Bodega Aurrera Sucursal la Viga,Calz. de la Viga 136 Esq. del Taller. Col. Lorenzo Boturini. Cp. 15820,Ciudad de México,Venustiano Carranza,19.414749,-99.127874
Aceite,Botella 1 Lt. Vegetal,1_2_3,Aceites y Grasas Veg. Comestibles,Basicos,47,08/05/2026,Bodega Aurrera,Supermercado / Tienda de Autoservicio,Bodega Aurrera Sucursal Centro Constituyentes,Constituyentes Oriente 334. Entre Pasteur y Manuel Ponce. Col. MercuRío. Cp. 76040,Querétaro,Santiago de Querétaro,20.586349,-100.382801
Aceite,Botella 1 Lt. Vegetal,1_2_3,Aceites y Grasas Veg. Comestibles,Basicos,47,15/05/2026,Bodega Aurrera,Supermercado / Tienda de Autoservicio,Bodega Aurrera Sucursal Centro Constituyentes,Constituyentes Oriente 334. Entre Pasteur y Manuel Ponce. Col. MercuRío. Cp. 76040,Querétaro,Santiago de Querétaro,20.586349,-100.382801
Aceite,Botella 1 Lt. Vegetal,1_2_3,Aceites y Grasas Veg. Comestibles,Basicos,47.9,04/05/2026,Hipermercado Soriana,Supermercado / Tienda de Autoservicio,Soriana Hiper Sucursal Cimatario,Ctra. a Huimilpan 1001. Int. del Centro Comercial Plaza del Sol. Col. Plazas del Sol. Iii Sección. Cp. 76099,Querétaro,Santiago de Querétaro,20.563227,-100.375284
Aceite,Botella 1 Lt. Vegetal,1_2_3,Aceites y Grasas Veg. Comestibles,Basicos,47.9,13/05/2026,Hipermercado Soriana,Supermercado / Tienda de Autoservicio,Soriana Hiper Sucursal Cimatario,Ctra. a Huimilpan 1001. Int. del Centro Comercial Plaza del Sol. Col. Plazas del Sol. Iii Sección. Cp. 76099,Querétaro,Santiago de Querétaro,20.563227,-100.375284
Aceite,Botella 1 Lt. Vegetal,1_2_3,Aceites y Grasas Veg. Comestibles,Basicos,48,07/05/2026,La Comer,Supermercado / Tienda de Autoservicio,Lacomer Sucursal Queretaro Estadio,Luis M. Vega y Monroy 1300. Esq.cimataRío . Col. CimataRío. Cp. 76090,Querétaro,Santiago de Querétaro,20.577804,-100.373626
Aceite,Botella 1 Lt. Vegetal,1_2_3,Aceites y Grasas Veg. Comestibles,Basicos,48,07/05/2026,Wal-mart,Supermercado / Tienda de Autoservicio,Walmart Sucursal Unidad Plaza de Toros,Autopista Querétaro Celaya 5501. Int. del Centro Comercial Plaza Esfera. Col. el Jacal. Cp. 76187,Querétaro,Santiago de Querétaro,20.574076,-100.408704
Aceite,Botella 1 Lt. Vegetal,1_2_3,Aceites y Grasas Veg. Comestibles,Basicos,48,12/05/2026,Wal-mart,Supermercado / Tienda de Autoservicio,Walmart Sucursal Unidad Plaza de Toros,Autopista Querétaro Celaya 5501. Int. del Centro Comercial Plaza Esfera. Col. el Jacal. Cp. 76187,Querétaro,Santiago de Querétaro,20.574076,-100.408704
Aceite,Botella 1 Lt. Vegetal,1_2_3,Aceites y Grasas Veg. Comestibles,Basicos,48,13/05/2026,Chedraui,Supermercado / Tienda de Autoservicio,Chedraui Sucursal Anfora,Anfora 71. Esq. Eje 1 Norte. Col. Madero. Cp. 15320,Ciudad de México,Venustiano Carranza,19.437353,-99.110088
Aceite,Botella 1 Lt. Vegetal,1_2_3,Aceites y Grasas Veg. Comestibles,Basicos,48,14/05/2026,La Comer,Supermercado / Tienda de Autoservicio,Lacomer Sucursal Queretaro Estadio,Luis M. Vega y Monroy 1300. Esq.cimataRío . Col. CimataRío. Cp. 76090,Querétaro,Santiago de Querétaro,20.577804,-100.373626
Aceite,Botella 750 Ml. Canola,Capullo,Aceites y Grasas Veg. Comestibles,Basicos,45,08/05/2026,Bodega Aurrera,Supermercado / Tienda de Autoservicio,Bodega Aurrera Sucursal Centro Constituyentes,Constituyentes Oriente 334. Entre Pasteur y Manuel Ponce. Col. MercuRío. Cp. 76040,Querétaro,Santiago de Querétaro,20.586349,-100.382801
Aceite,Botella 750 Ml. Canola,Capullo,Aceites y Grasas Veg. Comestibles,Basicos,45,13/05/2026,Bodega Aurrera,Supermercado / Tienda de Autoservicio,Bodega Aurrera Sucursal la Viga,Calz. de la Viga 136 Esq. del Taller. Col. Lorenzo Boturini. Cp. 15820,Ciudad de México,Venustiano Carranza,19.414749,-99.127874
Aceite,Botella 750 Ml. Canola,Capullo,Aceites y Grasas Veg. Comestibles,Basicos,45,15/05/2026,Bodega Aurrera,Supermercado / Tienda de Autoservicio,Bodega Aurrera Sucursal Centro Constituyentes,Constituyentes Oriente 334. Entre Pasteur y Manuel Ponce. Col. MercuRío. Cp. 76040,Querétaro,Santiago de Querétaro,20.586349,-100.382801
Aceite,Botella 750 Ml. Canola,Capullo,Aceites y Grasas Veg. Comestibles,Basicos,46,07/05/2026,Wal-mart,Supermercado / Tienda de Autoservicio,Walmart Sucursal Balbuena,Fray Servando Teresa de Mier 881. Entre Fernando Iglesia Calderon y Genaro Garcia. Col. Jardín Balbuena. Cp. 15900,Ciudad de México,Venustiano Carranza,19.418067,-99.105639
Aceite,Botella 750 Ml. Canola,Capullo,Aceites y Grasas Veg. Comestibles,Basicos,46,07/05/2026,Wal-mart,Supermercado / Tienda de Autoservicio,Walmart Sucursal Unidad Plaza de Toros,Autopista Querétaro Celaya 5501. Int. del Centro Comercial Plaza Esfera. Col. el Jacal. Cp. 76187,Querétaro,Santiago de Querétaro,20.574076,-100.408704
Aceite,Botella 750 Ml. Canola,Capullo,Aceites y Grasas Veg. Comestibles,Basicos,46,12/05/2026,Wal-mart,Supermercado / Tienda de Autoservicio,Walmart Sucursal Unidad Plaza de Toros,Autopista Querétaro Celaya 5501. Int. del Centro Comercial Plaza Esfera. Col. el Jacal. Cp. 76187,Querétaro,Santiago de Querétaro,20.574076,-100.408704
Aceite,Botella 750 Ml. Canola,Capullo,Aceites y Grasas Veg. Comestibles,Basicos,46,13/05/2026,Wal-mart,Supermercado / Tienda de Autoservicio,Walmart Sucursal Aeropuerto,Calz. Ignacio Zaragoza 58. Esq. Blvd. Puerto Aereo. Col. Federal. Cp. 15700,Ciudad de México,Venustiano Carranza,19.41926,-99.094521
Aceite,Botella 750 Ml. Canola,Capullo,Aceites y Grasas Veg. Comestibles,Basicos,46,13/05/2026,Wal-mart,Supermercado / Tienda de Autoservicio,Walmart Sucursal Balbuena,Fray Servando Teresa de Mier 881. Entre Fernando Iglesia Calderon y Genaro Garcia. Col. Jardín Balbuena. Cp. 15900,Ciudad de México,Venustiano Carranza,19.418067,-99.105639
Aceite,Botella 765 Ml. Maíz,Mazola,Aceites y Grasas Veg. Comestibles,Basicos,58,07/05/2026,Wal-mart,Supermercado / Tienda de Autoservicio,Walmart Sucursal Balbuena,Fray Servando Teresa de Mier 881. Entre Fernando Iglesia Calderon y Genaro Garcia. Col. Jardín Balbuena. Cp. 15900,Ciudad de México,Venustiano Carranza,19.418067,-99.105639
Aceite,Botella 765 Ml. Maíz,Mazola,Aceites y Grasas Veg. Comestibles,Basicos,58,13/05/2026,Chedraui,Supermercado / Tienda de Autoservicio,Chedraui Sucursal Anfora,Anfora 71. Esq. Eje 1 Norte. Col. Madero. Cp. 15320,Ciudad de México,Venustiano Carranza,19.437353,-99.110088
Aceite,Botella 765 Ml. Maíz,Mazola,Aceites y Grasas Veg. Comestibles,Basicos,58,13/05/2026,Wal-mart,Supermercado / Tienda de Autoservicio,Walmart Sucursal Aeropuerto,Calz. Ignacio Zaragoza 58. Esq. Blvd. Puerto Aereo. Col. Federal. Cp. 15700,Ciudad de México,Venustiano Carranza,19.41926,-99.094521
Aceite,Botella 765 Ml. Maíz,Mazola,Aceites y Grasas Veg. Comestibles,Basicos,58,13/05/2026,Wal-mart,Supermercado / Tienda de Autoservicio,Walmart Sucursal Balbuena,Fray Servando Teresa de Mier 881. Entre Fernando Iglesia Calderon y Genaro Garcia. Col. Jardín Balbuena. Cp. 15900,Ciudad de México,Venustiano Carranza,19.418067,-99.105639
Aceite,Botella 765 Ml. Maíz,Mazola,Aceites y Grasas Veg. Comestibles,Basicos,65,07/05/2026,La Comer,Supermercado / Tienda de Autoservicio,Lacomer Sucursal Queretaro Estadio,Luis M. Vega y Monroy 1300. Esq.cimataRío . Col. CimataRío. Cp. 76090,Querétaro,Santiago de Querétaro,20.577804,-100.373626
Aceite,Botella 765 Ml. Maíz,Mazola,Aceites y Grasas Veg. Comestibles,Basicos,65,13/05/2026,Chedraui,Supermercado / Tienda de Autoservicio,Chedraui Sucursal Centro Sur,Blvd. Bernardo Quintana 502. Carr. con Direccion a Centro Civico. Col. Centro Sur. Cp. 76087,Querétaro,Santiago de Querétaro,20.569354,-100.358831
Aceite,Botella 765 Ml. Maíz,Mazola,Aceites y Grasas Veg. Comestibles,Basicos,65,14/05/2026,La Comer,Supermercado / Tienda de Autoservicio,Lacomer Sucursal Queretaro Estadio,Luis M. Vega y Monroy 1300. Esq.cimataRío . Col. CimataRío. Cp. 76090,Querétaro,Santiago de Querétaro,20.577804,-100.373626
Aceite,Botella 800 Ml. Vegetal,Aurrera,Aceites y Grasas Veg. Comestibles,Basicos,30,12/05/2026,Wal-mart,Supermercado / Tienda de Autoservicio,Walmart Sucursal Unidad Plaza de Toros,Autopista Querétaro Celaya 5501. Int. del Centro Comercial Plaza Esfera. Col. el Jacal. Cp. 76187,Querétaro,Santiago de Querétaro,20.574076,-100.408704
Aceite,Botella 800 Ml. Vegetal,Aurrera,Aceites y Grasas Veg. Comestibles,Basicos,30,13/05/2026,Wal-mart,Supermercado / Tienda de Autoservicio,Walmart Sucursal Aeropuerto,Calz. Ignacio Zaragoza 58. Esq. Blvd. Puerto Aereo. Col. Federal. Cp. 15700,Ciudad de México,Venustiano Carranza,19.41926,-99.094521
Aceite,Botella 800 Ml. Vegetal,Aurrera,Aceites y Grasas Veg. Comestibles,Basicos,30,15/05/2026,Bodega Aurrera,Supermercado / Tienda de Autoservicio,Bodega Aurrera Sucursal Centro Constituyentes,Constituyentes Oriente 334. Entre Pasteur y Manuel Ponce. Col. MercuRío. Cp. 76040,Querétaro,Santiago de Querétaro,20.586349,-100.382801
Aceite,Botella 800 Ml. Vegetal,Aurrera,Aceites y Grasas Veg. Comestibles,Basicos,31,07/05/2026,Wal-mart,Supermercado / Tienda de Autoservicio,Walmart Sucursal Balbuena,Fray Servando Teresa de Mier 881. Entre Fernando Iglesia Calderon y Genaro Garcia. Col. Jardín Balbuena. Cp. 15900,Ciudad de México,Venustiano Carranza,19.418067,-99.105639
Aceite,Botella 800 Ml. Vegetal,Aurrera,Aceites y Grasas Veg. Comestibles,Basicos,31,07/05/2026,Wal-mart,Supermercado / Tienda de Autoservicio,Walmart Sucursal Unidad Plaza de Toros,Autopista Querétaro Celaya 5501. Int. del Centro Comercial Plaza Esfera. Col. el Jacal. Cp. 76187,Querétaro,Santiago de Querétaro,20.574076,-100.408704
Aceite,Botella 800 Ml. Vegetal,Aurrera,Aceites y Grasas Veg. Comestibles,Basicos,31,13/05/2026,Wal-mart,Supermercado / Tienda de Autoservicio,Walmart Sucursal Balbuena,Fray Servando Teresa de Mier 881. Entre Fernando Iglesia Calderon y Genaro Garcia. Col. Jardín Balbuena. Cp. 15900,Ciudad de México,Venustiano Carranza,19.418067,-99.105639
Aceite,Botella 800 Ml. Vegetal,Chedraui,Aceites y Grasas Veg. Comestibles,Basicos,28,13/05/2026,Chedraui,Supermercado / Tienda de Autoservicio,Chedraui Sucursal Anfora,Anfora 71. Esq. Eje 1 Norte. Col. Madero. Cp. 15320,Ciudad de México,Venustiano Carranza,19.437353,-99.110088
Aceite,Botella 800 Ml. Vegetal,Chedraui,Aceites y Grasas Veg. Comestibles,Basicos,29,06/05/2026,Chedraui,Supermercado / Tienda de Autoservicio,Chedraui Sucursal Centro Sur,Blvd. Bernardo Quintana 502. Carr. con Direccion a Centro Civico. Col. Centro Sur. Cp. 76087,Querétaro,Santiago de Querétaro,20.569354,-100.358831
Aceite,Botella 800 Ml. Vegetal,Chedraui,Aceites y Grasas Veg. Comestibles,Basicos,29,13/05/2026,Chedraui,Supermercado / Tienda de Autoservicio,Chedraui Sucursal Centro Sur,Blvd. Bernardo Quintana 502. Carr. con Direccion a Centro Civico. Col. Centro Sur. Cp. 76087,Querétaro,Santiago de Querétaro,20.569354,-100.358831
Aceite,Botella 800 Ml. Vegetal,Gran Tradición,Aceites y Grasas Veg. Comestibles,Basicos,29,13/05/2026,Chedraui,Supermercado / Tienda de Autoservicio,Chedraui Sucursal Anfora,Anfora 71. Esq. Eje 1 Norte. Col. Madero. Cp. 15320,Ciudad de México,Venustiano Carranza,19.437353,-99.110088
Aceite,Botella 800 Ml. Vegetal,Gran Tradición,Aceites y Grasas Veg. Comestibles,Basicos,30.5,13/05/2026,Chedraui,Supermercado / Tienda de Autoservicio,Chedraui Sucursal Centro Sur,Blvd. Bernardo Quintana 502. Carr. con Direccion a Centro Civico. Col. Centro Sur. Cp. 76087,Querétaro,Santiago de Querétaro,20.569354,-100.358831
Aceite,Botella 825 Ml. Cártamo,Oleico,Aceites y Grasas Veg. Comestibles,Basicos,63.5,13/05/2026,Chedraui,Supermercado / Tienda de Autoservicio,Chedraui Sucursal Anfora,Anfora 71. Esq. Eje 1 Norte. Col. Madero. Cp. 15320,Ciudad de México,Venustiano Carranza,19.437353,-99.110088
Aceite,Botella 825 Ml. Cártamo,Oleico,Aceites y Grasas Veg. Comestibles,Basicos,65,13/05/2026,Chedraui,Supermercado / Tienda de Autoservicio,Chedraui Sucursal Centro Sur,Blvd. Bernardo Quintana 502. Carr. con Direccion a Centro Civico. Col. Centro Sur. Cp. 76087,Querétaro,Santiago de Querétaro,20.569354,-100.358831
Aceite,Botella 825 Ml. Cártamo,Oleico,Aceites y Grasas Veg. Comestibles,Basicos,66,07/05/2026,La Comer,Supermercado / Tienda de Autoservicio,Lacomer Sucursal Queretaro Estadio,Luis M. Vega y Monroy 1300. Esq.cimataRío . Col. CimataRío. Cp. 76090,Querétaro,Santiago de Querétaro,20.577804,-100.373626
Aceite,Botella 825 Ml. Cártamo,Oleico,Aceites y Grasas Veg. Comestibles,Basicos,66,14/05/2026,La Comer,Supermercado / Tienda de Autoservicio,Lacomer Sucursal Queretaro Estadio,Luis M. Vega y Monroy 1300. Esq.cimataRío . Col. CimataRío. Cp. 76090,Querétaro,Santiago de Querétaro,20.577804,-100.373626
Aceite,Botella 825 Ml. Cártamo,Oleico,Aceites y Grasas Veg. Comestibles,Basicos,67,08/05/2026,Bodega Aurrera,Supermercado / Tienda de Autoservicio,Bodega Aurrera Sucursal Centro Constituyentes,Constituyentes Oriente 334. Entre Pasteur y Manuel Ponce. Col. MercuRío. Cp. 76040,Querétaro,Santiago de Querétaro,20.586349,-100.382801
Aceite,Botella 825 Ml. Cártamo,Oleico,Aceites y Grasas Veg. Comestibles,Basicos,67,13/05/2026,Bodega Aurrera,Supermercado / Tienda de Autoservicio,Bodega Aurrera Sucursal la Viga,Calz. de la Viga 136 Esq. del Taller. Col. Lorenzo Boturini. Cp. 15820,Ciudad de México,Venustiano Carranza,19.414749,-99.127874
Aceite,Botella 825 Ml. Cártamo,Oleico,Aceites y Grasas Veg. Comestibles,Basicos,67,15/05/2026,Bodega Aurrera,Supermercado / Tienda de Autoservicio,Bodega Aurrera Sucursal Centro Constituyentes,Constituyentes Oriente 334. Entre Pasteur y Manuel Ponce. Col. MercuRío. Cp. 76040,Querétaro,Santiago de Querétaro,20.586349,-100.382801
Aceite,Botella 825 Ml. Cártamo,Oleico,Aceites y Grasas Veg. Comestibles,Basicos,67.5,13/05/2026,Hipermercado Soriana,Supermercado / Tienda de Autoservicio,Soriana Hiper Sucursal Cimatario,Ctra. a Huimilpan 1001. Int. del Centro Comercial Plaza del Sol. Col. Plazas del Sol. Iii Sección. Cp. 76099,Querétaro,Santiago de Querétaro,20.563227,-100.375284
Aceite,Botella 825 Ml. Cártamo,Oleico,Aceites y Grasas Veg. Comestibles,Basicos,67.5,13/05/2026,Hipermercado Soriana,Supermercado / Tienda de Autoservicio,Soriana Hiper Sucursal Consulado (418),Río Consulado 2355. Esq. Carlos Marx. Col. Simon Bolivar. Cp. 15410,Ciudad de México,Venustiano Carranza,19.449572,-99.100376
Aceite,Botella 825 Ml. Cártamo,Oleico,Aceites y Grasas Veg. Comestibles,Basicos,68,01/05/2026,Superissste,Supermercado / Tienda de Autoservicio,Superissste Sucursal 011,Calle Peluqueros No. 310 Esquina Calle Tizayuca. Col. Michoacána. Cp. 15240,Ciudad de México,Venustiano Carranza,19.446139,-99.113372
Aceite,Botella 825 Ml. Cártamo,Oleico,Aceites y Grasas Veg. Comestibles,Basicos,68,01/05/2026,Superissste,Supermercado / Tienda de Autoservicio,Superissste Sucursal 022,Av. del Taller y Retorno No. 38 Dentro del Retorno 38. Col. Jardín Balbuena. Cp. 15900,Ciudad de México,Venustiano Carranza,19.412842,-99.105666
Aceite,Botella 825 Ml. Cártamo,Oleico,Aceites y Grasas Veg. Comestibles,Basicos,68,07/05/2026,Wal-mart,Supermercado / Tienda de Autoservicio,Walmart Sucursal Balbuena,Fray Servando Teresa de Mier 881. Entre Fernando Iglesia Calderon y Genaro Garcia. Col. Jardín Balbuena. Cp. 15900,Ciudad de México,Venustiano Carranza,19.418067,-99.105639
Aceite,Botella 825 Ml. Cártamo,Oleico,Aceites y Grasas Veg. Comestibles,Basicos,68,07/05/2026,Wal-mart,Supermercado / Tienda de Autoservicio,Walmart Sucursal Unidad Plaza de Toros,Autopista Querétaro Celaya 5501. Int. del Centro Comercial Plaza Esfera. Col. el Jacal. Cp. 76187,Querétaro,Santiago de Querétaro,20.574076,-100.408704
Aceite,Botella 825 Ml. Cártamo,Oleico,Aceites y Grasas Veg. Comestibles,Basicos,68,08/05/2026,Superissste,Supermercado / Tienda de Autoservicio,Superissste Sucursal 011,Calle Peluqueros No. 310 Esquina Calle Tizayuca. Col. Michoacána. Cp. 15240,Ciudad de México,Venustiano Carranza,19.446139,-99.113372
Aceite,Botella 825 Ml. Cártamo,Oleico,Aceites y Grasas Veg. Comestibles,Basicos,68,08/05/2026,Superissste,Supermercado / Tienda de Autoservicio,Superissste Sucursal 022,Av. del Taller y Retorno No. 38 Dentro del Retorno 38. Col. Jardín Balbuena. Cp. 15900,Ciudad de México,Venustiano Carranza,19.412842,-99.105666
Aceite,Botella 825 Ml. Cártamo,Oleico,Aceites y Grasas Veg. Comestibles,Basicos,68,12/05/2026,Wal-mart,Supermercado / Tienda de Autoservicio,Walmart Sucursal Unidad Plaza de Toros,Autopista Querétaro Celaya 5501. Int. del Centro Comercial Plaza Esfera. Col. el Jacal. Cp. 76187,Querétaro,Santiago de Querétaro,20.574076,-100.408704
Aceite,Botella 825 Ml. Cártamo,Oleico,Aceites y Grasas Veg. Comestibles,Basicos,68,13/05/2026,Wal-mart,Supermercado / Tienda de Autoservicio,Walmart Sucursal Aeropuerto,Calz. Ignacio Zaragoza 58. Esq. Blvd. Puerto Aereo. Col. Federal. Cp. 15700,Ciudad de México,Venustiano Carranza,19.41926,-99.094521
Aceite,Botella 825 Ml. Cártamo,Oleico,Aceites y Grasas Veg. Comestibles,Basicos,68,13/05/2026,Wal-mart,Supermercado / Tienda de Autoservicio,Walmart Sucursal Balbuena,Fray Servando Teresa de Mier 881. Entre Fernando Iglesia Calderon y Genaro Garcia. Col. Jardín Balbuena. Cp. 15900,Ciudad de México,Venustiano Carranza,19.418067,-99.105639
Aceite,Botella 825 Ml. Cártamo,Oleico,Aceites y Grasas Veg. Comestibles,Basicos,68,15/05/2026,Superissste,Supermercado / Tienda de Autoservicio,Superissste Sucursal 011,Calle Peluqueros No. 310 Esquina Calle Tizayuca. Col. Michoacána. Cp. 15240,Ciudad de México,Venustiano Carranza,19.446139,-99.113372
Aceite,Botella 825 Ml. Cártamo,Oleico,Aceites y Grasas Veg. Comestibles,Basicos,68,15/05/2026,Superissste,Supermercado / Tienda de Autoservicio,Superissste Sucursal 022,Av. del Taller y Retorno No. 38 Dentro del Retorno 38. Col. Jardín Balbuena. Cp. 15900,Ciudad de México,Venustiano Carranza,19.412842,-99.105666
Aceite,Botella 840 Ml. Canola,Capullo,Aceites y Grasas Veg. Comestibles,Basicos,49,12/05/2026,Oxxo,Tienda de Conveniencia,Oxxo Sucursal Corregidora 50 Cr,Circuito Moises Solana No. 128. Esq. Gertrudis Bocanegra. Col. Burocratas. Cp. 76070,Querétaro,Santiago de Querétaro,20.57462,-100.384232
Aceite,Botella 840 Ml. Canola,Capullo,Aceites y Grasas Veg. Comestibles,Basicos,50,06/05/2026,Chedraui,Supermercado / Tienda de Autoservicio,Chedraui Sucursal Centro Sur,Blvd. Bernardo Quintana 502. Carr. con Direccion a Centro Civico. Col. Centro Sur. Cp. 76087,Querétaro,Santiago de Querétaro,20.569354,-100.358831
Aceite,Botella 840 Ml. Canola,Capullo,Aceites y Grasas Veg. Comestibles,Basicos,50,07/05/2026,La Comer,Supermercado / Tienda de Autoservicio,Lacomer Sucursal Queretaro Estadio,Luis M. Vega y Monroy 1300. Esq.cimataRío . Col. CimataRío. Cp. 76090,Querétaro,Santiago de Querétaro,20.577804,-100.373626
Aceite,Botella 840 Ml. Canola,Capullo,Aceites y Grasas Veg. Comestibles,Basicos,50,13/05/2026,Chedraui,Supermercado / Tienda de Autoservicio,Chedraui Sucursal Centro Sur,Blvd. Bernardo Quintana 502. Carr. con Direccion a Centro Civico. Col. Centro Sur. Cp. 76087,Querétaro,Santiago de Querétaro,20.569354,-100.358831
Aceite,Botella 840 Ml. Canola,Capullo,Aceites y Grasas Veg. Comestibles,Basicos,50,14/05/2026,La Comer,Supermercado / Tienda de Autoservicio,Lacomer Sucursal Queretaro Estadio,Luis M. Vega y Monroy 1300. Esq.cimataRío . Col. CimataRío. Cp. 76090,Querétaro,Santiago de Querétaro,20.577804,-100.373626
Aceite,Botella 840 Ml. Canola,Capullo,Aceites y Grasas Veg. Comestibles,Basicos,56,13/05/2026,Chedraui,Supermercado / Tienda de Autoservicio,Chedraui Sucursal Anfora,Anfora 71. Esq. Eje 1 Norte. Col. Madero. Cp. 15320,Ciudad de México,Venustiano Carranza,19.437353,-99.110088
Aceite,Botella 850 Ml. Soya,Nutrioli,Aceites y Grasas Veg. Comestibles,Basicos,36,13/05/2026,Chedraui,Supermercado / Tienda de Autoservicio,Chedraui Sucursal Anfora,Anfora 71. Esq. Eje 1 Norte. Col. Madero. Cp. 15320,Ciudad de México,Venustiano Carranza,19.437353,-99.110088
Aceite,Botella 850 Ml. Soya,Nutrioli,Aceites y Grasas Veg. Comestibles,Basicos,39.9,13/05/2026,Hipermercado Soriana,Supermercado / Tienda de Autoservicio,Soriana Hiper Sucursal Cimatario,Ctra. a Huimilpan 1001. Int. del Centro Comercial Plaza del Sol. Col. Plazas del Sol. Iii Sección. Cp. 76099,Querétaro,Santiago de Querétaro,20.563227,-100.375284
Aceite,Botella 850 Ml. Soya,Nutrioli,Aceites y Grasas Veg. Comestibles,Basicos,41.5,06/05/2026,Chedraui,Supermercado / Tienda de Autoservicio,Chedraui Sucursal Centro Sur,Blvd. Bernardo Quintana 502. Carr. con Direccion a Centro Civico. Col. Centro Sur. Cp. 76087,Querétaro,Santiago de Querétaro,20.569354,-100.358831
Aceite,Botella 850 Ml. Soya,Nutrioli,Aceites y Grasas Veg. Comestibles,Basicos,41.5,13/05/2026,Chedraui,Supermercado / Tienda de Autoservicio,Chedraui Sucursal Centro Sur,Blvd. Bernardo Quintana 502. Carr. con Direccion a Centro Civico. Col. Centro Sur. Cp. 76087,Querétaro,Santiago de Querétaro,20.569354,-100.358831
Aceite,Botella 850 Ml. Soya,Nutrioli,Aceites y Grasas Veg. Comestibles,Basicos,41.9,07/05/2026,La Comer,Supermercado / Tienda de Autoservicio,Lacomer Sucursal Queretaro Estadio,Luis M. Vega y Monroy 1300. Esq.cimataRío . Col. CimataRío. Cp. 76090,Querétaro,Santiago de Querétaro,20.577804,-100.373626
Aceite,Botella 850 Ml. Soya,Nutrioli,Aceites y Grasas Veg. Comestibles,Basicos,41.9,14/05/2026,La Comer,Supermercado / Tienda de Autoservicio,Lacomer Sucursal Queretaro Estadio,Luis M. Vega y Monroy 1300. Esq.cimataRío . Col. CimataRío. Cp. 76090,Querétaro,Santiago de Querétaro,20.577804,-100.373626
Aceite,Botella 850 Ml. Soya,Nutrioli,Aceites y Grasas Veg. Comestibles,Basicos,43.5,01/05/2026,Superissste,Supermercado / Tienda de Autoservicio,Superissste Sucursal 011,Calle Peluqueros No. 310 Esquina Calle Tizayuca. Col. Michoacána. Cp. 15240,Ciudad de México,Venustiano Carranza,19.446139,-99.113372
Aceite,Botella 850 Ml. Soya,Nutrioli,Aceites y Grasas Veg. Comestibles,Basicos,43.5,01/05/2026,Superissste,Supermercado / Tienda de Autoservicio,Superissste Sucursal 022,Av. del Taller y Retorno No. 38 Dentro del Retorno 38. Col. Jardín Balbuena. Cp. 15900,Ciudad de México,Venustiano Carranza,19.412842,-99.105666
Aceite,Botella 850 Ml. Soya,Nutrioli,Aceites y Grasas Veg. Comestibles,Basicos,43.5,08/05/2026,Superissste,Supermercado / Tienda de Autoservicio,Superissste Sucursal 011,Calle Peluqueros No. 310 Esquina Calle Tizayuca. Col. Michoacána. Cp. 15240,Ciudad de México,Venustiano Carranza,19.446139,-99.113372
Aceite,Botella 850 Ml. Soya,Nutrioli,Aceites y Grasas Veg. Comestibles,Basicos,43.5,08/05/2026,Superissste,Supermercado / Tienda de Autoservicio,Superissste Sucursal 022,Av. del Taller y Retorno No. 38 Dentro del Retorno 38. Col. Jardín Balbuena. Cp. 15900,Ciudad de México,Venustiano Carranza,19.412842,-99.105666
Aceite,Botella 850 Ml. Soya,Nutrioli,Aceites y Grasas Veg. Comestibles,Basicos,43.5,15/05/2026,Superissste,Supermercado / Tienda de Autoservicio,Superissste Sucursal 011,Calle Peluqueros No. 310 Esquina Calle Tizayuca. Col. Michoacána. Cp. 15240,Ciudad de México,Venustiano Carranza,19.446139,-99.113372
Aceite,Botella 850 Ml. Soya,Nutrioli,Aceites y Grasas Veg. Comestibles,Basicos,43.5,15/05/2026,Superissste,Supermercado / Tienda de Autoservicio,Superissste Sucursal 022,Av. del Taller y Retorno No. 38 Dentro del Retorno 38. Col. Jardín Balbuena. Cp. 15900,Ciudad de México,Venustiano Carranza,19.412842,-99.105666
Aceite,Botella 850 Ml. Vegetal,Ave,Aceites y Grasas Veg. Comestibles,Pacic,28,06/05/2026,Chedraui,Supermercado / Tienda de Autoservicio,Chedraui Sucursal Centro Sur,Blvd. Bernardo Quintana 502. Carr. con Direccion a Centro Civico. Col. Centro Sur. Cp. 76087,Querétaro,Santiago de Querétaro,20.569354,-100.358831
Aceite,Botella 850 Ml. Vegetal,Ave,Aceites y Grasas Veg. Comestibles,Pacic,28,13/05/2026,Chedraui,Supermercado / Tienda de Autoservicio,Chedraui Sucursal Centro Sur,Blvd. Bernardo Quintana 502. Carr. con Direccion a Centro Civico. Col. Centro Sur. Cp. 76087,Querétaro,Santiago de Querétaro,20.569354,-100.358831
Aceite,Botella 850 Ml. Vegetal,Gran Tradición,Aceites y Grasas Veg. Comestibles,Basicos,30,07/05/2026,Bodega Aurrera,Supermercado / Tienda de Autoservicio,Bodega Aurrera Sucursal la Viga,Calz. de la Viga 136 Esq. del Taller. Col. Lorenzo Boturini. Cp. 15820,Ciudad de México,Venustiano Carranza,19.414749,-99.127874
Aceite,Botella 850 Ml. Vegetal,Gran Tradición,Aceites y Grasas Veg. Comestibles,Basicos,30,07/05/2026,Wal-mart,Supermercado / Tienda de Autoservicio,Walmart Sucursal Balbuena,Fray Servando Teresa de Mier 881. Entre Fernando Iglesia Calderon y Genaro Garcia. Col. Jardín Balbuena. Cp. 15900,Ciudad de México,Venustiano Carranza,19.418067,-99.105639
Aceite,Botella 850 Ml. Vegetal,Gran Tradición,Aceites y Grasas Veg. Comestibles,Basicos,30,07/05/2026,Wal-mart,Supermercado / Tienda de Autoservicio,Walmart Sucursal Unidad Plaza de Toros,Autopista Querétaro Celaya 5501. Int. del Centro Comercial Plaza Esfera. Col. el Jacal. Cp. 76187,Querétaro,Santiago de Querétaro,20.574076,-100.408704
Aceite,Botella 850 Ml. Vegetal,Gran Tradición,Aceites y Grasas Veg. Comestibles,Basicos,30,08/05/2026,Bodega Aurrera,Supermercado / Tienda de Autoservicio,Bodega Aurrera Sucursal Centro Constituyentes,Constituyentes Oriente 334. Entre Pasteur y Manuel Ponce. Col. MercuRío. Cp. 76040,Querétaro,Santiago de Querétaro,20.586349,-100.382801
Aceite,Botella 850 Ml. Vegetal,Gran Tradición,Aceites y Grasas Veg. Comestibles,Basicos,30,12/05/2026,Wal-mart,Supermercado / Tienda de Autoservicio,Walmart Sucursal Unidad Plaza de Toros,Autopista Querétaro Celaya 5501. Int. del Centro Comercial Plaza Esfera. Col. el Jacal. Cp. 76187,Querétaro,Santiago de Querétaro,20.574076,-100.408704
Aceite,Botella 850 Ml. Vegetal,Gran Tradición,Aceites y Grasas Veg. Comestibles,Basicos,30,13/05/2026,Bodega Aurrera,Supermercado / Tienda de Autoservicio,Bodega Aurrera Sucursal la Viga,Calz. de la Viga 136 Esq. del Taller. Col. Lorenzo Boturini. Cp. 15820,Ciudad de México,Venustiano Carranza,19.414749,-99.127874
Aceite,Botella 850 Ml. Vegetal,Gran Tradición,Aceites y Grasas Veg. Comestibles,Basicos,30,13/05/2026,Wal-mart,Supermercado / Tienda de Autoservicio,Walmart Sucursal Aeropuerto,Calz. Ignacio Zaragoza 58. Esq. Blvd. Puerto Aereo. Col. Federal. Cp. 15700,Ciudad de México,Venustiano Carranza,19.41926,-99.094521
Aceite,Botella 850 Ml. Vegetal,Gran Tradición,Aceites y Grasas Veg. Comestibles,Basicos,30,13/05/2026,Wal-mart,Supermercado / Tienda de Autoservicio,Walmart Sucursal Balbuena,Fray Servando Teresa de Mier 881. Entre Fernando Iglesia Calderon y Genaro Garcia. Col. Jardín Balbuena. Cp. 15900,Ciudad de México,Venustiano Carranza,19.418067,-99.105639
Aceite,Botella 850 Ml. Vegetal,Gran Tradición,Aceites y Grasas Veg. Comestibles,Basicos,30,15/05/2026,Bodega Aurrera,Supermercado / Tienda de Autoservicio,Bodega Aurrera Sucursal Centro Constituyentes,Constituyentes Oriente 334. Entre Pasteur y Manuel Ponce. Col. MercuRío. Cp. 76040,Querétaro,Santiago de Querétaro,20.586349,-100.382801
Aceite,Botella 850 Ml. Vegetal,Gran Tradición,Aceites y Grasas Veg. Comestibles,Pacic,29.9,01/05/2026,Superissste,Supermercado / Tienda de Autoservicio,Superissste Sucursal 011,Calle Peluqueros No. 310 Esquina Calle Tizayuca. Col. Michoacána. Cp. 15240,Ciudad de México,Venustiano Carranza,19.446139,-99.113372
Aceite,Botella 850 Ml. Vegetal,Gran Tradición,Aceites y Grasas Veg. Comestibles,Pacic,29.9,01/05/2026,Superissste,Supermercado / Tienda de Autoservicio,Superissste Sucursal 022,Av. del Taller y Retorno No. 38 Dentro del Retorno 38. Col. Jardín Balbuena. Cp. 15900,Ciudad de México,Venustiano Carranza,19.412842,-99.105666
Aceite,Botella 850 Ml. Vegetal,Gran Tradición,Aceites y Grasas Veg. Comestibles,Pacic,29.9,08/05/2026,Superissste,Supermercado / Tienda de Autoservicio,Superissste Sucursal 011,Calle Peluqueros No. 310 Esquina Calle Tizayuca. Col. Michoacána. Cp. 15240,Ciudad de México,Venustiano Carranza,19.446139,-99.113372
Aceite,Botella 850 Ml. Vegetal,Gran Tradición,Aceites y Grasas Veg. Comestibles,Pacic,29.9,08/05/2026,Superissste,Supermercado / Tienda de Autoservicio,Superissste Sucursal 022,Av. del Taller y Retorno No. 38 Dentro del Retorno 38. Col. Jardín Balbuena. Cp. 15900,Ciudad de México,Venustiano Carranza,19.412842,-99.105666
Aceite,Botella 850 Ml. Vegetal,Gran Tradición,Aceites y Grasas Veg. Comestibles,Pacic,29.9,15/05/2026,Superissste,Supermercado / Tienda de Autoservicio,Superissste Sucursal 011,Calle Peluqueros No. 310 Esquina Calle Tizayuca. Col. Michoacána. Cp. 15240,Ciudad de México,Venustiano Carranza,19.446139,-99.113372
Aceite,Botella 850 Ml. Vegetal,Gran Tradición,Aceites y Grasas Veg. Comestibles,Pacic,29.9,15/05/2026,Superissste,Supermercado / Tienda de Autoservicio,Superissste Sucursal 022,Av. del Taller y Retorno No. 38 Dentro del Retorno 38. Col. Jardín Balbuena. Cp. 15900,Ciudad de México,Venustiano Carranza,19.412842,-99.105666
Aceite,Botella 850 Ml. Vegetal,Gran Tradición,Aceites y Grasas Veg. Comestibles,Pacic,30,07/05/2026,Bodega Aurrera,Supermercado / Tienda de Autoservicio,Bodega Aurrera Sucursal la Viga,Calz. de la Viga 136 Esq. del Taller. Col. Lorenzo Boturini. Cp. 15820,Ciudad de México,Venustiano Carranza,19.414749,-99.127874
Aceite,Botella 850 Ml. Vegetal,Gran Tradición,Aceites y Grasas Veg. Comestibles,Pacic,30,07/05/2026,Wal-mart,Supermercado / Tienda de Autoservicio,Walmart Sucursal Balbuena,Fray Servando Teresa de Mier 881. Entre Fernando Iglesia Calderon y Genaro Garcia. Col. Jardín Balbuena. Cp. 15900,Ciudad de México,Venustiano Carranza,19.418067,-99.105639
Aceite,Botella 850 Ml. Vegetal,Gran Tradición,Aceites y Grasas Veg. Comestibles,Pacic,30,07/05/2026,Wal-mart,Supermercado / Tienda de Autoservicio,Walmart Sucursal Unidad Plaza de Toros,Autopista Querétaro Celaya 5501. Int. del Centro Comercial Plaza Esfera. Col. el Jacal. Cp. 76187,Querétaro,Santiago de Querétaro,20.574076,-100.408704
Aceite,Botella 850 Ml. Vegetal,Gran Tradición,Aceites y Grasas Veg. Comestibles,Pacic,30,08/05/2026,Bodega Aurrera,Supermercado / Tienda de Autoservicio,Bodega Aurrera Sucursal Centro Constituyentes,Constituyentes Oriente 334. Entre Pasteur y Manuel Ponce. Col. MercuRío. Cp. 76040,Querétaro,Santiago de Querétaro,20.586349,-100.382801
Aceite,Botella 850 Ml. Vegetal,Gran Tradición,Aceites y Grasas Veg. Comestibles,Pacic,30,12/05/2026,Wal-mart,Supermercado / Tienda de Autoservicio,Walmart Sucursal Unidad Plaza de Toros,Autopista Querétaro Celaya 5501. Int. del Centro Comercial Plaza Esfera. Col. el Jacal. Cp. 76187,Querétaro,Santiago de Querétaro,20.574076,-100.408704
Aceite,Botella 850 Ml. Vegetal,Gran Tradición,Aceites y Grasas Veg. Comestibles,Pacic,30,13/05/2026,Bodega Aurrera,Supermercado / Tienda de Autoservicio,Bodega Aurrera Sucursal la Viga,Calz. de la Viga 136 Esq. del Taller. Col. Lorenzo Boturini. Cp. 15820,Ciudad de México,Venustiano Carranza,19.414749,-99.127874
Aceite,Botella 850 Ml. Vegetal,Gran Tradición,Aceites y Grasas Veg. Comestibles,Pacic,30,13/05/2026,Wal-mart,Supermercado / Tienda de Autoservicio,Walmart Sucursal Aeropuerto,Calz. Ignacio Zaragoza 58. Esq. Blvd. Puerto Aereo. Col. Federal. Cp. 15700,Ciudad de México,Venustiano Carranza,19.41926,-99.094521
Aceite,Botella 850 Ml. Vegetal,Gran Tradición,Aceites y Grasas Veg. Comestibles,Pacic,30,13/05/2026,Wal-mart,Supermercado / Tienda de Autoservicio,Walmart Sucursal Balbuena,Fray Servando Teresa de Mier 881. Entre Fernando Iglesia Calderon y Genaro Garcia. Col. Jardín Balbuena. Cp. 15900,Ciudad de México,Venustiano Carranza,19.418067,-99.105639
Aceite,Botella 850 Ml. Vegetal,Gran Tradición,Aceites y Grasas Veg. Comestibles,Pacic,30,15/05/2026,Bodega Aurrera,Supermercado / Tienda de Autoservicio,Bodega Aurrera Sucursal Centro Constituyentes,Constituyentes Oriente 334. Entre Pasteur y Manuel Ponce. Col. MercuRío. Cp. 76040,Querétaro,Santiago de Querétaro,20.586349,-100.382801
Aceite,Botella 850 Ml. Vegetal,Ke Precio,Aceites y Grasas Veg. Comestibles,Pacic,28.7,07/05/2026,La Comer,Supermercado / Tienda de Autoservicio,Lacomer Sucursal Queretaro Estadio,Luis M. Vega y Monroy 1300. Esq.cimataRío . Col. CimataRío. Cp. 76090,Querétaro,Santiago de Querétaro,20.577804,-100.373626
Aceite,Botella 850 Ml. Vegetal,Precíssimo,Aceites y Grasas Veg. Comestibles,Basicos,29.5,04/05/2026,Hipermercado Soriana,Supermercado / Tienda de Autoservicio,Soriana Hiper Sucursal Cimatario,Ctra. a Huimilpan 1001. Int. del Centro Comercial Plaza del Sol. Col. Plazas del Sol. Iii Sección. Cp. 76099,Querétaro,Santiago de Querétaro,20.563227,-100.375284
Aceite,Botella 850 Ml. Vegetal,Precíssimo,Aceites y Grasas Veg. Comestibles,Basicos,29.5,13/05/2026,Hipermercado Soriana,Supermercado / Tienda de Autoservicio,Soriana Hiper Sucursal Cimatario,Ctra. a Huimilpan 1001. Int. del Centro Comercial Plaza del Sol. Col. Plazas del Sol. Iii Sección. Cp. 76099,Querétaro,Santiago de Querétaro,20.563227,-100.375284
Aceite,Botella 850 Ml. Vegetal,Precíssimo,Aceites y Grasas Veg. Comestibles,Basicos,29.5,13/05/2026,Hipermercado Soriana,Supermercado / Tienda de Autoservicio,Soriana Hiper Sucursal Consulado (418),Río Consulado 2355. Esq. Carlos Marx. Col. Simon Bolivar. Cp. 15410,Ciudad de México,Venustiano Carranza,19.449572,-99.100376
Aceite,Botella 850 Ml. Vegetal,Precíssimo,Aceites y Grasas Veg. Comestibles,Pacic,29.5,04/05/2026,Hipermercado Soriana,Supermercado / Tienda de Autoservicio,Soriana Hiper Sucursal Cimatario,Ctra. a Huimilpan 1001. Int. del Centro Comercial Plaza del Sol. Col. Plazas del Sol. Iii Sección. Cp. 76099,Querétaro,Santiago de Querétaro,20.563227,-100.375284
Aceite,Botella 850 Ml. Vegetal,Precíssimo,Aceites y Grasas Veg. Comestibles,Pacic,29.5,13/05/2026,Hipermercado Soriana,Supermercado / Tienda de Autoservicio,Soriana Hiper Sucursal Cimatario,Ctra. a Huimilpan 1001. Int. del Centro Comercial Plaza del Sol. Col. Plazas del Sol. Iii Sección. Cp. 76099,Querétaro,Santiago de Querétaro,20.563227,-100.375284
Aceite,Botella 850 Ml. Vegetal. Sabor Mantequilla,Sabrosano,Aceites y Grasas Veg. Comestibles,Basicos,35,08/05/2026,Bodega Aurrera,Supermercado / Tienda de Autoservicio,Bodega Aurrera Sucursal Centro Constituyentes,Constituyentes Oriente 334. Entre Pasteur y Manuel Ponce. Col. MercuRío. Cp. 76040,Querétaro,Santiago de Querétaro,20.586349,-100.382801
Aceite,Botella 850 Ml. Vegetal. Sabor Mantequilla,Sabrosano,Aceites y Grasas Veg. Comestibles,Basicos,35,13/05/2026,Bodega Aurrera,Supermercado / Tienda de Autoservicio,Bodega Aurrera Sucursal la Viga,Calz. de la Viga 136 Esq. del Taller. Col. Lorenzo Boturini. Cp. 15820,Ciudad de México,Venustiano Carranza,19.414749,-99.127874
Aceite,Botella 850 Ml. Vegetal. Sabor Mantequilla,Sabrosano,Aceites y Grasas Veg. Comestibles,Basicos,35,13/05/2026,Chedraui,Supermercado / Tienda de Autoservicio,Chedraui Sucursal Anfora,Anfora 71. Esq. Eje 1 Norte. Col. Madero. Cp. 15320,Ciudad de México,Venustiano Carranza,19.437353,-99.110088
Aceite,Botella 850 Ml. Vegetal. Sabor Mantequilla,Sabrosano,Aceites y Grasas Veg. Comestibles,Basicos,35,15/05/2026,Bodega Aurrera,Supermercado / Tienda de Autoservicio,Bodega Aurrera Sucursal Centro Constituyentes,Constituyentes Oriente 334. Entre Pasteur y Manuel Ponce. Col. MercuRío. Cp. 76040,Querétaro,Santiago de Querétaro,20.586349,-100.382801
Aceite,Botella 850 Ml. Vegetal. Sabor Mantequilla,Sabrosano,Aceites y Grasas Veg. Comestibles,Basicos,39,07/05/2026,Wal-mart,Supermercado / Tienda de Autoservicio,Walmart Sucursal Balbuena,Fray Servando Teresa de Mier 881. Entre Fernando Iglesia Calderon y Genaro Garcia. Col. Jardín Balbuena. Cp. 15900,Ciudad de México,Venustiano Carranza,19.418067,-99.105639
Aceite,Botella 850 Ml. Vegetal. Sabor Mantequilla,Sabrosano,Aceites y Grasas Veg. Comestibles,Basicos,39,07/05/2026,Wal-mart,Supermercado / Tienda de Autoservicio,Walmart Sucursal Unidad Plaza de Toros,Autopista Querétaro Celaya 5501. Int. del Centro Comercial Plaza Esfera. Col. el Jacal. Cp. 76187,Querétaro,Santiago de Querétaro,20.574076,-100.408704
Aceite,Botella 850 Ml. Vegetal. Sabor Mantequilla,Sabrosano,Aceites y Grasas Veg. Comestibles,Basicos,39,12/05/2026,Wal-mart,Supermercado / Tienda de Autoservicio,Walmart Sucursal Unidad Plaza de Toros,Autopista Querétaro Celaya 5501. Int. del Centro Comercial Plaza Esfera. Col. el Jacal. Cp. 76187,Querétaro,Santiago de Querétaro,20.574076,-100.408704
Aceite,Botella 850 Ml. Vegetal. Sabor Mantequilla,Sabrosano,Aceites y Grasas Veg. Comestibles,Basicos,39,13/05/2026,Chedraui,Supermercado / Tienda de Autoservicio,Chedraui Sucursal Centro Sur,Blvd. Bernardo Quintana 502. Carr. con Direccion a Centro Civico. Col. Centro Sur. Cp. 76087,Querétaro,Santiago de Querétaro,20.569354,-100.358831
Aceite,Botella 850 Ml. Vegetal. Sabor Mantequilla,Sabrosano,Aceites y Grasas Veg. Comestibles,Basicos,39,13/05/2026,Wal-mart,Supermercado / Tienda de Autoservicio,Walmart Sucursal Aeropuerto,Calz. Ignacio Zaragoza 58. Esq. Blvd. Puerto Aereo. Col. Federal. Cp. 15700,Ciudad de México,Venustiano Carranza,19.41926,-99.094521
Aceite,Botella 850 Ml. Vegetal. Sabor Mantequilla,Sabrosano,Aceites y Grasas Veg. Comestibles,Basicos,39,13/05/2026,Wal-mart,Supermercado / Tienda de Autoservicio,Walmart Sucursal Balbuena,Fray Servando Teresa de Mier 881. Entre Fernando Iglesia Calderon y Genaro Garcia. Col. Jardín Balbuena. Cp. 15900,Ciudad de México,Venustiano Carranza,19.418067,-99.105639
Aceite,Botella 850 Ml. Vegetal. Sabor Mantequilla,Sabrosano,Aceites y Grasas Veg. Comestibles,Basicos,40,01/05/2026,Superissste,Supermercado / Tienda de Autoservicio,Superissste Sucursal 011,Calle Peluqueros No. 310 Esquina Calle Tizayuca. Col. Michoacána. Cp. 15240,Ciudad de México,Venustiano Carranza,19.446139,-99.113372
Aceite,Botella 850 Ml. Vegetal. Sabor Mantequilla,Sabrosano,Aceites y Grasas Veg. Comestibles,Basicos,40,01/05/2026,Superissste,Supermercado / Tienda de Autoservicio,Superissste Sucursal 022,Av. del Taller y Retorno No. 38 Dentro del Retorno 38. Col. Jardín Balbuena. Cp. 15900,Ciudad de México,Venustiano Carranza,19.412842,-99.105666
Aceite,Botella 850 Ml. Vegetal. Sabor Mantequilla,Sabrosano,Aceites y Grasas Veg. Comestibles,Basicos,40,08/05/2026,Superissste,Supermercado / Tienda de Autoservicio,Superissste Sucursal 011,Calle Peluqueros No. 310 Esquina Calle Tizayuca. Col. Michoacána. Cp. 15240,Ciudad de México,Venustiano Carranza,19.446139,-99.113372
Aceite,Botella 850 Ml. Vegetal. Sabor Mantequilla,Sabrosano,Aceites y Grasas Veg. Comestibles,Basicos,40,08/05/2026,Superissste,Supermercado / Tienda de Autoservicio,Superissste Sucursal 022,Av. del Taller y Retorno No. 38 Dentro del Retorno 38. Col. Jardín Balbuena. Cp. 15900,Ciudad de México,Venustiano Carranza,19.412842,-99.105666
Aceite,Botella 850 Ml. Vegetal. Sabor Mantequilla,Sabrosano,Aceites y Grasas Veg. Comestibles,Basicos,40,15/05/2026,Superissste,Supermercado / Tienda de Autoservicio,Superissste Sucursal 011,Calle Peluqueros No. 310 Esquina Calle Tizayuca. Col. Michoacána. Cp. 15240,Ciudad de México,Venustiano Carranza,19.446139,-99.113372
Aceite,Botella 850 Ml. Vegetal. Sabor Mantequilla,Sabrosano,Aceites y Grasas Veg. Comestibles,Basicos,40,15/05/2026,Superissste,Supermercado / Tienda de Autoservicio,Superissste Sucursal 022,Av. del Taller y Retorno No. 38 Dentro del Retorno 38. Col. Jardín Balbuena. Cp. 15900,Ciudad de México,Venustiano Carranza,19.412842,-99.105666
Aceite,Botella 850 Ml. Vegetal. Sabor Mantequilla,Sabrosano,Aceites y Grasas Veg. Comestibles,Basicos,40.5,13/05/2026,Hipermercado Soriana,Supermercado / Tienda de Autoservicio,Soriana Hiper Sucursal Cimatario,Ctra. a Huimilpan 1001. Int. del Centro Comercial Plaza del Sol. Col. Plazas del Sol. Iii Sección. Cp. 76099,Querétaro,Santiago de Querétaro,20.563227,-100.375284
Aceite,Botella 850 Ml. Vegetal. Sabor Mantequilla,Sabrosano,Aceites y Grasas Veg. Comestibles,Basicos,40.5,13/05/2026,Hipermercado Soriana,Supermercado / Tienda de Autoservicio,Soriana Hiper Sucursal Consulado (418),Río Consulado 2355. Esq. Carlos Marx. Col. Simon Bolivar. Cp. 15410,Ciudad de México,Venustiano Carranza,19.449572,-99.100376
Aceite,Botella 875 Ml. Soya,Imperial,Aceites y Grasas Veg. Comestibles,Pacic,44,06/05/2026,Chedraui,Supermercado / Tienda de Autoservicio,Chedraui Sucursal Centro Sur,Blvd. Bernardo Quintana 502. Carr. con Direccion a Centro Civico. Col. Centro Sur. Cp. 76087,Querétaro,Santiago de Querétaro,20.569354,-100.358831
Aceite,Botella 875 Ml. Soya,Imperial,Aceites y Grasas Veg. Comestibles,Pacic,44,13/05/2026,Chedraui,Supermercado / Tienda de Autoservicio,Chedraui Sucursal Anfora,Anfora 71. Esq. Eje 1 Norte. Col. Madero. Cp. 15320,Ciudad de México,Venustiano Carranza,19.437353,-99.110088
Aceite,Botella 875 Ml. Soya,Imperial,Aceites y Grasas Veg. Comestibles,Pacic,44,13/05/2026,Chedraui,Supermercado / Tienda de Autoservicio,Chedraui Sucursal Centro Sur,Blvd. Bernardo Quintana 502. Carr. con Direccion a Centro Civico. Col. Centro Sur. Cp. 76087,Querétaro,Santiago de Querétaro,20.569354,-100.358831
Aceite,Botella 946 Ml. Canola,Canoil,Aceites y Grasas Veg. Comestibles,Basicos,38,08/05/2026,Bodega Aurrera,Supermercado / Tienda de Autoservicio,Bodega Aurrera Sucursal Centro Constituyentes,Constituyentes Oriente 334. Entre Pasteur y Manuel Ponce. Col. MercuRío. Cp. 76040,Querétaro,Santiago de Querétaro,20.586349,-100.382801
Aceite,Botella 946 Ml. Canola,Canoil,Aceites y Grasas Veg. Comestibles,Basicos,38,13/05/2026,Chedraui,Supermercado / Tienda de Autoservicio,Chedraui Sucursal Anfora,Anfora 71. Esq. Eje 1 Norte. Col. Madero. Cp. 15320,Ciudad de México,Venustiano Carranza,19.437353,-99.110088
Aceite,Botella 946 Ml. Canola,Canoil,Aceites y Grasas Veg. Comestibles,Basicos,38,15/05/2026,Bodega Aurrera,Supermercado / Tienda de Autoservicio,Bodega Aurrera Sucursal Centro Constituyentes,Constituyentes Oriente 334. Entre Pasteur y Manuel Ponce. Col. MercuRío. Cp. 76040,Querétaro,Santiago de Querétaro,20.586349,-100.382801
Aceite,Botella 946 Ml. Canola,Canoil,Aceites y Grasas Veg. Comestibles,Basicos,38.4,14/05/2026,La Comer,Supermercado / Tienda de Autoservicio,Lacomer Sucursal Queretaro Estadio,Luis M. Vega y Monroy 1300. Esq.cimataRío . Col. CimataRío. Cp. 76090,Querétaro,Santiago de Querétaro,20.577804,-100.373626
Aceite,Botella 946 Ml. Canola,Canoil,Aceites y Grasas Veg. Comestibles,Basicos,39,07/05/2026,Wal-mart,Supermercado / Tienda de Autoservicio,Walmart Sucursal Unidad Plaza de Toros,Autopista Querétaro Celaya 5501. Int. del Centro Comercial Plaza Esfera. Col. el Jacal. Cp. 76187,Querétaro,Santiago de Querétaro,20.574076,-100.408704
Aceite,Botella 946 Ml. Canola,Canoil,Aceites y Grasas Veg. Comestibles,Basicos,39,12/05/2026,Wal-mart,Supermercado / Tienda de Autoservicio,Walmart Sucursal Unidad Plaza de Toros,Autopista Querétaro Celaya 5501. Int. del Centro Comercial Plaza Esfera. Col. el Jacal. Cp. 76187,Querétaro,Santiago de Querétaro,20.574076,-100.408704
Aceite,Botella 946 Ml. Canola,Canoil,Aceites y Grasas Veg. Comestibles,Basicos,39,13/05/2026,Chedraui,Supermercado / Tienda de Autoservicio,Chedraui Sucursal Centro Sur,Blvd. Bernardo Quintana 502. Carr. con Direccion a Centro Civico. Col. Centro Sur. Cp. 76087,Querétaro,Santiago de Querétaro,20.569354,-100.358831
Aceite,Botella 946 Ml. Canola,Canoil,Aceites y Grasas Veg. Comestibles,Basicos,47.5,12/05/2026,Oxxo,Tienda de Conveniencia,Oxxo Sucursal Corregidora 50 Cr,Circuito Moises Solana No. 128. Esq. Gertrudis Bocanegra. Col. Burocratas. Cp. 76070,Querétaro,Santiago de Querétaro,20.57462,-100.384232
Aceite,Botella 946 Ml. Canola,Canoil,Aceites y Grasas Veg. Comestibles,Pacic,38,08/05/2026,Bodega Aurrera,Supermercado / Tienda de Autoservicio,Bodega Aurrera Sucursal Centro Constituyentes,Constituyentes Oriente 334. Entre Pasteur y Manuel Ponce. Col. MercuRío. Cp. 76040,Querétaro,Santiago de Querétaro,20.586349,-100.382801
Aceite,Botella 946 Ml. Canola,Canoil,Aceites y Grasas Veg. Comestibles,Pacic,38,15/05/2026,Bodega Aurrera,Supermercado / Tienda de Autoservicio,Bodega Aurrera Sucursal Centro Constituyentes,Constituyentes Oriente 334. Entre Pasteur y Manuel Ponce. Col. MercuRío. Cp. 76040,Querétaro,Santiago de Querétaro,20.586349,-100.382801
Aceite,Botella 946 Ml. Canola,Canoil,Aceites y Grasas Veg. Comestibles,Pacic,39,07/05/2026,Wal-mart,Supermercado / Tienda de Autoservicio,Walmart Sucursal Unidad Plaza de Toros,Autopista Querétaro Celaya 5501. Int. del Centro Comercial Plaza Esfera. Col. el Jacal. Cp. 76187,Querétaro,Santiago de Querétaro,20.574076,-100.408704
Aceite,Botella 946 Ml. Canola,Canoil,Aceites y Grasas Veg. Comestibles,Pacic,39,12/05/2026,Wal-mart,Supermercado / Tienda de Autoservicio,Walmart Sucursal Unidad Plaza de Toros,Autopista Querétaro Celaya 5501. Int. del Centro Comercial Plaza Esfera. Col. el Jacal. Cp. 76187,Querétaro,Santiago de Querétaro,20.574076,-100.408704
Aceite,Botella 946 Ml. Soya,Great Value,Aceites y Grasas Veg. Comestibles,Basicos,37,07/05/2026,Bodega Aurrera,Supermercado / Tienda de Autoservicio,Bodega Aurrera Sucursal la Viga,Calz. de la Viga 136 Esq. del Taller. Col. Lorenzo Boturini. Cp. 15820,Ciudad de México,Venustiano Carranza,19.414749,-99.127874
Aceite,Botella 946 Ml. Soya,Great Value,Aceites y Grasas Veg. Comestibles,Basicos,37,08/05/2026,Bodega Aurrera,Supermercado / Tienda de Autoservicio,Bodega Aurrera Sucursal Centro Constituyentes,Constituyentes Oriente 334. Entre Pasteur y Manuel Ponce. Col. MercuRío. Cp. 76040,Querétaro,Santiago de Querétaro,20.586349,-100.382801
Aceite,Botella 946 Ml. Soya,Great Value,Aceites y Grasas Veg. Comestibles,Basicos,37,13/05/2026,Bodega Aurrera,Supermercado / Tienda de Autoservicio,Bodega Aurrera Sucursal la Viga,Calz. de la Viga 136 Esq. del Taller. Col. Lorenzo Boturini. Cp. 15820,Ciudad de México,Venustiano Carranza,19.414749,-99.127874
Aceite,Botella 946 Ml. Soya,Great Value,Aceites y Grasas Veg. Comestibles,Basicos,37,15/05/2026,Bodega Aurrera,Supermercado / Tienda de Autoservicio,Bodega Aurrera Sucursal Centro Constituyentes,Constituyentes Oriente 334. Entre Pasteur y Manuel Ponce. Col. MercuRío. Cp. 76040,Querétaro,Santiago de Querétaro,20.586349,-100.382801
Aceite,Botella 946 Ml. Soya,Great Value,Aceites y Grasas Veg. Comestibles,Basicos,38,07/05/2026,Wal-mart,Supermercado / Tienda de Autoservicio,Walmart Sucursal Balbuena,Fray Servando Teresa de Mier 881. Entre Fernando Iglesia Calderon y Genaro Garcia. Col. Jardín Balbuena. Cp. 15900,Ciudad de México,Venustiano Carranza,19.418067,-99.105639
Aceite,Botella 946 Ml. Soya,Great Value,Aceites y Grasas Veg. Comestibles,Basicos,38,07/05/2026,Wal-mart,Supermercado / Tienda de Autoservicio,Walmart Sucursal Unidad Plaza de Toros,Autopista Querétaro Celaya 5501. Int. del Centro Comercial Plaza Esfera. Col. el Jacal. Cp. 76187,Querétaro,Santiago de Querétaro,20.574076,-100.408704
Aceite,Botella 946 Ml. Soya,Great Value,Aceites y Grasas Veg. Comestibles,Basicos,38,12/05/2026,Wal-mart,Supermercado / Tienda de Autoservicio,Walmart Sucursal Unidad Plaza de Toros,Autopista Querétaro Celaya 5501. Int. del Centro Comercial Plaza Esfera. Col. el Jacal. Cp. 76187,Querétaro,Santiago de Querétaro,20.574076,-100.408704
Aceite,Botella 946 Ml. Soya,Great Value,Aceites y Grasas Veg. Comestibles,Basicos,38,13/05/2026,Wal-mart,Supermercado / Tienda de Autoservicio,Walmart Sucursal Aeropuerto,Calz. Ignacio Zaragoza 58. Esq. Blvd. Puerto Aereo. Col. Federal. Cp. 15700,Ciudad de México,Venustiano Carranza,19.41926,-99.094521
Aceite,Botella 946 Ml. Soya,Great Value,Aceites y Grasas Veg. Comestibles,Basicos,38,13/05/2026,Wal-mart,Supermercado / Tienda de Autoservicio,Walmart Sucursal Balbuena,Fray Servando Teresa de Mier 881. Entre Fernando Iglesia Calderon y Genaro Garcia. Col. Jardín Balbuena. Cp. 15900,Ciudad de México,Venustiano Carranza,19.418067,-99.105639
Aceite,Botella 946 Ml. Soya,Great Value,Aceites y Grasas Veg. Comestibles,Pacic,37,07/05/2026,Bodega Aurrera,Supermercado / Tienda de Autoservicio,Bodega Aurrera Sucursal la Viga,Calz. de la Viga 136 Esq. del Taller. Col. Lorenzo Boturini. Cp. 15820,Ciudad de México,Venustiano Carranza,19.414749,-99.127874
Aceite,Botella 946 Ml. Soya,Great Value,Aceites y Grasas Veg. Comestibles,Pacic,37,08/05/2026,Bodega Aurrera,Supermercado / Tienda de Autoservicio,Bodega Aurrera Sucursal Centro Constituyentes,Constituyentes Oriente 334. Entre Pasteur y Manuel Ponce. Col. MercuRío. Cp. 76040,Querétaro,Santiago de Querétaro,20.586349,-100.382801
Aceite,Botella 946 Ml. Soya,Great Value,Aceites y Grasas Veg. Comestibles,Pacic,37,13/05/2026,Bodega Aurrera,Supermercado / Tienda de Autoservicio,Bodega Aurrera Sucursal la Viga,Calz. de la Viga 136 Esq. del Taller. Col. Lorenzo Boturini. Cp. 15820,Ciudad de México,Venustiano Carranza,19.414749,-99.127874
Aceite,Botella 946 Ml. Soya,Great Value,Aceites y Grasas Veg. Comestibles,Pacic,37,15/05/2026,Bodega Aurrera,Supermercado / Tienda de Autoservicio,Bodega Aurrera Sucursal Centro Constituyentes,Constituyentes Oriente 334. Entre Pasteur y Manuel Ponce. Col. MercuRío. Cp. 76040,Querétaro,Santiago de Querétaro,20.586349,-100.382801
Aceite,Botella 946 Ml. Soya,Great Value,Aceites y Grasas Veg. Comestibles,Pacic,38,07/05/2026,Wal-mart,Supermercado / Tienda de Autoservicio,Walmart Sucursal Balbuena,Fray Servando Teresa de Mier 881. Entre Fernando Iglesia Calderon y Genaro Garcia. Col. Jardín Balbuena. Cp. 15900,Ciudad de México,Venustiano Carranza,19.418067,-99.105639
Aceite,Botella 946 Ml. Soya,Great Value,Aceites y Grasas Veg. Comestibles,Pacic,38,07/05/2026,Wal-mart,Supermercado / Tienda de Autoservicio,Walmart Sucursal Unidad Plaza de Toros,Autopista Querétaro Celaya 5501. Int. del Centro Comercial Plaza Esfera. Col. el Jacal. Cp. 76187,Querétaro,Santiago de Querétaro,20.574076,-100.408704
Aceite,Botella 946 Ml. Soya,Great Value,Aceites y Grasas Veg. Comestibles,Pacic,38,12/05/2026,Wal-mart,Supermercado / Tienda de Autoservicio,Walmart Sucursal Unidad Plaza de Toros,Autopista Querétaro Celaya 5501. Int. del Centro Comercial Plaza Esfera. Col. el Jacal. Cp. 76187,Querétaro,Santiago de Querétaro,20.574076,-100.408704
Aceite,Botella 946 Ml. Soya,Great Value,Aceites y Grasas Veg. Comestibles,Pacic,38,13/05/2026,Wal-mart,Supermercado / Tienda de Autoservicio,Walmart Sucursal Aeropuerto,Calz. Ignacio Zaragoza 58. Esq. Blvd. Puerto Aereo. Col. Federal. Cp. 15700,Ciudad de México,Venustiano Carranza,19.41926,-99.094521
Aceite,Botella 946 Ml. Soya,Great Value,Aceites y Grasas Veg. Comestibles,Pacic,38,13/05/2026,Wal-mart,Supermercado / Tienda de Autoservicio,Walmart Sucursal Balbuena,Fray Servando Teresa de Mier 881. Entre Fernando Iglesia Calderon y Genaro Garcia. Col. Jardín Balbuena. Cp. 15900,Ciudad de México,Venustiano Carranza,19.418067,-99.105639
Aceite,Botella 946 Ml. Soya,Nutrioli,Aceites y Grasas Veg. Comestibles,Basicos,39.9,13/05/2026,Hipermercado Soriana,Supermercado / Tienda de Autoservicio,Soriana Hiper Sucursal Consulado (418),Río Consulado 2355. Esq. Carlos Marx. Col. Simon Bolivar. Cp. 15410,Ciudad de México,Venustiano Carranza,19.449572,-99.100376
Aceite,Botella 946 Ml. Soya,Nutrioli,Aceites y Grasas Veg. Comestibles,Basicos,40,07/05/2026,Bodega Aurrera,Supermercado / Tienda de Autoservicio,Bodega Aurrera Sucursal la Viga,Calz. de la Viga 136 Esq. del Taller. Col. Lorenzo Boturini. Cp. 15820,Ciudad de México,Venustiano Carranza,19.414749,-99.127874
Aceite,Botella 946 Ml. Soya,Nutrioli,Aceites y Grasas Veg. Comestibles,Basicos,40,08/05/2026,Bodega Aurrera,Supermercado / Tienda de Autoservicio,Bodega Aurrera Sucursal Centro Constituyentes,Constituyentes Oriente 334. Entre Pasteur y Manuel Ponce. Col. MercuRío. Cp. 76040,Querétaro,Santiago de Querétaro,20.586349,-100.382801
Aceite,Botella 946 Ml. Soya,Nutrioli,Aceites y Grasas Veg. Comestibles,Basicos,40,15/05/2026,Bodega Aurrera,Supermercado / Tienda de Autoservicio,Bodega Aurrera Sucursal Centro Constituyentes,Constituyentes Oriente 334. Entre Pasteur y Manuel Ponce. Col. MercuRío. Cp. 76040,Querétaro,Santiago de Querétaro,20.586349,-100.382801
Aceite,Botella 946 Ml. Soya,Nutrioli,Aceites y Grasas Veg. Comestibles,Basicos,48,07/05/2026,Wal-mart,Supermercado / Tienda de Autoservicio,Walmart Sucursal Balbuena,Fray Servando Teresa de Mier 881. Entre Fernando Iglesia Calderon y Genaro Garcia. Col. Jardín Balbuena. Cp. 15900,Ciudad de México,Venustiano Carranza,19.418067,-99.105639
Aceite,Botella 946 Ml. Soya,Nutrioli,Aceites y Grasas Veg. Comestibles,Basicos,48,12/05/2026,Wal-mart,Supermercado / Tienda de Autoservicio,Walmart Sucursal Unidad Plaza de Toros,Autopista Querétaro Celaya 5501. Int. del Centro Comercial Plaza Esfera. Col. el Jacal. Cp. 76187,Querétaro,Santiago de Querétaro,20.574076,-100.408704
Aceite,Botella 946 Ml. Soya,Nutrioli,Aceites y Grasas Veg. Comestibles,Basicos,48,13/05/2026,Wal-mart,Supermercado / Tienda de Autoservicio,Walmart Sucursal Aeropuerto,Calz. Ignacio Zaragoza 58. Esq. Blvd. Puerto Aereo. Col. Federal. Cp. 15700,Ciudad de México,Venustiano Carranza,19.41926,-99.094521
Aceite,Botella 946 Ml. Soya,Nutrioli,Aceites y Grasas Veg. Comestibles,Basicos,48,13/05/2026,Wal-mart,Supermercado / Tienda de Autoservicio,Walmart Sucursal Balbuena,Fray Servando Teresa de Mier 881. Entre Fernando Iglesia Calderon y Genaro Garcia. Col. Jardín Balbuena. Cp. 15900,Ciudad de México,Venustiano Carranza,19.418067,-99.105639
Aceite de Oliva,Botella 750 Ml. Extra Virgen,Carbonell,Productos de Temporada (navideños),Basicos,223,12/05/2026,Wal-mart,Supermercado / Tienda de Autoservicio,Walmart Sucursal Unidad Plaza de Toros,Autopista Querétaro Celaya 5501. Int. del Centro Comercial Plaza Esfera. Col. el Jacal. Cp. 76187,Querétaro,Santiago de Querétaro,20.574076,-100.408704
Acelga,Manojo,S/M,Hortalizas Frescas,Frutas y Legumbres,12.9,13/05/2026,Wal-mart,Supermercado / Tienda de Autoservicio,Walmart Sucursal Aeropuerto,Calz. Ignacio Zaragoza 58. Esq. Blvd. Puerto Aereo. Col. Federal. Cp. 15700,Ciudad de México,Venustiano Carranza,19.41926,-99.094521
Afumix,Caja con 4 Tabletas de 37.5 Mg./500 Mg.,S/M,Medicamentos,Medicamentos,682,06/05/2026,Chedraui,Supermercado / Tienda de Autoservicio,Chedraui Sucursal Centro Sur,Blvd. Bernardo Quintana 502. Carr. con Direccion a Centro Civico. Col. Centro Sur. Cp. 76087,Querétaro,Santiago de Querétaro,20.569354,-100.358831
Agrifen,Caja con 10 Tabletas,S/M,Medicamentos,Medicamentos,37,07/05/2026,La Comer,Supermercado / Tienda de Autoservicio,Lacomer Sucursal Queretaro Estadio,Luis M. Vega y Monroy 1300. Esq.cimataRío . Col. CimataRío. Cp. 76090,Querétaro,Santiago de Querétaro,20.577804,-100.373626
Agua Sin Gas,Botella 1.5 Lt.,Ciel,Refrescos Envasados,Basicos,14,13/05/2026,Chedraui,Supermercado / Tienda de Autoservicio,Chedraui Sucursal Anfora,Anfora 71. Esq. Eje 1 Norte. Col. Madero. Cp. 15320,Ciudad de México,Venustiano Carranza,19.437353,-99.110088
Agua Sin Gas,Botella 1.5 Lt. Limon,Be-light,Refrescos Envasados,Basicos,17.9,15/05/2026,Superissste,Supermercado / Tienda de Autoservicio,Superissste Sucursal 011,Calle Peluqueros No. 310 Esquina Calle Tizayuca. Col. Michoacána. Cp. 15240,Ciudad de México,Venustiano Carranza,19.446139,-99.113372
Agua Sin Gas,Garrafón 20 Lt. (Sólo Líquido),Ciel,Refrescos Envasados,Basicos,42.9,08/05/2026,Superissste,Supermercado / Tienda de Autoservicio,Superissste Sucursal 011,Calle Peluqueros No. 310 Esquina Calle Tizayuca. Col. Michoacána. Cp. 15240,Ciudad de México,Venustiano Carranza,19.446139,-99.113372
Agua con Gas,Botella 600 Ml.,Peñafiel,Refrescos Envasados,Basicos,19.5,15/05/2026,Bodega Aurrera,Supermercado / Tienda de Autoservicio,Bodega Aurrera Sucursal Centro Constituyentes,Constituyentes Oriente 334. Entre Pasteur y Manuel Ponce. Col. MercuRío. Cp. 76040,Querétaro,Santiago de Querétaro,20.586349,-100.382801
Agua con Gas,Botella 600 Ml. Limon-ada. Fizz,Del Valle,Refrescos Envasados,Basicos,17.9,01/05/2026,Superissste,Supermercado / Tienda de Autoservicio,Superissste Sucursal 011,Calle Peluqueros No. 310 Esquina Calle Tizayuca. Col. Michoacána. Cp. 15240,Ciudad de México,Venustiano Carranza,19.446139,-99.113372
Agua con Gas,Botella 600 Ml. Naranj-ada Fizz,Del Valle,Refrescos Envasados,Basicos,17.9,01/05/2026,Superissste,Supermercado / Tienda de Autoservicio,Superissste Sucursal 011,Calle Peluqueros No. 310 Esquina Calle Tizayuca. Col. Michoacána. Cp. 15240,Ciudad de México,Venustiano Carranza,19.446139,-99.113372
Alcachofa,1 Kg. Granel,S/M,Hortalizas Frescas,Frutas y Legumbres,179,06/05/2026,Chedraui,Supermercado / Tienda de Autoservicio,Chedraui Sucursal Centro Sur,Blvd. Bernardo Quintana 502. Carr. con Direccion a Centro Civico. Col. Centro Sur. Cp. 76087,Querétaro,Santiago de Querétaro,20.569354,-100.358831
Alcohol,Botella 500 Ml. Etílico Desnaturalizado. 70°,Protec,Medicamentos,Medicamentos,68,12/05/2026,Farmacias del Ahorro,Farmacias,Farmacias del Ahorro Sucursal Queretaro,Constituyentes Pte. 46. Entre Fernando de Tapia y Melchor Ocampo. Col. Centro. Cp. 76000,Querétaro,Santiago de Querétaro,20.584013,-100.394346
Alevian Duo,Caja con 16 Cápsulas de 100 Mg./300 Mg.,S/M,Medicamentos,Medicamentos,469,06/05/2026,Chedraui,Supermercado / Tienda de Autoservicio,Chedraui Sucursal Centro Sur,Blvd. Bernardo Quintana 502. Carr. con Direccion a Centro Civico. Col. Centro Sur. Cp. 76087,Querétaro,Santiago de Querétaro,20.569354,-100.358831
Alevian Duo,Caja con 16 Cápsulas de 100 Mg./300 Mg.,S/M,Medicamentos,Medicamentos,585,04/05/2026,Hipermercado Soriana,Supermercado / Tienda de Autoservicio,Soriana Hiper Sucursal Cimatario,Ctra. a Huimilpan 1001. Int. del Centro Comercial Plaza del Sol. Col. Plazas del Sol. Iii Sección. Cp. 76099,Querétaro,Santiago de Querétaro,20.563227,-100.375284
Algodón,Bolsa 200 Gr. Absorbente. Plisado,Protec,Medicamentos,Medicamentos,49,13/05/2026,Chedraui,Supermercado / Tienda de Autoservicio,Chedraui Sucursal Centro Sur,Blvd. Bernardo Quintana 502. Carr. con Direccion a Centro Civico. Col. Centro Sur. Cp. 76087,Querétaro,Santiago de Querétaro,20.569354,-100.358831
Algodón,Bolsa 50 Gr. Absorbente. Plisado,Protec,Medicamentos,Medicamentos,22.5,13/05/2026,Hipermercado Soriana,Supermercado / Tienda de Autoservicio,Soriana Hiper Sucursal Cimatario,Ctra. a Huimilpan 1001. Int. del Centro Comercial Plaza del Sol. Col. Plazas del Sol. Iii Sección. Cp. 76099,Querétaro,Santiago de Querétaro,20.563227,-100.375284
Algodón,Bolsa 50 Gr. Absorbente. Plisado,Protec,Medicamentos,Medicamentos,23,12/05/2026,Farmacias del Ahorro,Farmacias,Farmacias del Ahorro Sucursal Queretaro,Constituyentes Pte. 46. Entre Fernando de Tapia y Melchor Ocampo. Col. Centro. Cp. 76000,Querétaro,Santiago de Querétaro,20.584013,-100.394346
Alimento Preparado para Niños,Frasco 113 Gr. a Partir de los 6 Meses. Manzana,Gerber,Frutas y Legumbres Procesadas,Basicos,16.5,15/05/2026,Superissste,Supermercado / Tienda de Autoservicio,Superissste Sucursal 011,Calle Peluqueros No. 310 Esquina Calle Tizayuca. Col. Michoacána. Cp. 15240,Ciudad de México,Venustiano Carranza,19.446139,-99.113372
Alimento Preparado para Niños,Frasco 113 Gr. a Partir de los 6 Meses. Manzana,Gerber,Frutas y Legumbres Procesadas,Basicos,18,07/05/2026,Wal-mart,Supermercado / Tienda de Autoservicio,Walmart Sucursal Balbuena,Fray Servando Teresa de Mier 881. Entre Fernando Iglesia Calderon y Genaro Garcia. Col. Jardín Balbuena. Cp. 15900,Ciudad de México,Venustiano Carranza,19.418067,-99.105639
Alimento Preparado para Niños,Frasco 170 Gr. a Partir de los 8 Meses. Manzana,Gerber,Frutas y Legumbres Procesadas,Basicos,18,13/05/2026,Chedraui,Supermercado / Tienda de Autoservicio,Chedraui Sucursal Anfora,Anfora 71. Esq. Eje 1 Norte. Col. Madero. Cp. 15320,Ciudad de México,Venustiano Carranza,19.437353,-99.110088
Alimentos Preparados,Vaso 64 Gr. Sopa Instantánea. Sabor a Pollo,Maruchan,Galletas Pastas y Harinas de Trigo,Basicos,18,07/05/2026,Bodega Aurrera,Supermercado / Tienda de Autoservicio,Bodega Aurrera Sucursal la Viga,Calz. de la Viga 136 Esq. del Taller. Col. Lorenzo Boturini. Cp. 15820,Ciudad de México,Venustiano Carranza,19.414749,-99.127874
Alubia,Bolsa 500 Gr. Chica,La Merced,Legumbres Secas,Basicos,29.9,13/05/2026,Hipermercado Soriana,Supermercado / Tienda de Autoservicio,Soriana Hiper Sucursal Consulado (418),Río Consulado 2355. Esq. Carlos Marx. Col. Simon Bolivar. Cp. 15410,Ciudad de México,Venustiano Carranza,19.449572,-99.100376
"Amoxicilina, Acido Clavulanico",Caja con Frasco con 10 Tabletas de 875 Mg./125 Mg.,S/M,Medicamentos,Medicamentos,122,13/05/2026,Hipermercado Soriana,Supermercado / Tienda de Autoservicio,Soriana Hiper Sucursal Consulado (418),Río Consulado 2355. Esq. Carlos Marx. Col. Simon Bolivar. Cp. 15410,Ciudad de México,Venustiano Carranza,19.449572,-99.100376
Antiflu-des Jr.,Caja con Frasco con 60 Ml.,S/M,Medicamentos,Medicamentos,149,06/05/2026,Sanborn S Hnos.,Farmacias,Sanborns Sucursal los Arquitos,Constituyentes Oriente 172. Esq. de los Arquitos. Col. los Arquitos. Cp. 76050,Querétaro,Santiago de Querétaro,20.588117,-100.36869
Apio,1 Kg. Granel,S/M,Hortalizas Frescas,Frutas y Legumbres,38.9,15/05/2026,Bodega Aurrera,Supermercado / Tienda de Autoservicio,Bodega Aurrera Sucursal Centro Constituyentes,Constituyentes Oriente 334. Entre Pasteur y Manuel Ponce. Col. MercuRío. Cp. 76040,Querétaro,Santiago de Querétaro,20.586349,-100.382801
Arroz,Bolsa 1 Kg. Super Extra,Verde Valle,Arroz y Cereales Preparados,Basicos,37,07/05/2026,Bodega Aurrera,Supermercado / Tienda de Autoservicio,Bodega Aurrera Sucursal la Viga,Calz. de la Viga 136 Esq. del Taller. Col. Lorenzo Boturini. Cp. 15820,Ciudad de México,Venustiano Carranza,19.414749,-99.127874
Arroz,Bolsa 1 Kg. Super Extra,Verde Valle,Arroz y Cereales Preparados,Basicos,37,08/05/2026,Bodega Aurrera,Supermercado / Tienda de Autoservicio,Bodega Aurrera Sucursal Centro Constituyentes,Constituyentes Oriente 334. Entre Pasteur y Manuel Ponce. Col. MercuRío. Cp. 76040,Querétaro,Santiago de Querétaro,20.586349,-100.382801
Arroz,Bolsa 1 Kg. Super Extra,Verde Valle,Arroz y Cereales Preparados,Basicos,37,13/05/2026,Bodega Aurrera,Supermercado / Tienda de Autoservicio,Bodega Aurrera Sucursal la Viga,Calz. de la Viga 136 Esq. del Taller. Col. Lorenzo Boturini. Cp. 15820,Ciudad de México,Venustiano Carranza,19.414749,-99.127874
Arroz,Bolsa 1 Kg. Super Extra,Verde Valle,Arroz y Cereales Preparados,Basicos,38,07/05/2026,Wal-mart,Supermercado / Tienda de Autoservicio,Walmart Sucursal Balbuena,Fray Servando Teresa de Mier 881. Entre Fernando Iglesia Calderon y Genaro Garcia. Col. Jardín Balbuena. Cp. 15900,Ciudad de México,Venustiano Carranza,19.418067,-99.105639
Arroz,Bolsa 1 Kg. Super Extra,Verde Valle,Arroz y Cereales Preparados,Basicos,38,07/05/2026,Wal-mart,Supermercado / Tienda de Autoservicio,Walmart Sucursal Unidad Plaza de Toros,Autopista Querétaro Celaya 5501. Int. del Centro Comercial Plaza Esfera. Col. el Jacal. Cp. 76187,Querétaro,Santiago de Querétaro,20.574076,-100.408704
Arroz,Bolsa 1 Kg. Super Extra,Verde Valle,Arroz y Cereales Preparados,Basicos,38,12/05/2026,Wal-mart,Supermercado / Tienda de Autoservicio,Walmart Sucursal Unidad Plaza de Toros,Autopista Querétaro Celaya 5501. Int. del Centro Comercial Plaza Esfera. Col. el Jacal. Cp. 76187,Querétaro,Santiago de Querétaro,20.574076,-100.408704
Arroz,Bolsa 1 Kg. Super Extra,Verde Valle,Arroz y Cereales Preparados,Basicos,38,13/05/2026,Wal-mart,Supermercado / Tienda de Autoservicio,Walmart Sucursal Aeropuerto,Calz. Ignacio Zaragoza 58. Esq. Blvd. Puerto Aereo. Col. Federal. Cp. 15700,Ciudad de México,Venustiano Carranza,19.41926,-99.094521
Arroz,Bolsa 1 Kg. Super Extra,Verde Valle,Arroz y Cereales Preparados,Basicos,38,13/05/2026,Wal-mart,Supermercado / Tienda de Autoservicio,Walmart Sucursal Balbuena,Fray Servando Teresa de Mier 881. Entre Fernando Iglesia Calderon y Genaro Garcia. Col. Jardín Balbuena. Cp. 15900,Ciudad de México,Venustiano Carranza,19.418067,-99.105639
Arroz,Bolsa 1 Kg. Super Extra,Verde Valle,Arroz y Cereales Preparados,Basicos,39,15/05/2026,Bodega Aurrera,Supermercado / Tienda de Autoservicio,Bodega Aurrera Sucursal Centro Constituyentes,Constituyentes Oriente 334. Entre Pasteur y Manuel Ponce. Col. MercuRío. Cp. 76040,Querétaro,Santiago de Querétaro,20.586349,-100.382801
Arroz,Bolsa 1 Kg. Super Extra. Integral,Sos,Arroz y Cereales Preparados,Basicos,33,07/05/2026,Wal-mart,Supermercado / Tienda de Autoservicio,Walmart Sucursal Balbuena,Fray Servando Teresa de Mier 881. Entre Fernando Iglesia Calderon y Genaro Garcia. Col. Jardín Balbuena. Cp. 15900,Ciudad de México,Venustiano Carranza,19.418067,-99.105639
Arroz,Bolsa 1 Kg. Super Extra. Integral,Sos,Arroz y Cereales Preparados,Basicos,33,07/05/2026,Wal-mart,Supermercado / Tienda de Autoservicio,Walmart Sucursal Unidad Plaza de Toros,Autopista Querétaro Celaya 5501. Int. del Centro Comercial Plaza Esfera. Col. el Jacal. Cp. 76187,Querétaro,Santiago de Querétaro,20.574076,-100.408704
Arroz,Bolsa 1 Kg. Super Extra. Integral,Sos,Arroz y Cereales Preparados,Basicos,33,12/05/2026,Wal-mart,Supermercado / Tienda de Autoservicio,Walmart Sucursal Unidad Plaza de Toros,Autopista Querétaro Celaya 5501. Int. del Centro Comercial Plaza Esfera. Col. el Jacal. Cp. 76187,Querétaro,Santiago de Querétaro,20.574076,-100.408704
Arroz,Bolsa 1 Kg. Super Extra. Integral,Sos,Arroz y Cereales Preparados,Basicos,33,13/05/2026,Chedraui,Supermercado / Tienda de Autoservicio,Chedraui Sucursal Anfora,Anfora 71. Esq. Eje 1 Norte. Col. Madero. Cp. 15320,Ciudad de México,Venustiano Carranza,19.437353,-99.110088
Arroz,Bolsa 1 Kg. Super Extra. Integral,Sos,Arroz y Cereales Preparados,Basicos,33,13/05/2026,Wal-mart,Supermercado / Tienda de Autoservicio,Walmart Sucursal Balbuena,Fray Servando Teresa de Mier 881. Entre Fernando Iglesia Calderon y Genaro Garcia. Col. Jardín Balbuena. Cp. 15900,Ciudad de México,Venustiano Carranza,19.418067,-99.105639
Arroz,Bolsa 1 Kg. Super Extra. Integral,Sos,Arroz y Cereales Preparados,Basicos,34,07/05/2026,La Comer,Supermercado / Tienda de Autoservicio,Lacomer Sucursal Queretaro Estadio,Luis M. Vega y Monroy 1300. Esq.cimataRío . Col. CimataRío. Cp. 76090,Querétaro,Santiago de Querétaro,20.577804,-100.373626
Arroz,Bolsa 750 Gr. Integral,La Merced,Arroz y Cereales Preparados,Basicos,25,08/05/2026,Bodega Aurrera,Supermercado / Tienda de Autoservicio,Bodega Aurrera Sucursal Centro Constituyentes,Constituyentes Oriente 334. Entre Pasteur y Manuel Ponce. Col. MercuRío. Cp. 76040,Querétaro,Santiago de Querétaro,20.586349,-100.382801
Arroz,Bolsa 750 Gr. Integral,La Merced,Arroz y Cereales Preparados,Basicos,25,15/05/2026,Bodega Aurrera,Supermercado / Tienda de Autoservicio,Bodega Aurrera Sucursal Centro Constituyentes,Constituyentes Oriente 334. Entre Pasteur y Manuel Ponce. Col. MercuRío. Cp. 76040,Querétaro,Santiago de Querétaro,20.586349,-100.382801
Arroz,Bolsa 750 Gr. Integral,La Merced,Arroz y Cereales Preparados,Basicos,26,13/05/2026,Chedraui,Supermercado / Tienda de Autoservicio,Chedraui Sucursal Anfora,Anfora 71. Esq. Eje 1 Norte. Col. Madero. Cp. 15320,Ciudad de México,Venustiano Carranza,19.437353,-99.110088
Arroz,Bolsa 750 Gr. Integral,La Merced,Arroz y Cereales Preparados,Basicos,27,07/05/2026,Wal-mart,Supermercado / Tienda de Autoservicio,Walmart Sucursal Unidad Plaza de Toros,Autopista Querétaro Celaya 5501. Int. del Centro Comercial Plaza Esfera. Col. el Jacal. Cp. 76187,Querétaro,Santiago de Querétaro,20.574076,-100.408704
Arroz,Bolsa 750 Gr. Integral,La Merced,Arroz y Cereales Preparados,Basicos,27,12/05/2026,Wal-mart,Supermercado / Tienda de Autoservicio,Walmart Sucursal Unidad Plaza de Toros,Autopista Querétaro Celaya 5501. Int. del Centro Comercial Plaza Esfera. Col. el Jacal. Cp. 76187,Querétaro,Santiago de Querétaro,20.574076,-100.408704
Arroz,Bolsa 900 Gr. Extra,Aurrera,Arroz y Cereales Preparados,Pacic,15,07/05/2026,Bodega Aurrera,Supermercado / Tienda de Autoservicio,Bodega Aurrera Sucursal la Viga,Calz. de la Viga 136 Esq. del Taller. Col. Lorenzo Boturini. Cp. 15820,Ciudad de México,Venustiano Carranza,19.414749,-99.127874
Arroz,Bolsa 900 Gr. Extra,Aurrera,Arroz y Cereales Preparados,Pacic,15,07/05/2026,Wal-mart,Supermercado / Tienda de Autoservicio,Walmart Sucursal Balbuena,Fray Servando Teresa de Mier 881. Entre Fernando Iglesia Calderon y Genaro Garcia. Col. Jardín Balbuena. Cp. 15900,Ciudad de México,Venustiano Carranza,19.418067,-99.105639
Arroz,Bolsa 900 Gr. Extra,Aurrera,Arroz y Cereales Preparados,Pacic,15,07/05/2026,Wal-mart,Supermercado / Tienda de Autoservicio,Walmart Sucursal Unidad Plaza de Toros,Autopista Querétaro Celaya 5501. Int. del Centro Comercial Plaza Esfera. Col. el Jacal. Cp. 76187,Querétaro,Santiago de Querétaro,20.574076,-100.408704
Arroz,Bolsa 900 Gr. Extra,Aurrera,Arroz y Cereales Preparados,Pacic,15,08/05/2026,Bodega Aurrera,Supermercado / Tienda de Autoservicio,Bodega Aurrera Sucursal Centro Constituyentes,Constituyentes Oriente 334. Entre Pasteur y Manuel Ponce. Col. MercuRío. Cp. 76040,Querétaro,Santiago de Querétaro,20.586349,-100.382801
Arroz,Bolsa 900 Gr. Extra,Aurrera,Arroz y Cereales Preparados,Pacic,15,12/05/2026,Wal-mart,Supermercado / Tienda de Autoservicio,Walmart Sucursal Unidad Plaza de Toros,Autopista Querétaro Celaya 5501. Int. del Centro Comercial Plaza Esfera. Col. el Jacal. Cp. 76187,Querétaro,Santiago de Querétaro,20.574076,-100.408704
Arroz,Bolsa 900 Gr. Extra,Aurrera,Arroz y Cereales Preparados,Pacic,15,13/05/2026,Bodega Aurrera,Supermercado / Tienda de Autoservicio,Bodega Aurrera Sucursal la Viga,Calz. de la Viga 136 Esq. del Taller. Col. Lorenzo Boturini. Cp. 15820,Ciudad de México,Venustiano Carranza,19.414749,-99.127874
Arroz,Bolsa 900 Gr. Extra,Aurrera,Arroz y Cereales Preparados,Pacic,15,13/05/2026,Wal-mart,Supermercado / Tienda de Autoservicio,Walmart Sucursal Aeropuerto,Calz. Ignacio Zaragoza 58. Esq. Blvd. Puerto Aereo. Col. Federal. Cp. 15700,Ciudad de México,Venustiano Carranza,19.41926,-99.094521
Arroz,Bolsa 900 Gr. Extra,Aurrera,Arroz y Cereales Preparados,Pacic,15,13/05/2026,Wal-mart,Supermercado / Tienda de Autoservicio,Walmart Sucursal Balbuena,Fray Servando Teresa de Mier 881. Entre Fernando Iglesia Calderon y Genaro Garcia. Col. Jardín Balbuena. Cp. 15900,Ciudad de México,Venustiano Carranza,19.418067,-99.105639
Arroz,Bolsa 900 Gr. Extra,Aurrera,Arroz y Cereales Preparados,Pacic,15,15/05/2026,Bodega Aurrera,Supermercado / Tienda de Autoservicio,Bodega Aurrera Sucursal Centro Constituyentes,Constituyentes Oriente 334. Entre Pasteur y Manuel Ponce. Col. MercuRío. Cp. 76040,Querétaro,Santiago de Querétaro,20.586349,-100.382801
Arroz,Bolsa 900 Gr. Extra. Grano Largo,Precíssimo,Arroz y Cereales Preparados,Basicos,15.9,04/05/2026,Hipermercado Soriana,Supermercado / Tienda de Autoservicio,Soriana Hiper Sucursal Cimatario,Ctra. a Huimilpan 1001. Int. del Centro Comercial Plaza del Sol. Col. Plazas del Sol. Iii Sección. Cp. 76099,Querétaro,Santiago de Querétaro,20.563227,-100.375284
Arroz,Bolsa 900 Gr. Extra. Grano Largo,Precíssimo,Arroz y Cereales Preparados,Basicos,15.9,13/05/2026,Hipermercado Soriana,Supermercado / Tienda de Autoservicio,Soriana Hiper Sucursal Cimatario,Ctra. a Huimilpan 1001. Int. del Centro Comercial Plaza del Sol. Col. Plazas del Sol. Iii Sección. Cp. 76099,Querétaro,Santiago de Querétaro,20.563227,-100.375284
Arroz,Bolsa 900 Gr. Extra. Grano Largo,Precíssimo,Arroz y Cereales Preparados,Basicos,15.9,13/05/2026,Hipermercado Soriana,Supermercado / Tienda de Autoservicio,Soriana Hiper Sucursal Consulado (418),Río Consulado 2355. Esq. Carlos Marx. Col. Simon Bolivar. Cp. 15410,Ciudad de México,Venustiano Carranza,19.449572,-99.100376
Arroz,Bolsa 900 Gr. Extra. Grano Largo,Precíssimo,Arroz y Cereales Preparados,Pacic,15.5,13/05/2026,Hipermercado Soriana,Supermercado / Tienda de Autoservicio,Soriana Hiper Sucursal Consulado (418),Río Consulado 2355. Esq. Carlos Marx. Col. Simon Bolivar. Cp. 15410,Ciudad de México,Venustiano Carranza,19.449572,-99.100376
Arroz,Bolsa 900 Gr. Extra. Grano Largo,Precíssimo,Arroz y Cereales Preparados,Pacic,15.9,04/05/2026,Hipermercado Soriana,Supermercado / Tienda de Autoservicio,Soriana Hiper Sucursal Cimatario,Ctra. a Huimilpan 1001. Int. del Centro Comercial Plaza del Sol. Col. Plazas del Sol. Iii Sección. Cp. 76099,Querétaro,Santiago de Querétaro,20.563227,-100.375284
Arroz,Bolsa 900 Gr. Extra. Grano Largo,Precíssimo,Arroz y Cereales Preparados,Pacic,15.9,13/05/2026,Hipermercado Soriana,Supermercado / Tienda de Autoservicio,Soriana Hiper Sucursal Cimatario,Ctra. a Huimilpan 1001. Int. del Centro Comercial Plaza del Sol. Col. Plazas del Sol. Iii Sección. Cp. 76099,Querétaro,Santiago de Querétaro,20.563227,-100.375284
Arroz,Bolsa 900 Gr. Super Extra,Great Value,Arroz y Cereales Preparados,Basicos,18,07/05/2026,Wal-mart,Supermercado / Tienda de Autoservicio,Walmart Sucursal Balbuena,Fray Servando Teresa de Mier 881. Entre Fernando Iglesia Calderon y Genaro Garcia. Col. Jardín Balbuena. Cp. 15900,Ciudad de México,Venustiano Carranza,19.418067,-99.105639
Arroz,Bolsa 900 Gr. Super Extra,Great Value,Arroz y Cereales Preparados,Basicos,18,07/05/2026,Wal-mart,Supermercado / Tienda de Autoservicio,Walmart Sucursal Unidad Plaza de Toros,Autopista Querétaro Celaya 5501. Int. del Centro Comercial Plaza Esfera. Col. el Jacal. Cp. 76187,Querétaro,Santiago de Querétaro,20.574076,-100.408704
Arroz,Bolsa 900 Gr. Super Extra,Great Value,Arroz y Cereales Preparados,Basicos,18,12/05/2026,Wal-mart,Supermercado / Tienda de Autoservicio,Walmart Sucursal Unidad Plaza de Toros,Autopista Querétaro Celaya 5501. Int. del Centro Comercial Plaza Esfera. Col. el Jacal. Cp. 76187,Querétaro,Santiago de Querétaro,20.574076,-100.408704
Arroz,Bolsa 900 Gr. Super Extra,Great Value,Arroz y Cereales Preparados,Basicos,18,13/05/2026,Wal-mart,Supermercado / Tienda de Autoservicio,Walmart Sucursal Aeropuerto,Calz. Ignacio Zaragoza 58. Esq. Blvd. Puerto Aereo. Col. Federal. Cp. 15700,Ciudad de México,Venustiano Carranza,19.41926,-99.094521
Arroz,Bolsa 900 Gr. Super Extra,Great Value,Arroz y Cereales Preparados,Basicos,18,13/05/2026,Wal-mart,Supermercado / Tienda de Autoservicio,Walmart Sucursal Balbuena,Fray Servando Teresa de Mier 881. Entre Fernando Iglesia Calderon y Genaro Garcia. Col. Jardín Balbuena. Cp. 15900,Ciudad de México,Venustiano Carranza,19.418067,-99.105639
Arroz,Bolsa 900 Gr. Super Extra,Ke Precio,Arroz y Cereales Preparados,Pacic,16.9,07/05/2026,La Comer,Supermercado / Tienda de Autoservicio,Lacomer Sucursal Queretaro Estadio,Luis M. Vega y Monroy 1300. Esq.cimataRío . Col. CimataRío. Cp. 76090,Querétaro,Santiago de Querétaro,20.577804,-100.373626
Arroz,Bolsa 900 Gr. Super Extra,Ke Precio,Arroz y Cereales Preparados,Pacic,16.9,14/05/2026,La Comer,Supermercado / Tienda de Autoservicio,Lacomer Sucursal Queretaro Estadio,Luis M. Vega y Monroy 1300. Esq.cimataRío . Col. CimataRío. Cp. 76090,Querétaro,Santiago de Querétaro,20.577804,-100.373626
Arroz,Bolsa 900 Gr. Super Extra,La Merced,Arroz y Cereales Preparados,Basicos,23,13/05/2026,Chedraui,Supermercado / Tienda de Autoservicio,Chedraui Sucursal Anfora,Anfora 71. Esq. Eje 1 Norte. Col. Madero. Cp. 15320,Ciudad de México,Venustiano Carranza,19.437353,-99.110088
Arroz,Bolsa 900 Gr. Super Extra,La Merced,Arroz y Cereales Preparados,Basicos,24.9,13/05/2026,Hipermercado Soriana,Supermercado / Tienda de Autoservicio,Soriana Hiper Sucursal Consulado (418),Río Consulado 2355. Esq. Carlos Marx. Col. Simon Bolivar. Cp. 15410,Ciudad de México,Venustiano Carranza,19.449572,-99.100376
Arroz,Bolsa 900 Gr. Super Extra,La Merced,Arroz y Cereales Preparados,Basicos,28.5,01/05/2026,Superissste,Supermercado / Tienda de Autoservicio,Superissste Sucursal 011,Calle Peluqueros No. 310 Esquina Calle Tizayuca. Col. Michoacána. Cp. 15240,Ciudad de México,Venustiano Carranza,19.446139,-99.113372
Arroz,Bolsa 900 Gr. Super Extra,La Merced,Arroz y Cereales Preparados,Basicos,28.5,01/05/2026,Superissste,Supermercado / Tienda de Autoservicio,Superissste Sucursal 022,Av. del Taller y Retorno No. 38 Dentro del Retorno 38. Col. Jardín Balbuena. Cp. 15900,Ciudad de México,Venustiano Carranza,19.412842,-99.105666
Arroz,Bolsa 900 Gr. Super Extra,La Merced,Arroz y Cereales Preparados,Basicos,28.5,08/05/2026,Superissste,Supermercado / Tienda de Autoservicio,Superissste Sucursal 011,Calle Peluqueros No. 310 Esquina Calle Tizayuca. Col. Michoacána. Cp. 15240,Ciudad de México,Venustiano Carranza,19.446139,-99.113372
Arroz,Bolsa 900 Gr. Super Extra,La Merced,Arroz y Cereales Preparados,Basicos,28.5,08/05/2026,Superissste,Supermercado / Tienda de Autoservicio,Superissste Sucursal 022,Av. del Taller y Retorno No. 38 Dentro del Retorno 38. Col. Jardín Balbuena. Cp. 15900,Ciudad de México,Venustiano Carranza,19.412842,-99.105666
Arroz,Bolsa 900 Gr. Super Extra,La Merced,Arroz y Cereales Preparados,Basicos,28.5,15/05/2026,Superissste,Supermercado / Tienda de Autoservicio,Superissste Sucursal 011,Calle Peluqueros No. 310 Esquina Calle Tizayuca. Col. Michoacána. Cp. 15240,Ciudad de México,Venustiano Carranza,19.446139,-99.113372
Arroz,Bolsa 900 Gr. Super Extra,La Merced,Arroz y Cereales Preparados,Basicos,28.5,15/05/2026,Superissste,Supermercado / Tienda de Autoservicio,Superissste Sucursal 022,Av. del Taller y Retorno No. 38 Dentro del Retorno 38. Col. Jardín Balbuena. Cp. 15900,Ciudad de México,Venustiano Carranza,19.412842,-99.105666
Arroz,Bolsa 900 Gr. Super Extra,La Merced,Arroz y Cereales Preparados,Basicos,31.5,07/05/2026,La Comer,Supermercado / Tienda de Autoservicio,Lacomer Sucursal Queretaro Estadio,Luis M. Vega y Monroy 1300. Esq.cimataRío . Col. CimataRío. Cp. 76090,Querétaro,Santiago de Querétaro,20.577804,-100.373626
Arroz,Bolsa 900 Gr. Super Extra,Verde Valle,Arroz y Cereales Preparados,Basicos,36,13/05/2026,Chedraui,Supermercado / Tienda de Autoservicio,Chedraui Sucursal Anfora,Anfora 71. Esq. Eje 1 Norte. Col. Madero. Cp. 15320,Ciudad de México,Venustiano Carranza,19.437353,-99.110088
Arroz,Bolsa 900 Gr. Super Extra,Verde Valle,Arroz y Cereales Preparados,Basicos,36,13/05/2026,Chedraui,Supermercado / Tienda de Autoservicio,Chedraui Sucursal Centro Sur,Blvd. Bernardo Quintana 502. Carr. con Direccion a Centro Civico. Col. Centro Sur. Cp. 76087,Querétaro,Santiago de Querétaro,20.569354,-100.358831
Arroz,Bolsa 900 Gr. Super Extra,Verde Valle,Arroz y Cereales Preparados,Basicos,37,06/05/2026,Chedraui,Supermercado / Tienda de Autoservicio,Chedraui Sucursal Centro Sur,Blvd. Bernardo Quintana 502. Carr. con Direccion a Centro Civico. Col. Centro Sur. Cp. 76087,Querétaro,Santiago de Querétaro,20.569354,-100.358831
Arroz,Bolsa 900 Gr. Super Extra,Verde Valle,Arroz y Cereales Preparados,Basicos,37,07/05/2026,La Comer,Supermercado / Tienda de Autoservicio,Lacomer Sucursal Queretaro Estadio,Luis M. Vega y Monroy 1300. Esq.cimataRío . Col. CimataRío. Cp. 76090,Querétaro,Santiago de Querétaro,20.577804,-100.373626
Arroz,Bolsa 900 Gr. Super Extra,Verde Valle,Arroz y Cereales Preparados,Basicos,37,14/05/2026,La Comer,Supermercado / Tienda de Autoservicio,Lacomer Sucursal Queretaro Estadio,Luis M. Vega y Monroy 1300. Esq.cimataRío . Col. CimataRío. Cp. 76090,Querétaro,Santiago de Querétaro,20.577804,-100.373626
Arroz,Bolsa 900 Gr. Super Extra,Verde Valle,Arroz y Cereales Preparados,Basicos,38.9,12/05/2026,Oxxo,Tienda de Conveniencia,Oxxo Sucursal Corregidora 50 Cr,Circuito Moises Solana No. 128. Esq. Gertrudis Bocanegra. Col. Burocratas. Cp. 76070,Querétaro,Santiago de Querétaro,20.57462,-100.384232
Arroz,Bolsa 900 Gr. Super Extra. Grano Largo,Chedraui,Arroz y Cereales Preparados,Basicos,15,13/05/2026,Chedraui,Supermercado / Tienda de Autoservicio,Chedraui Sucursal Anfora,Anfora 71. Esq. Eje 1 Norte. Col. Madero. Cp. 15320,Ciudad de México,Venustiano Carranza,19.437353,-99.110088
Arroz,Bolsa 900 Gr. Super Extra. Grano Largo,Chedraui,Arroz y Cereales Preparados,Basicos,17.5,06/05/2026,Chedraui,Supermercado / Tienda de Autoservicio,Chedraui Sucursal Centro Sur,Blvd. Bernardo Quintana 502. Carr. con Direccion a Centro Civico. Col. Centro Sur. Cp. 76087,Querétaro,Santiago de Querétaro,20.569354,-100.358831
Arroz,Bolsa 900 Gr. Super Extra. Grano Largo,Chedraui,Arroz y Cereales Preparados,Basicos,17.5,13/05/2026,Chedraui,Supermercado / Tienda de Autoservicio,Chedraui Sucursal Centro Sur,Blvd. Bernardo Quintana 502. Carr. con Direccion a Centro Civico. Col. Centro Sur. Cp. 76087,Querétaro,Santiago de Querétaro,20.569354,-100.358831
Arroz,Bolsa 900 Gr. Super Extra. Grano Largo,Chedraui,Arroz y Cereales Preparados,Pacic,15,13/05/2026,Chedraui,Supermercado / Tienda de Autoservicio,Chedraui Sucursal Anfora,Anfora 71. Esq. Eje 1 Norte. Col. Madero. Cp. 15320,Ciudad de México,Venustiano Carranza,19.437353,-99.110088
Arroz,Bolsa 900 Gr. Super Extra. Grano Largo,Chedraui,Arroz y Cereales Preparados,Pacic,17.5,06/05/2026,Chedraui,Supermercado / Tienda de Autoservicio,Chedraui Sucursal Centro Sur,Blvd. Bernardo Quintana 502. Carr. con Direccion a Centro Civico. Col. Centro Sur. Cp. 76087,Querétaro,Santiago de Querétaro,20.569354,-100.358831
Arroz,Bolsa 900 Gr. Super Extra. Grano Largo,Chedraui,Arroz y Cereales Preparados,Pacic,17.5,13/05/2026,Chedraui,Supermercado / Tienda de Autoservicio,Chedraui Sucursal Centro Sur,Blvd. Bernardo Quintana 502. Carr. con Direccion a Centro Civico. Col. Centro Sur. Cp. 76087,Querétaro,Santiago de Querétaro,20.569354,-100.358831
Arroz,Bolsa 900 Gr. Super Extra. Verde,Schettino,Arroz y Cereales Preparados,Basicos,20,01/05/2026,Superissste,Supermercado / Tienda de Autoservicio,Superissste Sucursal 011,Calle Peluqueros No. 310 Esquina Calle Tizayuca. Col. Michoacána. Cp. 15240,Ciudad de México,Venustiano Carranza,19.446139,-99.113372
Arroz,Bolsa 900 Gr. Super Extra. Verde,Schettino,Arroz y Cereales Preparados,Basicos,20,01/05/2026,Superissste,Supermercado / Tienda de Autoservicio,Superissste Sucursal 022,Av. del Taller y Retorno No. 38 Dentro del Retorno 38. Col. Jardín Balbuena. Cp. 15900,Ciudad de México,Venustiano Carranza,19.412842,-99.105666
Arroz,Bolsa 900 Gr. Super Extra. Verde,Schettino,Arroz y Cereales Preparados,Basicos,20,08/05/2026,Superissste,Supermercado / Tienda de Autoservicio,Superissste Sucursal 011,Calle Peluqueros No. 310 Esquina Calle Tizayuca. Col. Michoacána. Cp. 15240,Ciudad de México,Venustiano Carranza,19.446139,-99.113372
Arroz,Bolsa 900 Gr. Super Extra. Verde,Schettino,Arroz y Cereales Preparados,Basicos,20,08/05/2026,Superissste,Supermercado / Tienda de Autoservicio,Superissste Sucursal 022,Av. del Taller y Retorno No. 38 Dentro del Retorno 38. Col. Jardín Balbuena. Cp. 15900,Ciudad de México,Venustiano Carranza,19.412842,-99.105666
Arroz,Bolsa 900 Gr. Super Extra. Verde,Schettino,Arroz y Cereales Preparados,Basicos,20,13/05/2026,Chedraui,Supermercado / Tienda de Autoservicio,Chedraui Sucursal Anfora,Anfora 71. Esq. Eje 1 Norte. Col. Madero. Cp. 15320,Ciudad de México,Venustiano Carranza,19.437353,-99.110088
Arroz,Bolsa 900 Gr. Super Extra. Verde,Schettino,Arroz y Cereales Preparados,Basicos,20,15/05/2026,Superissste,Supermercado / Tienda de Autoservicio,Superissste Sucursal 011,Calle Peluqueros No. 310 Esquina Calle Tizayuca. Col. Michoacána. Cp. 15240,Ciudad de México,Venustiano Carranza,19.446139,-99.113372
Arroz,Bolsa 900 Gr. Super Extra. Verde,Schettino,Arroz y Cereales Preparados,Basicos,20,15/05/2026,Superissste,Supermercado / Tienda de Autoservicio,Superissste Sucursal 022,Av. del Taller y Retorno No. 38 Dentro del Retorno 38. Col. Jardín Balbuena. Cp. 15900,Ciudad de México,Venustiano Carranza,19.412842,-99.105666
Arroz,Bolsa 900 Gr. Super Extra. Verde,Schettino,Arroz y Cereales Preparados,Basicos,21,13/05/2026,Chedraui,Supermercado / Tienda de Autoservicio,Chedraui Sucursal Centro Sur,Blvd. Bernardo Quintana 502. Carr. con Direccion a Centro Civico. Col. Centro Sur. Cp. 76087,Querétaro,Santiago de Querétaro,20.569354,-100.358831
Arroz,Bolsa 900 Gr. Super Extra. Verde,Schettino,Arroz y Cereales Preparados,Basicos,21.5,07/05/2026,La Comer,Supermercado / Tienda de Autoservicio,Lacomer Sucursal Queretaro Estadio,Luis M. Vega y Monroy 1300. Esq.cimataRío . Col. CimataRío. Cp. 76090,Querétaro,Santiago de Querétaro,20.577804,-100.373626
Arroz,Bolsa 900 Gr. Super Extra. Verde,Schettino,Arroz y Cereales Preparados,Basicos,21.5,13/05/2026,Hipermercado Soriana,Supermercado / Tienda de Autoservicio,Soriana Hiper Sucursal Consulado (418),Río Consulado 2355. Esq. Carlos Marx. Col. Simon Bolivar. Cp. 15410,Ciudad de México,Venustiano Carranza,19.449572,-99.100376
Arroz,Bolsa 900 Gr. Super Extra. Verde,Schettino,Arroz y Cereales Preparados,Basicos,21.5,14/05/2026,La Comer,Supermercado / Tienda de Autoservicio,Lacomer Sucursal Queretaro Estadio,Luis M. Vega y Monroy 1300. Esq.cimataRío . Col. CimataRío. Cp. 76090,Querétaro,Santiago de Querétaro,20.577804,-100.373626
Arroz,Bolsa 900 Gr. Super Extra. Verde,Schettino,Arroz y Cereales Preparados,Basicos,25,06/05/2026,Chedraui,Supermercado / Tienda de Autoservicio,Chedraui Sucursal Centro Sur,Blvd. Bernardo Quintana 502. Carr. con Direccion a Centro Civico. Col. Centro Sur. Cp. 76087,Querétaro,Santiago de Querétaro,20.569354,-100.358831
Arroz,Bolsa 900 Gr. Super Extra. Verde,Schettino,Arroz y Cereales Preparados,Pacic,20,13/05/2026,Chedraui,Supermercado / Tienda de Autoservicio,Chedraui Sucursal Anfora,Anfora 71. Esq. Eje 1 Norte. Col. Madero. Cp. 15320,Ciudad de México,Venustiano Carranza,19.437353,-99.110088
Arroz,Bolsa 900 Gr. Super Extra. Verde,Schettino,Arroz y Cereales Preparados,Pacic,21,13/05/2026,Chedraui,Supermercado / Tienda de Autoservicio,Chedraui Sucursal Centro Sur,Blvd. Bernardo Quintana 502. Carr. con Direccion a Centro Civico. Col. Centro Sur. Cp. 76087,Querétaro,Santiago de Querétaro,20.569354,-100.358831
Arroz,Bolsa 900 Gr. Super Extra. Verde,Schettino,Arroz y Cereales Preparados,Pacic,25,06/05/2026,Chedraui,Supermercado / Tienda de Autoservicio,Chedraui Sucursal Centro Sur,Blvd. Bernardo Quintana 502. Carr. con Direccion a Centro Civico. Col. Centro Sur. Cp. 76087,Querétaro,Santiago de Querétaro,20.569354,-100.358831
Arroz,Bolsa 907 Gr. Super Extra,La Merced,Arroz y Cereales Preparados,Basicos,20,07/05/2026,Wal-mart,Supermercado / Tienda de Autoservicio,Walmart Sucursal Unidad Plaza de Toros,Autopista Querétaro Celaya 5501. Int. del Centro Comercial Plaza Esfera. Col. el Jacal. Cp. 76187,Querétaro,Santiago de Querétaro,20.574076,-100.408704
Arroz,Bolsa 907 Gr. Super Extra,La Merced,Arroz y Cereales Preparados,Basicos,20,08/05/2026,Bodega Aurrera,Supermercado / Tienda de Autoservicio,Bodega Aurrera Sucursal Centro Constituyentes,Constituyentes Oriente 334. Entre Pasteur y Manuel Ponce. Col. MercuRío. Cp. 76040,Querétaro,Santiago de Querétaro,20.586349,-100.382801
Arroz,Bolsa 907 Gr. Super Extra,La Merced,Arroz y Cereales Preparados,Basicos,20,12/05/2026,Wal-mart,Supermercado / Tienda de Autoservicio,Walmart Sucursal Unidad Plaza de Toros,Autopista Querétaro Celaya 5501. Int. del Centro Comercial Plaza Esfera. Col. el Jacal. Cp. 76187,Querétaro,Santiago de Querétaro,20.574076,-100.408704
Arroz,Bolsa 907 Gr. Super Extra,La Merced,Arroz y Cereales Preparados,Basicos,20,13/05/2026,Bodega Aurrera,Supermercado / Tienda de Autoservicio,Bodega Aurrera Sucursal la Viga,Calz. de la Viga 136 Esq. del Taller. Col. Lorenzo Boturini. Cp. 15820,Ciudad de México,Venustiano Carranza,19.414749,-99.127874
Arroz,Bolsa 907 Gr. Super Extra,La Merced,Arroz y Cereales Preparados,Basicos,20,13/05/2026,Wal-mart,Supermercado / Tienda de Autoservicio,Walmart Sucursal Aeropuerto,Calz. Ignacio Zaragoza 58. Esq. Blvd. Puerto Aereo. Col. Federal. Cp. 15700,Ciudad de México,Venustiano Carranza,19.41926,-99.094521
Arroz,Bolsa 907 Gr. Super Extra,La Merced,Arroz y Cereales Preparados,Basicos,21,13/05/2026,Wal-mart,Supermercado / Tienda de Autoservicio,Walmart Sucursal Balbuena,Fray Servando Teresa de Mier 881. Entre Fernando Iglesia Calderon y Genaro Garcia. Col. Jardín Balbuena. Cp. 15900,Ciudad de México,Venustiano Carranza,19.418067,-99.105639
Arroz,Bolsa 907 Gr. Super Extra,La Merced,Arroz y Cereales Preparados,Pacic,20,07/05/2026,Bodega Aurrera,Supermercado / Tienda de Autoservicio,Bodega Aurrera Sucursal la Viga,Calz. de la Viga 136 Esq. del Taller. Col. Lorenzo Boturini. Cp. 15820,Ciudad de México,Venustiano Carranza,19.414749,-99.127874
Arroz,Bolsa 907 Gr. Super Extra,La Merced,Arroz y Cereales Preparados,Pacic,20,07/05/2026,Wal-mart,Supermercado / Tienda de Autoservicio,Walmart Sucursal Unidad Plaza de Toros,Autopista Querétaro Celaya 5501. Int. del Centro Comercial Plaza Esfera. Col. el Jacal. Cp. 76187,Querétaro,Santiago de Querétaro,20.574076,-100.408704
Arroz,Bolsa 907 Gr. Super Extra,La Merced,Arroz y Cereales Preparados,Pacic,20,08/05/2026,Bodega Aurrera,Supermercado / Tienda de Autoservicio,Bodega Aurrera Sucursal Centro Constituyentes,Constituyentes Oriente 334. Entre Pasteur y Manuel Ponce. Col. MercuRío. Cp. 76040,Querétaro,Santiago de Querétaro,20.586349,-100.382801
Arroz,Bolsa 907 Gr. Super Extra,La Merced,Arroz y Cereales Preparados,Pacic,20,12/05/2026,Wal-mart,Supermercado / Tienda de Autoservicio,Walmart Sucursal Unidad Plaza de Toros,Autopista Querétaro Celaya 5501. Int. del Centro Comercial Plaza Esfera. Col. el Jacal. Cp. 76187,Querétaro,Santiago de Querétaro,20.574076,-100.408704
Arroz,Bolsa 907 Gr. Super Extra,La Merced,Arroz y Cereales Preparados,Pacic,20,13/05/2026,Bodega Aurrera,Supermercado / Tienda de Autoservicio,Bodega Aurrera Sucursal la Viga,Calz. de la Viga 136 Esq. del Taller. Col. Lorenzo Boturini. Cp. 15820,Ciudad de México,Venustiano Carranza,19.414749,-99.127874
Arroz,Bolsa 907 Gr. Super Extra,La Merced,Arroz y Cereales Preparados,Pacic,20,13/05/2026,Wal-mart,Supermercado / Tienda de Autoservicio,Walmart Sucursal Aeropuerto,Calz. Ignacio Zaragoza 58. Esq. Blvd. Puerto Aereo. Col. Federal. Cp. 15700,Ciudad de México,Venustiano Carranza,19.41926,-99.094521
Arroz,Bolsa 907 Gr. Super Extra,La Merced,Arroz y Cereales Preparados,Pacic,21,13/05/2026,Wal-mart,Supermercado / Tienda de Autoservicio,Walmart Sucursal Balbuena,Fray Servando Teresa de Mier 881. Entre Fernando Iglesia Calderon y Genaro Garcia. Col. Jardín Balbuena. Cp. 15900,Ciudad de México,Venustiano Carranza,19.418067,-99.105639
Arroz,Bolsa 907 Gr. Super Extra,Schettino,Arroz y Cereales Preparados,Basicos,20,07/05/2026,Bodega Aurrera,Supermercado / Tienda de Autoservicio,Bodega Aurrera Sucursal la Viga,Calz. de la Viga 136 Esq. del Taller. Col. Lorenzo Boturini. Cp. 15820,Ciudad de México,Venustiano Carranza,19.414749,-99.127874
Arroz,Bolsa 907 Gr. Super Extra,Schettino,Arroz y Cereales Preparados,Basicos,20,08/05/2026,Bodega Aurrera,Supermercado / Tienda de Autoservicio,Bodega Aurrera Sucursal Centro Constituyentes,Constituyentes Oriente 334. Entre Pasteur y Manuel Ponce. Col. MercuRío. Cp. 76040,Querétaro,Santiago de Querétaro,20.586349,-100.382801
Arroz,Bolsa 907 Gr. Super Extra,Schettino,Arroz y Cereales Preparados,Basicos,20,13/05/2026,Bodega Aurrera,Supermercado / Tienda de Autoservicio,Bodega Aurrera Sucursal la Viga,Calz. de la Viga 136 Esq. del Taller. Col. Lorenzo Boturini. Cp. 15820,Ciudad de México,Venustiano Carranza,19.414749,-99.127874
Arroz,Bolsa 907 Gr. Super Extra,Schettino,Arroz y Cereales Preparados,Basicos,20,15/05/2026,Bodega Aurrera,Supermercado / Tienda de Autoservicio,Bodega Aurrera Sucursal Centro Constituyentes,Constituyentes Oriente 334. Entre Pasteur y Manuel Ponce. Col. MercuRío. Cp. 76040,Querétaro,Santiago de Querétaro,20.586349,-100.382801
Arroz,Bolsa 907 Gr. Super Extra,Schettino,Arroz y Cereales Preparados,Basicos,21,07/05/2026,Wal-mart,Supermercado / Tienda de Autoservicio,Walmart Sucursal Balbuena,Fray Servando Teresa de Mier 881. Entre Fernando Iglesia Calderon y Genaro Garcia. Col. Jardín Balbuena. Cp. 15900,Ciudad de México,Venustiano Carranza,19.418067,-99.105639
Arroz,Bolsa 907 Gr. Super Extra,Schettino,Arroz y Cereales Preparados,Basicos,21,07/05/2026,Wal-mart,Supermercado / Tienda de Autoservicio,Walmart Sucursal Unidad Plaza de Toros,Autopista Querétaro Celaya 5501. Int. del Centro Comercial Plaza Esfera. Col. el Jacal. Cp. 76187,Querétaro,Santiago de Querétaro,20.574076,-100.408704
Arroz,Bolsa 907 Gr. Super Extra,Schettino,Arroz y Cereales Preparados,Basicos,21,12/05/2026,Wal-mart,Supermercado / Tienda de Autoservicio,Walmart Sucursal Unidad Plaza de Toros,Autopista Querétaro Celaya 5501. Int. del Centro Comercial Plaza Esfera. Col. el Jacal. Cp. 76187,Querétaro,Santiago de Querétaro,20.574076,-100.408704
Arroz,Bolsa 907 Gr. Super Extra,Schettino,Arroz y Cereales Preparados,Basicos,21,13/05/2026,Wal-mart,Supermercado / Tienda de Autoservicio,Walmart Sucursal Aeropuerto,Calz. Ignacio Zaragoza 58. Esq. Blvd. Puerto Aereo. Col. Federal. Cp. 15700,Ciudad de México,Venustiano Carranza,19.41926,-99.094521
Arroz,Bolsa 907 Gr. Super Extra,Schettino,Arroz y Cereales Preparados,Basicos,21,13/05/2026,Wal-mart,Supermercado / Tienda de Autoservicio,Walmart Sucursal Balbuena,Fray Servando Teresa de Mier 881. Entre Fernando Iglesia Calderon y Genaro Garcia. Col. Jardín Balbuena. Cp. 15900,Ciudad de México,Venustiano Carranza,19.418067,-99.105639
Arroz,Bolsa 907 Gr. Super Extra,Schettino,Arroz y Cereales Preparados,Pacic,20,07/05/2026,Bodega Aurrera,Supermercado / Tienda de Autoservicio,Bodega Aurrera Sucursal la Viga,Calz. de la Viga 136 Esq. del Taller. Col. Lorenzo Boturini. Cp. 15820,Ciudad de México,Venustiano Carranza,19.414749,-99.127874
Arroz,Bolsa 907 Gr. Super Extra,Schettino,Arroz y Cereales Preparados,Pacic,20,08/05/2026,Bodega Aurrera,Supermercado / Tienda de Autoservicio,Bodega Aurrera Sucursal Centro Constituyentes,Constituyentes Oriente 334. Entre Pasteur y Manuel Ponce. Col. MercuRío. Cp. 76040,Querétaro,Santiago de Querétaro,20.586349,-100.382801
Arroz,Bolsa 907 Gr. Super Extra,Schettino,Arroz y Cereales Preparados,Pacic,20,13/05/2026,Bodega Aurrera,Supermercado / Tienda de Autoservicio,Bodega Aurrera Sucursal la Viga,Calz. de la Viga 136 Esq. del Taller. Col. Lorenzo Boturini. Cp. 15820,Ciudad de México,Venustiano Carranza,19.414749,-99.127874
Arroz,Bolsa 907 Gr. Super Extra,Schettino,Arroz y Cereales Preparados,Pacic,20,15/05/2026,Bodega Aurrera,Supermercado / Tienda de Autoservicio,Bodega Aurrera Sucursal Centro Constituyentes,Constituyentes Oriente 334. Entre Pasteur y Manuel Ponce. Col. MercuRío. Cp. 76040,Querétaro,Santiago de Querétaro,20.586349,-100.382801
Arroz,Bolsa 907 Gr. Super Extra,Schettino,Arroz y Cereales Preparados,Pacic,21,07/05/2026,Wal-mart,Supermercado / Tienda de Autoservicio,Walmart Sucursal Balbuena,Fray Servando Teresa de Mier 881. Entre Fernando Iglesia Calderon y Genaro Garcia. Col. Jardín Balbuena. Cp. 15900,Ciudad de México,Venustiano Carranza,19.418067,-99.105639
Arroz,Bolsa 907 Gr. Super Extra,Schettino,Arroz y Cereales Preparados,Pacic,21,07/05/2026,Wal-mart,Supermercado / Tienda de Autoservicio,Walmart Sucursal Unidad Plaza de Toros,Autopista Querétaro Celaya 5501. Int. del Centro Comercial Plaza Esfera. Col. el Jacal. Cp. 76187,Querétaro,Santiago de Querétaro,20.574076,-100.408704
Arroz,Bolsa 907 Gr. Super Extra,Schettino,Arroz y Cereales Preparados,Pacic,21,12/05/2026,Wal-mart,Supermercado / Tienda de Autoservicio,Walmart Sucursal Unidad Plaza de Toros,Autopista Querétaro Celaya 5501. Int. del Centro Comercial Plaza Esfera. Col. el Jacal. Cp. 76187,Querétaro,Santiago de Querétaro,20.574076,-100.408704
Arroz,Bolsa 907 Gr. Super Extra,Schettino,Arroz y Cereales Preparados,Pacic,21,13/05/2026,Wal-mart,Supermercado / Tienda de Autoservicio,Walmart Sucursal Aeropuerto,Calz. Ignacio Zaragoza 58. Esq. Blvd. Puerto Aereo. Col. Federal. Cp. 15700,Ciudad de México,Venustiano Carranza,19.41926,-99.094521
Arroz,Bolsa 907 Gr. Super Extra,Schettino,Arroz y Cereales Preparados,Pacic,21,13/05/2026,Wal-mart,Supermercado / Tienda de Autoservicio,Walmart Sucursal Balbuena,Fray Servando Teresa de Mier 881. Entre Fernando Iglesia Calderon y Genaro Garcia. Col. Jardín Balbuena. Cp. 15900,Ciudad de México,Venustiano Carranza,19.418067,-99.105639
Arroz,Bolsa 907 Gr. Super Extra. Grano Grueso,Sos,Arroz y Cereales Preparados,Basicos,28,01/05/2026,Superissste,Supermercado / Tienda de Autoservicio,Superissste Sucursal 011,Calle Peluqueros No. 310 Esquina Calle Tizayuca. Col. Michoacána. Cp. 15240,Ciudad de México,Venustiano Carranza,19.446139,-99.113372
Arroz,Bolsa 907 Gr. Super Extra. Grano Grueso,Sos,Arroz y Cereales Preparados,Basicos,28,01/05/2026,Superissste,Supermercado / Tienda de Autoservicio,Superissste Sucursal 022,Av. del Taller y Retorno No. 38 Dentro del Retorno 38. Col. Jardín Balbuena. Cp. 15900,Ciudad de México,Venustiano Carranza,19.412842,-99.105666
Arroz,Bolsa 907 Gr. Super Extra. Grano Grueso,Sos,Arroz y Cereales Preparados,Basicos,28,08/05/2026,Superissste,Supermercado / Tienda de Autoservicio,Superissste Sucursal 011,Calle Peluqueros No. 310 Esquina Calle Tizayuca. Col. Michoacána. Cp. 15240,Ciudad de México,Venustiano Carranza,19.446139,-99.113372
Arroz,Bolsa 907 Gr. Super Extra. Grano Grueso,Sos,Arroz y Cereales Preparados,Basicos,28,08/05/2026,Superissste,Supermercado / Tienda de Autoservicio,Superissste Sucursal 022,Av. del Taller y Retorno No. 38 Dentro del Retorno 38. Col. Jardín Balbuena. Cp. 15900,Ciudad de México,Venustiano Carranza,19.412842,-99.105666
Arroz,Bolsa 907 Gr. Super Extra. Grano Grueso,Sos,Arroz y Cereales Preparados,Basicos,28,15/05/2026,Superissste,Supermercado / Tienda de Autoservicio,Superissste Sucursal 011,Calle Peluqueros No. 310 Esquina Calle Tizayuca. Col. Michoacána. Cp. 15240,Ciudad de México,Venustiano Carranza,19.446139,-99.113372
Arroz,Bolsa 907 Gr. Super Extra. Grano Grueso,Sos,Arroz y Cereales Preparados,Basicos,28,15/05/2026,Superissste,Supermercado / Tienda de Autoservicio,Superissste Sucursal 022,Av. del Taller y Retorno No. 38 Dentro del Retorno 38. Col. Jardín Balbuena. Cp. 15900,Ciudad de México,Venustiano Carranza,19.412842,-99.105666
Arroz,Bolsa 907 Gr. Super Extra. Grano Grueso,Sos,Arroz y Cereales Preparados,Basicos,32.5,13/05/2026,Hipermercado Soriana,Supermercado / Tienda de Autoservicio,Soriana Hiper Sucursal Consulado (418),Río Consulado 2355. Esq. Carlos Marx. Col. Simon Bolivar. Cp. 15410,Ciudad de México,Venustiano Carranza,19.449572,-99.100376
Asistentes de Voz,Echo Dot. con Reloj. Color Blanca o Negra,Alexa,Aparatos Electrónicos,Electrodomesticos,1295,06/05/2026,Chedraui,Supermercado / Tienda de Autoservicio,Chedraui Sucursal Centro Sur,Blvd. Bernardo Quintana 502. Carr. con Direccion a Centro Civico. Col. Centro Sur. Cp. 76087,Querétaro,Santiago de Querétaro,20.569354,-100.358831
Asistentes de Voz,Echo Show 5. Color Blanca o Negra,Alexa,Aparatos Electrónicos,Electrodomesticos,1475,06/05/2026,Chedraui,Supermercado / Tienda de Autoservicio,Chedraui Sucursal Centro Sur,Blvd. Bernardo Quintana 502. Carr. con Direccion a Centro Civico. Col. Centro Sur. Cp. 76087,Querétaro,Santiago de Querétaro,20.569354,-100.358831
Aspirina Protect,Caja con 28 Tabletas de 100 Mg. LibeRación Retardada,S/M,Medicamentos,Medicamentos,124,07/05/2026,Wal-mart,Supermercado / Tienda de Autoservicio,Walmart Sucursal Balbuena,Fray Servando Teresa de Mier 881. Entre Fernando Iglesia Calderon y Genaro Garcia. Col. Jardín Balbuena. Cp. 15900,Ciudad de México,Venustiano Carranza,19.418067,-99.105639
Atún,Bolsa 110 Gr. Ensalada,Dolores,Pescados y Mariscos en Conserva,Basicos,13,08/05/2026,Bodega Aurrera,Supermercado / Tienda de Autoservicio,Bodega Aurrera Sucursal Centro Constituyentes,Constituyentes Oriente 334. Entre Pasteur y Manuel Ponce. Col. MercuRío. Cp. 76040,Querétaro,Santiago de Querétaro,20.586349,-100.382801
Atún,Bolsa 110 Gr. Ensalada,Dolores,Pescados y Mariscos en Conserva,Basicos,13,15/05/2026,Bodega Aurrera,Supermercado / Tienda de Autoservicio,Bodega Aurrera Sucursal Centro Constituyentes,Constituyentes Oriente 334. Entre Pasteur y Manuel Ponce. Col. MercuRío. Cp. 76040,Querétaro,Santiago de Querétaro,20.586349,-100.382801
Atún,Bolsa 110 Gr. Ensalada,Dolores,Pescados y Mariscos en Conserva,Basicos,15.5,07/05/2026,La Comer,Supermercado / Tienda de Autoservicio,Lacomer Sucursal Queretaro Estadio,Luis M. Vega y Monroy 1300. Esq.cimataRío . Col. CimataRío. Cp. 76090,Querétaro,Santiago de Querétaro,20.577804,-100.373626
Atún,Bolsa 110 Gr. Ensalada,Dolores,Pescados y Mariscos en Conserva,Basicos,15.5,14/05/2026,La Comer,Supermercado / Tienda de Autoservicio,Lacomer Sucursal Queretaro Estadio,Luis M. Vega y Monroy 1300. Esq.cimataRío . Col. CimataRío. Cp. 76090,Querétaro,Santiago de Querétaro,20.577804,-100.373626
Atún,Bolsa 110 Gr. Ensalada,Dolores,Pescados y Mariscos en Conserva,Basicos,15.9,13/05/2026,Chedraui,Supermercado / Tienda de Autoservicio,Chedraui Sucursal Anfora,Anfora 71. Esq. Eje 1 Norte. Col. Madero. Cp. 15320,Ciudad de México,Venustiano Carranza,19.437353,-99.110088
Atún,Bolsa 110 Gr. Ensalada,Dolores,Pescados y Mariscos en Conserva,Basicos,16,04/05/2026,Hipermercado Soriana,Supermercado / Tienda de Autoservicio,Soriana Hiper Sucursal Cimatario,Ctra. a Huimilpan 1001. Int. del Centro Comercial Plaza del Sol. Col. Plazas del Sol. Iii Sección. Cp. 76099,Querétaro,Santiago de Querétaro,20.563227,-100.375284
Atún,Bolsa 110 Gr. Ensalada,Dolores,Pescados y Mariscos en Conserva,Basicos,16,13/05/2026,Hipermercado Soriana,Supermercado / Tienda de Autoservicio,Soriana Hiper Sucursal Cimatario,Ctra. a Huimilpan 1001. Int. del Centro Comercial Plaza del Sol. Col. Plazas del Sol. Iii Sección. Cp. 76099,Querétaro,Santiago de Querétaro,20.563227,-100.375284
Atún,Bolsa 110 Gr. Ensalada,Dolores,Pescados y Mariscos en Conserva,Basicos,18,01/05/2026,Superissste,Supermercado / Tienda de Autoservicio,Superissste Sucursal 011,Calle Peluqueros No. 310 Esquina Calle Tizayuca. Col. Michoacána. Cp. 15240,Ciudad de México,Venustiano Carranza,19.446139,-99.113372
Atún,Bolsa 110 Gr. Ensalada,Dolores,Pescados y Mariscos en Conserva,Basicos,18,01/05/2026,Superissste,Supermercado / Tienda de Autoservicio,Superissste Sucursal 022,Av. del Taller y Retorno No. 38 Dentro del Retorno 38. Col. Jardín Balbuena. Cp. 15900,Ciudad de México,Venustiano Carranza,19.412842,-99.105666
Atún,Bolsa 110 Gr. Ensalada,Dolores,Pescados y Mariscos en Conserva,Basicos,18,08/05/2026,Superissste,Supermercado / Tienda de Autoservicio,Superissste Sucursal 011,Calle Peluqueros No. 310 Esquina Calle Tizayuca. Col. Michoacána. Cp. 15240,Ciudad de México,Venustiano Carranza,19.446139,-99.113372
Atún,Bolsa 110 Gr. Ensalada,Dolores,Pescados y Mariscos en Conserva,Basicos,18,08/05/2026,Superissste,Supermercado / Tienda de Autoservicio,Superissste Sucursal 022,Av. del Taller y Retorno No. 38 Dentro del Retorno 38. Col. Jardín Balbuena. Cp. 15900,Ciudad de México,Venustiano Carranza,19.412842,-99.105666
Atún,Bolsa 110 Gr. Ensalada,Dolores,Pescados y Mariscos en Conserva,Basicos,18,15/05/2026,Superissste,Supermercado / Tienda de Autoservicio,Superissste Sucursal 011,Calle Peluqueros No. 310 Esquina Calle Tizayuca. Col. Michoacána. Cp. 15240,Ciudad de México,Venustiano Carranza,19.446139,-99.113372
Atún,Bolsa 110 Gr. Ensalada,Dolores,Pescados y Mariscos en Conserva,Basicos,18,15/05/2026,Superissste,Supermercado / Tienda de Autoservicio,Superissste Sucursal 022,Av. del Taller y Retorno No. 38 Dentro del Retorno 38. Col. Jardín Balbuena. Cp. 15900,Ciudad de México,Venustiano Carranza,19.412842,-99.105666
Atún,Bolsa 110 Gr. Ensalada,Dolores,Pescados y Mariscos en Conserva,Basicos,22,07/05/2026,Wal-mart,Supermercado / Tienda de Autoservicio,Walmart Sucursal Balbuena,Fray Servando Teresa de Mier 881. Entre Fernando Iglesia Calderon y Genaro Garcia. Col. Jardín Balbuena. Cp. 15900,Ciudad de México,Venustiano Carranza,19.418067,-99.105639
Atún,Bolsa 110 Gr. Ensalada,Dolores,Pescados y Mariscos en Conserva,Basicos,22,07/05/2026,Wal-mart,Supermercado / Tienda de Autoservicio,Walmart Sucursal Unidad Plaza de Toros,Autopista Querétaro Celaya 5501. Int. del Centro Comercial Plaza Esfera. Col. el Jacal. Cp. 76187,Querétaro,Santiago de Querétaro,20.574076,-100.408704
Atún,Bolsa 110 Gr. Ensalada,Dolores,Pescados y Mariscos en Conserva,Basicos,22,13/05/2026,Wal-mart,Supermercado / Tienda de Autoservicio,Walmart Sucursal Aeropuerto,Calz. Ignacio Zaragoza 58. Esq. Blvd. Puerto Aereo. Col. Federal. Cp. 15700,Ciudad de México,Venustiano Carranza,19.41926,-99.094521
Atún,Bolsa 110 Gr. Ensalada,Dolores,Pescados y Mariscos en Conserva,Basicos,22,13/05/2026,Wal-mart,Supermercado / Tienda de Autoservicio,Walmart Sucursal Balbuena,Fray Servando Teresa de Mier 881. Entre Fernando Iglesia Calderon y Genaro Garcia. Col. Jardín Balbuena. Cp. 15900,Ciudad de México,Venustiano Carranza,19.418067,-99.105639
Atún,Bolsa 74 Gr. Aleta Amarilla en Trozos en Agua,Dolores,Pescados y Mariscos en Conserva,Basicos,15.5,07/05/2026,La Comer,Supermercado / Tienda de Autoservicio,Lacomer Sucursal Queretaro Estadio,Luis M. Vega y Monroy 1300. Esq.cimataRío . Col. CimataRío. Cp. 76090,Querétaro,Santiago de Querétaro,20.577804,-100.373626
Atún,Bolsa 74 Gr. Aleta Amarilla en Trozos en Agua,Dolores,Pescados y Mariscos en Conserva,Basicos,15.5,14/05/2026,La Comer,Supermercado / Tienda de Autoservicio,Lacomer Sucursal Queretaro Estadio,Luis M. Vega y Monroy 1300. Esq.cimataRío . Col. CimataRío. Cp. 76090,Querétaro,Santiago de Querétaro,20.577804,-100.373626
Atún,Bolsa 74 Gr. Aleta Amarilla en Trozos en Agua,Dolores,Pescados y Mariscos en Conserva,Basicos,16,04/05/2026,Hipermercado Soriana,Supermercado / Tienda de Autoservicio,Soriana Hiper Sucursal Cimatario,Ctra. a Huimilpan 1001. Int. del Centro Comercial Plaza del Sol. Col. Plazas del Sol. Iii Sección. Cp. 76099,Querétaro,Santiago de Querétaro,20.563227,-100.375284
Atún,Bolsa 74 Gr. Aleta Amarilla en Trozos en Agua,Dolores,Pescados y Mariscos en Conserva,Basicos,16.7,13/05/2026,Hipermercado Soriana,Supermercado / Tienda de Autoservicio,Soriana Hiper Sucursal Cimatario,Ctra. a Huimilpan 1001. Int. del Centro Comercial Plaza del Sol. Col. Plazas del Sol. Iii Sección. Cp. 76099,Querétaro,Santiago de Querétaro,20.563227,-100.375284
Atún,Bolsa 74 Gr. Aleta Amarilla en Trozos en Agua,Dolores,Pescados y Mariscos en Conserva,Basicos,18.9,01/05/2026,Superissste,Supermercado / Tienda de Autoservicio,Superissste Sucursal 011,Calle Peluqueros No. 310 Esquina Calle Tizayuca. Col. Michoacána. Cp. 15240,Ciudad de México,Venustiano Carranza,19.446139,-99.113372
Atún,Bolsa 74 Gr. Aleta Amarilla en Trozos en Agua,Dolores,Pescados y Mariscos en Conserva,Basicos,18.9,01/05/2026,Superissste,Supermercado / Tienda de Autoservicio,Superissste Sucursal 022,Av. del Taller y Retorno No. 38 Dentro del Retorno 38. Col. Jardín Balbuena. Cp. 15900,Ciudad de México,Venustiano Carranza,19.412842,-99.105666
Atún,Bolsa 74 Gr. Aleta Amarilla en Trozos en Agua,Dolores,Pescados y Mariscos en Conserva,Basicos,18.9,08/05/2026,Superissste,Supermercado / Tienda de Autoservicio,Superissste Sucursal 011,Calle Peluqueros No. 310 Esquina Calle Tizayuca. Col. Michoacána. Cp. 15240,Ciudad de México,Venustiano Carranza,19.446139,-99.113372
Atún,Bolsa 74 Gr. Aleta Amarilla en Trozos en Agua,Dolores,Pescados y Mariscos en Conserva,Basicos,18.9,08/05/2026,Superissste,Supermercado / Tienda de Autoservicio,Superissste Sucursal 022,Av. del Taller y Retorno No. 38 Dentro del Retorno 38. Col. Jardín Balbuena. Cp. 15900,Ciudad de México,Venustiano Carranza,19.412842,-99.105666
Atún,Bolsa 74 Gr. Aleta Amarilla en Trozos en Agua,Dolores,Pescados y Mariscos en Conserva,Basicos,18.9,15/05/2026,Superissste,Supermercado / Tienda de Autoservicio,Superissste Sucursal 011,Calle Peluqueros No. 310 Esquina Calle Tizayuca. Col. Michoacána. Cp. 15240,Ciudad de México,Venustiano Carranza,19.446139,-99.113372
Atún,Bolsa 74 Gr. Aleta Amarilla en Trozos en Agua,Dolores,Pescados y Mariscos en Conserva,Basicos,18.9,15/05/2026,Superissste,Supermercado / Tienda de Autoservicio,Superissste Sucursal 022,Av. del Taller y Retorno No. 38 Dentro del Retorno 38. Col. Jardín Balbuena. Cp. 15900,Ciudad de México,Venustiano Carranza,19.412842,-99.105666
Atún,Bolsa 74 Gr. Aleta Amarilla en Trozos en Agua,Dolores,Pescados y Mariscos en Conserva,Basicos,22,07/05/2026,Wal-mart,Supermercado / Tienda de Autoservicio,Walmart Sucursal Balbuena,Fray Servando Teresa de Mier 881. Entre Fernando Iglesia Calderon y Genaro Garcia. Col. Jardín Balbuena. Cp. 15900,Ciudad de México,Venustiano Carranza,19.418067,-99.105639
Atún,Bolsa 74 Gr. Aleta Amarilla en Trozos en Agua,Dolores,Pescados y Mariscos en Conserva,Basicos,22,07/05/2026,Wal-mart,Supermercado / Tienda de Autoservicio,Walmart Sucursal Unidad Plaza de Toros,Autopista Querétaro Celaya 5501. Int. del Centro Comercial Plaza Esfera. Col. el Jacal. Cp. 76187,Querétaro,Santiago de Querétaro,20.574076,-100.408704
Atún,Bolsa 74 Gr. Aleta Amarilla en Trozos en Agua,Dolores,Pescados y Mariscos en Conserva,Basicos,22,12/05/2026,Wal-mart,Supermercado / Tienda de Autoservicio,Walmart Sucursal Unidad Plaza de Toros,Autopista Querétaro Celaya 5501. Int. del Centro Comercial Plaza Esfera. Col. el Jacal. Cp. 76187,Querétaro,Santiago de Querétaro,20.574076,-100.408704
Atún,Bolsa 74 Gr. Aleta Amarilla en Trozos en Agua,Dolores,Pescados y Mariscos en Conserva,Basicos,22,13/05/2026,Wal-mart,Supermercado / Tienda de Autoservicio,Walmart Sucursal Aeropuerto,Calz. Ignacio Zaragoza 58. Esq. Blvd. Puerto Aereo. Col. Federal. Cp. 15700,Ciudad de México,Venustiano Carranza,19.41926,-99.094521
Atún,Bolsa 74 Gr. Aleta Amarilla en Trozos en Agua,Dolores,Pescados y Mariscos en Conserva,Basicos,22,13/05/2026,Wal-mart,Supermercado / Tienda de Autoservicio,Walmart Sucursal Balbuena,Fray Servando Teresa de Mier 881. Entre Fernando Iglesia Calderon y Genaro Garcia. Col. Jardín Balbuena. Cp. 15900,Ciudad de México,Venustiano Carranza,19.418067,-99.105639
Atún,Bolsa 78 Gr. Aleta Amarilla en Trozos en Aceite con Agua,Dolores,Pescados y Mariscos en Conserva,Basicos,15.5,07/05/2026,La Comer,Supermercado / Tienda de Autoservicio,Lacomer Sucursal Queretaro Estadio,Luis M. Vega y Monroy 1300. Esq.cimataRío . Col. CimataRío. Cp. 76090,Querétaro,Santiago de Querétaro,20.577804,-100.373626
Atún,Bolsa 78 Gr. Aleta Amarilla en Trozos en Aceite con Agua,Dolores,Pescados y Mariscos en Conserva,Basicos,16,13/05/2026,Hipermercado Soriana,Supermercado / Tienda de Autoservicio,Soriana Hiper Sucursal Cimatario,Ctra. a Huimilpan 1001. Int. del Centro Comercial Plaza del Sol. Col. Plazas del Sol. Iii Sección. Cp. 76099,Querétaro,Santiago de Querétaro,20.563227,-100.375284
Atún,Bolsa 78 Gr. Aleta Amarilla en Trozos en Aceite con Agua,Dolores,Pescados y Mariscos en Conserva,Basicos,18,01/05/2026,Superissste,Supermercado / Tienda de Autoservicio,Superissste Sucursal 011,Calle Peluqueros No. 310 Esquina Calle Tizayuca. Col. Michoacána. Cp. 15240,Ciudad de México,Venustiano Carranza,19.446139,-99.113372
Atún,Bolsa 78 Gr. Aleta Amarilla en Trozos en Aceite con Agua,Dolores,Pescados y Mariscos en Conserva,Basicos,18,01/05/2026,Superissste,Supermercado / Tienda de Autoservicio,Superissste Sucursal 022,Av. del Taller y Retorno No. 38 Dentro del Retorno 38. Col. Jardín Balbuena. Cp. 15900,Ciudad de México,Venustiano Carranza,19.412842,-99.105666
Atún,Bolsa 78 Gr. Aleta Amarilla en Trozos en Aceite con Agua,Dolores,Pescados y Mariscos en Conserva,Basicos,18,08/05/2026,Superissste,Supermercado / Tienda de Autoservicio,Superissste Sucursal 011,Calle Peluqueros No. 310 Esquina Calle Tizayuca. Col. Michoacána. Cp. 15240,Ciudad de México,Venustiano Carranza,19.446139,-99.113372
Atún,Bolsa 78 Gr. Aleta Amarilla en Trozos en Aceite con Agua,Dolores,Pescados y Mariscos en Conserva,Basicos,18,08/05/2026,Superissste,Supermercado / Tienda de Autoservicio,Superissste Sucursal 022,Av. del Taller y Retorno No. 38 Dentro del Retorno 38. Col. Jardín Balbuena. Cp. 15900,Ciudad de México,Venustiano Carranza,19.412842,-99.105666
Atún,Bolsa 78 Gr. Aleta Amarilla en Trozos en Aceite con Agua,Dolores,Pescados y Mariscos en Conserva,Basicos,18,15/05/2026,Superissste,Supermercado / Tienda de Autoservicio,Superissste Sucursal 011,Calle Peluqueros No. 310 Esquina Calle Tizayuca. Col. Michoacána. Cp. 15240,Ciudad de México,Venustiano Carranza,19.446139,-99.113372
Atún,Bolsa 78 Gr. Aleta Amarilla en Trozos en Aceite con Agua,Dolores,Pescados y Mariscos en Conserva,Basicos,18,15/05/2026,Superissste,Supermercado / Tienda de Autoservicio,Superissste Sucursal 022,Av. del Taller y Retorno No. 38 Dentro del Retorno 38. Col. Jardín Balbuena. Cp. 15900,Ciudad de México,Venustiano Carranza,19.412842,-99.105666
Atún,Bolsa 78 Gr. Aleta Amarilla. en Trozos en Agua,Dolores,Pescados y Mariscos en Conserva,Basicos,15.5,07/05/2026,La Comer,Supermercado / Tienda de Autoservicio,Lacomer Sucursal Queretaro Estadio,Luis M. Vega y Monroy 1300. Esq.cimataRío . Col. CimataRío. Cp. 76090,Querétaro,Santiago de Querétaro,20.577804,-100.373626
Atún,Bolsa 78 Gr. Aleta Amarilla. en Trozos en Agua,Dolores,Pescados y Mariscos en Conserva,Basicos,15.5,14/05/2026,La Comer,Supermercado / Tienda de Autoservicio,Lacomer Sucursal Queretaro Estadio,Luis M. Vega y Monroy 1300. Esq.cimataRío . Col. CimataRío. Cp. 76090,Querétaro,Santiago de Querétaro,20.577804,-100.373626
Atún,Bolsa 78 Gr. Aleta Amarilla. en Trozos en Agua,Dolores,Pescados y Mariscos en Conserva,Basicos,15.9,13/05/2026,Chedraui,Supermercado / Tienda de Autoservicio,Chedraui Sucursal Anfora,Anfora 71. Esq. Eje 1 Norte. Col. Madero. Cp. 15320,Ciudad de México,Venustiano Carranza,19.437353,-99.110088
Atún,Bolsa 78 Gr. Aleta Amarilla. en Trozos en Agua,Dolores,Pescados y Mariscos en Conserva,Basicos,16,13/05/2026,Bodega Aurrera,Supermercado / Tienda de Autoservicio,Bodega Aurrera Sucursal la Viga,Calz. de la Viga 136 Esq. del Taller. Col. Lorenzo Boturini. Cp. 15820,Ciudad de México,Venustiano Carranza,19.414749,-99.127874
Atún,Bolsa 78 Gr. Aleta Amarilla. en Trozos en Agua,Dolores,Pescados y Mariscos en Conserva,Basicos,16,13/05/2026,Hipermercado Soriana,Supermercado / Tienda de Autoservicio,Soriana Hiper Sucursal Cimatario,Ctra. a Huimilpan 1001. Int. del Centro Comercial Plaza del Sol. Col. Plazas del Sol. Iii Sección. Cp. 76099,Querétaro,Santiago de Querétaro,20.563227,-100.375284
Atún,Bolsa 78 Gr. Aleta Amarilla. en Trozos en Agua,Dolores,Pescados y Mariscos en Conserva,Basicos,16.7,04/05/2026,Hipermercado Soriana,Supermercado / Tienda de Autoservicio,Soriana Hiper Sucursal Cimatario,Ctra. a Huimilpan 1001. Int. del Centro Comercial Plaza del Sol. Col. Plazas del Sol. Iii Sección. Cp. 76099,Querétaro,Santiago de Querétaro,20.563227,-100.375284
Atún,Bolsa 78 Gr. Aleta Amarilla. en Trozos en Agua,Dolores,Pescados y Mariscos en Conserva,Basicos,18,01/05/2026,Superissste,Supermercado / Tienda de Autoservicio,Superissste Sucursal 011,Calle Peluqueros No. 310 Esquina Calle Tizayuca. Col. Michoacána. Cp. 15240,Ciudad de México,Venustiano Carranza,19.446139,-99.113372
Atún,Bolsa 78 Gr. Aleta Amarilla. en Trozos en Agua,Dolores,Pescados y Mariscos en Conserva,Basicos,18,01/05/2026,Superissste,Supermercado / Tienda de Autoservicio,Superissste Sucursal 022,Av. del Taller y Retorno No. 38 Dentro del Retorno 38. Col. Jardín Balbuena. Cp. 15900,Ciudad de México,Venustiano Carranza,19.412842,-99.105666
Atún,Bolsa 78 Gr. Aleta Amarilla. en Trozos en Agua,Dolores,Pescados y Mariscos en Conserva,Basicos,18,08/05/2026,Superissste,Supermercado / Tienda de Autoservicio,Superissste Sucursal 011,Calle Peluqueros No. 310 Esquina Calle Tizayuca. Col. Michoacána. Cp. 15240,Ciudad de México,Venustiano Carranza,19.446139,-99.113372
Atún,Bolsa 78 Gr. Aleta Amarilla. en Trozos en Agua,Dolores,Pescados y Mariscos en Conserva,Basicos,18,08/05/2026,Superissste,Supermercado / Tienda de Autoservicio,Superissste Sucursal 022,Av. del Taller y Retorno No. 38 Dentro del Retorno 38. Col. Jardín Balbuena. Cp. 15900,Ciudad de México,Venustiano Carranza,19.412842,-99.105666
Atún,Bolsa 78 Gr. Aleta Amarilla. en Trozos en Agua,Dolores,Pescados y Mariscos en Conserva,Basicos,18,15/05/2026,Superissste,Supermercado / Tienda de Autoservicio,Superissste Sucursal 011,Calle Peluqueros No. 310 Esquina Calle Tizayuca. Col. Michoacána. Cp. 15240,Ciudad de México,Venustiano Carranza,19.446139,-99.113372
Atún,Bolsa 78 Gr. Aleta Amarilla. en Trozos en Agua,Dolores,Pescados y Mariscos en Conserva,Basicos,18,15/05/2026,Superissste,Supermercado / Tienda de Autoservicio,Superissste Sucursal 022,Av. del Taller y Retorno No. 38 Dentro del Retorno 38. Col. Jardín Balbuena. Cp. 15900,Ciudad de México,Venustiano Carranza,19.412842,-99.105666
Atún,Bolsa 78 Gr. Aleta Amarilla. en Trozos en Agua,Dolores,Pescados y Mariscos en Conserva,Basicos,21,07/05/2026,Bodega Aurrera,Supermercado / Tienda de Autoservicio,Bodega Aurrera Sucursal la Viga,Calz. de la Viga 136 Esq. del Taller. Col. Lorenzo Boturini. Cp. 15820,Ciudad de México,Venustiano Carranza,19.414749,-99.127874
Atún,Bolsa 78 Gr. Aleta Amarilla. en Trozos en Agua,Dolores,Pescados y Mariscos en Conserva,Basicos,21,15/05/2026,Bodega Aurrera,Supermercado / Tienda de Autoservicio,Bodega Aurrera Sucursal Centro Constituyentes,Constituyentes Oriente 334. Entre Pasteur y Manuel Ponce. Col. MercuRío. Cp. 76040,Querétaro,Santiago de Querétaro,20.586349,-100.382801
Atún,Bolsa 78 Gr. Aleta Amarilla. en Trozos en Agua,Dolores,Pescados y Mariscos en Conserva,Basicos,22,07/05/2026,Wal-mart,Supermercado / Tienda de Autoservicio,Walmart Sucursal Balbuena,Fray Servando Teresa de Mier 881. Entre Fernando Iglesia Calderon y Genaro Garcia. Col. Jardín Balbuena. Cp. 15900,Ciudad de México,Venustiano Carranza,19.418067,-99.105639
Atún,Bolsa 78 Gr. Aleta Amarilla. en Trozos en Agua,Dolores,Pescados y Mariscos en Conserva,Basicos,22,07/05/2026,Wal-mart,Supermercado / Tienda de Autoservicio,Walmart Sucursal Unidad Plaza de Toros,Autopista Querétaro Celaya 5501. Int. del Centro Comercial Plaza Esfera. Col. el Jacal. Cp. 76187,Querétaro,Santiago de Querétaro,20.574076,-100.408704
Atún,Bolsa 78 Gr. Aleta Amarilla. en Trozos en Agua,Dolores,Pescados y Mariscos en Conserva,Basicos,22,12/05/2026,Wal-mart,Supermercado / Tienda de Autoservicio,Walmart Sucursal Unidad Plaza de Toros,Autopista Querétaro Celaya 5501. Int. del Centro Comercial Plaza Esfera. Col. el Jacal. Cp. 76187,Querétaro,Santiago de Querétaro,20.574076,-100.408704
Atún,Bolsa 78 Gr. Aleta Amarilla. en Trozos en Agua,Dolores,Pescados y Mariscos en Conserva,Basicos,22,13/05/2026,Wal-mart,Supermercado / Tienda de Autoservicio,Walmart Sucursal Aeropuerto,Calz. Ignacio Zaragoza 58. Esq. Blvd. Puerto Aereo. Col. Federal. Cp. 15700,Ciudad de México,Venustiano Carranza,19.41926,-99.094521
Atún,Bolsa 78 Gr. Aleta Amarilla. en Trozos en Agua,Dolores,Pescados y Mariscos en Conserva,Basicos,22,13/05/2026,Wal-mart,Supermercado / Tienda de Autoservicio,Walmart Sucursal Balbuena,Fray Servando Teresa de Mier 881. Entre Fernando Iglesia Calderon y Genaro Garcia. Col. Jardín Balbuena. Cp. 15900,Ciudad de México,Venustiano Carranza,19.418067,-99.105639
Atún,Lata 120 Gr. con 20% de Proteína de Soya en Agua,Ancla,Pescados y Mariscos en Conserva,Basicos,15,13/05/2026,Chedraui,Supermercado / Tienda de Autoservicio,Chedraui Sucursal Anfora,Anfora 71. Esq. Eje 1 Norte. Col. Madero. Cp. 15320,Ciudad de México,Venustiano Carranza,19.437353,-99.110088
Atún,Lata 120 Gr. con 20% de Proteína de Soya en Agua con Aceite,Ancla,Pescados y Mariscos en Conserva,Basicos,15,13/05/2026,Chedraui,Supermercado / Tienda de Autoservicio,Chedraui Sucursal Anfora,Anfora 71. Esq. Eje 1 Norte. Col. Madero. Cp. 15320,Ciudad de México,Venustiano Carranza,19.437353,-99.110088
Atún,Lata 130 Gr. (Clásico). en Hojuelas en Agua,Tuny,Pescados y Mariscos en Conserva,Pacic,24,06/05/2026,Chedraui,Supermercado / Tienda de Autoservicio,Chedraui Sucursal Centro Sur,Blvd. Bernardo Quintana 502. Carr. con Direccion a Centro Civico. Col. Centro Sur. Cp. 76087,Querétaro,Santiago de Querétaro,20.569354,-100.358831
Atún,Lata 130 Gr. (Clásico). en Hojuelas en Agua,Tuny,Pescados y Mariscos en Conserva,Pacic,24,13/05/2026,Chedraui,Supermercado / Tienda de Autoservicio,Chedraui Sucursal Anfora,Anfora 71. Esq. Eje 1 Norte. Col. Madero. Cp. 15320,Ciudad de México,Venustiano Carranza,19.437353,-99.110088
Atún,Lata 130 Gr. (Clásico). en Hojuelas en Agua,Tuny,Pescados y Mariscos en Conserva,Pacic,24,13/05/2026,Chedraui,Supermercado / Tienda de Autoservicio,Chedraui Sucursal Centro Sur,Blvd. Bernardo Quintana 502. Carr. con Direccion a Centro Civico. Col. Centro Sur. Cp. 76087,Querétaro,Santiago de Querétaro,20.569354,-100.358831
Atún,Lata 130 Gr. (Clásico). en Hojuelas en Agua con Aceite,Tuny,Pescados y Mariscos en Conserva,Pacic,24,06/05/2026,Chedraui,Supermercado / Tienda de Autoservicio,Chedraui Sucursal Centro Sur,Blvd. Bernardo Quintana 502. Carr. con Direccion a Centro Civico. Col. Centro Sur. Cp. 76087,Querétaro,Santiago de Querétaro,20.569354,-100.358831
Atún,Lata 130 Gr. (Clásico). en Hojuelas en Agua con Aceite,Tuny,Pescados y Mariscos en Conserva,Pacic,24,13/05/2026,Chedraui,Supermercado / Tienda de Autoservicio,Chedraui Sucursal Anfora,Anfora 71. Esq. Eje 1 Norte. Col. Madero. Cp. 15320,Ciudad de México,Venustiano Carranza,19.437353,-99.110088
Atún,Lata 130 Gr. (Clásico). en Hojuelas en Agua con Aceite,Tuny,Pescados y Mariscos en Conserva,Pacic,24,13/05/2026,Chedraui,Supermercado / Tienda de Autoservicio,Chedraui Sucursal Centro Sur,Blvd. Bernardo Quintana 502. Carr. con Direccion a Centro Civico. Col. Centro Sur. Cp. 76087,Querétaro,Santiago de Querétaro,20.569354,-100.358831
Atún,Lata 130 Gr. Aleta Amarilla en Hojuelas en Agua,Herdez,Pescados y Mariscos en Conserva,Basicos,19,04/05/2026,Hipermercado Soriana,Supermercado / Tienda de Autoservicio,Soriana Hiper Sucursal Cimatario,Ctra. a Huimilpan 1001. Int. del Centro Comercial Plaza del Sol. Col. Plazas del Sol. Iii Sección. Cp. 76099,Querétaro,Santiago de Querétaro,20.563227,-100.375284
Atún,Lata 130 Gr. Aleta Amarilla en Hojuelas en Agua,Herdez,Pescados y Mariscos en Conserva,Basicos,19,07/05/2026,La Comer,Supermercado / Tienda de Autoservicio,Lacomer Sucursal Queretaro Estadio,Luis M. Vega y Monroy 1300. Esq.cimataRío . Col. CimataRío. Cp. 76090,Querétaro,Santiago de Querétaro,20.577804,-100.373626
Atún,Lata 130 Gr. Aleta Amarilla en Hojuelas en Agua,Herdez,Pescados y Mariscos en Conserva,Basicos,19,07/05/2026,Wal-mart,Supermercado / Tienda de Autoservicio,Walmart Sucursal Balbuena,Fray Servando Teresa de Mier 881. Entre Fernando Iglesia Calderon y Genaro Garcia. Col. Jardín Balbuena. Cp. 15900,Ciudad de México,Venustiano Carranza,19.418067,-99.105639
Atún,Lata 130 Gr. Aleta Amarilla en Hojuelas en Agua,Herdez,Pescados y Mariscos en Conserva,Basicos,19,07/05/2026,Wal-mart,Supermercado / Tienda de Autoservicio,Walmart Sucursal Unidad Plaza de Toros,Autopista Querétaro Celaya 5501. Int. del Centro Comercial Plaza Esfera. Col. el Jacal. Cp. 76187,Querétaro,Santiago de Querétaro,20.574076,-100.408704
Atún,Lata 130 Gr. Aleta Amarilla en Hojuelas en Agua,Herdez,Pescados y Mariscos en Conserva,Basicos,19,12/05/2026,Wal-mart,Supermercado / Tienda de Autoservicio,Walmart Sucursal Unidad Plaza de Toros,Autopista Querétaro Celaya 5501. Int. del Centro Comercial Plaza Esfera. Col. el Jacal. Cp. 76187,Querétaro,Santiago de Querétaro,20.574076,-100.408704
Atún,Lata 130 Gr. Aleta Amarilla en Hojuelas en Agua,Herdez,Pescados y Mariscos en Conserva,Basicos,19,13/05/2026,Chedraui,Supermercado / Tienda de Autoservicio,Chedraui Sucursal Centro Sur,Blvd. Bernardo Quintana 502. Carr. con Direccion a Centro Civico. Col. Centro Sur. Cp. 76087,Querétaro,Santiago de Querétaro,20.569354,-100.358831
Atún,Lata 130 Gr. Aleta Amarilla en Hojuelas en Agua,Herdez,Pescados y Mariscos en Conserva,Basicos,19,13/05/2026,Hipermercado Soriana,Supermercado / Tienda de Autoservicio,Soriana Hiper Sucursal Cimatario,Ctra. a Huimilpan 1001. Int. del Centro Comercial Plaza del Sol. Col. Plazas del Sol. Iii Sección. Cp. 76099,Querétaro,Santiago de Querétaro,20.563227,-100.375284
Atún,Lata 130 Gr. Aleta Amarilla en Hojuelas en Agua,Herdez,Pescados y Mariscos en Conserva,Basicos,19,13/05/2026,Hipermercado Soriana,Supermercado / Tienda de Autoservicio,Soriana Hiper Sucursal Consulado (418),Río Consulado 2355. Esq. Carlos Marx. Col. Simon Bolivar. Cp. 15410,Ciudad de México,Venustiano Carranza,19.449572,-99.100376
Atún,Lata 130 Gr. Aleta Amarilla en Hojuelas en Agua,Herdez,Pescados y Mariscos en Conserva,Basicos,19,13/05/2026,Wal-mart,Supermercado / Tienda de Autoservicio,Walmart Sucursal Aeropuerto,Calz. Ignacio Zaragoza 58. Esq. Blvd. Puerto Aereo. Col. Federal. Cp. 15700,Ciudad de México,Venustiano Carranza,19.41926,-99.094521
Atún,Lata 130 Gr. Aleta Amarilla en Hojuelas en Agua,Herdez,Pescados y Mariscos en Conserva,Basicos,19,13/05/2026,Wal-mart,Supermercado / Tienda de Autoservicio,Walmart Sucursal Balbuena,Fray Servando Teresa de Mier 881. Entre Fernando Iglesia Calderon y Genaro Garcia. Col. Jardín Balbuena. Cp. 15900,Ciudad de México,Venustiano Carranza,19.418067,-99.105639
Atún,Lata 130 Gr. Aleta Amarilla en Hojuelas en Agua,Herdez,Pescados y Mariscos en Conserva,Basicos,19,14/05/2026,La Comer,Supermercado / Tienda de Autoservicio,Lacomer Sucursal Queretaro Estadio,Luis M. Vega y Monroy 1300. Esq.cimataRío . Col. CimataRío. Cp. 76090,Querétaro,Santiago de Querétaro,20.577804,-100.373626
Atún,Lata 130 Gr. Aleta Amarilla en Hojuelas en Agua,Herdez,Pescados y Mariscos en Conserva,Basicos,22.5,12/05/2026,Oxxo,Tienda de Conveniencia,Oxxo Sucursal Corregidora 50 Cr,Circuito Moises Solana No. 128. Esq. Gertrudis Bocanegra. Col. Burocratas. Cp. 76070,Querétaro,Santiago de Querétaro,20.57462,-100.384232
Atún,Lata 130 Gr. Aleta Amarilla en Hojuelas en Agua,Herdez,Pescados y Mariscos en Conserva,Basicos,23.9,15/05/2026,Superissste,Supermercado / Tienda de Autoservicio,Superissste Sucursal 011,Calle Peluqueros No. 310 Esquina Calle Tizayuca. Col. Michoacána. Cp. 15240,Ciudad de México,Venustiano Carranza,19.446139,-99.113372
Atún,Lata 130 Gr. Aleta Amarilla en Hojuelas en Agua,Herdez,Pescados y Mariscos en Conserva,Basicos,23.9,15/05/2026,Superissste,Supermercado / Tienda de Autoservicio,Superissste Sucursal 022,Av. del Taller y Retorno No. 38 Dentro del Retorno 38. Col. Jardín Balbuena. Cp. 15900,Ciudad de México,Venustiano Carranza,19.412842,-99.105666
Atún,Lata 130 Gr. Aleta Amarilla en Hojuelas en Agua,Herdez,Pescados y Mariscos en Conserva,Basicos,24,01/05/2026,Superissste,Supermercado / Tienda de Autoservicio,Superissste Sucursal 011,Calle Peluqueros No. 310 Esquina Calle Tizayuca. Col. Michoacána. Cp. 15240,Ciudad de México,Venustiano Carranza,19.446139,-99.113372
Atún,Lata 130 Gr. Aleta Amarilla en Hojuelas en Agua,Herdez,Pescados y Mariscos en Conserva,Basicos,24,01/05/2026,Superissste,Supermercado / Tienda de Autoservicio,Superissste Sucursal 022,Av. del Taller y Retorno No. 38 Dentro del Retorno 38. Col. Jardín Balbuena. Cp. 15900,Ciudad de México,Venustiano Carranza,19.412842,-99.105666
Atún,Lata 130 Gr. Aleta Amarilla en Hojuelas en Agua con Aceite,Herdez,Pescados y Mariscos en Conserva,Basicos,18,07/05/2026,Wal-mart,Supermercado / Tienda de Autoservicio,Walmart Sucursal Unidad Plaza de Toros,Autopista Querétaro Celaya 5501. Int. del Centro Comercial Plaza Esfera. Col. el Jacal. Cp. 76187,Querétaro,Santiago de Querétaro,20.574076,-100.408704
Atún,Lata 130 Gr. Aleta Amarilla en Hojuelas en Agua con Aceite,Herdez,Pescados y Mariscos en Conserva,Basicos,18,12/05/2026,Wal-mart,Supermercado / Tienda de Autoservicio,Walmart Sucursal Unidad Plaza de Toros,Autopista Querétaro Celaya 5501. Int. del Centro Comercial Plaza Esfera. Col. el Jacal. Cp. 76187,Querétaro,Santiago de Querétaro,20.574076,-100.408704
Atún,Lata 130 Gr. Aleta Amarilla en Hojuelas en Agua con Aceite,Herdez,Pescados y Mariscos en Conserva,Basicos,19,04/05/2026,Hipermercado Soriana,Supermercado / Tienda de Autoservicio,Soriana Hiper Sucursal Cimatario,Ctra. a Huimilpan 1001. Int. del Centro Comercial Plaza del Sol. Col. Plazas del Sol. Iii Sección. Cp. 76099,Querétaro,Santiago de Querétaro,20.563227,-100.375284
Atún,Lata 130 Gr. Aleta Amarilla en Hojuelas en Agua con Aceite,Herdez,Pescados y Mariscos en Conserva,Basicos,19,07/05/2026,La Comer,Supermercado / Tienda de Autoservicio,Lacomer Sucursal Queretaro Estadio,Luis M. Vega y Monroy 1300. Esq.cimataRío . Col. CimataRío. Cp. 76090,Querétaro,Santiago de Querétaro,20.577804,-100.373626
Atún,Lata 130 Gr. Aleta Amarilla en Hojuelas en Agua con Aceite,Herdez,Pescados y Mariscos en Conserva,Basicos,19,07/05/2026,Wal-mart,Supermercado / Tienda de Autoservicio,Walmart Sucursal Balbuena,Fray Servando Teresa de Mier 881. Entre Fernando Iglesia Calderon y Genaro Garcia. Col. Jardín Balbuena. Cp. 15900,Ciudad de México,Venustiano Carranza,19.418067,-99.105639
Atún,Lata 130 Gr. Aleta Amarilla en Hojuelas en Agua con Aceite,Herdez,Pescados y Mariscos en Conserva,Basicos,19,13/05/2026,Chedraui,Supermercado / Tienda de Autoservicio,Chedraui Sucursal Centro Sur,Blvd. Bernardo Quintana 502. Carr. con Direccion a Centro Civico. Col. Centro Sur. Cp. 76087,Querétaro,Santiago de Querétaro,20.569354,-100.358831
Atún,Lata 130 Gr. Aleta Amarilla en Hojuelas en Agua con Aceite,Herdez,Pescados y Mariscos en Conserva,Basicos,19,13/05/2026,Hipermercado Soriana,Supermercado / Tienda de Autoservicio,Soriana Hiper Sucursal Cimatario,Ctra. a Huimilpan 1001. Int. del Centro Comercial Plaza del Sol. Col. Plazas del Sol. Iii Sección. Cp. 76099,Querétaro,Santiago de Querétaro,20.563227,-100.375284
Atún,Lata 130 Gr. Aleta Amarilla en Hojuelas en Agua con Aceite,Herdez,Pescados y Mariscos en Conserva,Basicos,19,13/05/2026,Hipermercado Soriana,Supermercado / Tienda de Autoservicio,Soriana Hiper Sucursal Consulado (418),Río Consulado 2355. Esq. Carlos Marx. Col. Simon Bolivar. Cp. 15410,Ciudad de México,Venustiano Carranza,19.449572,-99.100376
Atún,Lata 130 Gr. Aleta Amarilla en Hojuelas en Agua con Aceite,Herdez,Pescados y Mariscos en Conserva,Basicos,19,13/05/2026,Wal-mart,Supermercado / Tienda de Autoservicio,Walmart Sucursal Aeropuerto,Calz. Ignacio Zaragoza 58. Esq. Blvd. Puerto Aereo. Col. Federal. Cp. 15700,Ciudad de México,Venustiano Carranza,19.41926,-99.094521
Atún,Lata 130 Gr. Aleta Amarilla en Hojuelas en Agua con Aceite,Herdez,Pescados y Mariscos en Conserva,Basicos,19,13/05/2026,Wal-mart,Supermercado / Tienda de Autoservicio,Walmart Sucursal Balbuena,Fray Servando Teresa de Mier 881. Entre Fernando Iglesia Calderon y Genaro Garcia. Col. Jardín Balbuena. Cp. 15900,Ciudad de México,Venustiano Carranza,19.418067,-99.105639
Atún,Lata 130 Gr. Aleta Amarilla en Hojuelas en Agua con Aceite,Herdez,Pescados y Mariscos en Conserva,Basicos,19,14/05/2026,La Comer,Supermercado / Tienda de Autoservicio,Lacomer Sucursal Queretaro Estadio,Luis M. Vega y Monroy 1300. Esq.cimataRío . Col. CimataRío. Cp. 76090,Querétaro,Santiago de Querétaro,20.577804,-100.373626
Atún,Lata 130 Gr. Aleta Amarilla en Hojuelas en Agua con Aceite,Herdez,Pescados y Mariscos en Conserva,Basicos,23.9,15/05/2026,Superissste,Supermercado / Tienda de Autoservicio,Superissste Sucursal 011,Calle Peluqueros No. 310 Esquina Calle Tizayuca. Col. Michoacána. Cp. 15240,Ciudad de México,Venustiano Carranza,19.446139,-99.113372
Atún,Lata 130 Gr. Aleta Amarilla en Hojuelas en Agua con Aceite,Herdez,Pescados y Mariscos en Conserva,Basicos,23.9,15/05/2026,Superissste,Supermercado / Tienda de Autoservicio,Superissste Sucursal 022,Av. del Taller y Retorno No. 38 Dentro del Retorno 38. Col. Jardín Balbuena. Cp. 15900,Ciudad de México,Venustiano Carranza,19.412842,-99.105666
Atún,Lata 130 Gr. Aleta Amarilla en Hojuelas en Agua con Aceite,Herdez,Pescados y Mariscos en Conserva,Basicos,24,01/05/2026,Superissste,Supermercado / Tienda de Autoservicio,Superissste Sucursal 011,Calle Peluqueros No. 310 Esquina Calle Tizayuca. Col. Michoacána. Cp. 15240,Ciudad de México,Venustiano Carranza,19.446139,-99.113372
Atún,Lata 130 Gr. Aleta Amarilla en Hojuelas en Agua con Aceite,Herdez,Pescados y Mariscos en Conserva,Basicos,24,01/05/2026,Superissste,Supermercado / Tienda de Autoservicio,Superissste Sucursal 022,Av. del Taller y Retorno No. 38 Dentro del Retorno 38. Col. Jardín Balbuena. Cp. 15900,Ciudad de México,Venustiano Carranza,19.412842,-99.105666
Atún,Lata 130 Gr. con 30% de Soya en Agua,El Dorado,Pescados y Mariscos en Conserva,Basicos,11.9,14/05/2026,La Comer,Supermercado / Tienda de Autoservicio,Lacomer Sucursal Queretaro Estadio,Luis M. Vega y Monroy 1300. Esq.cimataRío . Col. CimataRío. Cp. 76090,Querétaro,Santiago de Querétaro,20.577804,-100.373626
Atún,Lata 130 Gr. con 30% de Soya en Agua,El Dorado,Pescados y Mariscos en Conserva,Basicos,12,06/05/2026,Chedraui,Supermercado / Tienda de Autoservicio,Chedraui Sucursal Centro Sur,Blvd. Bernardo Quintana 502. Carr. con Direccion a Centro Civico. Col. Centro Sur. Cp. 76087,Querétaro,Santiago de Querétaro,20.569354,-100.358831
Atún,Lata 130 Gr. con 30% de Soya en Agua,El Dorado,Pescados y Mariscos en Conserva,Basicos,12,12/05/2026,Oxxo,Tienda de Conveniencia,Oxxo Sucursal Corregidora 50 Cr,Circuito Moises Solana No. 128. Esq. Gertrudis Bocanegra. Col. Burocratas. Cp. 76070,Querétaro,Santiago de Querétaro,20.57462,-100.384232
Atún,Lata 130 Gr. con 30% de Soya en Agua,El Dorado,Pescados y Mariscos en Conserva,Basicos,12,13/05/2026,Chedraui,Supermercado / Tienda de Autoservicio,Chedraui Sucursal Anfora,Anfora 71. Esq. Eje 1 Norte. Col. Madero. Cp. 15320,Ciudad de México,Venustiano Carranza,19.437353,-99.110088
Atún,Lata 130 Gr. con 30% de Soya en Agua,El Dorado,Pescados y Mariscos en Conserva,Basicos,12,13/05/2026,Chedraui,Supermercado / Tienda de Autoservicio,Chedraui Sucursal Centro Sur,Blvd. Bernardo Quintana 502. Carr. con Direccion a Centro Civico. Col. Centro Sur. Cp. 76087,Querétaro,Santiago de Querétaro,20.569354,-100.358831
Atún,Lata 130 Gr. con 30% de Soya en Agua,El Dorado,Pescados y Mariscos en Conserva,Basicos,12.9,04/05/2026,Hipermercado Soriana,Supermercado / Tienda de Autoservicio,Soriana Hiper Sucursal Cimatario,Ctra. a Huimilpan 1001. Int. del Centro Comercial Plaza del Sol. Col. Plazas del Sol. Iii Sección. Cp. 76099,Querétaro,Santiago de Querétaro,20.563227,-100.375284
Atún,Lata 130 Gr. con 30% de Soya en Agua,El Dorado,Pescados y Mariscos en Conserva,Basicos,12.9,13/05/2026,Hipermercado Soriana,Supermercado / Tienda de Autoservicio,Soriana Hiper Sucursal Cimatario,Ctra. a Huimilpan 1001. Int. del Centro Comercial Plaza del Sol. Col. Plazas del Sol. Iii Sección. Cp. 76099,Querétaro,Santiago de Querétaro,20.563227,-100.375284
Atún,Lata 130 Gr. con 30% de Soya en Agua,El Dorado,Pescados y Mariscos en Conserva,Basicos,12.9,13/05/2026,Hipermercado Soriana,Supermercado / Tienda de Autoservicio,Soriana Hiper Sucursal Consulado (418),Río Consulado 2355. Esq. Carlos Marx. Col. Simon Bolivar. Cp. 15410,Ciudad de México,Venustiano Carranza,19.449572,-99.100376
Atún,Lata 130 Gr. con 30% de Soya en Agua con Aceite,El Dorado,Pescados y Mariscos en Conserva,Basicos,11.9,14/05/2026,La Comer,Supermercado / Tienda de Autoservicio,Lacomer Sucursal Queretaro Estadio,Luis M. Vega y Monroy 1300. Esq.cimataRío . Col. CimataRío. Cp. 76090,Querétaro,Santiago de Querétaro,20.577804,-100.373626
Atún,Lata 130 Gr. con 30% de Soya en Agua con Aceite,El Dorado,Pescados y Mariscos en Conserva,Basicos,12,06/05/2026,Chedraui,Supermercado / Tienda de Autoservicio,Chedraui Sucursal Centro Sur,Blvd. Bernardo Quintana 502. Carr. con Direccion a Centro Civico. Col. Centro Sur. Cp. 76087,Querétaro,Santiago de Querétaro,20.569354,-100.358831
Atún,Lata 130 Gr. con 30% de Soya en Agua con Aceite,El Dorado,Pescados y Mariscos en Conserva,Basicos,12,12/05/2026,Oxxo,Tienda de Conveniencia,Oxxo Sucursal Corregidora 50 Cr,Circuito Moises Solana No. 128. Esq. Gertrudis Bocanegra. Col. Burocratas. Cp. 76070,Querétaro,Santiago de Querétaro,20.57462,-100.384232
Atún,Lata 130 Gr. con 30% de Soya en Agua con Aceite,El Dorado,Pescados y Mariscos en Conserva,Basicos,12,13/05/2026,Chedraui,Supermercado / Tienda de Autoservicio,Chedraui Sucursal Anfora,Anfora 71. Esq. Eje 1 Norte. Col. Madero. Cp. 15320,Ciudad de México,Venustiano Carranza,19.437353,-99.110088
Atún,Lata 130 Gr. con 30% de Soya en Agua con Aceite,El Dorado,Pescados y Mariscos en Conserva,Basicos,12,13/05/2026,Chedraui,Supermercado / Tienda de Autoservicio,Chedraui Sucursal Centro Sur,Blvd. Bernardo Quintana 502. Carr. con Direccion a Centro Civico. Col. Centro Sur. Cp. 76087,Querétaro,Santiago de Querétaro,20.569354,-100.358831
Atún,Lata 130 Gr. con 30% de Soya en Agua con Aceite,El Dorado,Pescados y Mariscos en Conserva,Basicos,12.9,04/05/2026,Hipermercado Soriana,Supermercado / Tienda de Autoservicio,Soriana Hiper Sucursal Cimatario,Ctra. a Huimilpan 1001. Int. del Centro Comercial Plaza del Sol. Col. Plazas del Sol. Iii Sección. Cp. 76099,Querétaro,Santiago de Querétaro,20.563227,-100.375284
Atún,Lata 130 Gr. con 30% de Soya en Agua con Aceite,El Dorado,Pescados y Mariscos en Conserva,Basicos,12.9,13/05/2026,Hipermercado Soriana,Supermercado / Tienda de Autoservicio,Soriana Hiper Sucursal Cimatario,Ctra. a Huimilpan 1001. Int. del Centro Comercial Plaza del Sol. Col. Plazas del Sol. Iii Sección. Cp. 76099,Querétaro,Santiago de Querétaro,20.563227,-100.375284
Atún,Lata 130 Gr. con 30% de Soya en Agua con Aceite,El Dorado,Pescados y Mariscos en Conserva,Basicos,12.9,13/05/2026,Hipermercado Soriana,Supermercado / Tienda de Autoservicio,Soriana Hiper Sucursal Consulado (418),Río Consulado 2355. Esq. Carlos Marx. Col. Simon Bolivar. Cp. 15410,Ciudad de México,Venustiano Carranza,19.449572,-99.100376
Atún,Lata 130 Gr. en Hojuelas en Agua,Mazatán,Pescados y Mariscos en Conserva,Basicos,18.5,12/05/2026,Oxxo,Tienda de Conveniencia,Oxxo Sucursal Corregidora 50 Cr,Circuito Moises Solana No. 128. Esq. Gertrudis Bocanegra. Col. Burocratas. Cp. 76070,Querétaro,Santiago de Querétaro,20.57462,-100.384232
Atún,Lata 130 Gr. en Hojuelas en Agua,Mazatán,Pescados y Mariscos en Conserva,Basicos,18.9,07/05/2026,La Comer,Supermercado / Tienda de Autoservicio,Lacomer Sucursal Queretaro Estadio,Luis M. Vega y Monroy 1300. Esq.cimataRío . Col. CimataRío. Cp. 76090,Querétaro,Santiago de Querétaro,20.577804,-100.373626
Atún,Lata 130 Gr. en Hojuelas en Agua,Mazatán,Pescados y Mariscos en Conserva,Basicos,18.9,13/05/2026,Chedraui,Supermercado / Tienda de Autoservicio,Chedraui Sucursal Centro Sur,Blvd. Bernardo Quintana 502. Carr. con Direccion a Centro Civico. Col. Centro Sur. Cp. 76087,Querétaro,Santiago de Querétaro,20.569354,-100.358831
Atún,Lata 130 Gr. en Hojuelas en Agua,Mazatán,Pescados y Mariscos en Conserva,Basicos,18.9,14/05/2026,La Comer,Supermercado / Tienda de Autoservicio,Lacomer Sucursal Queretaro Estadio,Luis M. Vega y Monroy 1300. Esq.cimataRío . Col. CimataRío. Cp. 76090,Querétaro,Santiago de Querétaro,20.577804,-100.373626
Atún,Lata 130 Gr. en Hojuelas en Agua,Mazatán,Pescados y Mariscos en Conserva,Basicos,19.5,04/05/2026,Hipermercado Soriana,Supermercado / Tienda de Autoservicio,Soriana Hiper Sucursal Cimatario,Ctra. a Huimilpan 1001. Int. del Centro Comercial Plaza del Sol. Col. Plazas del Sol. Iii Sección. Cp. 76099,Querétaro,Santiago de Querétaro,20.563227,-100.375284
Atún,Lata 130 Gr. en Hojuelas en Agua,Mazatán,Pescados y Mariscos en Conserva,Basicos,19.5,13/05/2026,Hipermercado Soriana,Supermercado / Tienda de Autoservicio,Soriana Hiper Sucursal Cimatario,Ctra. a Huimilpan 1001. Int. del Centro Comercial Plaza del Sol. Col. Plazas del Sol. Iii Sección. Cp. 76099,Querétaro,Santiago de Querétaro,20.563227,-100.375284
Atún,Lata 130 Gr. en Hojuelas en Agua,Mazatán,Pescados y Mariscos en Conserva,Basicos,22.5,13/05/2026,Hipermercado Soriana,Supermercado / Tienda de Autoservicio,Soriana Hiper Sucursal Consulado (418),Río Consulado 2355. Esq. Carlos Marx. Col. Simon Bolivar. Cp. 15410,Ciudad de México,Venustiano Carranza,19.449572,-99.100376
Atún,Lata 130 Gr. en Hojuelas en Agua,Mazatán,Pescados y Mariscos en Conserva,Pacic,17.9,01/05/2026,Superissste,Supermercado / Tienda de Autoservicio,Superissste Sucursal 011,Calle Peluqueros No. 310 Esquina Calle Tizayuca. Col. Michoacána. Cp. 15240,Ciudad de México,Venustiano Carranza,19.446139,-99.113372
Atún,Lata 130 Gr. en Hojuelas en Agua,Mazatán,Pescados y Mariscos en Conserva,Pacic,17.9,01/05/2026,Superissste,Supermercado / Tienda de Autoservicio,Superissste Sucursal 022,Av. del Taller y Retorno No. 38 Dentro del Retorno 38. Col. Jardín Balbuena. Cp. 15900,Ciudad de México,Venustiano Carranza,19.412842,-99.105666
Atún,Lata 130 Gr. en Hojuelas en Agua,Mazatán,Pescados y Mariscos en Conserva,Pacic,17.9,08/05/2026,Superissste,Supermercado / Tienda de Autoservicio,Superissste Sucursal 011,Calle Peluqueros No. 310 Esquina Calle Tizayuca. Col. Michoacána. Cp. 15240,Ciudad de México,Venustiano Carranza,19.446139,-99.113372
Atún,Lata 130 Gr. en Hojuelas en Agua,Mazatán,Pescados y Mariscos en Conserva,Pacic,17.9,08/05/2026,Superissste,Supermercado / Tienda de Autoservicio,Superissste Sucursal 022,Av. del Taller y Retorno No. 38 Dentro del Retorno 38. Col. Jardín Balbuena. Cp. 15900,Ciudad de México,Venustiano Carranza,19.412842,-99.105666
Atún,Lata 130 Gr. en Hojuelas en Agua,Mazatán,Pescados y Mariscos en Conserva,Pacic,17.9,15/05/2026,Superissste,Supermercado / Tienda de Autoservicio,Superissste Sucursal 011,Calle Peluqueros No. 310 Esquina Calle Tizayuca. Col. Michoacána. Cp. 15240,Ciudad de México,Venustiano Carranza,19.446139,-99.113372
Atún,Lata 130 Gr. en Hojuelas en Agua,Mazatán,Pescados y Mariscos en Conserva,Pacic,17.9,15/05/2026,Superissste,Supermercado / Tienda de Autoservicio,Superissste Sucursal 022,Av. del Taller y Retorno No. 38 Dentro del Retorno 38. Col. Jardín Balbuena. Cp. 15900,Ciudad de México,Venustiano Carranza,19.412842,-99.105666
Atún,Lata 130 Gr. en Hojuelas en Agua con Aceite,Mazatán,Pescados y Mariscos en Conserva,Basicos,11.8,14/05/2026,La Comer,Supermercado / Tienda de Autoservicio,Lacomer Sucursal Queretaro Estadio,Luis M. Vega y Monroy 1300. Esq.cimataRío . Col. CimataRío. Cp. 76090,Querétaro,Santiago de Querétaro,20.577804,-100.373626
Atún,Lata 130 Gr. en Hojuelas en Agua con Aceite,Mazatán,Pescados y Mariscos en Conserva,Basicos,11.9,07/05/2026,La Comer,Supermercado / Tienda de Autoservicio,Lacomer Sucursal Queretaro Estadio,Luis M. Vega y Monroy 1300. Esq.cimataRío . Col. CimataRío. Cp. 76090,Querétaro,Santiago de Querétaro,20.577804,-100.373626
Atún,Lata 130 Gr. en Hojuelas en Agua con Aceite,Mazatán,Pescados y Mariscos en Conserva,Basicos,16,12/05/2026,Oxxo,Tienda de Conveniencia,Oxxo Sucursal Corregidora 50 Cr,Circuito Moises Solana No. 128. Esq. Gertrudis Bocanegra. Col. Burocratas. Cp. 76070,Querétaro,Santiago de Querétaro,20.57462,-100.384232
Atún,Lata 130 Gr. en Hojuelas en Agua con Aceite,Mazatán,Pescados y Mariscos en Conserva,Basicos,17.9,01/05/2026,Superissste,Supermercado / Tienda de Autoservicio,Superissste Sucursal 011,Calle Peluqueros No. 310 Esquina Calle Tizayuca. Col. Michoacána. Cp. 15240,Ciudad de México,Venustiano Carranza,19.446139,-99.113372
Atún,Lata 130 Gr. en Hojuelas en Agua con Aceite,Mazatán,Pescados y Mariscos en Conserva,Basicos,17.9,01/05/2026,Superissste,Supermercado / Tienda de Autoservicio,Superissste Sucursal 022,Av. del Taller y Retorno No. 38 Dentro del Retorno 38. Col. Jardín Balbuena. Cp. 15900,Ciudad de México,Venustiano Carranza,19.412842,-99.105666
Atún,Lata 130 Gr. en Hojuelas en Agua con Aceite,Mazatán,Pescados y Mariscos en Conserva,Basicos,17.9,08/05/2026,Superissste,Supermercado / Tienda de Autoservicio,Superissste Sucursal 011,Calle Peluqueros No. 310 Esquina Calle Tizayuca. Col. Michoacána. Cp. 15240,Ciudad de México,Venustiano Carranza,19.446139,-99.113372
Atún,Lata 130 Gr. en Hojuelas en Agua con Aceite,Mazatán,Pescados y Mariscos en Conserva,Basicos,17.9,08/05/2026,Superissste,Supermercado / Tienda de Autoservicio,Superissste Sucursal 022,Av. del Taller y Retorno No. 38 Dentro del Retorno 38. Col. Jardín Balbuena. Cp. 15900,Ciudad de México,Venustiano Carranza,19.412842,-99.105666
Atún,Lata 130 Gr. en Hojuelas en Agua con Aceite,Mazatán,Pescados y Mariscos en Conserva,Basicos,17.9,15/05/2026,Superissste,Supermercado / Tienda de Autoservicio,Superissste Sucursal 011,Calle Peluqueros No. 310 Esquina Calle Tizayuca. Col. Michoacána. Cp. 15240,Ciudad de México,Venustiano Carranza,19.446139,-99.113372
Atún,Lata 130 Gr. en Hojuelas en Agua con Aceite,Mazatán,Pescados y Mariscos en Conserva,Basicos,17.9,15/05/2026,Superissste,Supermercado / Tienda de Autoservicio,Superissste Sucursal 022,Av. del Taller y Retorno No. 38 Dentro del Retorno 38. Col. Jardín Balbuena. Cp. 15900,Ciudad de México,Venustiano Carranza,19.412842,-99.105666
Atún,Lata 130 Gr. en Hojuelas en Agua con Aceite,Mazatán,Pescados y Mariscos en Conserva,Basicos,18,13/05/2026,Chedraui,Supermercado / Tienda de Autoservicio,Chedraui Sucursal Centro Sur,Blvd. Bernardo Quintana 502. Carr. con Direccion a Centro Civico. Col. Centro Sur. Cp. 76087,Querétaro,Santiago de Querétaro,20.569354,-100.358831
Atún,Lata 130 Gr. en Hojuelas en Agua con Aceite,Mazatán,Pescados y Mariscos en Conserva,Basicos,18.9,06/05/2026,Chedraui,Supermercado / Tienda de Autoservicio,Chedraui Sucursal Centro Sur,Blvd. Bernardo Quintana 502. Carr. con Direccion a Centro Civico. Col. Centro Sur. Cp. 76087,Querétaro,Santiago de Querétaro,20.569354,-100.358831
Atún,Lata 130 Gr. en Hojuelas en Agua con Aceite,Mazatán,Pescados y Mariscos en Conserva,Basicos,19.5,04/05/2026,Hipermercado Soriana,Supermercado / Tienda de Autoservicio,Soriana Hiper Sucursal Cimatario,Ctra. a Huimilpan 1001. Int. del Centro Comercial Plaza del Sol. Col. Plazas del Sol. Iii Sección. Cp. 76099,Querétaro,Santiago de Querétaro,20.563227,-100.375284
Atún,Lata 130 Gr. en Hojuelas en Agua con Aceite,Mazatán,Pescados y Mariscos en Conserva,Basicos,19.5,13/05/2026,Hipermercado Soriana,Supermercado / Tienda de Autoservicio,Soriana Hiper Sucursal Cimatario,Ctra. a Huimilpan 1001. Int. del Centro Comercial Plaza del Sol. Col. Plazas del Sol. Iii Sección. Cp. 76099,Querétaro,Santiago de Querétaro,20.563227,-100.375284
Atún,Lata 130 Gr. en Hojuelas en Agua con Aceite,Mazatán,Pescados y Mariscos en Conserva,Basicos,22.5,13/05/2026,Hipermercado Soriana,Supermercado / Tienda de Autoservicio,Soriana Hiper Sucursal Consulado (418),Río Consulado 2355. Esq. Carlos Marx. Col. Simon Bolivar. Cp. 15410,Ciudad de México,Venustiano Carranza,19.449572,-99.100376
Atún,Lata 130 Gr. en Hojuelas en Agua con Aceite,Mazatán,Pescados y Mariscos en Conserva,Pacic,11.8,14/05/2026,La Comer,Supermercado / Tienda de Autoservicio,Lacomer Sucursal Queretaro Estadio,Luis M. Vega y Monroy 1300. Esq.cimataRío . Col. CimataRío. Cp. 76090,Querétaro,Santiago de Querétaro,20.577804,-100.373626
Atún,Lata 130 Gr. en Hojuelas en Agua con Aceite,Mazatán,Pescados y Mariscos en Conserva,Pacic,11.9,07/05/2026,La Comer,Supermercado / Tienda de Autoservicio,Lacomer Sucursal Queretaro Estadio,Luis M. Vega y Monroy 1300. Esq.cimataRío . Col. CimataRío. Cp. 76090,Querétaro,Santiago de Querétaro,20.577804,-100.373626
Atún,Lata 140 Gr. (Clásico). Aleta Amarilla en Hojuelas en Agua,Tuny,Pescados y Mariscos en Conserva,Basicos,18.5,04/05/2026,Hipermercado Soriana,Supermercado / Tienda de Autoservicio,Soriana Hiper Sucursal Cimatario,Ctra. a Huimilpan 1001. Int. del Centro Comercial Plaza del Sol. Col. Plazas del Sol. Iii Sección. Cp. 76099,Querétaro,Santiago de Querétaro,20.563227,-100.375284
Atún,Lata 140 Gr. (Clásico). Aleta Amarilla en Hojuelas en Agua,Tuny,Pescados y Mariscos en Conserva,Basicos,21,13/05/2026,Hipermercado Soriana,Supermercado / Tienda de Autoservicio,Soriana Hiper Sucursal Cimatario,Ctra. a Huimilpan 1001. Int. del Centro Comercial Plaza del Sol. Col. Plazas del Sol. Iii Sección. Cp. 76099,Querétaro,Santiago de Querétaro,20.563227,-100.375284
Atún,Lata 140 Gr. (Clásico). Aleta Amarilla en Hojuelas en Agua,Tuny,Pescados y Mariscos en Conserva,Basicos,21,13/05/2026,Hipermercado Soriana,Supermercado / Tienda de Autoservicio,Soriana Hiper Sucursal Consulado (418),Río Consulado 2355. Esq. Carlos Marx. Col. Simon Bolivar. Cp. 15410,Ciudad de México,Venustiano Carranza,19.449572,-99.100376
Atún,Lata 140 Gr. (Clásico). Aleta Amarilla en Hojuelas en Agua,Tuny,Pescados y Mariscos en Conserva,Basicos,24,07/05/2026,Wal-mart,Supermercado / Tienda de Autoservicio,Walmart Sucursal Balbuena,Fray Servando Teresa de Mier 881. Entre Fernando Iglesia Calderon y Genaro Garcia. Col. Jardín Balbuena. Cp. 15900,Ciudad de México,Venustiano Carranza,19.418067,-99.105639
Atún,Lata 140 Gr. (Clásico). Aleta Amarilla en Hojuelas en Agua,Tuny,Pescados y Mariscos en Conserva,Basicos,24,12/05/2026,Wal-mart,Supermercado / Tienda de Autoservicio,Walmart Sucursal Unidad Plaza de Toros,Autopista Querétaro Celaya 5501. Int. del Centro Comercial Plaza Esfera. Col. el Jacal. Cp. 76187,Querétaro,Santiago de Querétaro,20.574076,-100.408704
Atún,Lata 140 Gr. (Clásico). Aleta Amarilla en Hojuelas en Agua,Tuny,Pescados y Mariscos en Conserva,Basicos,24,13/05/2026,Wal-mart,Supermercado / Tienda de Autoservicio,Walmart Sucursal Aeropuerto,Calz. Ignacio Zaragoza 58. Esq. Blvd. Puerto Aereo. Col. Federal. Cp. 15700,Ciudad de México,Venustiano Carranza,19.41926,-99.094521
Atún,Lata 140 Gr. (Clásico). Aleta Amarilla en Hojuelas en Agua,Tuny,Pescados y Mariscos en Conserva,Basicos,24,13/05/2026,Wal-mart,Supermercado / Tienda de Autoservicio,Walmart Sucursal Balbuena,Fray Servando Teresa de Mier 881. Entre Fernando Iglesia Calderon y Genaro Garcia. Col. Jardín Balbuena. Cp. 15900,Ciudad de México,Venustiano Carranza,19.418067,-99.105639
Atún,Lata 140 Gr. (Clásico). Aleta Amarilla en Hojuelas en Agua con Aceite,Tuny,Pescados y Mariscos en Conserva,Basicos,18.5,04/05/2026,Hipermercado Soriana,Supermercado / Tienda de Autoservicio,Soriana Hiper Sucursal Cimatario,Ctra. a Huimilpan 1001. Int. del Centro Comercial Plaza del Sol. Col. Plazas del Sol. Iii Sección. Cp. 76099,Querétaro,Santiago de Querétaro,20.563227,-100.375284
Atún,Lata 140 Gr. (Clásico). Aleta Amarilla en Hojuelas en Agua con Aceite,Tuny,Pescados y Mariscos en Conserva,Basicos,21,13/05/2026,Hipermercado Soriana,Supermercado / Tienda de Autoservicio,Soriana Hiper Sucursal Consulado (418),Río Consulado 2355. Esq. Carlos Marx. Col. Simon Bolivar. Cp. 15410,Ciudad de México,Venustiano Carranza,19.449572,-99.100376
Atún,Lata 140 Gr. (Clásico). Aleta Amarilla en Hojuelas en Agua con Aceite,Tuny,Pescados y Mariscos en Conserva,Basicos,24,07/05/2026,Wal-mart,Supermercado / Tienda de Autoservicio,Walmart Sucursal Balbuena,Fray Servando Teresa de Mier 881. Entre Fernando Iglesia Calderon y Genaro Garcia. Col. Jardín Balbuena. Cp. 15900,Ciudad de México,Venustiano Carranza,19.418067,-99.105639
Atún,Lata 140 Gr. (Clásico). Aleta Amarilla en Hojuelas en Agua con Aceite,Tuny,Pescados y Mariscos en Conserva,Basicos,24,12/05/2026,Wal-mart,Supermercado / Tienda de Autoservicio,Walmart Sucursal Unidad Plaza de Toros,Autopista Querétaro Celaya 5501. Int. del Centro Comercial Plaza Esfera. Col. el Jacal. Cp. 76187,Querétaro,Santiago de Querétaro,20.574076,-100.408704
Atún,Lata 140 Gr. (Clásico). Aleta Amarilla en Hojuelas en Agua con Aceite,Tuny,Pescados y Mariscos en Conserva,Basicos,24,13/05/2026,Wal-mart,Supermercado / Tienda de Autoservicio,Walmart Sucursal Aeropuerto,Calz. Ignacio Zaragoza 58. Esq. Blvd. Puerto Aereo. Col. Federal. Cp. 15700,Ciudad de México,Venustiano Carranza,19.41926,-99.094521
Atún,Lata 140 Gr. (Clásico). Aleta Amarilla en Hojuelas en Agua con Aceite,Tuny,Pescados y Mariscos en Conserva,Basicos,24,13/05/2026,Wal-mart,Supermercado / Tienda de Autoservicio,Walmart Sucursal Balbuena,Fray Servando Teresa de Mier 881. Entre Fernando Iglesia Calderon y Genaro Garcia. Col. Jardín Balbuena. Cp. 15900,Ciudad de México,Venustiano Carranza,19.418067,-99.105639
Atún,Lata 140 Gr. Aleta Amarilla en Hojuelas en Agua,Dolores,Pescados y Mariscos en Conserva,Basicos,20,07/05/2026,Bodega Aurrera,Supermercado / Tienda de Autoservicio,Bodega Aurrera Sucursal la Viga,Calz. de la Viga 136 Esq. del Taller. Col. Lorenzo Boturini. Cp. 15820,Ciudad de México,Venustiano Carranza,19.414749,-99.127874
Atún,Lata 140 Gr. Aleta Amarilla en Hojuelas en Agua,Dolores,Pescados y Mariscos en Conserva,Basicos,20,08/05/2026,Bodega Aurrera,Supermercado / Tienda de Autoservicio,Bodega Aurrera Sucursal Centro Constituyentes,Constituyentes Oriente 334. Entre Pasteur y Manuel Ponce. Col. MercuRío. Cp. 76040,Querétaro,Santiago de Querétaro,20.586349,-100.382801
Atún,Lata 140 Gr. Aleta Amarilla en Hojuelas en Agua,Dolores,Pescados y Mariscos en Conserva,Basicos,20,13/05/2026,Bodega Aurrera,Supermercado / Tienda de Autoservicio,Bodega Aurrera Sucursal la Viga,Calz. de la Viga 136 Esq. del Taller. Col. Lorenzo Boturini. Cp. 15820,Ciudad de México,Venustiano Carranza,19.414749,-99.127874
Atún,Lata 140 Gr. Aleta Amarilla en Hojuelas en Agua,Dolores,Pescados y Mariscos en Conserva,Basicos,20,15/05/2026,Bodega Aurrera,Supermercado / Tienda de Autoservicio,Bodega Aurrera Sucursal Centro Constituyentes,Constituyentes Oriente 334. Entre Pasteur y Manuel Ponce. Col. MercuRío. Cp. 76040,Querétaro,Santiago de Querétaro,20.586349,-100.382801
Atún,Lata 140 Gr. Aleta Amarilla en Hojuelas en Agua,Dolores,Pescados y Mariscos en Conserva,Basicos,21.5,04/05/2026,Hipermercado Soriana,Supermercado / Tienda de Autoservicio,Soriana Hiper Sucursal Cimatario,Ctra. a Huimilpan 1001. Int. del Centro Comercial Plaza del Sol. Col. Plazas del Sol. Iii Sección. Cp. 76099,Querétaro,Santiago de Querétaro,20.563227,-100.375284
Atún,Lata 140 Gr. Aleta Amarilla en Hojuelas en Agua,Dolores,Pescados y Mariscos en Conserva,Basicos,22.5,13/05/2026,Hipermercado Soriana,Supermercado / Tienda de Autoservicio,Soriana Hiper Sucursal Cimatario,Ctra. a Huimilpan 1001. Int. del Centro Comercial Plaza del Sol. Col. Plazas del Sol. Iii Sección. Cp. 76099,Querétaro,Santiago de Querétaro,20.563227,-100.375284
Atún,Lata 140 Gr. Aleta Amarilla en Hojuelas en Agua,Dolores,Pescados y Mariscos en Conserva,Basicos,22.5,13/05/2026,Hipermercado Soriana,Supermercado / Tienda de Autoservicio,Soriana Hiper Sucursal Consulado (418),Río Consulado 2355. Esq. Carlos Marx. Col. Simon Bolivar. Cp. 15410,Ciudad de México,Venustiano Carranza,19.449572,-99.100376
Atún,Lata 140 Gr. Aleta Amarilla en Hojuelas en Agua,Dolores,Pescados y Mariscos en Conserva,Basicos,25,07/05/2026,Wal-mart,Supermercado / Tienda de Autoservicio,Walmart Sucursal Balbuena,Fray Servando Teresa de Mier 881. Entre Fernando Iglesia Calderon y Genaro Garcia. Col. Jardín Balbuena. Cp. 15900,Ciudad de México,Venustiano Carranza,19.418067,-99.105639
Atún,Lata 140 Gr. Aleta Amarilla en Hojuelas en Agua,Dolores,Pescados y Mariscos en Conserva,Basicos,25,07/05/2026,Wal-mart,Supermercado / Tienda de Autoservicio,Walmart Sucursal Unidad Plaza de Toros,Autopista Querétaro Celaya 5501. Int. del Centro Comercial Plaza Esfera. Col. el Jacal. Cp. 76187,Querétaro,Santiago de Querétaro,20.574076,-100.408704
Atún,Lata 140 Gr. Aleta Amarilla en Hojuelas en Agua,Dolores,Pescados y Mariscos en Conserva,Basicos,25,12/05/2026,Wal-mart,Supermercado / Tienda de Autoservicio,Walmart Sucursal Unidad Plaza de Toros,Autopista Querétaro Celaya 5501. Int. del Centro Comercial Plaza Esfera. Col. el Jacal. Cp. 76187,Querétaro,Santiago de Querétaro,20.574076,-100.408704
Atún,Lata 140 Gr. Aleta Amarilla en Hojuelas en Agua,Dolores,Pescados y Mariscos en Conserva,Basicos,25,13/05/2026,Wal-mart,Supermercado / Tienda de Autoservicio,Walmart Sucursal Aeropuerto,Calz. Ignacio Zaragoza 58. Esq. Blvd. Puerto Aereo. Col. Federal. Cp. 15700,Ciudad de México,Venustiano Carranza,19.41926,-99.094521
Atún,Lata 140 Gr. Aleta Amarilla en Hojuelas en Agua,Dolores,Pescados y Mariscos en Conserva,Basicos,25,13/05/2026,Wal-mart,Supermercado / Tienda de Autoservicio,Walmart Sucursal Balbuena,Fray Servando Teresa de Mier 881. Entre Fernando Iglesia Calderon y Genaro Garcia. Col. Jardín Balbuena. Cp. 15900,Ciudad de México,Venustiano Carranza,19.418067,-99.105639
Atún,Lata 140 Gr. Aleta Amarilla en Hojuelas en Agua con Aceite,Dolores,Pescados y Mariscos en Conserva,Basicos,18,08/05/2026,Bodega Aurrera,Supermercado / Tienda de Autoservicio,Bodega Aurrera Sucursal Centro Constituyentes,Constituyentes Oriente 334. Entre Pasteur y Manuel Ponce. Col. MercuRío. Cp. 76040,Querétaro,Santiago de Querétaro,20.586349,-100.382801
Atún,Lata 140 Gr. Aleta Amarilla en Hojuelas en Agua con Aceite,Dolores,Pescados y Mariscos en Conserva,Basicos,20,07/05/2026,Bodega Aurrera,Supermercado / Tienda de Autoservicio,Bodega Aurrera Sucursal la Viga,Calz. de la Viga 136 Esq. del Taller. Col. Lorenzo Boturini. Cp. 15820,Ciudad de México,Venustiano Carranza,19.414749,-99.127874
Atún,Lata 140 Gr. Aleta Amarilla en Hojuelas en Agua con Aceite,Dolores,Pescados y Mariscos en Conserva,Basicos,20,15/05/2026,Bodega Aurrera,Supermercado / Tienda de Autoservicio,Bodega Aurrera Sucursal Centro Constituyentes,Constituyentes Oriente 334. Entre Pasteur y Manuel Ponce. Col. MercuRío. Cp. 76040,Querétaro,Santiago de Querétaro,20.586349,-100.382801
Atún,Lata 140 Gr. Aleta Amarilla en Hojuelas en Agua con Aceite,Dolores,Pescados y Mariscos en Conserva,Basicos,20.9,13/05/2026,Hipermercado Soriana,Supermercado / Tienda de Autoservicio,Soriana Hiper Sucursal Cimatario,Ctra. a Huimilpan 1001. Int. del Centro Comercial Plaza del Sol. Col. Plazas del Sol. Iii Sección. Cp. 76099,Querétaro,Santiago de Querétaro,20.563227,-100.375284
Atún,Lata 140 Gr. Aleta Amarilla en Hojuelas en Agua con Aceite,Dolores,Pescados y Mariscos en Conserva,Basicos,20.9,13/05/2026,Hipermercado Soriana,Supermercado / Tienda de Autoservicio,Soriana Hiper Sucursal Consulado (418),Río Consulado 2355. Esq. Carlos Marx. Col. Simon Bolivar. Cp. 15410,Ciudad de México,Venustiano Carranza,19.449572,-99.100376
Atún,Lata 140 Gr. Aleta Amarilla en Hojuelas en Agua con Aceite,Dolores,Pescados y Mariscos en Conserva,Basicos,21.5,04/05/2026,Hipermercado Soriana,Supermercado / Tienda de Autoservicio,Soriana Hiper Sucursal Cimatario,Ctra. a Huimilpan 1001. Int. del Centro Comercial Plaza del Sol. Col. Plazas del Sol. Iii Sección. Cp. 76099,Querétaro,Santiago de Querétaro,20.563227,-100.375284
Atún,Lata 140 Gr. Aleta Amarilla en Hojuelas en Agua con Aceite,Dolores,Pescados y Mariscos en Conserva,Basicos,25,07/05/2026,Wal-mart,Supermercado / Tienda de Autoservicio,Walmart Sucursal Balbuena,Fray Servando Teresa de Mier 881. Entre Fernando Iglesia Calderon y Genaro Garcia. Col. Jardín Balbuena. Cp. 15900,Ciudad de México,Venustiano Carranza,19.418067,-99.105639
Atún,Lata 140 Gr. Aleta Amarilla en Hojuelas en Agua con Aceite,Dolores,Pescados y Mariscos en Conserva,Basicos,25,07/05/2026,Wal-mart,Supermercado / Tienda de Autoservicio,Walmart Sucursal Unidad Plaza de Toros,Autopista Querétaro Celaya 5501. Int. del Centro Comercial Plaza Esfera. Col. el Jacal. Cp. 76187,Querétaro,Santiago de Querétaro,20.574076,-100.408704
Atún,Lata 140 Gr. Aleta Amarilla en Hojuelas en Agua con Aceite,Dolores,Pescados y Mariscos en Conserva,Basicos,25,12/05/2026,Wal-mart,Supermercado / Tienda de Autoservicio,Walmart Sucursal Unidad Plaza de Toros,Autopista Querétaro Celaya 5501. Int. del Centro Comercial Plaza Esfera. Col. el Jacal. Cp. 76187,Querétaro,Santiago de Querétaro,20.574076,-100.408704
Atún,Lata 140 Gr. Aleta Amarilla en Hojuelas en Agua con Aceite,Dolores,Pescados y Mariscos en Conserva,Basicos,25,13/05/2026,Wal-mart,Supermercado / Tienda de Autoservicio,Walmart Sucursal Aeropuerto,Calz. Ignacio Zaragoza 58. Esq. Blvd. Puerto Aereo. Col. Federal. Cp. 15700,Ciudad de México,Venustiano Carranza,19.41926,-99.094521
Atún,Lata 140 Gr. Aleta Amarilla en Hojuelas en Agua con Aceite,Dolores,Pescados y Mariscos en Conserva,Basicos,25,13/05/2026,Wal-mart,Supermercado / Tienda de Autoservicio,Walmart Sucursal Balbuena,Fray Servando Teresa de Mier 881. Entre Fernando Iglesia Calderon y Genaro Garcia. Col. Jardín Balbuena. Cp. 15900,Ciudad de México,Venustiano Carranza,19.418067,-99.105639
Atún,Lata 140 Gr. Desmenuzado en Aceite. Standard. Sin Soya,Fresh Label,Pescados y Mariscos en Conserva,Pacic,17.9,13/05/2026,Hipermercado Soriana,Supermercado / Tienda de Autoservicio,Soriana Hiper Sucursal Cimatario,Ctra. a Huimilpan 1001. Int. del Centro Comercial Plaza del Sol. Col. Plazas del Sol. Iii Sección. Cp. 76099,Querétaro,Santiago de Querétaro,20.563227,-100.375284
Atún,Lata 140 Gr. Desmenuzado en Aceite. Standard. Sin Soya,Fresh Label,Pescados y Mariscos en Conserva,Pacic,17.9,13/05/2026,Hipermercado Soriana,Supermercado / Tienda de Autoservicio,Soriana Hiper Sucursal Consulado (418),Río Consulado 2355. Esq. Carlos Marx. Col. Simon Bolivar. Cp. 15410,Ciudad de México,Venustiano Carranza,19.449572,-99.100376
Atún,Lata 140 Gr. Desmenuzado en Aceite. Standard. Sin Soya,Fresh Label,Pescados y Mariscos en Conserva,Pacic,19.2,04/05/2026,Hipermercado Soriana,Supermercado / Tienda de Autoservicio,Soriana Hiper Sucursal Cimatario,Ctra. a Huimilpan 1001. Int. del Centro Comercial Plaza del Sol. Col. Plazas del Sol. Iii Sección. Cp. 76099,Querétaro,Santiago de Querétaro,20.563227,-100.375284
Atún,Lata 140 Gr. Desmenuzado en Agua,Valley Foods,Pescados y Mariscos en Conserva,Pacic,10.3,04/05/2026,Hipermercado Soriana,Supermercado / Tienda de Autoservicio,Soriana Hiper Sucursal Cimatario,Ctra. a Huimilpan 1001. Int. del Centro Comercial Plaza del Sol. Col. Plazas del Sol. Iii Sección. Cp. 76099,Querétaro,Santiago de Querétaro,20.563227,-100.375284
Atún,Lata 140 Gr. Desmenuzado en Agua,Valley Foods,Pescados y Mariscos en Conserva,Pacic,10.3,13/05/2026,Hipermercado Soriana,Supermercado / Tienda de Autoservicio,Soriana Hiper Sucursal Cimatario,Ctra. a Huimilpan 1001. Int. del Centro Comercial Plaza del Sol. Col. Plazas del Sol. Iii Sección. Cp. 76099,Querétaro,Santiago de Querétaro,20.563227,-100.375284
Atún,Lata 140 Gr. Desmenuzado en Agua con Aceite,Valley Foods,Pescados y Mariscos en Conserva,Pacic,10.3,04/05/2026,Hipermercado Soriana,Supermercado / Tienda de Autoservicio,Soriana Hiper Sucursal Cimatario,Ctra. a Huimilpan 1001. Int. del Centro Comercial Plaza del Sol. Col. Plazas del Sol. Iii Sección. Cp. 76099,Querétaro,Santiago de Querétaro,20.563227,-100.375284
Atún,Lata 140 Gr. Desmenuzado en Agua con Aceite,Valley Foods,Pescados y Mariscos en Conserva,Pacic,10.3,13/05/2026,Hipermercado Soriana,Supermercado / Tienda de Autoservicio,Soriana Hiper Sucursal Cimatario,Ctra. a Huimilpan 1001. Int. del Centro Comercial Plaza del Sol. Col. Plazas del Sol. Iii Sección. Cp. 76099,Querétaro,Santiago de Querétaro,20.563227,-100.375284
Atún,Lata 140 Gr. Desmenuzado en Agua. Standard. Sin Soya,Fresh Label,Pescados y Mariscos en Conserva,Pacic,18,13/05/2026,Hipermercado Soriana,Supermercado / Tienda de Autoservicio,Soriana Hiper Sucursal Consulado (418),Río Consulado 2355. Esq. Carlos Marx. Col. Simon Bolivar. Cp. 15410,Ciudad de México,Venustiano Carranza,19.449572,-99.100376
Atún,Lata 140 Gr. Desmenuzado en Agua. Standard. Sin Soya,Fresh Label,Pescados y Mariscos en Conserva,Pacic,18.1,04/05/2026,Hipermercado Soriana,Supermercado / Tienda de Autoservicio,Soriana Hiper Sucursal Cimatario,Ctra. a Huimilpan 1001. Int. del Centro Comercial Plaza del Sol. Col. Plazas del Sol. Iii Sección. Cp. 76099,Querétaro,Santiago de Querétaro,20.563227,-100.375284
Atún,Lata 140 Gr. Desmenuzado en Agua. Standard. Sin Soya,Fresh Label,Pescados y Mariscos en Conserva,Pacic,18.1,13/05/2026,Hipermercado Soriana,Supermercado / Tienda de Autoservicio,Soriana Hiper Sucursal Cimatario,Ctra. a Huimilpan 1001. Int. del Centro Comercial Plaza del Sol. Col. Plazas del Sol. Iii Sección. Cp. 76099,Querétaro,Santiago de Querétaro,20.563227,-100.375284
Atún,Lata 140 Gr. Desmenuzado en Agua. Standard. Sin Soya,Fresh Label,Pescados y Mariscos en Conserva,Pacic,9,06/05/2026,Chedraui,Supermercado / Tienda de Autoservicio,Chedraui Sucursal Centro Sur,Blvd. Bernardo Quintana 502. Carr. con Direccion a Centro Civico. Col. Centro Sur. Cp. 76087,Querétaro,Santiago de Querétaro,20.569354,-100.358831
Atún,Lata 140 Gr. Desmenuzado en Agua. Standard. Sin Soya,Fresh Label,Pescados y Mariscos en Conserva,Pacic,9,13/05/2026,Chedraui,Supermercado / Tienda de Autoservicio,Chedraui Sucursal Anfora,Anfora 71. Esq. Eje 1 Norte. Col. Madero. Cp. 15320,Ciudad de México,Venustiano Carranza,19.437353,-99.110088
Atún,Lata 140 Gr. Desmenuzado en Agua. Standard. Sin Soya,Fresh Label,Pescados y Mariscos en Conserva,Pacic,9,13/05/2026,Chedraui,Supermercado / Tienda de Autoservicio,Chedraui Sucursal Centro Sur,Blvd. Bernardo Quintana 502. Carr. con Direccion a Centro Civico. Col. Centro Sur. Cp. 76087,Querétaro,Santiago de Querétaro,20.569354,-100.358831
Atún,Lata 140 Gr. en Agua,Fisha Tuna,Pescados y Mariscos en Conserva,Pacic,10,07/05/2026,Bodega Aurrera,Supermercado / Tienda de Autoservicio,Bodega Aurrera Sucursal la Viga,Calz. de la Viga 136 Esq. del Taller. Col. Lorenzo Boturini. Cp. 15820,Ciudad de México,Venustiano Carranza,19.414749,-99.127874
Atún,Lata 140 Gr. en Agua,Fisha Tuna,Pescados y Mariscos en Conserva,Pacic,10,07/05/2026,Wal-mart,Supermercado / Tienda de Autoservicio,Walmart Sucursal Balbuena,Fray Servando Teresa de Mier 881. Entre Fernando Iglesia Calderon y Genaro Garcia. Col. Jardín Balbuena. Cp. 15900,Ciudad de México,Venustiano Carranza,19.418067,-99.105639
Atún,Lata 140 Gr. en Agua,Fisha Tuna,Pescados y Mariscos en Conserva,Pacic,10,07/05/2026,Wal-mart,Supermercado / Tienda de Autoservicio,Walmart Sucursal Unidad Plaza de Toros,Autopista Querétaro Celaya 5501. Int. del Centro Comercial Plaza Esfera. Col. el Jacal. Cp. 76187,Querétaro,Santiago de Querétaro,20.574076,-100.408704
Atún,Lata 140 Gr. en Agua,Fisha Tuna,Pescados y Mariscos en Conserva,Pacic,10,12/05/2026,Wal-mart,Supermercado / Tienda de Autoservicio,Walmart Sucursal Unidad Plaza de Toros,Autopista Querétaro Celaya 5501. Int. del Centro Comercial Plaza Esfera. Col. el Jacal. Cp. 76187,Querétaro,Santiago de Querétaro,20.574076,-100.408704
Atún,Lata 140 Gr. en Agua,Fisha Tuna,Pescados y Mariscos en Conserva,Pacic,10,13/05/2026,Bodega Aurrera,Supermercado / Tienda de Autoservicio,Bodega Aurrera Sucursal la Viga,Calz. de la Viga 136 Esq. del Taller. Col. Lorenzo Boturini. Cp. 15820,Ciudad de México,Venustiano Carranza,19.414749,-99.127874
Atún,Lata 140 Gr. en Agua,Fisha Tuna,Pescados y Mariscos en Conserva,Pacic,10,13/05/2026,Wal-mart,Supermercado / Tienda de Autoservicio,Walmart Sucursal Aeropuerto,Calz. Ignacio Zaragoza 58. Esq. Blvd. Puerto Aereo. Col. Federal. Cp. 15700,Ciudad de México,Venustiano Carranza,19.41926,-99.094521
Atún,Lata 140 Gr. en Agua,Fisha Tuna,Pescados y Mariscos en Conserva,Pacic,10,13/05/2026,Wal-mart,Supermercado / Tienda de Autoservicio,Walmart Sucursal Balbuena,Fray Servando Teresa de Mier 881. Entre Fernando Iglesia Calderon y Genaro Garcia. Col. Jardín Balbuena. Cp. 15900,Ciudad de México,Venustiano Carranza,19.418067,-99.105639
Atún,Lata 140 Gr. en Agua,Fisha Tuna,Pescados y Mariscos en Conserva,Pacic,11,08/05/2026,Bodega Aurrera,Supermercado / Tienda de Autoservicio,Bodega Aurrera Sucursal Centro Constituyentes,Constituyentes Oriente 334. Entre Pasteur y Manuel Ponce. Col. MercuRío. Cp. 76040,Querétaro,Santiago de Querétaro,20.586349,-100.382801
Atún,Lata 140 Gr. en Hojuelas en Agua,Great Value,Pescados y Mariscos en Conserva,Pacic,18.5,08/05/2026,Bodega Aurrera,Supermercado / Tienda de Autoservicio,Bodega Aurrera Sucursal Centro Constituyentes,Constituyentes Oriente 334. Entre Pasteur y Manuel Ponce. Col. MercuRío. Cp. 76040,Querétaro,Santiago de Querétaro,20.586349,-100.382801
Atún,Lata 140 Gr. en Hojuelas en Agua,Great Value,Pescados y Mariscos en Conserva,Pacic,18.5,15/05/2026,Bodega Aurrera,Supermercado / Tienda de Autoservicio,Bodega Aurrera Sucursal Centro Constituyentes,Constituyentes Oriente 334. Entre Pasteur y Manuel Ponce. Col. MercuRío. Cp. 76040,Querétaro,Santiago de Querétaro,20.586349,-100.382801
Atún,Lata 140 Gr. en Hojuelas en Agua,Great Value,Pescados y Mariscos en Conserva,Pacic,19,07/05/2026,Bodega Aurrera,Supermercado / Tienda de Autoservicio,Bodega Aurrera Sucursal la Viga,Calz. de la Viga 136 Esq. del Taller. Col. Lorenzo Boturini. Cp. 15820,Ciudad de México,Venustiano Carranza,19.414749,-99.127874
Atún,Lata 140 Gr. en Hojuelas en Agua,Great Value,Pescados y Mariscos en Conserva,Pacic,19,13/05/2026,Bodega Aurrera,Supermercado / Tienda de Autoservicio,Bodega Aurrera Sucursal la Viga,Calz. de la Viga 136 Esq. del Taller. Col. Lorenzo Boturini. Cp. 15820,Ciudad de México,Venustiano Carranza,19.414749,-99.127874
Atún,Lata 140 Gr. en Hojuelas en Agua,Great Value,Pescados y Mariscos en Conserva,Pacic,20,07/05/2026,Wal-mart,Supermercado / Tienda de Autoservicio,Walmart Sucursal Balbuena,Fray Servando Teresa de Mier 881. Entre Fernando Iglesia Calderon y Genaro Garcia. Col. Jardín Balbuena. Cp. 15900,Ciudad de México,Venustiano Carranza,19.418067,-99.105639
Atún,Lata 140 Gr. en Hojuelas en Agua,Great Value,Pescados y Mariscos en Conserva,Pacic,20,07/05/2026,Wal-mart,Supermercado / Tienda de Autoservicio,Walmart Sucursal Unidad Plaza de Toros,Autopista Querétaro Celaya 5501. Int. del Centro Comercial Plaza Esfera. Col. el Jacal. Cp. 76187,Querétaro,Santiago de Querétaro,20.574076,-100.408704
Atún,Lata 140 Gr. en Hojuelas en Agua,Great Value,Pescados y Mariscos en Conserva,Pacic,20,12/05/2026,Wal-mart,Supermercado / Tienda de Autoservicio,Walmart Sucursal Unidad Plaza de Toros,Autopista Querétaro Celaya 5501. Int. del Centro Comercial Plaza Esfera. Col. el Jacal. Cp. 76187,Querétaro,Santiago de Querétaro,20.574076,-100.408704
Atún,Lata 140 Gr. en Hojuelas en Agua,Great Value,Pescados y Mariscos en Conserva,Pacic,20,13/05/2026,Wal-mart,Supermercado / Tienda de Autoservicio,Walmart Sucursal Aeropuerto,Calz. Ignacio Zaragoza 58. Esq. Blvd. Puerto Aereo. Col. Federal. Cp. 15700,Ciudad de México,Venustiano Carranza,19.41926,-99.094521
Atún,Lata 140 Gr. en Hojuelas en Agua,Great Value,Pescados y Mariscos en Conserva,Pacic,20,13/05/2026,Wal-mart,Supermercado / Tienda de Autoservicio,Walmart Sucursal Balbuena,Fray Servando Teresa de Mier 881. Entre Fernando Iglesia Calderon y Genaro Garcia. Col. Jardín Balbuena. Cp. 15900,Ciudad de México,Venustiano Carranza,19.418067,-99.105639
Atún,Lata 140 Gr. en Hojuelas en Agua,Valley Foods,Pescados y Mariscos,Basicos,19.9,13/05/2026,Hipermercado Soriana,Supermercado / Tienda de Autoservicio,Soriana Hiper Sucursal Consulado (418),Río Consulado 2355. Esq. Carlos Marx. Col. Simon Bolivar. Cp. 15410,Ciudad de México,Venustiano Carranza,19.449572,-99.100376
Atún,Lata 140 Gr. en Hojuelas en Agua con Aceite,Valley Foods,Pescados y Mariscos,Basicos,19.9,04/05/2026,Hipermercado Soriana,Supermercado / Tienda de Autoservicio,Soriana Hiper Sucursal Cimatario,Ctra. a Huimilpan 1001. Int. del Centro Comercial Plaza del Sol. Col. Plazas del Sol. Iii Sección. Cp. 76099,Querétaro,Santiago de Querétaro,20.563227,-100.375284
Atún,Lata 140 Gr. en Hojuelas en Agua con Aceite,Valley Foods,Pescados y Mariscos,Basicos,19.9,13/05/2026,Hipermercado Soriana,Supermercado / Tienda de Autoservicio,Soriana Hiper Sucursal Cimatario,Ctra. a Huimilpan 1001. Int. del Centro Comercial Plaza del Sol. Col. Plazas del Sol. Iii Sección. Cp. 76099,Querétaro,Santiago de Querétaro,20.563227,-100.375284
Atún,Lata 140 Gr. en Hojuelas en Agua con Aceite,Valley Foods,Pescados y Mariscos,Basicos,19.9,13/05/2026,Hipermercado Soriana,Supermercado / Tienda de Autoservicio,Soriana Hiper Sucursal Consulado (418),Río Consulado 2355. Esq. Carlos Marx. Col. Simon Bolivar. Cp. 15410,Ciudad de México,Venustiano Carranza,19.449572,-99.100376
Avena,Bolsa 400 Gr.,Granvita,Arroz y Cereales Preparados,Basicos,12,08/05/2026,Superissste,Supermercado / Tienda de Autoservicio,Superissste Sucursal 022,Av. del Taller y Retorno No. 38 Dentro del Retorno 38. Col. Jardín Balbuena. Cp. 15900,Ciudad de México,Venustiano Carranza,19.412842,-99.105666
Avena,Bote 400 Gr. y Sémola de Trigo. Fortificada,3 Minutos,Arroz y Cereales Preparados,Basicos,40,07/05/2026,Bodega Aurrera,Supermercado / Tienda de Autoservicio,Bodega Aurrera Sucursal la Viga,Calz. de la Viga 136 Esq. del Taller. Col. Lorenzo Boturini. Cp. 15820,Ciudad de México,Venustiano Carranza,19.414749,-99.127874
Azúcar,Bolsa 500 Gr. Mascabado,Zulka,Azúcar,Basicos,25,07/05/2026,Bodega Aurrera,Supermercado / Tienda de Autoservicio,Bodega Aurrera Sucursal la Viga,Calz. de la Viga 136 Esq. del Taller. Col. Lorenzo Boturini. Cp. 15820,Ciudad de México,Venustiano Carranza,19.414749,-99.127874
Azúcar,Bolsa 500 Gr. Mascabado,Zulka,Azúcar,Basicos,25,07/05/2026,Wal-mart,Supermercado / Tienda de Autoservicio,Walmart Sucursal Balbuena,Fray Servando Teresa de Mier 881. Entre Fernando Iglesia Calderon y Genaro Garcia. Col. Jardín Balbuena. Cp. 15900,Ciudad de México,Venustiano Carranza,19.418067,-99.105639
Azúcar,Bolsa 500 Gr. Mascabado,Zulka,Azúcar,Basicos,25,07/05/2026,Wal-mart,Supermercado / Tienda de Autoservicio,Walmart Sucursal Unidad Plaza de Toros,Autopista Querétaro Celaya 5501. Int. del Centro Comercial Plaza Esfera. Col. el Jacal. Cp. 76187,Querétaro,Santiago de Querétaro,20.574076,-100.408704
Azúcar,Bolsa 500 Gr. Mascabado,Zulka,Azúcar,Basicos,25,08/05/2026,Bodega Aurrera,Supermercado / Tienda de Autoservicio,Bodega Aurrera Sucursal Centro Constituyentes,Constituyentes Oriente 334. Entre Pasteur y Manuel Ponce. Col. MercuRío. Cp. 76040,Querétaro,Santiago de Querétaro,20.586349,-100.382801
Azúcar,Bolsa 500 Gr. Mascabado,Zulka,Azúcar,Basicos,25,12/05/2026,Wal-mart,Supermercado / Tienda de Autoservicio,Walmart Sucursal Unidad Plaza de Toros,Autopista Querétaro Celaya 5501. Int. del Centro Comercial Plaza Esfera. Col. el Jacal. Cp. 76187,Querétaro,Santiago de Querétaro,20.574076,-100.408704
Azúcar,Bolsa 500 Gr. Mascabado,Zulka,Azúcar,Basicos,25,13/05/2026,Bodega Aurrera,Supermercado / Tienda de Autoservicio,Bodega Aurrera Sucursal la Viga,Calz. de la Viga 136 Esq. del Taller. Col. Lorenzo Boturini. Cp. 15820,Ciudad de México,Venustiano Carranza,19.414749,-99.127874
Azúcar,Bolsa 500 Gr. Mascabado,Zulka,Azúcar,Basicos,25,13/05/2026,Chedraui,Supermercado / Tienda de Autoservicio,Chedraui Sucursal Anfora,Anfora 71. Esq. Eje 1 Norte. Col. Madero. Cp. 15320,Ciudad de México,Venustiano Carranza,19.437353,-99.110088
Azúcar,Bolsa 500 Gr. Mascabado,Zulka,Azúcar,Basicos,25,13/05/2026,Wal-mart,Supermercado / Tienda de Autoservicio,Walmart Sucursal Aeropuerto,Calz. Ignacio Zaragoza 58. Esq. Blvd. Puerto Aereo. Col. Federal. Cp. 15700,Ciudad de México,Venustiano Carranza,19.41926,-99.094521
Azúcar,Bolsa 500 Gr. Mascabado,Zulka,Azúcar,Basicos,25,13/05/2026,Wal-mart,Supermercado / Tienda de Autoservicio,Walmart Sucursal Balbuena,Fray Servando Teresa de Mier 881. Entre Fernando Iglesia Calderon y Genaro Garcia. Col. Jardín Balbuena. Cp. 15900,Ciudad de México,Venustiano Carranza,19.418067,-99.105639
Azúcar,Bolsa 500 Gr. Mascabado,Zulka,Azúcar,Basicos,25,15/05/2026,Bodega Aurrera,Supermercado / Tienda de Autoservicio,Bodega Aurrera Sucursal Centro Constituyentes,Constituyentes Oriente 334. Entre Pasteur y Manuel Ponce. Col. MercuRío. Cp. 76040,Querétaro,Santiago de Querétaro,20.586349,-100.382801
Azúcar,Bolsa 500 Gr. Mascabado,Zulka,Azúcar,Basicos,27,01/05/2026,Superissste,Supermercado / Tienda de Autoservicio,Superissste Sucursal 011,Calle Peluqueros No. 310 Esquina Calle Tizayuca. Col. Michoacána. Cp. 15240,Ciudad de México,Venustiano Carranza,19.446139,-99.113372
Azúcar,Bolsa 500 Gr. Mascabado,Zulka,Azúcar,Basicos,27,01/05/2026,Superissste,Supermercado / Tienda de Autoservicio,Superissste Sucursal 022,Av. del Taller y Retorno No. 38 Dentro del Retorno 38. Col. Jardín Balbuena. Cp. 15900,Ciudad de México,Venustiano Carranza,19.412842,-99.105666
Azúcar,Bolsa 500 Gr. Mascabado,Zulka,Azúcar,Basicos,27,08/05/2026,Superissste,Supermercado / Tienda de Autoservicio,Superissste Sucursal 011,Calle Peluqueros No. 310 Esquina Calle Tizayuca. Col. Michoacána. Cp. 15240,Ciudad de México,Venustiano Carranza,19.446139,-99.113372
Azúcar,Bolsa 500 Gr. Mascabado,Zulka,Azúcar,Basicos,27,08/05/2026,Superissste,Supermercado / Tienda de Autoservicio,Superissste Sucursal 022,Av. del Taller y Retorno No. 38 Dentro del Retorno 38. Col. Jardín Balbuena. Cp. 15900,Ciudad de México,Venustiano Carranza,19.412842,-99.105666
Azúcar,Bolsa 500 Gr. Mascabado,Zulka,Azúcar,Basicos,27,15/05/2026,Superissste,Supermercado / Tienda de Autoservicio,Superissste Sucursal 011,Calle Peluqueros No. 310 Esquina Calle Tizayuca. Col. Michoacána. Cp. 15240,Ciudad de México,Venustiano Carranza,19.446139,-99.113372
Azúcar,Bolsa 500 Gr. Mascabado,Zulka,Azúcar,Basicos,27,15/05/2026,Superissste,Supermercado / Tienda de Autoservicio,Superissste Sucursal 022,Av. del Taller y Retorno No. 38 Dentro del Retorno 38. Col. Jardín Balbuena. Cp. 15900,Ciudad de México,Venustiano Carranza,19.412842,-99.105666
Azúcar,Bolsa 500 Gr. Mascabado,Zulka,Azúcar,Basicos,29.5,07/05/2026,La Comer,Supermercado / Tienda de Autoservicio,Lacomer Sucursal Queretaro Estadio,Luis M. Vega y Monroy 1300. Esq.cimataRío . Col. CimataRío. Cp. 76090,Querétaro,Santiago de Querétaro,20.577804,-100.373626
Azúcar,Bolsa Plástico 1 Kg. Estándar,Golden Hills,Azúcar,Basicos,19,07/05/2026,La Comer,Supermercado / Tienda de Autoservicio,Lacomer Sucursal Queretaro Estadio,Luis M. Vega y Monroy 1300. Esq.cimataRío . Col. CimataRío. Cp. 76090,Querétaro,Santiago de Querétaro,20.577804,-100.373626
Azúcar,Bolsa Plástico 1 Kg. Estándar,Golden Hills,Azúcar,Pacic,19,07/05/2026,La Comer,Supermercado / Tienda de Autoservicio,Lacomer Sucursal Queretaro Estadio,Luis M. Vega y Monroy 1300. Esq.cimataRío . Col. CimataRío. Cp. 76090,Querétaro,Santiago de Querétaro,20.577804,-100.373626
Azúcar,Bolsa Plástico 1 Kg. Estándar,Golden Hills,Azúcar,Pacic,19,14/05/2026,La Comer,Supermercado / Tienda de Autoservicio,Lacomer Sucursal Queretaro Estadio,Luis M. Vega y Monroy 1300. Esq.cimataRío . Col. CimataRío. Cp. 76090,Querétaro,Santiago de Querétaro,20.577804,-100.373626
Azúcar,Bolsa Plástico 1 Kg. Estándar o Morena,La Posada,Azúcar,Basicos,25,12/05/2026,Oxxo,Tienda de Conveniencia,Oxxo Sucursal Corregidora 50 Cr,Circuito Moises Solana No. 128. Esq. Gertrudis Bocanegra. Col. Burocratas. Cp. 76070,Querétaro,Santiago de Querétaro,20.57462,-100.384232
Azúcar,Bolsa Plástico 1 Kg. Estándar o Morena,Zulka,Azúcar,Basicos,20.9,01/05/2026,Superissste,Supermercado / Tienda de Autoservicio,Superissste Sucursal 011,Calle Peluqueros No. 310 Esquina Calle Tizayuca. Col. Michoacána. Cp. 15240,Ciudad de México,Venustiano Carranza,19.446139,-99.113372
Azúcar,Bolsa Plástico 1 Kg. Estándar o Morena,Zulka,Azúcar,Basicos,20.9,01/05/2026,Superissste,Supermercado / Tienda de Autoservicio,Superissste Sucursal 022,Av. del Taller y Retorno No. 38 Dentro del Retorno 38. Col. Jardín Balbuena. Cp. 15900,Ciudad de México,Venustiano Carranza,19.412842,-99.105666
Azúcar,Bolsa Plástico 1 Kg. Estándar o Morena,Zulka,Azúcar,Basicos,20.9,08/05/2026,Superissste,Supermercado / Tienda de Autoservicio,Superissste Sucursal 011,Calle Peluqueros No. 310 Esquina Calle Tizayuca. Col. Michoacána. Cp. 15240,Ciudad de México,Venustiano Carranza,19.446139,-99.113372
Azúcar,Bolsa Plástico 1 Kg. Estándar o Morena,Zulka,Azúcar,Basicos,20.9,08/05/2026,Superissste,Supermercado / Tienda de Autoservicio,Superissste Sucursal 022,Av. del Taller y Retorno No. 38 Dentro del Retorno 38. Col. Jardín Balbuena. Cp. 15900,Ciudad de México,Venustiano Carranza,19.412842,-99.105666
Azúcar,Bolsa Plástico 1 Kg. Estándar o Morena,Zulka,Azúcar,Basicos,20.9,15/05/2026,Superissste,Supermercado / Tienda de Autoservicio,Superissste Sucursal 011,Calle Peluqueros No. 310 Esquina Calle Tizayuca. Col. Michoacána. Cp. 15240,Ciudad de México,Venustiano Carranza,19.446139,-99.113372
Azúcar,Bolsa Plástico 1 Kg. Estándar o Morena,Zulka,Azúcar,Basicos,20.9,15/05/2026,Superissste,Supermercado / Tienda de Autoservicio,Superissste Sucursal 022,Av. del Taller y Retorno No. 38 Dentro del Retorno 38. Col. Jardín Balbuena. Cp. 15900,Ciudad de México,Venustiano Carranza,19.412842,-99.105666
Azúcar,Bolsa Plástico 1 Kg. Estándar o Morena,Zulka,Azúcar,Basicos,25,12/05/2026,Oxxo,Tienda de Conveniencia,Oxxo Sucursal Corregidora 50 Cr,Circuito Moises Solana No. 128. Esq. Gertrudis Bocanegra. Col. Burocratas. Cp. 76070,Querétaro,Santiago de Querétaro,20.57462,-100.384232
Azúcar,Bolsa Plástico 1.8 Kg. Estándar,Chedraui,Azúcar,Basicos,48,13/05/2026,Chedraui,Supermercado / Tienda de Autoservicio,Chedraui Sucursal Anfora,Anfora 71. Esq. Eje 1 Norte. Col. Madero. Cp. 15320,Ciudad de México,Venustiano Carranza,19.437353,-99.110088
Azúcar,Bolsa Plástico 1800 Gr. Estándar o Morena,Ke Precio,Azúcar,Basicos,64,07/05/2026,La Comer,Supermercado / Tienda de Autoservicio,Lacomer Sucursal Queretaro Estadio,Luis M. Vega y Monroy 1300. Esq.cimataRío . Col. CimataRío. Cp. 76090,Querétaro,Santiago de Querétaro,20.577804,-100.373626
Azúcar,Bolsa Plástico 1800 Gr. Estándar o Morena,Ke Precio,Azúcar,Basicos,64,14/05/2026,La Comer,Supermercado / Tienda de Autoservicio,Lacomer Sucursal Queretaro Estadio,Luis M. Vega y Monroy 1300. Esq.cimataRío . Col. CimataRío. Cp. 76090,Querétaro,Santiago de Querétaro,20.577804,-100.373626
Azúcar,Bolsa Plástico 2 Kg. Estándar,Aurrera,Azúcar,Basicos,42,13/05/2026,Bodega Aurrera,Supermercado / Tienda de Autoservicio,Bodega Aurrera Sucursal la Viga,Calz. de la Viga 136 Esq. del Taller. Col. Lorenzo Boturini. Cp. 15820,Ciudad de México,Venustiano Carranza,19.414749,-99.127874
Azúcar,Bolsa Plástico 2 Kg. Estándar,Aurrera,Azúcar,Basicos,42,15/05/2026,Bodega Aurrera,Supermercado / Tienda de Autoservicio,Bodega Aurrera Sucursal Centro Constituyentes,Constituyentes Oriente 334. Entre Pasteur y Manuel Ponce. Col. MercuRío. Cp. 76040,Querétaro,Santiago de Querétaro,20.586349,-100.382801
Azúcar,Bolsa Plástico 2 Kg. Estándar,Aurrera,Azúcar,Basicos,43,13/05/2026,Wal-mart,Supermercado / Tienda de Autoservicio,Walmart Sucursal Balbuena,Fray Servando Teresa de Mier 881. Entre Fernando Iglesia Calderon y Genaro Garcia. Col. Jardín Balbuena. Cp. 15900,Ciudad de México,Venustiano Carranza,19.418067,-99.105639
Azúcar,Bolsa Plástico 2 Kg. Estándar,Aurrera,Azúcar,Basicos,44,07/05/2026,Wal-mart,Supermercado / Tienda de Autoservicio,Walmart Sucursal Balbuena,Fray Servando Teresa de Mier 881. Entre Fernando Iglesia Calderon y Genaro Garcia. Col. Jardín Balbuena. Cp. 15900,Ciudad de México,Venustiano Carranza,19.418067,-99.105639
Azúcar,Bolsa Plástico 2 Kg. Estándar,Aurrera,Azúcar,Basicos,44,07/05/2026,Wal-mart,Supermercado / Tienda de Autoservicio,Walmart Sucursal Unidad Plaza de Toros,Autopista Querétaro Celaya 5501. Int. del Centro Comercial Plaza Esfera. Col. el Jacal. Cp. 76187,Querétaro,Santiago de Querétaro,20.574076,-100.408704
Azúcar,Bolsa Plástico 2 Kg. Estándar,Aurrera,Azúcar,Basicos,48,12/05/2026,Wal-mart,Supermercado / Tienda de Autoservicio,Walmart Sucursal Unidad Plaza de Toros,Autopista Querétaro Celaya 5501. Int. del Centro Comercial Plaza Esfera. Col. el Jacal. Cp. 76187,Querétaro,Santiago de Querétaro,20.574076,-100.408704
Azúcar,Bolsa Plástico 2 Kg. Estándar,Aurrera,Azúcar,Basicos,48,13/05/2026,Wal-mart,Supermercado / Tienda de Autoservicio,Walmart Sucursal Aeropuerto,Calz. Ignacio Zaragoza 58. Esq. Blvd. Puerto Aereo. Col. Federal. Cp. 15700,Ciudad de México,Venustiano Carranza,19.41926,-99.094521
Azúcar,Bolsa Plástico 2 Kg. Estándar o Morena,Golden Hills,Azúcar,Basicos,71,07/05/2026,La Comer,Supermercado / Tienda de Autoservicio,Lacomer Sucursal Queretaro Estadio,Luis M. Vega y Monroy 1300. Esq.cimataRío . Col. CimataRío. Cp. 76090,Querétaro,Santiago de Querétaro,20.577804,-100.373626
Azúcar,Bolsa Plástico 2 Kg. Estándar o Morena,Golden Hills,Azúcar,Basicos,71,14/05/2026,La Comer,Supermercado / Tienda de Autoservicio,Lacomer Sucursal Queretaro Estadio,Luis M. Vega y Monroy 1300. Esq.cimataRío . Col. CimataRío. Cp. 76090,Querétaro,Santiago de Querétaro,20.577804,-100.373626
Azúcar,Bolsa Plástico 2 Kg. Estándar o Morena,Precíssimo,Azúcar,Basicos,55.5,04/05/2026,Hipermercado Soriana,Supermercado / Tienda de Autoservicio,Soriana Hiper Sucursal Cimatario,Ctra. a Huimilpan 1001. Int. del Centro Comercial Plaza del Sol. Col. Plazas del Sol. Iii Sección. Cp. 76099,Querétaro,Santiago de Querétaro,20.563227,-100.375284
Azúcar,Bolsa Plástico 2 Kg. Estándar o Morena,Precíssimo,Azúcar,Basicos,59.9,13/05/2026,Hipermercado Soriana,Supermercado / Tienda de Autoservicio,Soriana Hiper Sucursal Consulado (418),Río Consulado 2355. Esq. Carlos Marx. Col. Simon Bolivar. Cp. 15410,Ciudad de México,Venustiano Carranza,19.449572,-99.100376
Azúcar,Bolsa Plástico 2 Kg. Estándar o Morena,Zulka,Azúcar,Basicos,41.5,01/05/2026,Superissste,Supermercado / Tienda de Autoservicio,Superissste Sucursal 011,Calle Peluqueros No. 310 Esquina Calle Tizayuca. Col. Michoacána. Cp. 15240,Ciudad de México,Venustiano Carranza,19.446139,-99.113372
Azúcar,Bolsa Plástico 2 Kg. Estándar o Morena,Zulka,Azúcar,Basicos,41.5,01/05/2026,Superissste,Supermercado / Tienda de Autoservicio,Superissste Sucursal 022,Av. del Taller y Retorno No. 38 Dentro del Retorno 38. Col. Jardín Balbuena. Cp. 15900,Ciudad de México,Venustiano Carranza,19.412842,-99.105666
Azúcar,Bolsa Plástico 2 Kg. Estándar o Morena,Zulka,Azúcar,Basicos,41.5,08/05/2026,Superissste,Supermercado / Tienda de Autoservicio,Superissste Sucursal 011,Calle Peluqueros No. 310 Esquina Calle Tizayuca. Col. Michoacána. Cp. 15240,Ciudad de México,Venustiano Carranza,19.446139,-99.113372
Azúcar,Bolsa Plástico 2 Kg. Estándar o Morena,Zulka,Azúcar,Basicos,41.5,08/05/2026,Superissste,Supermercado / Tienda de Autoservicio,Superissste Sucursal 022,Av. del Taller y Retorno No. 38 Dentro del Retorno 38. Col. Jardín Balbuena. Cp. 15900,Ciudad de México,Venustiano Carranza,19.412842,-99.105666
Azúcar,Bolsa Plástico 2 Kg. Estándar o Morena,Zulka,Azúcar,Basicos,41.5,15/05/2026,Superissste,Supermercado / Tienda de Autoservicio,Superissste Sucursal 011,Calle Peluqueros No. 310 Esquina Calle Tizayuca. Col. Michoacána. Cp. 15240,Ciudad de México,Venustiano Carranza,19.446139,-99.113372
Azúcar,Bolsa Plástico 2 Kg. Estándar o Morena,Zulka,Azúcar,Basicos,41.5,15/05/2026,Superissste,Supermercado / Tienda de Autoservicio,Superissste Sucursal 022,Av. del Taller y Retorno No. 38 Dentro del Retorno 38. Col. Jardín Balbuena. Cp. 15900,Ciudad de México,Venustiano Carranza,19.412842,-99.105666
Azúcar,Bolsa Plástico 2 Kg. Estándar o Morena,Zulka,Azúcar,Basicos,44,07/05/2026,Bodega Aurrera,Supermercado / Tienda de Autoservicio,Bodega Aurrera Sucursal la Viga,Calz. de la Viga 136 Esq. del Taller. Col. Lorenzo Boturini. Cp. 15820,Ciudad de México,Venustiano Carranza,19.414749,-99.127874
Azúcar,Bolsa Plástico 2 Kg. Estándar o Morena,Zulka,Azúcar,Basicos,45,13/05/2026,Bodega Aurrera,Supermercado / Tienda de Autoservicio,Bodega Aurrera Sucursal la Viga,Calz. de la Viga 136 Esq. del Taller. Col. Lorenzo Boturini. Cp. 15820,Ciudad de México,Venustiano Carranza,19.414749,-99.127874
Azúcar,Bolsa Plástico 2 Kg. Estándar o Morena,Zulka,Azúcar,Basicos,45,13/05/2026,Chedraui,Supermercado / Tienda de Autoservicio,Chedraui Sucursal Anfora,Anfora 71. Esq. Eje 1 Norte. Col. Madero. Cp. 15320,Ciudad de México,Venustiano Carranza,19.437353,-99.110088
Azúcar,Bolsa Plástico 2 Kg. Estándar o Morena,Zulka,Azúcar,Basicos,46,06/05/2026,Chedraui,Supermercado / Tienda de Autoservicio,Chedraui Sucursal Centro Sur,Blvd. Bernardo Quintana 502. Carr. con Direccion a Centro Civico. Col. Centro Sur. Cp. 76087,Querétaro,Santiago de Querétaro,20.569354,-100.358831
Azúcar,Bolsa Plástico 2 Kg. Estándar o Morena,Zulka,Azúcar,Basicos,46,07/05/2026,Wal-mart,Supermercado / Tienda de Autoservicio,Walmart Sucursal Balbuena,Fray Servando Teresa de Mier 881. Entre Fernando Iglesia Calderon y Genaro Garcia. Col. Jardín Balbuena. Cp. 15900,Ciudad de México,Venustiano Carranza,19.418067,-99.105639
Azúcar,Bolsa Plástico 2 Kg. Estándar o Morena,Zulka,Azúcar,Basicos,46,07/05/2026,Wal-mart,Supermercado / Tienda de Autoservicio,Walmart Sucursal Unidad Plaza de Toros,Autopista Querétaro Celaya 5501. Int. del Centro Comercial Plaza Esfera. Col. el Jacal. Cp. 76187,Querétaro,Santiago de Querétaro,20.574076,-100.408704
Azúcar,Bolsa Plástico 2 Kg. Estándar o Morena,Zulka,Azúcar,Basicos,46,12/05/2026,Wal-mart,Supermercado / Tienda de Autoservicio,Walmart Sucursal Unidad Plaza de Toros,Autopista Querétaro Celaya 5501. Int. del Centro Comercial Plaza Esfera. Col. el Jacal. Cp. 76187,Querétaro,Santiago de Querétaro,20.574076,-100.408704
Azúcar,Bolsa Plástico 2 Kg. Estándar o Morena,Zulka,Azúcar,Basicos,46,13/05/2026,Chedraui,Supermercado / Tienda de Autoservicio,Chedraui Sucursal Centro Sur,Blvd. Bernardo Quintana 502. Carr. con Direccion a Centro Civico. Col. Centro Sur. Cp. 76087,Querétaro,Santiago de Querétaro,20.569354,-100.358831
Azúcar,Bolsa Plástico 2 Kg. Estándar o Morena,Zulka,Azúcar,Basicos,46,13/05/2026,Wal-mart,Supermercado / Tienda de Autoservicio,Walmart Sucursal Aeropuerto,Calz. Ignacio Zaragoza 58. Esq. Blvd. Puerto Aereo. Col. Federal. Cp. 15700,Ciudad de México,Venustiano Carranza,19.41926,-99.094521
Azúcar,Bolsa Plástico 2 Kg. Estándar o Morena,Zulka,Azúcar,Basicos,46,13/05/2026,Wal-mart,Supermercado / Tienda de Autoservicio,Walmart Sucursal Balbuena,Fray Servando Teresa de Mier 881. Entre Fernando Iglesia Calderon y Genaro Garcia. Col. Jardín Balbuena. Cp. 15900,Ciudad de México,Venustiano Carranza,19.418067,-99.105639
Azúcar,Bolsa Plástico 2 Kg. Estándar o Morena,Zulka,Azúcar,Basicos,48,12/05/2026,Oxxo,Tienda de Conveniencia,Oxxo Sucursal Corregidora 50 Cr,Circuito Moises Solana No. 128. Esq. Gertrudis Bocanegra. Col. Burocratas. Cp. 76070,Querétaro,Santiago de Querétaro,20.57462,-100.384232
Azúcar,Bolsa Plástico 2 Kg. Estándar o Morena,Zulka,Azúcar,Basicos,49.9,04/05/2026,Hipermercado Soriana,Supermercado / Tienda de Autoservicio,Soriana Hiper Sucursal Cimatario,Ctra. a Huimilpan 1001. Int. del Centro Comercial Plaza del Sol. Col. Plazas del Sol. Iii Sección. Cp. 76099,Querétaro,Santiago de Querétaro,20.563227,-100.375284
Azúcar,Bolsa Plástico 2 Kg. Estándar o Morena,Zulka,Azúcar,Basicos,49.9,13/05/2026,Hipermercado Soriana,Supermercado / Tienda de Autoservicio,Soriana Hiper Sucursal Consulado (418),Río Consulado 2355. Esq. Carlos Marx. Col. Simon Bolivar. Cp. 15410,Ciudad de México,Venustiano Carranza,19.449572,-99.100376
Azúcar,Bolsa Plástico 2 Kg. Estándar o Morena,Zulka,Azúcar,Basicos,50,08/05/2026,Bodega Aurrera,Supermercado / Tienda de Autoservicio,Bodega Aurrera Sucursal Centro Constituyentes,Constituyentes Oriente 334. Entre Pasteur y Manuel Ponce. Col. MercuRío. Cp. 76040,Querétaro,Santiago de Querétaro,20.586349,-100.382801
Azúcar,Bolsa Plástico 2 Kg. Refinada,Golden Hills,Azúcar,Basicos,95,07/05/2026,La Comer,Supermercado / Tienda de Autoservicio,Lacomer Sucursal Queretaro Estadio,Luis M. Vega y Monroy 1300. Esq.cimataRío . Col. CimataRío. Cp. 76090,Querétaro,Santiago de Querétaro,20.577804,-100.373626
Azúcar,Bolsa Plástico 2 Kg. Refinada,Golden Hills,Azúcar,Basicos,95,14/05/2026,La Comer,Supermercado / Tienda de Autoservicio,Lacomer Sucursal Queretaro Estadio,Luis M. Vega y Monroy 1300. Esq.cimataRío . Col. CimataRío. Cp. 76090,Querétaro,Santiago de Querétaro,20.577804,-100.373626
Azúcar,Bolsa Plástico 2 Kg. Refinada,Great Value,Azúcar,Basicos,82,07/05/2026,Bodega Aurrera,Supermercado / Tienda de Autoservicio,Bodega Aurrera Sucursal la Viga,Calz. de la Viga 136 Esq. del Taller. Col. Lorenzo Boturini. Cp. 15820,Ciudad de México,Venustiano Carranza,19.414749,-99.127874
Azúcar,Bolsa Plástico 2 Kg. Refinada,Great Value,Azúcar,Basicos,82,07/05/2026,Wal-mart,Supermercado / Tienda de Autoservicio,Walmart Sucursal Unidad Plaza de Toros,Autopista Querétaro Celaya 5501. Int. del Centro Comercial Plaza Esfera. Col. el Jacal. Cp. 76187,Querétaro,Santiago de Querétaro,20.574076,-100.408704
Azúcar,Bolsa Plástico 2 Kg. Refinada,Great Value,Azúcar,Basicos,82,08/05/2026,Bodega Aurrera,Supermercado / Tienda de Autoservicio,Bodega Aurrera Sucursal Centro Constituyentes,Constituyentes Oriente 334. Entre Pasteur y Manuel Ponce. Col. MercuRío. Cp. 76040,Querétaro,Santiago de Querétaro,20.586349,-100.382801
Azúcar,Bolsa Plástico 2 Kg. Refinada,Great Value,Azúcar,Basicos,82,12/05/2026,Wal-mart,Supermercado / Tienda de Autoservicio,Walmart Sucursal Unidad Plaza de Toros,Autopista Querétaro Celaya 5501. Int. del Centro Comercial Plaza Esfera. Col. el Jacal. Cp. 76187,Querétaro,Santiago de Querétaro,20.574076,-100.408704
Azúcar,Bolsa Plástico 2 Kg. Refinada,Great Value,Azúcar,Basicos,82,13/05/2026,Bodega Aurrera,Supermercado / Tienda de Autoservicio,Bodega Aurrera Sucursal la Viga,Calz. de la Viga 136 Esq. del Taller. Col. Lorenzo Boturini. Cp. 15820,Ciudad de México,Venustiano Carranza,19.414749,-99.127874
Azúcar,Bolsa Plástico 2 Kg. Refinada,Great Value,Azúcar,Basicos,82,13/05/2026,Wal-mart,Supermercado / Tienda de Autoservicio,Walmart Sucursal Aeropuerto,Calz. Ignacio Zaragoza 58. Esq. Blvd. Puerto Aereo. Col. Federal. Cp. 15700,Ciudad de México,Venustiano Carranza,19.41926,-99.094521
Azúcar,Bolsa Plástico 2 Kg. Refinada,Great Value,Azúcar,Basicos,82,13/05/2026,Wal-mart,Supermercado / Tienda de Autoservicio,Walmart Sucursal Balbuena,Fray Servando Teresa de Mier 881. Entre Fernando Iglesia Calderon y Genaro Garcia. Col. Jardín Balbuena. Cp. 15900,Ciudad de México,Venustiano Carranza,19.418067,-99.105639
Azúcar,Bolsa Plástico 2 Kg. Refinada,Great Value,Azúcar,Basicos,82,15/05/2026,Bodega Aurrera,Supermercado / Tienda de Autoservicio,Bodega Aurrera Sucursal Centro Constituyentes,Constituyentes Oriente 334. Entre Pasteur y Manuel Ponce. Col. MercuRío. Cp. 76040,Querétaro,Santiago de Querétaro,20.586349,-100.382801
Azúcar,Bolsa Plástico 900 Gr. Estándar,Aurrera,Azúcar,Basicos,23,13/05/2026,Bodega Aurrera,Supermercado / Tienda de Autoservicio,Bodega Aurrera Sucursal la Viga,Calz. de la Viga 136 Esq. del Taller. Col. Lorenzo Boturini. Cp. 15820,Ciudad de México,Venustiano Carranza,19.414749,-99.127874
Azúcar,Bolsa Plástico 900 Gr. Estándar,Aurrera,Azúcar,Basicos,24,13/05/2026,Wal-mart,Supermercado / Tienda de Autoservicio,Walmart Sucursal Balbuena,Fray Servando Teresa de Mier 881. Entre Fernando Iglesia Calderon y Genaro Garcia. Col. Jardín Balbuena. Cp. 15900,Ciudad de México,Venustiano Carranza,19.418067,-99.105639
Azúcar,Bolsa Plástico 900 Gr. Estándar,Aurrera,Azúcar,Basicos,25,07/05/2026,Bodega Aurrera,Supermercado / Tienda de Autoservicio,Bodega Aurrera Sucursal la Viga,Calz. de la Viga 136 Esq. del Taller. Col. Lorenzo Boturini. Cp. 15820,Ciudad de México,Venustiano Carranza,19.414749,-99.127874
Azúcar,Bolsa Plástico 900 Gr. Estándar,Aurrera,Azúcar,Basicos,25,07/05/2026,Wal-mart,Supermercado / Tienda de Autoservicio,Walmart Sucursal Balbuena,Fray Servando Teresa de Mier 881. Entre Fernando Iglesia Calderon y Genaro Garcia. Col. Jardín Balbuena. Cp. 15900,Ciudad de México,Venustiano Carranza,19.418067,-99.105639
Azúcar,Bolsa Plástico 900 Gr. Estándar,Aurrera,Azúcar,Basicos,25,07/05/2026,Wal-mart,Supermercado / Tienda de Autoservicio,Walmart Sucursal Unidad Plaza de Toros,Autopista Querétaro Celaya 5501. Int. del Centro Comercial Plaza Esfera. Col. el Jacal. Cp. 76187,Querétaro,Santiago de Querétaro,20.574076,-100.408704
Azúcar,Bolsa Plástico 900 Gr. Estándar,Aurrera,Azúcar,Basicos,25,08/05/2026,Bodega Aurrera,Supermercado / Tienda de Autoservicio,Bodega Aurrera Sucursal Centro Constituyentes,Constituyentes Oriente 334. Entre Pasteur y Manuel Ponce. Col. MercuRío. Cp. 76040,Querétaro,Santiago de Querétaro,20.586349,-100.382801
Azúcar,Bolsa Plástico 900 Gr. Estándar,Aurrera,Azúcar,Basicos,25,12/05/2026,Wal-mart,Supermercado / Tienda de Autoservicio,Walmart Sucursal Unidad Plaza de Toros,Autopista Querétaro Celaya 5501. Int. del Centro Comercial Plaza Esfera. Col. el Jacal. Cp. 76187,Querétaro,Santiago de Querétaro,20.574076,-100.408704
Azúcar,Bolsa Plástico 900 Gr. Estándar,Aurrera,Azúcar,Basicos,25,13/05/2026,Wal-mart,Supermercado / Tienda de Autoservicio,Walmart Sucursal Aeropuerto,Calz. Ignacio Zaragoza 58. Esq. Blvd. Puerto Aereo. Col. Federal. Cp. 15700,Ciudad de México,Venustiano Carranza,19.41926,-99.094521
Azúcar,Bolsa Plástico 900 Gr. Estándar,Aurrera,Azúcar,Basicos,25,15/05/2026,Bodega Aurrera,Supermercado / Tienda de Autoservicio,Bodega Aurrera Sucursal Centro Constituyentes,Constituyentes Oriente 334. Entre Pasteur y Manuel Ponce. Col. MercuRío. Cp. 76040,Querétaro,Santiago de Querétaro,20.586349,-100.382801
Azúcar,Bolsa Plástico 900 Gr. Estándar,Aurrera,Azúcar,Pacic,23,13/05/2026,Bodega Aurrera,Supermercado / Tienda de Autoservicio,Bodega Aurrera Sucursal la Viga,Calz. de la Viga 136 Esq. del Taller. Col. Lorenzo Boturini. Cp. 15820,Ciudad de México,Venustiano Carranza,19.414749,-99.127874
Azúcar,Bolsa Plástico 900 Gr. Estándar,Aurrera,Azúcar,Pacic,24,13/05/2026,Wal-mart,Supermercado / Tienda de Autoservicio,Walmart Sucursal Balbuena,Fray Servando Teresa de Mier 881. Entre Fernando Iglesia Calderon y Genaro Garcia. Col. Jardín Balbuena. Cp. 15900,Ciudad de México,Venustiano Carranza,19.418067,-99.105639
Azúcar,Bolsa Plástico 900 Gr. Estándar,Aurrera,Azúcar,Pacic,25,07/05/2026,Bodega Aurrera,Supermercado / Tienda de Autoservicio,Bodega Aurrera Sucursal la Viga,Calz. de la Viga 136 Esq. del Taller. Col. Lorenzo Boturini. Cp. 15820,Ciudad de México,Venustiano Carranza,19.414749,-99.127874
Azúcar,Bolsa Plástico 900 Gr. Estándar,Aurrera,Azúcar,Pacic,25,07/05/2026,Wal-mart,Supermercado / Tienda de Autoservicio,Walmart Sucursal Balbuena,Fray Servando Teresa de Mier 881. Entre Fernando Iglesia Calderon y Genaro Garcia. Col. Jardín Balbuena. Cp. 15900,Ciudad de México,Venustiano Carranza,19.418067,-99.105639
Azúcar,Bolsa Plástico 900 Gr. Estándar,Aurrera,Azúcar,Pacic,25,07/05/2026,Wal-mart,Supermercado / Tienda de Autoservicio,Walmart Sucursal Unidad Plaza de Toros,Autopista Querétaro Celaya 5501. Int. del Centro Comercial Plaza Esfera. Col. el Jacal. Cp. 76187,Querétaro,Santiago de Querétaro,20.574076,-100.408704
Azúcar,Bolsa Plástico 900 Gr. Estándar,Aurrera,Azúcar,Pacic,25,08/05/2026,Bodega Aurrera,Supermercado / Tienda de Autoservicio,Bodega Aurrera Sucursal Centro Constituyentes,Constituyentes Oriente 334. Entre Pasteur y Manuel Ponce. Col. MercuRío. Cp. 76040,Querétaro,Santiago de Querétaro,20.586349,-100.382801
Azúcar,Bolsa Plástico 900 Gr. Estándar,Aurrera,Azúcar,Pacic,25,13/05/2026,Wal-mart,Supermercado / Tienda de Autoservicio,Walmart Sucursal Aeropuerto,Calz. Ignacio Zaragoza 58. Esq. Blvd. Puerto Aereo. Col. Federal. Cp. 15700,Ciudad de México,Venustiano Carranza,19.41926,-99.094521
Azúcar,Bolsa Plástico 900 Gr. Estándar,Aurrera,Azúcar,Pacic,25,15/05/2026,Bodega Aurrera,Supermercado / Tienda de Autoservicio,Bodega Aurrera Sucursal Centro Constituyentes,Constituyentes Oriente 334. Entre Pasteur y Manuel Ponce. Col. MercuRío. Cp. 76040,Querétaro,Santiago de Querétaro,20.586349,-100.382801
Azúcar,Bolsa Plástico 900 Gr. Estándar,Aurrera,Azúcar,Pacic,28,12/05/2026,Wal-mart,Supermercado / Tienda de Autoservicio,Walmart Sucursal Unidad Plaza de Toros,Autopista Querétaro Celaya 5501. Int. del Centro Comercial Plaza Esfera. Col. el Jacal. Cp. 76187,Querétaro,Santiago de Querétaro,20.574076,-100.408704
Azúcar,Bolsa Plástico 900 Gr. Estándar,Chedraui,Azúcar,Basicos,25,06/05/2026,Chedraui,Supermercado / Tienda de Autoservicio,Chedraui Sucursal Centro Sur,Blvd. Bernardo Quintana 502. Carr. con Direccion a Centro Civico. Col. Centro Sur. Cp. 76087,Querétaro,Santiago de Querétaro,20.569354,-100.358831
Azúcar,Bolsa Plástico 900 Gr. Estándar,Chedraui,Azúcar,Basicos,25,13/05/2026,Chedraui,Supermercado / Tienda de Autoservicio,Chedraui Sucursal Anfora,Anfora 71. Esq. Eje 1 Norte. Col. Madero. Cp. 15320,Ciudad de México,Venustiano Carranza,19.437353,-99.110088
Azúcar,Bolsa Plástico 900 Gr. Estándar,Chedraui,Azúcar,Basicos,25,13/05/2026,Chedraui,Supermercado / Tienda de Autoservicio,Chedraui Sucursal Centro Sur,Blvd. Bernardo Quintana 502. Carr. con Direccion a Centro Civico. Col. Centro Sur. Cp. 76087,Querétaro,Santiago de Querétaro,20.569354,-100.358831
Azúcar,Bolsa Plástico 900 Gr. Estándar,Chedraui,Azúcar,Pacic,25,06/05/2026,Chedraui,Supermercado / Tienda de Autoservicio,Chedraui Sucursal Centro Sur,Blvd. Bernardo Quintana 502. Carr. con Direccion a Centro Civico. Col. Centro Sur. Cp. 76087,Querétaro,Santiago de Querétaro,20.569354,-100.358831
Azúcar,Bolsa Plástico 900 Gr. Estándar,Chedraui,Azúcar,Pacic,25,13/05/2026,Chedraui,Supermercado / Tienda de Autoservicio,Chedraui Sucursal Anfora,Anfora 71. Esq. Eje 1 Norte. Col. Madero. Cp. 15320,Ciudad de México,Venustiano Carranza,19.437353,-99.110088
Azúcar,Bolsa Plástico 900 Gr. Estándar,Chedraui,Azúcar,Pacic,25,13/05/2026,Chedraui,Supermercado / Tienda de Autoservicio,Chedraui Sucursal Centro Sur,Blvd. Bernardo Quintana 502. Carr. con Direccion a Centro Civico. Col. Centro Sur. Cp. 76087,Querétaro,Santiago de Querétaro,20.569354,-100.358831
Azúcar,Bolsa Plástico 900 Gr. Estándar,Precíssimo,Azúcar,Basicos,24.9,13/05/2026,Hipermercado Soriana,Supermercado / Tienda de Autoservicio,Soriana Hiper Sucursal Cimatario,Ctra. a Huimilpan 1001. Int. del Centro Comercial Plaza del Sol. Col. Plazas del Sol. Iii Sección. Cp. 76099,Querétaro,Santiago de Querétaro,20.563227,-100.375284
Azúcar,Bolsa Plástico 900 Gr. Estándar,Precíssimo,Azúcar,Basicos,24.9,13/05/2026,Hipermercado Soriana,Supermercado / Tienda de Autoservicio,Soriana Hiper Sucursal Consulado (418),Río Consulado 2355. Esq. Carlos Marx. Col. Simon Bolivar. Cp. 15410,Ciudad de México,Venustiano Carranza,19.449572,-99.100376
Azúcar,Bolsa Plástico 900 Gr. Estándar,Precíssimo,Azúcar,Basicos,28.9,04/05/2026,Hipermercado Soriana,Supermercado / Tienda de Autoservicio,Soriana Hiper Sucursal Cimatario,Ctra. a Huimilpan 1001. Int. del Centro Comercial Plaza del Sol. Col. Plazas del Sol. Iii Sección. Cp. 76099,Querétaro,Santiago de Querétaro,20.563227,-100.375284
Azúcar,Bolsa Plástico 900 Gr. Estándar,Precíssimo,Azúcar,Pacic,24.9,13/05/2026,Hipermercado Soriana,Supermercado / Tienda de Autoservicio,Soriana Hiper Sucursal Cimatario,Ctra. a Huimilpan 1001. Int. del Centro Comercial Plaza del Sol. Col. Plazas del Sol. Iii Sección. Cp. 76099,Querétaro,Santiago de Querétaro,20.563227,-100.375284
Azúcar,Bolsa Plástico 900 Gr. Estándar,Precíssimo,Azúcar,Pacic,24.9,13/05/2026,Hipermercado Soriana,Supermercado / Tienda de Autoservicio,Soriana Hiper Sucursal Consulado (418),Río Consulado 2355. Esq. Carlos Marx. Col. Simon Bolivar. Cp. 15410,Ciudad de México,Venustiano Carranza,19.449572,-99.100376
Azúcar,Bolsa Plástico 900 Gr. Estándar,Precíssimo,Azúcar,Pacic,28.9,04/05/2026,Hipermercado Soriana,Supermercado / Tienda de Autoservicio,Soriana Hiper Sucursal Cimatario,Ctra. a Huimilpan 1001. Int. del Centro Comercial Plaza del Sol. Col. Plazas del Sol. Iii Sección. Cp. 76099,Querétaro,Santiago de Querétaro,20.563227,-100.375284
Azúcar,Bolsa Plástico 900 Gr. Estándar,Zulka,Azúcar,Basicos,26,06/05/2026,Chedraui,Supermercado / Tienda de Autoservicio,Chedraui Sucursal Centro Sur,Blvd. Bernardo Quintana 502. Carr. con Direccion a Centro Civico. Col. Centro Sur. Cp. 76087,Querétaro,Santiago de Querétaro,20.569354,-100.358831
Azúcar,Bolsa Plástico 900 Gr. Estándar,Zulka,Azúcar,Basicos,26,08/05/2026,Bodega Aurrera,Supermercado / Tienda de Autoservicio,Bodega Aurrera Sucursal Centro Constituyentes,Constituyentes Oriente 334. Entre Pasteur y Manuel Ponce. Col. MercuRío. Cp. 76040,Querétaro,Santiago de Querétaro,20.586349,-100.382801
Azúcar,Bolsa Plástico 900 Gr. Estándar,Zulka,Azúcar,Basicos,26,13/05/2026,Chedraui,Supermercado / Tienda de Autoservicio,Chedraui Sucursal Centro Sur,Blvd. Bernardo Quintana 502. Carr. con Direccion a Centro Civico. Col. Centro Sur. Cp. 76087,Querétaro,Santiago de Querétaro,20.569354,-100.358831
Azúcar,Bolsa Plástico 900 Gr. Estándar,Zulka,Azúcar,Basicos,27,07/05/2026,Bodega Aurrera,Supermercado / Tienda de Autoservicio,Bodega Aurrera Sucursal la Viga,Calz. de la Viga 136 Esq. del Taller. Col. Lorenzo Boturini. Cp. 15820,Ciudad de México,Venustiano Carranza,19.414749,-99.127874
Azúcar,Bolsa Plástico 900 Gr. Estándar,Zulka,Azúcar,Basicos,27,13/05/2026,Bodega Aurrera,Supermercado / Tienda de Autoservicio,Bodega Aurrera Sucursal la Viga,Calz. de la Viga 136 Esq. del Taller. Col. Lorenzo Boturini. Cp. 15820,Ciudad de México,Venustiano Carranza,19.414749,-99.127874
Azúcar,Bolsa Plástico 900 Gr. Estándar,Zulka,Azúcar,Basicos,27,13/05/2026,Chedraui,Supermercado / Tienda de Autoservicio,Chedraui Sucursal Anfora,Anfora 71. Esq. Eje 1 Norte. Col. Madero. Cp. 15320,Ciudad de México,Venustiano Carranza,19.437353,-99.110088
Azúcar,Bolsa Plástico 900 Gr. Estándar,Zulka,Azúcar,Basicos,28,07/05/2026,Wal-mart,Supermercado / Tienda de Autoservicio,Walmart Sucursal Balbuena,Fray Servando Teresa de Mier 881. Entre Fernando Iglesia Calderon y Genaro Garcia. Col. Jardín Balbuena. Cp. 15900,Ciudad de México,Venustiano Carranza,19.418067,-99.105639
Azúcar,Bolsa Plástico 900 Gr. Estándar,Zulka,Azúcar,Basicos,28,07/05/2026,Wal-mart,Supermercado / Tienda de Autoservicio,Walmart Sucursal Unidad Plaza de Toros,Autopista Querétaro Celaya 5501. Int. del Centro Comercial Plaza Esfera. Col. el Jacal. Cp. 76187,Querétaro,Santiago de Querétaro,20.574076,-100.408704
Azúcar,Bolsa Plástico 900 Gr. Estándar,Zulka,Azúcar,Basicos,28,12/05/2026,Wal-mart,Supermercado / Tienda de Autoservicio,Walmart Sucursal Unidad Plaza de Toros,Autopista Querétaro Celaya 5501. Int. del Centro Comercial Plaza Esfera. Col. el Jacal. Cp. 76187,Querétaro,Santiago de Querétaro,20.574076,-100.408704
Azúcar,Bolsa Plástico 900 Gr. Estándar,Zulka,Azúcar,Basicos,28,13/05/2026,Wal-mart,Supermercado / Tienda de Autoservicio,Walmart Sucursal Aeropuerto,Calz. Ignacio Zaragoza 58. Esq. Blvd. Puerto Aereo. Col. Federal. Cp. 15700,Ciudad de México,Venustiano Carranza,19.41926,-99.094521
Azúcar,Bolsa Plástico 900 Gr. Estándar,Zulka,Azúcar,Basicos,28,13/05/2026,Wal-mart,Supermercado / Tienda de Autoservicio,Walmart Sucursal Balbuena,Fray Servando Teresa de Mier 881. Entre Fernando Iglesia Calderon y Genaro Garcia. Col. Jardín Balbuena. Cp. 15900,Ciudad de México,Venustiano Carranza,19.418067,-99.105639
Azúcar,Bolsa Plástico 900 Gr. Estándar,Zulka,Azúcar,Basicos,28.9,04/05/2026,Hipermercado Soriana,Supermercado / Tienda de Autoservicio,Soriana Hiper Sucursal Cimatario,Ctra. a Huimilpan 1001. Int. del Centro Comercial Plaza del Sol. Col. Plazas del Sol. Iii Sección. Cp. 76099,Querétaro,Santiago de Querétaro,20.563227,-100.375284
Azúcar,Bolsa Plástico 900 Gr. Estándar,Zulka,Azúcar,Basicos,28.9,13/05/2026,Hipermercado Soriana,Supermercado / Tienda de Autoservicio,Soriana Hiper Sucursal Consulado (418),Río Consulado 2355. Esq. Carlos Marx. Col. Simon Bolivar. Cp. 15410,Ciudad de México,Venustiano Carranza,19.449572,-99.100376
Azúcar,Bolsa Plástico 900 Gr. Estándar,Zulka,Azúcar,Pacic,26,08/05/2026,Bodega Aurrera,Supermercado / Tienda de Autoservicio,Bodega Aurrera Sucursal Centro Constituyentes,Constituyentes Oriente 334. Entre Pasteur y Manuel Ponce. Col. MercuRío. Cp. 76040,Querétaro,Santiago de Querétaro,20.586349,-100.382801
Azúcar,Bolsa Plástico 900 Gr. Estándar,Zulka,Azúcar,Pacic,26,15/05/2026,Bodega Aurrera,Supermercado / Tienda de Autoservicio,Bodega Aurrera Sucursal Centro Constituyentes,Constituyentes Oriente 334. Entre Pasteur y Manuel Ponce. Col. MercuRío. Cp. 76040,Querétaro,Santiago de Querétaro,20.586349,-100.382801
Azúcar,Bolsa Plástico 900 Gr. Estándar,Zulka,Azúcar,Pacic,27,07/05/2026,Bodega Aurrera,Supermercado / Tienda de Autoservicio,Bodega Aurrera Sucursal la Viga,Calz. de la Viga 136 Esq. del Taller. Col. Lorenzo Boturini. Cp. 15820,Ciudad de México,Venustiano Carranza,19.414749,-99.127874
Azúcar,Bolsa Plástico 900 Gr. Estándar,Zulka,Azúcar,Pacic,27,13/05/2026,Bodega Aurrera,Supermercado / Tienda de Autoservicio,Bodega Aurrera Sucursal la Viga,Calz. de la Viga 136 Esq. del Taller. Col. Lorenzo Boturini. Cp. 15820,Ciudad de México,Venustiano Carranza,19.414749,-99.127874
Azúcar,Bolsa Plástico 900 Gr. Estándar,Zulka,Azúcar,Pacic,28,07/05/2026,Wal-mart,Supermercado / Tienda de Autoservicio,Walmart Sucursal Balbuena,Fray Servando Teresa de Mier 881. Entre Fernando Iglesia Calderon y Genaro Garcia. Col. Jardín Balbuena. Cp. 15900,Ciudad de México,Venustiano Carranza,19.418067,-99.105639
Azúcar,Bolsa Plástico 900 Gr. Estándar,Zulka,Azúcar,Pacic,28,07/05/2026,Wal-mart,Supermercado / Tienda de Autoservicio,Walmart Sucursal Unidad Plaza de Toros,Autopista Querétaro Celaya 5501. Int. del Centro Comercial Plaza Esfera. Col. el Jacal. Cp. 76187,Querétaro,Santiago de Querétaro,20.574076,-100.408704
Azúcar,Bolsa Plástico 900 Gr. Estándar,Zulka,Azúcar,Pacic,28,12/05/2026,Wal-mart,Supermercado / Tienda de Autoservicio,Walmart Sucursal Unidad Plaza de Toros,Autopista Querétaro Celaya 5501. Int. del Centro Comercial Plaza Esfera. Col. el Jacal. Cp. 76187,Querétaro,Santiago de Querétaro,20.574076,-100.408704
Azúcar,Bolsa Plástico 900 Gr. Estándar,Zulka,Azúcar,Pacic,28,13/05/2026,Wal-mart,Supermercado / Tienda de Autoservicio,Walmart Sucursal Aeropuerto,Calz. Ignacio Zaragoza 58. Esq. Blvd. Puerto Aereo. Col. Federal. Cp. 15700,Ciudad de México,Venustiano Carranza,19.41926,-99.094521
Azúcar,Bolsa Plástico 900 Gr. Estándar,Zulka,Azúcar,Pacic,28,13/05/2026,Wal-mart,Supermercado / Tienda de Autoservicio,Walmart Sucursal Balbuena,Fray Servando Teresa de Mier 881. Entre Fernando Iglesia Calderon y Genaro Garcia. Col. Jardín Balbuena. Cp. 15900,Ciudad de México,Venustiano Carranza,19.418067,-99.105639
Azúcar,Bolsa Plástico 900 Gr. Estándar,Zulka,Azúcar,Pacic,28.9,04/05/2026,Hipermercado Soriana,Supermercado / Tienda de Autoservicio,Soriana Hiper Sucursal Cimatario,Ctra. a Huimilpan 1001. Int. del Centro Comercial Plaza del Sol. Col. Plazas del Sol. Iii Sección. Cp. 76099,Querétaro,Santiago de Querétaro,20.563227,-100.375284
Azúcar,Bolsa Plástico 900 Gr. Estándar,Zulka,Azúcar,Pacic,28.9,13/05/2026,Hipermercado Soriana,Supermercado / Tienda de Autoservicio,Soriana Hiper Sucursal Consulado (418),Río Consulado 2355. Esq. Carlos Marx. Col. Simon Bolivar. Cp. 15410,Ciudad de México,Venustiano Carranza,19.449572,-99.100376
Azúcar,Bolsa Plástico 900 Gr. Estándar o Morena,Ke Precio,Azúcar,Basicos,32,07/05/2026,La Comer,Supermercado / Tienda de Autoservicio,Lacomer Sucursal Queretaro Estadio,Luis M. Vega y Monroy 1300. Esq.cimataRío . Col. CimataRío. Cp. 76090,Querétaro,Santiago de Querétaro,20.577804,-100.373626
Azúcar,Bolsa Plástico 900 Gr. Estándar o Morena,Ke Precio,Azúcar,Basicos,32,14/05/2026,La Comer,Supermercado / Tienda de Autoservicio,Lacomer Sucursal Queretaro Estadio,Luis M. Vega y Monroy 1300. Esq.cimataRío . Col. CimataRío. Cp. 76090,Querétaro,Santiago de Querétaro,20.577804,-100.373626
Azúcar,Bolsa Plástico 900 Gr. Refinada,Chedraui,Azúcar,Basicos,40,13/05/2026,Chedraui,Supermercado / Tienda de Autoservicio,Chedraui Sucursal Anfora,Anfora 71. Esq. Eje 1 Norte. Col. Madero. Cp. 15320,Ciudad de México,Venustiano Carranza,19.437353,-99.110088
Azúcar,Caja 200 Gr. (50 Sobres de 4 Gr. C/u). Mascabado,Domino,Azúcar,Basicos,27,07/05/2026,Bodega Aurrera,Supermercado / Tienda de Autoservicio,Bodega Aurrera Sucursal la Viga,Calz. de la Viga 136 Esq. del Taller. Col. Lorenzo Boturini. Cp. 15820,Ciudad de México,Venustiano Carranza,19.414749,-99.127874
Azúcar,Caja 200 Gr. (50 Sobres de 4 Gr. C/u). Mascabado,Domino,Azúcar,Basicos,27,08/05/2026,Bodega Aurrera,Supermercado / Tienda de Autoservicio,Bodega Aurrera Sucursal Centro Constituyentes,Constituyentes Oriente 334. Entre Pasteur y Manuel Ponce. Col. MercuRío. Cp. 76040,Querétaro,Santiago de Querétaro,20.586349,-100.382801
Azúcar,Caja 200 Gr. (50 Sobres de 4 Gr. C/u). Mascabado,Domino,Azúcar,Basicos,27,13/05/2026,Bodega Aurrera,Supermercado / Tienda de Autoservicio,Bodega Aurrera Sucursal la Viga,Calz. de la Viga 136 Esq. del Taller. Col. Lorenzo Boturini. Cp. 15820,Ciudad de México,Venustiano Carranza,19.414749,-99.127874
Azúcar,Caja 200 Gr. (50 Sobres de 4 Gr. C/u). Mascabado,Domino,Azúcar,Basicos,27,15/05/2026,Bodega Aurrera,Supermercado / Tienda de Autoservicio,Bodega Aurrera Sucursal Centro Constituyentes,Constituyentes Oriente 334. Entre Pasteur y Manuel Ponce. Col. MercuRío. Cp. 76040,Querétaro,Santiago de Querétaro,20.586349,-100.382801
Azúcar,Caja 200 Gr. (50 Sobres de 4 Gr. C/u). Mascabado,Domino,Azúcar,Basicos,27.5,07/05/2026,Wal-mart,Supermercado / Tienda de Autoservicio,Walmart Sucursal Balbuena,Fray Servando Teresa de Mier 881. Entre Fernando Iglesia Calderon y Genaro Garcia. Col. Jardín Balbuena. Cp. 15900,Ciudad de México,Venustiano Carranza,19.418067,-99.105639
Azúcar,Caja 200 Gr. (50 Sobres de 4 Gr. C/u). Mascabado,Domino,Azúcar,Basicos,27.5,07/05/2026,Wal-mart,Supermercado / Tienda de Autoservicio,Walmart Sucursal Unidad Plaza de Toros,Autopista Querétaro Celaya 5501. Int. del Centro Comercial Plaza Esfera. Col. el Jacal. Cp. 76187,Querétaro,Santiago de Querétaro,20.574076,-100.408704
Azúcar,Caja 200 Gr. (50 Sobres de 4 Gr. C/u). Mascabado,Domino,Azúcar,Basicos,27.5,12/05/2026,Wal-mart,Supermercado / Tienda de Autoservicio,Walmart Sucursal Unidad Plaza de Toros,Autopista Querétaro Celaya 5501. Int. del Centro Comercial Plaza Esfera. Col. el Jacal. Cp. 76187,Querétaro,Santiago de Querétaro,20.574076,-100.408704
Azúcar,Caja 200 Gr. (50 Sobres de 4 Gr. C/u). Mascabado,Domino,Azúcar,Basicos,27.5,13/05/2026,Wal-mart,Supermercado / Tienda de Autoservicio,Walmart Sucursal Aeropuerto,Calz. Ignacio Zaragoza 58. Esq. Blvd. Puerto Aereo. Col. Federal. Cp. 15700,Ciudad de México,Venustiano Carranza,19.41926,-99.094521
Azúcar,Caja 200 Gr. (50 Sobres de 4 Gr. C/u). Mascabado,Domino,Azúcar,Basicos,27.5,13/05/2026,Wal-mart,Supermercado / Tienda de Autoservicio,Walmart Sucursal Balbuena,Fray Servando Teresa de Mier 881. Entre Fernando Iglesia Calderon y Genaro Garcia. Col. Jardín Balbuena. Cp. 15900,Ciudad de México,Venustiano Carranza,19.418067,-99.105639
Barra de Sonido,"Ht-s20r. Bluetooth, USB. Potencia 400 W. Sonido 5.1",Sony,Aparatos Electrónicos,Electrodomesticos,4499,04/05/2026,Coppel,Tienda de Electrodomésticos,Coppel Sucursal Cimatario (233),Del Parque 1001. Int. del Centro Comercial Plaza del Sol. Col. Plazas del Sol. Iii Sección. Cp. 76099,Querétaro,Santiago de Querétaro,20.564142,-100.374792
Bebidas Hidratantes,Botella 600 Ml. Naranja. (sport Bottle),Enerplex,Refrescos Envasados,Basicos,13.2,15/05/2026,Superissste,Supermercado / Tienda de Autoservicio,Superissste Sucursal 011,Calle Peluqueros No. 310 Esquina Calle Tizayuca. Col. Michoacána. Cp. 15240,Ciudad de México,Venustiano Carranza,19.446139,-99.113372
Benzonatato,Caja con 20 Cápsulas de 100 Mg.,S/M,Medicamentos,Medicamentos,31,06/05/2026,Farmacias Similares,Farmacias,Farmacias Similares Sucursal 7462,Canada 268 . Int. Plaza las Americas. Col. Centro. Cp. 76050,Querétaro,Santiago de Querétaro,20.588396,-100.373612
Benzonatato,Caja con 20 Cápsulas de 100 Mg.,S/M,Medicamentos,Medicamentos,75,07/05/2026,La Comer,Supermercado / Tienda de Autoservicio,Lacomer Sucursal Queretaro Estadio,Luis M. Vega y Monroy 1300. Esq.cimataRío . Col. CimataRío. Cp. 76090,Querétaro,Santiago de Querétaro,20.577804,-100.373626
Betametasona/ Clotrimazol/ Gentamicina,Caja con Tubo con 40 Gr. 0.05 Gr./1.00 Gr./0.10 Gr.,S/M,Medicamentos,Medicamentos,37.9,04/05/2026,Hipermercado Soriana,Supermercado / Tienda de Autoservicio,Soriana Hiper Sucursal Cimatario,Ctra. a Huimilpan 1001. Int. del Centro Comercial Plaza del Sol. Col. Plazas del Sol. Iii Sección. Cp. 76099,Querétaro,Santiago de Querétaro,20.563227,-100.375284
Biomics,Caja con 6 Cápsulas de 400 Mg.,S/M,Medicamentos,Medicamentos,1219,13/05/2026,Hipermercado Soriana,Supermercado / Tienda de Autoservicio,Soriana Hiper Sucursal Consulado (418),Río Consulado 2355. Esq. Carlos Marx. Col. Simon Bolivar. Cp. 15410,Ciudad de México,Venustiano Carranza,19.449572,-99.100376
Blopress Plus,Caja con 28 Tabletas de 16 Mg/12.5 Mg.,S/M,Medicamentos,Medicamentos,1189,07/05/2026,La Comer,Supermercado / Tienda de Autoservicio,Lacomer Sucursal Queretaro Estadio,Luis M. Vega y Monroy 1300. Esq.cimataRío . Col. CimataRío. Cp. 76090,Querétaro,Santiago de Querétaro,20.577804,-100.373626
Bocinas Portátiles,"Mhc-v73d. Cd's 1. Mp3, Dvd, USB y Bluetooth",Sony,Aparatos Electrónicos,Electrodomesticos,11699,04/05/2026,Coppel,Tienda de Electrodomésticos,Coppel Sucursal Cimatario (233),Del Parque 1001. Int. del Centro Comercial Plaza del Sol. Col. Plazas del Sol. Iii Sección. Cp. 76099,Querétaro,Santiago de Querétaro,20.564142,-100.374792
Butilhioscina,Caja con 10 Tabletas o Grageas de 10 Mg.,S/M,Medicamentos,Medicamentos,43,04/05/2026,Hipermercado Soriana,Supermercado / Tienda de Autoservicio,Soriana Hiper Sucursal Cimatario,Ctra. a Huimilpan 1001. Int. del Centro Comercial Plaza del Sol. Col. Plazas del Sol. Iii Sección. Cp. 76099,Querétaro,Santiago de Querétaro,20.563227,-100.375284
Café Soluble,Frasco 120 Gr. Sin Cafeína. DesCafeínado,Nescafé. Decaf,Café,Basicos,112,13/05/2026,Bodega Aurrera,Supermercado / Tienda de Autoservicio,Bodega Aurrera Sucursal la Viga,Calz. de la Viga 136 Esq. del Taller. Col. Lorenzo Boturini. Cp. 15820,Ciudad de México,Venustiano Carranza,19.414749,-99.127874
Café Soluble,Frasco 170 Gr. Sin Cafeína. DesCafeínado,Nescafé. Decaf,Café,Basicos,159,15/05/2026,Bodega Aurrera,Supermercado / Tienda de Autoservicio,Bodega Aurrera Sucursal Centro Constituyentes,Constituyentes Oriente 334. Entre Pasteur y Manuel Ponce. Col. MercuRío. Cp. 76040,Querétaro,Santiago de Querétaro,20.586349,-100.382801
Café Tostado y Molido,Bolsa 200 Gr. Mezclado con Caramelo,Legal,Café,Basicos,45,08/05/2026,Superissste,Supermercado / Tienda de Autoservicio,Superissste Sucursal 011,Calle Peluqueros No. 310 Esquina Calle Tizayuca. Col. Michoacána. Cp. 15240,Ciudad de México,Venustiano Carranza,19.446139,-99.113372
Café Tostado y Molido,Bolsa 400 Gr.,Internacional Americano,Café,Basicos,141,13/05/2026,Chedraui,Supermercado / Tienda de Autoservicio,Chedraui Sucursal Anfora,Anfora 71. Esq. Eje 1 Norte. Col. Madero. Cp. 15320,Ciudad de México,Venustiano Carranza,19.437353,-99.110088
Canela,Frasco 63 Gr. Molida,Mc Cormick,Productos de Temporada (navideños),Basicos,48,07/05/2026,Wal-mart,Supermercado / Tienda de Autoservicio,Walmart Sucursal Balbuena,Fray Servando Teresa de Mier 881. Entre Fernando Iglesia Calderon y Genaro Garcia. Col. Jardín Balbuena. Cp. 15900,Ciudad de México,Venustiano Carranza,19.418067,-99.105639
Canesten V,Caja con Tubo con 20 Gr. Crema 2%,S/M,Medicamentos,Medicamentos,125,04/05/2026,Hipermercado Soriana,Supermercado / Tienda de Autoservicio,Soriana Hiper Sucursal Cimatario,Ctra. a Huimilpan 1001. Int. del Centro Comercial Plaza del Sol. Col. Plazas del Sol. Iii Sección. Cp. 76099,Querétaro,Santiago de Querétaro,20.563227,-100.375284
Captopril,Caja o Frasco con 30 Tabletas de 25 Mg.,S/M,Medicamentos,Medicamentos,45,07/05/2026,Wal-mart,Supermercado / Tienda de Autoservicio,Walmart Sucursal Balbuena,Fray Servando Teresa de Mier 881. Entre Fernando Iglesia Calderon y Genaro Garcia. Col. Jardín Balbuena. Cp. 15900,Ciudad de México,Venustiano Carranza,19.418067,-99.105639
Carne Cerdo,1 Kg. Granel. Cabeza,S/M,Carne y Vísceras de Cerdo,Basicos,52,08/05/2026,Bodega Aurrera,Supermercado / Tienda de Autoservicio,Bodega Aurrera Sucursal Centro Constituyentes,Constituyentes Oriente 334. Entre Pasteur y Manuel Ponce. Col. MercuRío. Cp. 76040,Querétaro,Santiago de Querétaro,20.586349,-100.382801
Carne Cerdo,1 Kg. Granel. Chuleta o Chuleta Natural o Fresca/chuleta de Puerco Entrecortada o Lomo Deshuesado de Puerco o Chuleta Natural Lomo de Puerco,S/M,Carne y Vísceras de Cerdo,Basicos,128.9,15/05/2026,Superissste,Supermercado / Tienda de Autoservicio,Superissste Sucursal 011,Calle Peluqueros No. 310 Esquina Calle Tizayuca. Col. Michoacána. Cp. 15240,Ciudad de México,Venustiano Carranza,19.446139,-99.113372
Carne Cerdo,1 Kg. Granel. Espinazo o Espinazo Cargado,S/M,Carne y Vísceras de Cerdo,Mercados,125,04/05/2026,Mercado Publico,Mercados,Mercado Lomas de Casablanca,Avenida 10. Esq. Calle 23. Col. Lomas de Casa Blanca. Cp. 76080,Querétaro,Santiago de Querétaro,20.603024,-100.396263
Carne Cerdo,1 Kg. Granel. Longaniza,Alpino,Carnes Frías Secas y Embutidos,Basicos,210.5,13/05/2026,Hipermercado Soriana,Supermercado / Tienda de Autoservicio,Soriana Hiper Sucursal Consulado (418),Río Consulado 2355. Esq. Carlos Marx. Col. Simon Bolivar. Cp. 15410,Ciudad de México,Venustiano Carranza,19.449572,-99.100376
Carne Cerdo,1 Kg. Granel. Molida o Pulpa Molida,S/M,Carne y Vísceras de Cerdo,Basicos,116,13/05/2026,Bodega Aurrera,Supermercado / Tienda de Autoservicio,Bodega Aurrera Sucursal la Viga,Calz. de la Viga 136 Esq. del Taller. Col. Lorenzo Boturini. Cp. 15820,Ciudad de México,Venustiano Carranza,19.414749,-99.127874
Carne Cerdo,1 Kg. Granel. Pierna Entera con Hueso o Pernil con Hueso,S/M,Carne y Vísceras de Cerdo,Basicos,114,13/05/2026,Chedraui,Supermercado / Tienda de Autoservicio,Chedraui Sucursal Anfora,Anfora 71. Esq. Eje 1 Norte. Col. Madero. Cp. 15320,Ciudad de México,Venustiano Carranza,19.437353,-99.110088
Carne Pollo,1 Kg. Granel. Entero,Bachoco,Carne de Ave,Basicos,36,08/05/2026,Bodega Aurrera,Supermercado / Tienda de Autoservicio,Bodega Aurrera Sucursal Centro Constituyentes,Constituyentes Oriente 334. Entre Pasteur y Manuel Ponce. Col. MercuRío. Cp. 76040,Querétaro,Santiago de Querétaro,20.586349,-100.382801
Carne Pollo,1 Kg. Granel. Entero,Bachoco,Carne de Ave,Basicos,36,15/05/2026,Bodega Aurrera,Supermercado / Tienda de Autoservicio,Bodega Aurrera Sucursal Centro Constituyentes,Constituyentes Oriente 334. Entre Pasteur y Manuel Ponce. Col. MercuRío. Cp. 76040,Querétaro,Santiago de Querétaro,20.586349,-100.382801
Carne Pollo,1 Kg. Granel. Entero,Bachoco,Carne de Ave,Basicos,38,07/05/2026,La Comer,Supermercado / Tienda de Autoservicio,Lacomer Sucursal Queretaro Estadio,Luis M. Vega y Monroy 1300. Esq.cimataRío . Col. CimataRío. Cp. 76090,Querétaro,Santiago de Querétaro,20.577804,-100.373626
Carne Pollo,1 Kg. Granel. Entero,Bachoco,Carne de Ave,Basicos,38,14/05/2026,La Comer,Supermercado / Tienda de Autoservicio,Lacomer Sucursal Queretaro Estadio,Luis M. Vega y Monroy 1300. Esq.cimataRío . Col. CimataRío. Cp. 76090,Querétaro,Santiago de Querétaro,20.577804,-100.373626
Carne Pollo,1 Kg. Granel. Entero,Bachoco,Carne de Ave,Basicos,39,12/05/2026,Wal-mart,Supermercado / Tienda de Autoservicio,Walmart Sucursal Unidad Plaza de Toros,Autopista Querétaro Celaya 5501. Int. del Centro Comercial Plaza Esfera. Col. el Jacal. Cp. 76187,Querétaro,Santiago de Querétaro,20.574076,-100.408704
Carne Pollo,1 Kg. Granel. Entero,Bachoco,Carne de Ave,Pacic,35.9,13/05/2026,Hipermercado Soriana,Supermercado / Tienda de Autoservicio,Soriana Hiper Sucursal Cimatario,Ctra. a Huimilpan 1001. Int. del Centro Comercial Plaza del Sol. Col. Plazas del Sol. Iii Sección. Cp. 76099,Querétaro,Santiago de Querétaro,20.563227,-100.375284
Carne Pollo,1 Kg. Granel. Entero,Bachoco,Carne de Ave,Pacic,38.9,04/05/2026,Hipermercado Soriana,Supermercado / Tienda de Autoservicio,Soriana Hiper Sucursal Cimatario,Ctra. a Huimilpan 1001. Int. del Centro Comercial Plaza del Sol. Col. Plazas del Sol. Iii Sección. Cp. 76099,Querétaro,Santiago de Querétaro,20.563227,-100.375284
Carne Pollo,1 Kg. Granel. Entero,Nutrypollo,Carne de Ave,Basicos,59,13/05/2026,Chedraui,Supermercado / Tienda de Autoservicio,Chedraui Sucursal Centro Sur,Blvd. Bernardo Quintana 502. Carr. con Direccion a Centro Civico. Col. Centro Sur. Cp. 76087,Querétaro,Santiago de Querétaro,20.569354,-100.358831
Carne Pollo,1 Kg. Granel. Entero,Nutrypollo,Carne de Ave,Pacic,39,06/05/2026,Chedraui,Supermercado / Tienda de Autoservicio,Chedraui Sucursal Centro Sur,Blvd. Bernardo Quintana 502. Carr. con Direccion a Centro Civico. Col. Centro Sur. Cp. 76087,Querétaro,Santiago de Querétaro,20.569354,-100.358831
Carne Pollo,1 Kg. Granel. Entero,Pilgrim`s,Carne de Ave,Basicos,36,07/05/2026,Bodega Aurrera,Supermercado / Tienda de Autoservicio,Bodega Aurrera Sucursal la Viga,Calz. de la Viga 136 Esq. del Taller. Col. Lorenzo Boturini. Cp. 15820,Ciudad de México,Venustiano Carranza,19.414749,-99.127874
Carne Pollo,1 Kg. Granel. Entero,Pilgrim`s,Carne de Ave,Basicos,36,08/05/2026,Bodega Aurrera,Supermercado / Tienda de Autoservicio,Bodega Aurrera Sucursal Centro Constituyentes,Constituyentes Oriente 334. Entre Pasteur y Manuel Ponce. Col. MercuRío. Cp. 76040,Querétaro,Santiago de Querétaro,20.586349,-100.382801
Carne Pollo,1 Kg. Granel. Entero,Pilgrim`s,Carne de Ave,Basicos,36,13/05/2026,Chedraui,Supermercado / Tienda de Autoservicio,Chedraui Sucursal Anfora,Anfora 71. Esq. Eje 1 Norte. Col. Madero. Cp. 15320,Ciudad de México,Venustiano Carranza,19.437353,-99.110088
Carne Pollo,1 Kg. Granel. Entero,Pilgrim`s,Carne de Ave,Basicos,36,15/05/2026,Bodega Aurrera,Supermercado / Tienda de Autoservicio,Bodega Aurrera Sucursal Centro Constituyentes,Constituyentes Oriente 334. Entre Pasteur y Manuel Ponce. Col. MercuRío. Cp. 76040,Querétaro,Santiago de Querétaro,20.586349,-100.382801
Carne Pollo,1 Kg. Granel. Entero,Pilgrim`s,Carne de Ave,Basicos,38,07/05/2026,La Comer,Supermercado / Tienda de Autoservicio,Lacomer Sucursal Queretaro Estadio,Luis M. Vega y Monroy 1300. Esq.cimataRío . Col. CimataRío. Cp. 76090,Querétaro,Santiago de Querétaro,20.577804,-100.373626
Carne Pollo,1 Kg. Granel. Entero,Pilgrim`s,Carne de Ave,Basicos,38,14/05/2026,La Comer,Supermercado / Tienda de Autoservicio,Lacomer Sucursal Queretaro Estadio,Luis M. Vega y Monroy 1300. Esq.cimataRío . Col. CimataRío. Cp. 76090,Querétaro,Santiago de Querétaro,20.577804,-100.373626
Carne Pollo,1 Kg. Granel. Entero,Pilgrim`s,Carne de Ave,Basicos,39,07/05/2026,Wal-mart,Supermercado / Tienda de Autoservicio,Walmart Sucursal Balbuena,Fray Servando Teresa de Mier 881. Entre Fernando Iglesia Calderon y Genaro Garcia. Col. Jardín Balbuena. Cp. 15900,Ciudad de México,Venustiano Carranza,19.418067,-99.105639
Carne Pollo,1 Kg. Granel. Entero,Pilgrim`s,Carne de Ave,Basicos,39,12/05/2026,Wal-mart,Supermercado / Tienda de Autoservicio,Walmart Sucursal Unidad Plaza de Toros,Autopista Querétaro Celaya 5501. Int. del Centro Comercial Plaza Esfera. Col. el Jacal. Cp. 76187,Querétaro,Santiago de Querétaro,20.574076,-100.408704
Carne Pollo,1 Kg. Granel. Entero,Pilgrim`s,Carne de Ave,Basicos,59,13/05/2026,Chedraui,Supermercado / Tienda de Autoservicio,Chedraui Sucursal Centro Sur,Blvd. Bernardo Quintana 502. Carr. con Direccion a Centro Civico. Col. Centro Sur. Cp. 76087,Querétaro,Santiago de Querétaro,20.569354,-100.358831
Carne Pollo,1 Kg. Granel. Entero,Pilgrim`s,Carne de Ave,Pacic,35.9,13/05/2026,Hipermercado Soriana,Supermercado / Tienda de Autoservicio,Soriana Hiper Sucursal Cimatario,Ctra. a Huimilpan 1001. Int. del Centro Comercial Plaza del Sol. Col. Plazas del Sol. Iii Sección. Cp. 76099,Querétaro,Santiago de Querétaro,20.563227,-100.375284
Carne Pollo,1 Kg. Granel. Entero,Pilgrim`s,Carne de Ave,Pacic,36,13/05/2026,Chedraui,Supermercado / Tienda de Autoservicio,Chedraui Sucursal Anfora,Anfora 71. Esq. Eje 1 Norte. Col. Madero. Cp. 15320,Ciudad de México,Venustiano Carranza,19.437353,-99.110088
Carne Pollo,1 Kg. Granel. Entero,Pilgrim`s,Carne de Ave,Pacic,38.9,04/05/2026,Hipermercado Soriana,Supermercado / Tienda de Autoservicio,Soriana Hiper Sucursal Cimatario,Ctra. a Huimilpan 1001. Int. del Centro Comercial Plaza del Sol. Col. Plazas del Sol. Iii Sección. Cp. 76099,Querétaro,Santiago de Querétaro,20.563227,-100.375284
Carne Pollo,1 Kg. Granel. Entero,Pilgrim`s,Carne de Ave,Pacic,39,06/05/2026,Chedraui,Supermercado / Tienda de Autoservicio,Chedraui Sucursal Centro Sur,Blvd. Bernardo Quintana 502. Carr. con Direccion a Centro Civico. Col. Centro Sur. Cp. 76087,Querétaro,Santiago de Querétaro,20.569354,-100.358831
Carne Pollo,1 Kg. Granel. Entero. con Vísceras o Tipo Super o Entero Supermercado o Canal Entera,S/M,Carne de Ave,Basicos,36,08/05/2026,Bodega Aurrera,Supermercado / Tienda de Autoservicio,Bodega Aurrera Sucursal Centro Constituyentes,Constituyentes Oriente 334. Entre Pasteur y Manuel Ponce. Col. MercuRío. Cp. 76040,Querétaro,Santiago de Querétaro,20.586349,-100.382801
Carne Pollo,1 Kg. Granel. Entero. con Vísceras o Tipo Super o Entero Supermercado o Canal Entera,S/M,Carne de Ave,Basicos,36,13/05/2026,Bodega Aurrera,Supermercado / Tienda de Autoservicio,Bodega Aurrera Sucursal la Viga,Calz. de la Viga 136 Esq. del Taller. Col. Lorenzo Boturini. Cp. 15820,Ciudad de México,Venustiano Carranza,19.414749,-99.127874
Carne Pollo,1 Kg. Granel. Entero. con Vísceras o Tipo Super o Entero Supermercado o Canal Entera,S/M,Carne de Ave,Basicos,36,15/05/2026,Bodega Aurrera,Supermercado / Tienda de Autoservicio,Bodega Aurrera Sucursal Centro Constituyentes,Constituyentes Oriente 334. Entre Pasteur y Manuel Ponce. Col. MercuRío. Cp. 76040,Querétaro,Santiago de Querétaro,20.586349,-100.382801
Carne Pollo,1 Kg. Granel. Entero. con Vísceras o Tipo Super o Entero Supermercado o Canal Entera,S/M,Carne de Ave,Basicos,38,07/05/2026,La Comer,Supermercado / Tienda de Autoservicio,Lacomer Sucursal Queretaro Estadio,Luis M. Vega y Monroy 1300. Esq.cimataRío . Col. CimataRío. Cp. 76090,Querétaro,Santiago de Querétaro,20.577804,-100.373626
Carne Pollo,1 Kg. Granel. Entero. con Vísceras o Tipo Super o Entero Supermercado o Canal Entera,S/M,Carne de Ave,Basicos,38,14/05/2026,La Comer,Supermercado / Tienda de Autoservicio,Lacomer Sucursal Queretaro Estadio,Luis M. Vega y Monroy 1300. Esq.cimataRío . Col. CimataRío. Cp. 76090,Querétaro,Santiago de Querétaro,20.577804,-100.373626
Carne Pollo,1 Kg. Granel. Entero. con Vísceras o Tipo Super o Entero Supermercado o Canal Entera,S/M,Carne de Ave,Basicos,39,12/05/2026,Wal-mart,Supermercado / Tienda de Autoservicio,Walmart Sucursal Unidad Plaza de Toros,Autopista Querétaro Celaya 5501. Int. del Centro Comercial Plaza Esfera. Col. el Jacal. Cp. 76187,Querétaro,Santiago de Querétaro,20.574076,-100.408704
Carne Pollo,1 Kg. Granel. Entero. con Vísceras o Tipo Super o Entero Supermercado o Canal Entera,S/M,Carne de Ave,Basicos,39,13/05/2026,Wal-mart,Supermercado / Tienda de Autoservicio,Walmart Sucursal Aeropuerto,Calz. Ignacio Zaragoza 58. Esq. Blvd. Puerto Aereo. Col. Federal. Cp. 15700,Ciudad de México,Venustiano Carranza,19.41926,-99.094521
Carne Pollo,1 Kg. Granel. Entero. con Vísceras o Tipo Super o Entero Supermercado o Canal Entera,S/M,Carne de Ave,Basicos,39,13/05/2026,Wal-mart,Supermercado / Tienda de Autoservicio,Walmart Sucursal Balbuena,Fray Servando Teresa de Mier 881. Entre Fernando Iglesia Calderon y Genaro Garcia. Col. Jardín Balbuena. Cp. 15900,Ciudad de México,Venustiano Carranza,19.418067,-99.105639
Carne Pollo,1 Kg. Granel. Entero. con Vísceras o Tipo Super o Entero Supermercado o Canal Entera,S/M,Carne de Ave,Basicos,59,13/05/2026,Chedraui,Supermercado / Tienda de Autoservicio,Chedraui Sucursal Centro Sur,Blvd. Bernardo Quintana 502. Carr. con Direccion a Centro Civico. Col. Centro Sur. Cp. 76087,Querétaro,Santiago de Querétaro,20.569354,-100.358831
Carne Pollo,1 Kg. Granel. Entero. con Vísceras o Tipo Super o Entero Supermercado o Canal Entera,S/M,Carne de Ave,Pacic,35.9,13/05/2026,Hipermercado Soriana,Supermercado / Tienda de Autoservicio,Soriana Hiper Sucursal Cimatario,Ctra. a Huimilpan 1001. Int. del Centro Comercial Plaza del Sol. Col. Plazas del Sol. Iii Sección. Cp. 76099,Querétaro,Santiago de Querétaro,20.563227,-100.375284
Carne Pollo,1 Kg. Granel. Entero. con Vísceras o Tipo Super o Entero Supermercado o Canal Entera,S/M,Carne de Ave,Pacic,36,07/05/2026,Bodega Aurrera,Supermercado / Tienda de Autoservicio,Bodega Aurrera Sucursal la Viga,Calz. de la Viga 136 Esq. del Taller. Col. Lorenzo Boturini. Cp. 15820,Ciudad de México,Venustiano Carranza,19.414749,-99.127874
Carne Pollo,1 Kg. Granel. Entero. con Vísceras o Tipo Super o Entero Supermercado o Canal Entera,S/M,Carne de Ave,Pacic,36,08/05/2026,Bodega Aurrera,Supermercado / Tienda de Autoservicio,Bodega Aurrera Sucursal Centro Constituyentes,Constituyentes Oriente 334. Entre Pasteur y Manuel Ponce. Col. MercuRío. Cp. 76040,Querétaro,Santiago de Querétaro,20.586349,-100.382801
Carne Pollo,1 Kg. Granel. Entero. con Vísceras o Tipo Super o Entero Supermercado o Canal Entera,S/M,Carne de Ave,Pacic,36,13/05/2026,Bodega Aurrera,Supermercado / Tienda de Autoservicio,Bodega Aurrera Sucursal la Viga,Calz. de la Viga 136 Esq. del Taller. Col. Lorenzo Boturini. Cp. 15820,Ciudad de México,Venustiano Carranza,19.414749,-99.127874
Carne Pollo,1 Kg. Granel. Entero. con Vísceras o Tipo Super o Entero Supermercado o Canal Entera,S/M,Carne de Ave,Pacic,36,13/05/2026,Chedraui,Supermercado / Tienda de Autoservicio,Chedraui Sucursal Anfora,Anfora 71. Esq. Eje 1 Norte. Col. Madero. Cp. 15320,Ciudad de México,Venustiano Carranza,19.437353,-99.110088
Carne Pollo,1 Kg. Granel. Entero. con Vísceras o Tipo Super o Entero Supermercado o Canal Entera,S/M,Carne de Ave,Pacic,36,15/05/2026,Bodega Aurrera,Supermercado / Tienda de Autoservicio,Bodega Aurrera Sucursal Centro Constituyentes,Constituyentes Oriente 334. Entre Pasteur y Manuel Ponce. Col. MercuRío. Cp. 76040,Querétaro,Santiago de Querétaro,20.586349,-100.382801
Carne Pollo,1 Kg. Granel. Entero. con Vísceras o Tipo Super o Entero Supermercado o Canal Entera,S/M,Carne de Ave,Pacic,38,07/05/2026,La Comer,Supermercado / Tienda de Autoservicio,Lacomer Sucursal Queretaro Estadio,Luis M. Vega y Monroy 1300. Esq.cimataRío . Col. CimataRío. Cp. 76090,Querétaro,Santiago de Querétaro,20.577804,-100.373626
Carne Pollo,1 Kg. Granel. Entero. con Vísceras o Tipo Super o Entero Supermercado o Canal Entera,S/M,Carne de Ave,Pacic,38,14/05/2026,La Comer,Supermercado / Tienda de Autoservicio,Lacomer Sucursal Queretaro Estadio,Luis M. Vega y Monroy 1300. Esq.cimataRío . Col. CimataRío. Cp. 76090,Querétaro,Santiago de Querétaro,20.577804,-100.373626
Carne Pollo,1 Kg. Granel. Entero. con Vísceras o Tipo Super o Entero Supermercado o Canal Entera,S/M,Carne de Ave,Pacic,38.9,04/05/2026,Hipermercado Soriana,Supermercado / Tienda de Autoservicio,Soriana Hiper Sucursal Cimatario,Ctra. a Huimilpan 1001. Int. del Centro Comercial Plaza del Sol. Col. Plazas del Sol. Iii Sección. Cp. 76099,Querétaro,Santiago de Querétaro,20.563227,-100.375284
Carne Pollo,1 Kg. Granel. Entero. con Vísceras o Tipo Super o Entero Supermercado o Canal Entera,S/M,Carne de Ave,Pacic,39,06/05/2026,Chedraui,Supermercado / Tienda de Autoservicio,Chedraui Sucursal Centro Sur,Blvd. Bernardo Quintana 502. Carr. con Direccion a Centro Civico. Col. Centro Sur. Cp. 76087,Querétaro,Santiago de Querétaro,20.569354,-100.358831
Carne Pollo,1 Kg. Granel. Entero. con Vísceras o Tipo Super o Entero Supermercado o Canal Entera,S/M,Carne de Ave,Pacic,39,07/05/2026,Wal-mart,Supermercado / Tienda de Autoservicio,Walmart Sucursal Unidad Plaza de Toros,Autopista Querétaro Celaya 5501. Int. del Centro Comercial Plaza Esfera. Col. el Jacal. Cp. 76187,Querétaro,Santiago de Querétaro,20.574076,-100.408704
Carne Pollo,1 Kg. Granel. Entero. con Vísceras o Tipo Super o Entero Supermercado o Canal Entera,S/M,Carne de Ave,Pacic,39,12/05/2026,Wal-mart,Supermercado / Tienda de Autoservicio,Walmart Sucursal Unidad Plaza de Toros,Autopista Querétaro Celaya 5501. Int. del Centro Comercial Plaza Esfera. Col. el Jacal. Cp. 76187,Querétaro,Santiago de Querétaro,20.574076,-100.408704
Carne Pollo,1 Kg. Granel. Entero. con Vísceras o Tipo Super o Entero Supermercado o Canal Entera,S/M,Carne de Ave,Pacic,39,13/05/2026,Wal-mart,Supermercado / Tienda de Autoservicio,Walmart Sucursal Aeropuerto,Calz. Ignacio Zaragoza 58. Esq. Blvd. Puerto Aereo. Col. Federal. Cp. 15700,Ciudad de México,Venustiano Carranza,19.41926,-99.094521
Carne Pollo,1 Kg. Granel. Entero. con Vísceras o Tipo Super o Entero Supermercado o Canal Entera,S/M,Carne de Ave,Pacic,39,13/05/2026,Wal-mart,Supermercado / Tienda de Autoservicio,Walmart Sucursal Balbuena,Fray Servando Teresa de Mier 881. Entre Fernando Iglesia Calderon y Genaro Garcia. Col. Jardín Balbuena. Cp. 15900,Ciudad de México,Venustiano Carranza,19.418067,-99.105639
Carne Pollo,1 Kg. Granel. Muslo (con Piel),S/M,Carne de Ave,Basicos,102,07/05/2026,Wal-mart,Supermercado / Tienda de Autoservicio,Walmart Sucursal Balbuena,Fray Servando Teresa de Mier 881. Entre Fernando Iglesia Calderon y Genaro Garcia. Col. Jardín Balbuena. Cp. 15900,Ciudad de México,Venustiano Carranza,19.418067,-99.105639
Carne Pollo,1 Kg. Granel. Muslo (con Piel),S/M,Carne de Ave,Basicos,102,12/05/2026,Wal-mart,Supermercado / Tienda de Autoservicio,Walmart Sucursal Unidad Plaza de Toros,Autopista Querétaro Celaya 5501. Int. del Centro Comercial Plaza Esfera. Col. el Jacal. Cp. 76187,Querétaro,Santiago de Querétaro,20.574076,-100.408704
Carne Pollo,1 Kg. Granel. Muslo (con Piel),S/M,Carne de Ave,Basicos,102,13/05/2026,Wal-mart,Supermercado / Tienda de Autoservicio,Walmart Sucursal Balbuena,Fray Servando Teresa de Mier 881. Entre Fernando Iglesia Calderon y Genaro Garcia. Col. Jardín Balbuena. Cp. 15900,Ciudad de México,Venustiano Carranza,19.418067,-99.105639
Carne Pollo,1 Kg. Granel. Muslo (con Piel),S/M,Carne de Ave,Basicos,102,15/05/2026,Bodega Aurrera,Supermercado / Tienda de Autoservicio,Bodega Aurrera Sucursal Centro Constituyentes,Constituyentes Oriente 334. Entre Pasteur y Manuel Ponce. Col. MercuRío. Cp. 76040,Querétaro,Santiago de Querétaro,20.586349,-100.382801
Carne Pollo,1 Kg. Granel. Muslo (con Piel),S/M,Carne de Ave,Basicos,64.9,13/05/2026,Chedraui,Supermercado / Tienda de Autoservicio,Chedraui Sucursal Centro Sur,Blvd. Bernardo Quintana 502. Carr. con Direccion a Centro Civico. Col. Centro Sur. Cp. 76087,Querétaro,Santiago de Querétaro,20.569354,-100.358831
Carne Pollo,1 Kg. Granel. Muslo (con Piel),S/M,Carne de Ave,Basicos,99,07/05/2026,Bodega Aurrera,Supermercado / Tienda de Autoservicio,Bodega Aurrera Sucursal la Viga,Calz. de la Viga 136 Esq. del Taller. Col. Lorenzo Boturini. Cp. 15820,Ciudad de México,Venustiano Carranza,19.414749,-99.127874
Carne Pollo,1 Kg. Granel. Muslo (con Piel),S/M,Carne de Ave,Basicos,99,07/05/2026,La Comer,Supermercado / Tienda de Autoservicio,Lacomer Sucursal Queretaro Estadio,Luis M. Vega y Monroy 1300. Esq.cimataRío . Col. CimataRío. Cp. 76090,Querétaro,Santiago de Querétaro,20.577804,-100.373626
Carne Pollo,1 Kg. Granel. Muslo (con Piel),S/M,Carne de Ave,Basicos,99,08/05/2026,Bodega Aurrera,Supermercado / Tienda de Autoservicio,Bodega Aurrera Sucursal Centro Constituyentes,Constituyentes Oriente 334. Entre Pasteur y Manuel Ponce. Col. MercuRío. Cp. 76040,Querétaro,Santiago de Querétaro,20.586349,-100.382801
Carne Pollo,1 Kg. Granel. Muslo (con Piel),S/M,Carne de Ave,Basicos,99,13/05/2026,Bodega Aurrera,Supermercado / Tienda de Autoservicio,Bodega Aurrera Sucursal la Viga,Calz. de la Viga 136 Esq. del Taller. Col. Lorenzo Boturini. Cp. 15820,Ciudad de México,Venustiano Carranza,19.414749,-99.127874
Carne Pollo,1 Kg. Granel. Muslo (con Piel),S/M,Carne de Ave,Basicos,99,14/05/2026,La Comer,Supermercado / Tienda de Autoservicio,Lacomer Sucursal Queretaro Estadio,Luis M. Vega y Monroy 1300. Esq.cimataRío . Col. CimataRío. Cp. 76090,Querétaro,Santiago de Querétaro,20.577804,-100.373626
Carne Pollo,1 Kg. Granel. Muslo (sin Piel) o Light,S/M,Carne de Ave,Basicos,108,07/05/2026,Bodega Aurrera,Supermercado / Tienda de Autoservicio,Bodega Aurrera Sucursal la Viga,Calz. de la Viga 136 Esq. del Taller. Col. Lorenzo Boturini. Cp. 15820,Ciudad de México,Venustiano Carranza,19.414749,-99.127874
Carne Pollo,1 Kg. Granel. Muslo (sin Piel) o Light,S/M,Carne de Ave,Basicos,109,07/05/2026,La Comer,Supermercado / Tienda de Autoservicio,Lacomer Sucursal Queretaro Estadio,Luis M. Vega y Monroy 1300. Esq.cimataRío . Col. CimataRío. Cp. 76090,Querétaro,Santiago de Querétaro,20.577804,-100.373626
Carne Pollo,1 Kg. Granel. Muslo (sin Piel) o Light,S/M,Carne de Ave,Basicos,109,12/05/2026,Wal-mart,Supermercado / Tienda de Autoservicio,Walmart Sucursal Unidad Plaza de Toros,Autopista Querétaro Celaya 5501. Int. del Centro Comercial Plaza Esfera. Col. el Jacal. Cp. 76187,Querétaro,Santiago de Querétaro,20.574076,-100.408704
Carne Pollo,1 Kg. Granel. Pechuga Sin Hueso (sin Piel),S/M,Carne de Ave,Basicos,109,14/05/2026,La Comer,Supermercado / Tienda de Autoservicio,Lacomer Sucursal Queretaro Estadio,Luis M. Vega y Monroy 1300. Esq.cimataRío . Col. CimataRío. Cp. 76090,Querétaro,Santiago de Querétaro,20.577804,-100.373626
Carne Pollo,1 Kg. Granel. Pechuga Sin Hueso (sin Piel),S/M,Carne de Ave,Basicos,149,12/05/2026,Wal-mart,Supermercado / Tienda de Autoservicio,Walmart Sucursal Unidad Plaza de Toros,Autopista Querétaro Celaya 5501. Int. del Centro Comercial Plaza Esfera. Col. el Jacal. Cp. 76187,Querétaro,Santiago de Querétaro,20.574076,-100.408704
Carne Pollo,1 Kg. Granel. Pechuga Sin Hueso (sin Piel),S/M,Carne de Ave,Basicos,149.8,01/05/2026,Superissste,Supermercado / Tienda de Autoservicio,Superissste Sucursal 011,Calle Peluqueros No. 310 Esquina Calle Tizayuca. Col. Michoacána. Cp. 15240,Ciudad de México,Venustiano Carranza,19.446139,-99.113372
Carne Pollo,1 Kg. Granel. Pechuga Sin Hueso (sin Piel),S/M,Carne de Ave,Basicos,149.8,01/05/2026,Superissste,Supermercado / Tienda de Autoservicio,Superissste Sucursal 022,Av. del Taller y Retorno No. 38 Dentro del Retorno 38. Col. Jardín Balbuena. Cp. 15900,Ciudad de México,Venustiano Carranza,19.412842,-99.105666
Carne Pollo,1 Kg. Granel. Pechuga Sin Hueso (sin Piel),S/M,Carne de Ave,Basicos,149.8,08/05/2026,Superissste,Supermercado / Tienda de Autoservicio,Superissste Sucursal 011,Calle Peluqueros No. 310 Esquina Calle Tizayuca. Col. Michoacána. Cp. 15240,Ciudad de México,Venustiano Carranza,19.446139,-99.113372
Carne Pollo,1 Kg. Granel. Pechuga Sin Hueso (sin Piel),S/M,Carne de Ave,Basicos,149.8,08/05/2026,Superissste,Supermercado / Tienda de Autoservicio,Superissste Sucursal 022,Av. del Taller y Retorno No. 38 Dentro del Retorno 38. Col. Jardín Balbuena. Cp. 15900,Ciudad de México,Venustiano Carranza,19.412842,-99.105666
Carne Pollo,1 Kg. Granel. Pechuga Sin Hueso (sin Piel),S/M,Carne de Ave,Basicos,149.8,15/05/2026,Superissste,Supermercado / Tienda de Autoservicio,Superissste Sucursal 011,Calle Peluqueros No. 310 Esquina Calle Tizayuca. Col. Michoacána. Cp. 15240,Ciudad de México,Venustiano Carranza,19.446139,-99.113372
Carne Pollo,1 Kg. Granel. Pechuga Sin Hueso (sin Piel),S/M,Carne de Ave,Basicos,149.8,15/05/2026,Superissste,Supermercado / Tienda de Autoservicio,Superissste Sucursal 022,Av. del Taller y Retorno No. 38 Dentro del Retorno 38. Col. Jardín Balbuena. Cp. 15900,Ciudad de México,Venustiano Carranza,19.412842,-99.105666
Carne Pollo,1 Kg. Granel. Pechuga Sin Hueso (sin Piel),S/M,Carne de Ave,Basicos,168,08/05/2026,Bodega Aurrera,Supermercado / Tienda de Autoservicio,Bodega Aurrera Sucursal Centro Constituyentes,Constituyentes Oriente 334. Entre Pasteur y Manuel Ponce. Col. MercuRío. Cp. 76040,Querétaro,Santiago de Querétaro,20.586349,-100.382801
Carne Pollo,1 Kg. Granel. Pechuga Sin Hueso (sin Piel),S/M,Carne de Ave,Basicos,169,13/05/2026,Wal-mart,Supermercado / Tienda de Autoservicio,Walmart Sucursal Aeropuerto,Calz. Ignacio Zaragoza 58. Esq. Blvd. Puerto Aereo. Col. Federal. Cp. 15700,Ciudad de México,Venustiano Carranza,19.41926,-99.094521
Carne Pollo,1 Kg. Granel. Pechuga Sin Hueso (sin Piel),S/M,Carne de Ave,Basicos,191,13/05/2026,Chedraui,Supermercado / Tienda de Autoservicio,Chedraui Sucursal Centro Sur,Blvd. Bernardo Quintana 502. Carr. con Direccion a Centro Civico. Col. Centro Sur. Cp. 76087,Querétaro,Santiago de Querétaro,20.569354,-100.358831
Carne Pollo,1 Kg. Granel. Pechuga con Hueso o Anatómica o Sin Rabadilla (con Piel),S/M,Carne de Ave,Basicos,139,13/05/2026,Chedraui,Supermercado / Tienda de Autoservicio,Chedraui Sucursal Centro Sur,Blvd. Bernardo Quintana 502. Carr. con Direccion a Centro Civico. Col. Centro Sur. Cp. 76087,Querétaro,Santiago de Querétaro,20.569354,-100.358831
Carne Pollo,1 Kg. Granel. Pechuga con Hueso o Anatómica o Sin Rabadilla (con Piel),S/M,Carne de Ave,Basicos,142,12/05/2026,Wal-mart,Supermercado / Tienda de Autoservicio,Walmart Sucursal Unidad Plaza de Toros,Autopista Querétaro Celaya 5501. Int. del Centro Comercial Plaza Esfera. Col. el Jacal. Cp. 76187,Querétaro,Santiago de Querétaro,20.574076,-100.408704
Carne Pollo,1 Kg. Granel. Pechuga con Hueso o Anatómica o Sin Rabadilla (con Piel),S/M,Carne de Ave,Basicos,149,07/05/2026,La Comer,Supermercado / Tienda de Autoservicio,Lacomer Sucursal Queretaro Estadio,Luis M. Vega y Monroy 1300. Esq.cimataRío . Col. CimataRío. Cp. 76090,Querétaro,Santiago de Querétaro,20.577804,-100.373626
Carne Pollo,1 Kg. Granel. Pechuga con Hueso o Anatómica o Sin Rabadilla (con Piel),S/M,Carne de Ave,Basicos,149,07/05/2026,Wal-mart,Supermercado / Tienda de Autoservicio,Walmart Sucursal Balbuena,Fray Servando Teresa de Mier 881. Entre Fernando Iglesia Calderon y Genaro Garcia. Col. Jardín Balbuena. Cp. 15900,Ciudad de México,Venustiano Carranza,19.418067,-99.105639
Carne Pollo,1 Kg. Granel. Pechuga con Hueso o Anatómica o Sin Rabadilla (con Piel),S/M,Carne de Ave,Basicos,149,13/05/2026,Wal-mart,Supermercado / Tienda de Autoservicio,Walmart Sucursal Aeropuerto,Calz. Ignacio Zaragoza 58. Esq. Blvd. Puerto Aereo. Col. Federal. Cp. 15700,Ciudad de México,Venustiano Carranza,19.41926,-99.094521
Carne Pollo,1 Kg. Granel. Pechuga con Hueso o Anatómica o Sin Rabadilla (con Piel),S/M,Carne de Ave,Basicos,149,14/05/2026,La Comer,Supermercado / Tienda de Autoservicio,Lacomer Sucursal Queretaro Estadio,Luis M. Vega y Monroy 1300. Esq.cimataRío . Col. CimataRío. Cp. 76090,Querétaro,Santiago de Querétaro,20.577804,-100.373626
Carne Pollo,1 Kg. Granel. Pechuga. Corte Americano,S/M,Carne de Ave,Basicos,109,07/05/2026,La Comer,Supermercado / Tienda de Autoservicio,Lacomer Sucursal Queretaro Estadio,Luis M. Vega y Monroy 1300. Esq.cimataRío . Col. CimataRío. Cp. 76090,Querétaro,Santiago de Querétaro,20.577804,-100.373626
Carne Pollo,1 Kg. Granel. Pechuga. Corte Americano,S/M,Carne de Ave,Basicos,109,14/05/2026,La Comer,Supermercado / Tienda de Autoservicio,Lacomer Sucursal Queretaro Estadio,Luis M. Vega y Monroy 1300. Esq.cimataRío . Col. CimataRío. Cp. 76090,Querétaro,Santiago de Querétaro,20.577804,-100.373626
Carne Pollo,1 Kg. Granel. Pechuga. Corte Americano,S/M,Carne de Ave,Basicos,84.9,13/05/2026,Chedraui,Supermercado / Tienda de Autoservicio,Chedraui Sucursal Centro Sur,Blvd. Bernardo Quintana 502. Carr. con Direccion a Centro Civico. Col. Centro Sur. Cp. 76087,Querétaro,Santiago de Querétaro,20.569354,-100.358831
Carne Pollo,1 Kg. Granel. Pechuga. Corte Americano,S/M,Carne de Ave,Basicos,94,15/05/2026,Bodega Aurrera,Supermercado / Tienda de Autoservicio,Bodega Aurrera Sucursal Centro Constituyentes,Constituyentes Oriente 334. Entre Pasteur y Manuel Ponce. Col. MercuRío. Cp. 76040,Querétaro,Santiago de Querétaro,20.586349,-100.382801
Carne Pollo,1 Kg. Granel. Pechuga. Filete,S/M,Carne de Ave,Basicos,218,07/05/2026,La Comer,Supermercado / Tienda de Autoservicio,Lacomer Sucursal Queretaro Estadio,Luis M. Vega y Monroy 1300. Esq.cimataRío . Col. CimataRío. Cp. 76090,Querétaro,Santiago de Querétaro,20.577804,-100.373626
Carne Pollo,1 Kg. Granel. Pechuga. Filete,S/M,Carne de Ave,Basicos,219,14/05/2026,La Comer,Supermercado / Tienda de Autoservicio,Lacomer Sucursal Queretaro Estadio,Luis M. Vega y Monroy 1300. Esq.cimataRío . Col. CimataRío. Cp. 76090,Querétaro,Santiago de Querétaro,20.577804,-100.373626
Carne Pollo,1 Kg. Granel. Pierna con Muslo. Corte Americano,S/M,Carne de Ave,Pacic,32,13/05/2026,Chedraui,Supermercado / Tienda de Autoservicio,Chedraui Sucursal Anfora,Anfora 71. Esq. Eje 1 Norte. Col. Madero. Cp. 15320,Ciudad de México,Venustiano Carranza,19.437353,-99.110088
Carne Pollo,1 Kg. Granel. Pierna con Muslo. Corte Americano,S/M,Carne de Ave,Pacic,34.9,04/05/2026,Hipermercado Soriana,Supermercado / Tienda de Autoservicio,Soriana Hiper Sucursal Cimatario,Ctra. a Huimilpan 1001. Int. del Centro Comercial Plaza del Sol. Col. Plazas del Sol. Iii Sección. Cp. 76099,Querétaro,Santiago de Querétaro,20.563227,-100.375284
Carne Pollo,1 Kg. Granel. Pierna con Muslo. Corte Americano,S/M,Carne de Ave,Pacic,34.9,13/05/2026,Hipermercado Soriana,Supermercado / Tienda de Autoservicio,Soriana Hiper Sucursal Cimatario,Ctra. a Huimilpan 1001. Int. del Centro Comercial Plaza del Sol. Col. Plazas del Sol. Iii Sección. Cp. 76099,Querétaro,Santiago de Querétaro,20.563227,-100.375284
Carne Pollo,1 Kg. Granel. Pierna con Muslo. Corte Americano,S/M,Carne de Ave,Pacic,35,06/05/2026,Chedraui,Supermercado / Tienda de Autoservicio,Chedraui Sucursal Centro Sur,Blvd. Bernardo Quintana 502. Carr. con Direccion a Centro Civico. Col. Centro Sur. Cp. 76087,Querétaro,Santiago de Querétaro,20.569354,-100.358831
Carne Pollo,1 Kg. Granel. Pierna con Muslo. Corte Americano,S/M,Carne de Ave,Pacic,35,07/05/2026,Wal-mart,Supermercado / Tienda de Autoservicio,Walmart Sucursal Balbuena,Fray Servando Teresa de Mier 881. Entre Fernando Iglesia Calderon y Genaro Garcia. Col. Jardín Balbuena. Cp. 15900,Ciudad de México,Venustiano Carranza,19.418067,-99.105639
Carne Pollo,1 Kg. Granel. Pierna con Muslo. Corte Americano,S/M,Carne de Ave,Pacic,35,07/05/2026,Wal-mart,Supermercado / Tienda de Autoservicio,Walmart Sucursal Unidad Plaza de Toros,Autopista Querétaro Celaya 5501. Int. del Centro Comercial Plaza Esfera. Col. el Jacal. Cp. 76187,Querétaro,Santiago de Querétaro,20.574076,-100.408704
Carne Pollo,1 Kg. Granel. Pierna con Muslo. Corte Americano,S/M,Carne de Ave,Pacic,35,08/05/2026,Bodega Aurrera,Supermercado / Tienda de Autoservicio,Bodega Aurrera Sucursal Centro Constituyentes,Constituyentes Oriente 334. Entre Pasteur y Manuel Ponce. Col. MercuRío. Cp. 76040,Querétaro,Santiago de Querétaro,20.586349,-100.382801
Carne Pollo,1 Kg. Granel. Pierna con Muslo. Corte Americano,S/M,Carne de Ave,Pacic,35,13/05/2026,Bodega Aurrera,Supermercado / Tienda de Autoservicio,Bodega Aurrera Sucursal la Viga,Calz. de la Viga 136 Esq. del Taller. Col. Lorenzo Boturini. Cp. 15820,Ciudad de México,Venustiano Carranza,19.414749,-99.127874
Carne Pollo,1 Kg. Granel. Pierna con Muslo. Corte Americano,S/M,Carne de Ave,Pacic,35,13/05/2026,Wal-mart,Supermercado / Tienda de Autoservicio,Walmart Sucursal Aeropuerto,Calz. Ignacio Zaragoza 58. Esq. Blvd. Puerto Aereo. Col. Federal. Cp. 15700,Ciudad de México,Venustiano Carranza,19.41926,-99.094521
Carne Pollo,1 Kg. Granel. Pierna con Muslo. Corte Americano,S/M,Carne de Ave,Pacic,35,13/05/2026,Wal-mart,Supermercado / Tienda de Autoservicio,Walmart Sucursal Balbuena,Fray Servando Teresa de Mier 881. Entre Fernando Iglesia Calderon y Genaro Garcia. Col. Jardín Balbuena. Cp. 15900,Ciudad de México,Venustiano Carranza,19.418067,-99.105639
Carne Pollo,1 Kg. Granel. Pierna con Muslo. Corte Americano,S/M,Carne de Ave,Pacic,35,15/05/2026,Bodega Aurrera,Supermercado / Tienda de Autoservicio,Bodega Aurrera Sucursal Centro Constituyentes,Constituyentes Oriente 334. Entre Pasteur y Manuel Ponce. Col. MercuRío. Cp. 76040,Querétaro,Santiago de Querétaro,20.586349,-100.382801
Carne Pollo,1 Kg. Granel. Pierna con Muslo. Pigmentada,S/M,Carne de Ave,Pacic,29.9,04/05/2026,Hipermercado Soriana,Supermercado / Tienda de Autoservicio,Soriana Hiper Sucursal Cimatario,Ctra. a Huimilpan 1001. Int. del Centro Comercial Plaza del Sol. Col. Plazas del Sol. Iii Sección. Cp. 76099,Querétaro,Santiago de Querétaro,20.563227,-100.375284
Carne Pollo,1 Kg. Granel. Pierna con Muslo. Pigmentada,S/M,Carne de Ave,Pacic,35,12/05/2026,Wal-mart,Supermercado / Tienda de Autoservicio,Walmart Sucursal Unidad Plaza de Toros,Autopista Querétaro Celaya 5501. Int. del Centro Comercial Plaza Esfera. Col. el Jacal. Cp. 76187,Querétaro,Santiago de Querétaro,20.574076,-100.408704
Carne Pollo,1 Kg. Granel. Pierna con Muslo. Pigmentada,S/M,Carne de Ave,Pacic,38.9,13/05/2026,Hipermercado Soriana,Supermercado / Tienda de Autoservicio,Soriana Hiper Sucursal Cimatario,Ctra. a Huimilpan 1001. Int. del Centro Comercial Plaza del Sol. Col. Plazas del Sol. Iii Sección. Cp. 76099,Querétaro,Santiago de Querétaro,20.563227,-100.375284
Carne Pollo,1 Kg. Granel. Pierna con Muslo. Pigmentada,S/M,Carne de Ave,Pacic,38.9,13/05/2026,Hipermercado Soriana,Supermercado / Tienda de Autoservicio,Soriana Hiper Sucursal Consulado (418),Río Consulado 2355. Esq. Carlos Marx. Col. Simon Bolivar. Cp. 15410,Ciudad de México,Venustiano Carranza,19.449572,-99.100376
Carne Pollo,1 Kg. Granel. Pierna o Pierna Bate,S/M,Carne de Ave,Basicos,102,07/05/2026,Wal-mart,Supermercado / Tienda de Autoservicio,Walmart Sucursal Balbuena,Fray Servando Teresa de Mier 881. Entre Fernando Iglesia Calderon y Genaro Garcia. Col. Jardín Balbuena. Cp. 15900,Ciudad de México,Venustiano Carranza,19.418067,-99.105639
Carne Pollo,1 Kg. Granel. Pierna o Pierna Bate,S/M,Carne de Ave,Basicos,102,13/05/2026,Wal-mart,Supermercado / Tienda de Autoservicio,Walmart Sucursal Balbuena,Fray Servando Teresa de Mier 881. Entre Fernando Iglesia Calderon y Genaro Garcia. Col. Jardín Balbuena. Cp. 15900,Ciudad de México,Venustiano Carranza,19.418067,-99.105639
Carne Pollo,1 Kg. Granel. Pierna o Pierna Bate,S/M,Carne de Ave,Basicos,64.9,13/05/2026,Chedraui,Supermercado / Tienda de Autoservicio,Chedraui Sucursal Centro Sur,Blvd. Bernardo Quintana 502. Carr. con Direccion a Centro Civico. Col. Centro Sur. Cp. 76087,Querétaro,Santiago de Querétaro,20.569354,-100.358831
Carne Pollo,1 Kg. Granel. Pierna o Pierna Bate,S/M,Carne de Ave,Basicos,92,12/05/2026,Wal-mart,Supermercado / Tienda de Autoservicio,Walmart Sucursal Unidad Plaza de Toros,Autopista Querétaro Celaya 5501. Int. del Centro Comercial Plaza Esfera. Col. el Jacal. Cp. 76187,Querétaro,Santiago de Querétaro,20.574076,-100.408704
Carne Pollo,1 Kg. Granel. Pierna o Pierna Bate,S/M,Carne de Ave,Basicos,98,07/05/2026,La Comer,Supermercado / Tienda de Autoservicio,Lacomer Sucursal Queretaro Estadio,Luis M. Vega y Monroy 1300. Esq.cimataRío . Col. CimataRío. Cp. 76090,Querétaro,Santiago de Querétaro,20.577804,-100.373626
Carne Pollo,1 Kg. Granel. Pierna o Pierna Bate,S/M,Carne de Ave,Basicos,98,14/05/2026,La Comer,Supermercado / Tienda de Autoservicio,Lacomer Sucursal Queretaro Estadio,Luis M. Vega y Monroy 1300. Esq.cimataRío . Col. CimataRío. Cp. 76090,Querétaro,Santiago de Querétaro,20.577804,-100.373626
Carne Pollo,1 Kg. Granel. Pierna o Pierna Bate,S/M,Carne de Ave,Basicos,99,08/05/2026,Bodega Aurrera,Supermercado / Tienda de Autoservicio,Bodega Aurrera Sucursal Centro Constituyentes,Constituyentes Oriente 334. Entre Pasteur y Manuel Ponce. Col. MercuRío. Cp. 76040,Querétaro,Santiago de Querétaro,20.586349,-100.382801
Carne Pollo,1 Kg. Granel. Pierna o Pierna Bate,S/M,Carne de Ave,Basicos,99,13/05/2026,Bodega Aurrera,Supermercado / Tienda de Autoservicio,Bodega Aurrera Sucursal la Viga,Calz. de la Viga 136 Esq. del Taller. Col. Lorenzo Boturini. Cp. 15820,Ciudad de México,Venustiano Carranza,19.414749,-99.127874
Carne Pollo,1 Kg. Granel. Pierna o Pierna Bate,S/M,Carne de Ave,Basicos,99,15/05/2026,Bodega Aurrera,Supermercado / Tienda de Autoservicio,Bodega Aurrera Sucursal Centro Constituyentes,Constituyentes Oriente 334. Entre Pasteur y Manuel Ponce. Col. MercuRío. Cp. 76040,Querétaro,Santiago de Querétaro,20.586349,-100.382801
Carne Res,1 Kg. Granel. Bistec Corte Delgado o Bistec,S/M,Carne y Vísceras de Res,Basicos,240,07/05/2026,La Comer,Supermercado / Tienda de Autoservicio,Lacomer Sucursal Queretaro Estadio,Luis M. Vega y Monroy 1300. Esq.cimataRío . Col. CimataRío. Cp. 76090,Querétaro,Santiago de Querétaro,20.577804,-100.373626
Carne Res,1 Kg. Granel. Bistec Corte Delgado o Bistec,S/M,Carne y Vísceras de Res,Basicos,240,14/05/2026,La Comer,Supermercado / Tienda de Autoservicio,Lacomer Sucursal Queretaro Estadio,Luis M. Vega y Monroy 1300. Esq.cimataRío . Col. CimataRío. Cp. 76090,Querétaro,Santiago de Querétaro,20.577804,-100.373626
Carne Res,1 Kg. Granel. Bistec Corte Delgado o Bistec,S/M,Carne y Vísceras de Res,Basicos,249,08/05/2026,Bodega Aurrera,Supermercado / Tienda de Autoservicio,Bodega Aurrera Sucursal Centro Constituyentes,Constituyentes Oriente 334. Entre Pasteur y Manuel Ponce. Col. MercuRío. Cp. 76040,Querétaro,Santiago de Querétaro,20.586349,-100.382801
Carne Res,1 Kg. Granel. Bistec Corte Delgado o Bistec,S/M,Carne y Vísceras de Res,Basicos,252,12/05/2026,Wal-mart,Supermercado / Tienda de Autoservicio,Walmart Sucursal Unidad Plaza de Toros,Autopista Querétaro Celaya 5501. Int. del Centro Comercial Plaza Esfera. Col. el Jacal. Cp. 76187,Querétaro,Santiago de Querétaro,20.574076,-100.408704
Carne Res,1 Kg. Granel. Bistec Corte Delgado o Bistec,S/M,Carne y Vísceras de Res,Basicos,256,13/05/2026,Wal-mart,Supermercado / Tienda de Autoservicio,Walmart Sucursal Aeropuerto,Calz. Ignacio Zaragoza 58. Esq. Blvd. Puerto Aereo. Col. Federal. Cp. 15700,Ciudad de México,Venustiano Carranza,19.41926,-99.094521
Carne Res,1 Kg. Granel. Bistec Diezmillo o Diezmillo Sin Hueso,S/M,Carne y Vísceras de Res,Basicos,255,07/05/2026,La Comer,Supermercado / Tienda de Autoservicio,Lacomer Sucursal Queretaro Estadio,Luis M. Vega y Monroy 1300. Esq.cimataRío . Col. CimataRío. Cp. 76090,Querétaro,Santiago de Querétaro,20.577804,-100.373626
Carne Res,1 Kg. Granel. Bistec Diezmillo o Diezmillo Sin Hueso,S/M,Carne y Vísceras de Res,Basicos,255,14/05/2026,La Comer,Supermercado / Tienda de Autoservicio,Lacomer Sucursal Queretaro Estadio,Luis M. Vega y Monroy 1300. Esq.cimataRío . Col. CimataRío. Cp. 76090,Querétaro,Santiago de Querétaro,20.577804,-100.373626
Carne Res,1 Kg. Granel. Bistec Diezmillo o Diezmillo Sin Hueso,S/M,Carne y Vísceras de Res,Basicos,274.9,13/05/2026,Hipermercado Soriana,Supermercado / Tienda de Autoservicio,Soriana Hiper Sucursal Consulado (418),Río Consulado 2355. Esq. Carlos Marx. Col. Simon Bolivar. Cp. 15410,Ciudad de México,Venustiano Carranza,19.449572,-99.100376
Carne Res,1 Kg. Granel. Bistec Flecha para Asar,S/M,Carne y Vísceras de Res,Pacic,144,04/05/2026,Hipermercado Soriana,Supermercado / Tienda de Autoservicio,Soriana Hiper Sucursal Cimatario,Ctra. a Huimilpan 1001. Int. del Centro Comercial Plaza del Sol. Col. Plazas del Sol. Iii Sección. Cp. 76099,Querétaro,Santiago de Querétaro,20.563227,-100.375284
Carne Res,1 Kg. Granel. Bistec Flecha para Asar,S/M,Carne y Vísceras de Res,Pacic,144,13/05/2026,Hipermercado Soriana,Supermercado / Tienda de Autoservicio,Soriana Hiper Sucursal Cimatario,Ctra. a Huimilpan 1001. Int. del Centro Comercial Plaza del Sol. Col. Plazas del Sol. Iii Sección. Cp. 76099,Querétaro,Santiago de Querétaro,20.563227,-100.375284
Carne Res,1 Kg. Granel. Bistec Flecha para Asar,S/M,Carne y Vísceras de Res,Pacic,144,13/05/2026,Hipermercado Soriana,Supermercado / Tienda de Autoservicio,Soriana Hiper Sucursal Consulado (418),Río Consulado 2355. Esq. Carlos Marx. Col. Simon Bolivar. Cp. 15410,Ciudad de México,Venustiano Carranza,19.449572,-99.100376
Carne Res,1 Kg. Granel. Bistec Pulpa Blanca,S/M,Carne y Vísceras de Res,Pacic,194,13/05/2026,Chedraui,Supermercado / Tienda de Autoservicio,Chedraui Sucursal Anfora,Anfora 71. Esq. Eje 1 Norte. Col. Madero. Cp. 15320,Ciudad de México,Venustiano Carranza,19.437353,-99.110088
Carne Res,1 Kg. Granel. Bistec Pulpa Blanca,S/M,Carne y Vísceras de Res,Pacic,229,06/05/2026,Chedraui,Supermercado / Tienda de Autoservicio,Chedraui Sucursal Centro Sur,Blvd. Bernardo Quintana 502. Carr. con Direccion a Centro Civico. Col. Centro Sur. Cp. 76087,Querétaro,Santiago de Querétaro,20.569354,-100.358831
Carne Res,1 Kg. Granel. Bistec Ranchero,S/M,Carne y Vísceras de Res,Basicos,240,07/05/2026,La Comer,Supermercado / Tienda de Autoservicio,Lacomer Sucursal Queretaro Estadio,Luis M. Vega y Monroy 1300. Esq.cimataRío . Col. CimataRío. Cp. 76090,Querétaro,Santiago de Querétaro,20.577804,-100.373626
Carne Res,1 Kg. Granel. Bistec Ranchero,S/M,Carne y Vísceras de Res,Basicos,240,14/05/2026,La Comer,Supermercado / Tienda de Autoservicio,Lacomer Sucursal Queretaro Estadio,Luis M. Vega y Monroy 1300. Esq.cimataRío . Col. CimataRío. Cp. 76090,Querétaro,Santiago de Querétaro,20.577804,-100.373626
Carne Res,1 Kg. Granel. Bistec del 0,S/M,Carne y Vísceras de Res,Basicos,138,13/05/2026,Chedraui,Supermercado / Tienda de Autoservicio,Chedraui Sucursal Anfora,Anfora 71. Esq. Eje 1 Norte. Col. Madero. Cp. 15320,Ciudad de México,Venustiano Carranza,19.437353,-99.110088
Carne Res,1 Kg. Granel. Bistec del 0,S/M,Carne y Vísceras de Res,Pacic,138,06/05/2026,Chedraui,Supermercado / Tienda de Autoservicio,Chedraui Sucursal Centro Sur,Blvd. Bernardo Quintana 502. Carr. con Direccion a Centro Civico. Col. Centro Sur. Cp. 76087,Querétaro,Santiago de Querétaro,20.569354,-100.358831
Carne Res,1 Kg. Granel. Bistec del 0,S/M,Carne y Vísceras de Res,Pacic,138,13/05/2026,Chedraui,Supermercado / Tienda de Autoservicio,Chedraui Sucursal Anfora,Anfora 71. Esq. Eje 1 Norte. Col. Madero. Cp. 15320,Ciudad de México,Venustiano Carranza,19.437353,-99.110088
Carne Res,1 Kg. Granel. Bistec del 0 para el Asador,S/M,Carne y Vísceras de Res,Basicos,138,13/05/2026,Chedraui,Supermercado / Tienda de Autoservicio,Chedraui Sucursal Centro Sur,Blvd. Bernardo Quintana 502. Carr. con Direccion a Centro Civico. Col. Centro Sur. Cp. 76087,Querétaro,Santiago de Querétaro,20.569354,-100.358831
Carne Res,1 Kg. Granel. Bistec del 7,S/M,Carne y Vísceras de Res,Pacic,138,06/05/2026,Chedraui,Supermercado / Tienda de Autoservicio,Chedraui Sucursal Centro Sur,Blvd. Bernardo Quintana 502. Carr. con Direccion a Centro Civico. Col. Centro Sur. Cp. 76087,Querétaro,Santiago de Querétaro,20.569354,-100.358831
Carne Res,1 Kg. Granel. Bistec del 7,S/M,Carne y Vísceras de Res,Pacic,138,13/05/2026,Chedraui,Supermercado / Tienda de Autoservicio,Chedraui Sucursal Anfora,Anfora 71. Esq. Eje 1 Norte. Col. Madero. Cp. 15320,Ciudad de México,Venustiano Carranza,19.437353,-99.110088
Carne Res,1 Kg. Granel. Bistec/chuleta del 0,S/M,Carne y Vísceras de Res,Pacic,189,04/05/2026,Hipermercado Soriana,Supermercado / Tienda de Autoservicio,Soriana Hiper Sucursal Cimatario,Ctra. a Huimilpan 1001. Int. del Centro Comercial Plaza del Sol. Col. Plazas del Sol. Iii Sección. Cp. 76099,Querétaro,Santiago de Querétaro,20.563227,-100.375284
Carne Res,1 Kg. Granel. Bistec/chuleta del 0,S/M,Carne y Vísceras de Res,Pacic,204,13/05/2026,Hipermercado Soriana,Supermercado / Tienda de Autoservicio,Soriana Hiper Sucursal Cimatario,Ctra. a Huimilpan 1001. Int. del Centro Comercial Plaza del Sol. Col. Plazas del Sol. Iii Sección. Cp. 76099,Querétaro,Santiago de Querétaro,20.563227,-100.375284
Carne Res,1 Kg. Granel. Carne para Asar,S/M,Carne y Vísceras de Res,Basicos,118,14/05/2026,La Comer,Supermercado / Tienda de Autoservicio,Lacomer Sucursal Queretaro Estadio,Luis M. Vega y Monroy 1300. Esq.cimataRío . Col. CimataRío. Cp. 76090,Querétaro,Santiago de Querétaro,20.577804,-100.373626
Carne Res,1 Kg. Granel. Carne para Asar,S/M,Carne y Vísceras de Res,Basicos,120,07/05/2026,La Comer,Supermercado / Tienda de Autoservicio,Lacomer Sucursal Queretaro Estadio,Luis M. Vega y Monroy 1300. Esq.cimataRío . Col. CimataRío. Cp. 76090,Querétaro,Santiago de Querétaro,20.577804,-100.373626
Carne Res,1 Kg. Granel. Carne para Asar,S/M,Carne y Vísceras de Res,Basicos,249,13/05/2026,Hipermercado Soriana,Supermercado / Tienda de Autoservicio,Soriana Hiper Sucursal Consulado (418),Río Consulado 2355. Esq. Carlos Marx. Col. Simon Bolivar. Cp. 15410,Ciudad de México,Venustiano Carranza,19.449572,-99.100376
Carne Res,1 Kg. Granel. Carne para Asar,S/M,Carne y Vísceras de Res,Basicos,252,15/05/2026,Bodega Aurrera,Supermercado / Tienda de Autoservicio,Bodega Aurrera Sucursal Centro Constituyentes,Constituyentes Oriente 334. Entre Pasteur y Manuel Ponce. Col. MercuRío. Cp. 76040,Querétaro,Santiago de Querétaro,20.586349,-100.382801
Carne Res,1 Kg. Granel. Carne para Asar,S/M,Carne y Vísceras de Res,Basicos,253,07/05/2026,Wal-mart,Supermercado / Tienda de Autoservicio,Walmart Sucursal Balbuena,Fray Servando Teresa de Mier 881. Entre Fernando Iglesia Calderon y Genaro Garcia. Col. Jardín Balbuena. Cp. 15900,Ciudad de México,Venustiano Carranza,19.418067,-99.105639
Carne Res,1 Kg. Granel. Carne para Asar,S/M,Carne y Vísceras de Res,Basicos,253,12/05/2026,Wal-mart,Supermercado / Tienda de Autoservicio,Walmart Sucursal Unidad Plaza de Toros,Autopista Querétaro Celaya 5501. Int. del Centro Comercial Plaza Esfera. Col. el Jacal. Cp. 76187,Querétaro,Santiago de Querétaro,20.574076,-100.408704
Carne Res,1 Kg. Granel. Carne para Asar,S/M,Carne y Vísceras de Res,Basicos,253,13/05/2026,Wal-mart,Supermercado / Tienda de Autoservicio,Walmart Sucursal Balbuena,Fray Servando Teresa de Mier 881. Entre Fernando Iglesia Calderon y Genaro Garcia. Col. Jardín Balbuena. Cp. 15900,Ciudad de México,Venustiano Carranza,19.418067,-99.105639
Carne Res,1 Kg. Granel. Carne para Asar,S/M,Carne y Vísceras de Res,Basicos,261,07/05/2026,Bodega Aurrera,Supermercado / Tienda de Autoservicio,Bodega Aurrera Sucursal la Viga,Calz. de la Viga 136 Esq. del Taller. Col. Lorenzo Boturini. Cp. 15820,Ciudad de México,Venustiano Carranza,19.414749,-99.127874
Carne Res,1 Kg. Granel. Carne para Asar,S/M,Carne y Vísceras de Res,Basicos,261,13/05/2026,Bodega Aurrera,Supermercado / Tienda de Autoservicio,Bodega Aurrera Sucursal la Viga,Calz. de la Viga 136 Esq. del Taller. Col. Lorenzo Boturini. Cp. 15820,Ciudad de México,Venustiano Carranza,19.414749,-99.127874
Carne Res,1 Kg. Granel. Carne para Asar,S/M,Carne y Vísceras de Res,Mercados,250,04/05/2026,Mercado Publico,Mercados,Mercado Lomas de Casablanca,Avenida 10. Esq. Calle 23. Col. Lomas de Casa Blanca. Cp. 76080,Querétaro,Santiago de Querétaro,20.603024,-100.396263
Carne Res,1 Kg. Granel. Carne para Asar,S/M,Carne y Vísceras de Res,Pacic,118,14/05/2026,La Comer,Supermercado / Tienda de Autoservicio,Lacomer Sucursal Queretaro Estadio,Luis M. Vega y Monroy 1300. Esq.cimataRío . Col. CimataRío. Cp. 76090,Querétaro,Santiago de Querétaro,20.577804,-100.373626
Carne Res,1 Kg. Granel. Carne para Asar,S/M,Carne y Vísceras de Res,Pacic,120,07/05/2026,La Comer,Supermercado / Tienda de Autoservicio,Lacomer Sucursal Queretaro Estadio,Luis M. Vega y Monroy 1300. Esq.cimataRío . Col. CimataRío. Cp. 76090,Querétaro,Santiago de Querétaro,20.577804,-100.373626
Carne Res,1 Kg. Granel. Carne para Asar,S/M,Carne y Vísceras de Res,Pacic,198.9,04/05/2026,Hipermercado Soriana,Supermercado / Tienda de Autoservicio,Soriana Hiper Sucursal Cimatario,Ctra. a Huimilpan 1001. Int. del Centro Comercial Plaza del Sol. Col. Plazas del Sol. Iii Sección. Cp. 76099,Querétaro,Santiago de Querétaro,20.563227,-100.375284
Carne Res,1 Kg. Granel. Carne para Asar,S/M,Carne y Vísceras de Res,Pacic,249,13/05/2026,Hipermercado Soriana,Supermercado / Tienda de Autoservicio,Soriana Hiper Sucursal Cimatario,Ctra. a Huimilpan 1001. Int. del Centro Comercial Plaza del Sol. Col. Plazas del Sol. Iii Sección. Cp. 76099,Querétaro,Santiago de Querétaro,20.563227,-100.375284
Carne Res,1 Kg. Granel. Carne para Asar,S/M,Carne y Vísceras de Res,Pacic,249,13/05/2026,Hipermercado Soriana,Supermercado / Tienda de Autoservicio,Soriana Hiper Sucursal Consulado (418),Río Consulado 2355. Esq. Carlos Marx. Col. Simon Bolivar. Cp. 15410,Ciudad de México,Venustiano Carranza,19.449572,-99.100376
Carne Res,1 Kg. Granel. Chambarete con Hueso,S/M,Carne y Vísceras de Res,Pacic,109,08/05/2026,Bodega Aurrera,Supermercado / Tienda de Autoservicio,Bodega Aurrera Sucursal Centro Constituyentes,Constituyentes Oriente 334. Entre Pasteur y Manuel Ponce. Col. MercuRío. Cp. 76040,Querétaro,Santiago de Querétaro,20.586349,-100.382801
Carne Res,1 Kg. Granel. Chambarete con Hueso,S/M,Carne y Vísceras de Res,Pacic,109,15/05/2026,Bodega Aurrera,Supermercado / Tienda de Autoservicio,Bodega Aurrera Sucursal Centro Constituyentes,Constituyentes Oriente 334. Entre Pasteur y Manuel Ponce. Col. MercuRío. Cp. 76040,Querétaro,Santiago de Querétaro,20.586349,-100.382801
Carne Res,1 Kg. Granel. Chambarete con Hueso,S/M,Carne y Vísceras de Res,Pacic,111,07/05/2026,Wal-mart,Supermercado / Tienda de Autoservicio,Walmart Sucursal Unidad Plaza de Toros,Autopista Querétaro Celaya 5501. Int. del Centro Comercial Plaza Esfera. Col. el Jacal. Cp. 76187,Querétaro,Santiago de Querétaro,20.574076,-100.408704
Carne Res,1 Kg. Granel. Chambarete con Hueso,S/M,Carne y Vísceras de Res,Pacic,111,12/05/2026,Wal-mart,Supermercado / Tienda de Autoservicio,Walmart Sucursal Unidad Plaza de Toros,Autopista Querétaro Celaya 5501. Int. del Centro Comercial Plaza Esfera. Col. el Jacal. Cp. 76187,Querétaro,Santiago de Querétaro,20.574076,-100.408704
Carne Res,1 Kg. Granel. Chambarete con Hueso,S/M,Carne y Vísceras de Res,Pacic,125.6,04/05/2026,Hipermercado Soriana,Supermercado / Tienda de Autoservicio,Soriana Hiper Sucursal Cimatario,Ctra. a Huimilpan 1001. Int. del Centro Comercial Plaza del Sol. Col. Plazas del Sol. Iii Sección. Cp. 76099,Querétaro,Santiago de Querétaro,20.563227,-100.375284
Carne Res,1 Kg. Granel. Chambarete con Hueso,S/M,Carne y Vísceras de Res,Pacic,125.6,13/05/2026,Hipermercado Soriana,Supermercado / Tienda de Autoservicio,Soriana Hiper Sucursal Cimatario,Ctra. a Huimilpan 1001. Int. del Centro Comercial Plaza del Sol. Col. Plazas del Sol. Iii Sección. Cp. 76099,Querétaro,Santiago de Querétaro,20.563227,-100.375284
Carne Res,1 Kg. Granel. Chuleta o Chuleta Costilla o Chuletón,S/M,Carne y Vísceras de Res,Basicos,229,13/05/2026,Chedraui,Supermercado / Tienda de Autoservicio,Chedraui Sucursal Centro Sur,Blvd. Bernardo Quintana 502. Carr. con Direccion a Centro Civico. Col. Centro Sur. Cp. 76087,Querétaro,Santiago de Querétaro,20.569354,-100.358831
Carne Res,1 Kg. Granel. Chuleta o Chuleta Costilla o Chuletón,S/M,Carne y Vísceras de Res,Basicos,349,07/05/2026,La Comer,Supermercado / Tienda de Autoservicio,Lacomer Sucursal Queretaro Estadio,Luis M. Vega y Monroy 1300. Esq.cimataRío . Col. CimataRío. Cp. 76090,Querétaro,Santiago de Querétaro,20.577804,-100.373626
Carne Res,1 Kg. Granel. Costilla para Asar. Rdfs,S/M,Carne y Vísceras de Res,Pacic,153,13/05/2026,Hipermercado Soriana,Supermercado / Tienda de Autoservicio,Soriana Hiper Sucursal Cimatario,Ctra. a Huimilpan 1001. Int. del Centro Comercial Plaza del Sol. Col. Plazas del Sol. Iii Sección. Cp. 76099,Querétaro,Santiago de Querétaro,20.563227,-100.375284
Carne Res,1 Kg. Granel. Costilla para Asar. Rdfs,S/M,Carne y Vísceras de Res,Pacic,159,04/05/2026,Hipermercado Soriana,Supermercado / Tienda de Autoservicio,Soriana Hiper Sucursal Cimatario,Ctra. a Huimilpan 1001. Int. del Centro Comercial Plaza del Sol. Col. Plazas del Sol. Iii Sección. Cp. 76099,Querétaro,Santiago de Querétaro,20.563227,-100.375284
Carne Res,1 Kg. Granel. Costilla para Cocer,S/M,Carne y Vísceras de Res,Pacic,158,07/05/2026,Bodega Aurrera,Supermercado / Tienda de Autoservicio,Bodega Aurrera Sucursal la Viga,Calz. de la Viga 136 Esq. del Taller. Col. Lorenzo Boturini. Cp. 15820,Ciudad de México,Venustiano Carranza,19.414749,-99.127874
Carne Res,1 Kg. Granel. Costilla para Cocer,S/M,Carne y Vísceras de Res,Pacic,170,08/05/2026,Bodega Aurrera,Supermercado / Tienda de Autoservicio,Bodega Aurrera Sucursal Centro Constituyentes,Constituyentes Oriente 334. Entre Pasteur y Manuel Ponce. Col. MercuRío. Cp. 76040,Querétaro,Santiago de Querétaro,20.586349,-100.382801
Carne Res,1 Kg. Granel. Costilla para Cocer,S/M,Carne y Vísceras de Res,Pacic,170,15/05/2026,Bodega Aurrera,Supermercado / Tienda de Autoservicio,Bodega Aurrera Sucursal Centro Constituyentes,Constituyentes Oriente 334. Entre Pasteur y Manuel Ponce. Col. MercuRío. Cp. 76040,Querétaro,Santiago de Querétaro,20.586349,-100.382801
Carne Res,1 Kg. Granel. Costilla para Cocer,S/M,Carne y Vísceras de Res,Pacic,173,07/05/2026,Wal-mart,Supermercado / Tienda de Autoservicio,Walmart Sucursal Unidad Plaza de Toros,Autopista Querétaro Celaya 5501. Int. del Centro Comercial Plaza Esfera. Col. el Jacal. Cp. 76187,Querétaro,Santiago de Querétaro,20.574076,-100.408704
Carne Res,1 Kg. Granel. Costilla para Cocer,S/M,Carne y Vísceras de Res,Pacic,173,12/05/2026,Wal-mart,Supermercado / Tienda de Autoservicio,Walmart Sucursal Unidad Plaza de Toros,Autopista Querétaro Celaya 5501. Int. del Centro Comercial Plaza Esfera. Col. el Jacal. Cp. 76187,Querétaro,Santiago de Querétaro,20.574076,-100.408704
Carne Res,1 Kg. Granel. Costilla para Cocer,S/M,Carne y Vísceras de Res,Pacic,173,13/05/2026,Wal-mart,Supermercado / Tienda de Autoservicio,Walmart Sucursal Aeropuerto,Calz. Ignacio Zaragoza 58. Esq. Blvd. Puerto Aereo. Col. Federal. Cp. 15700,Ciudad de México,Venustiano Carranza,19.41926,-99.094521
Carne Res,1 Kg. Granel. Falda o para Deshebrar o Deshebrada,S/M,Carne y Vísceras de Res,Basicos,219,12/05/2026,Wal-mart,Supermercado / Tienda de Autoservicio,Walmart Sucursal Unidad Plaza de Toros,Autopista Querétaro Celaya 5501. Int. del Centro Comercial Plaza Esfera. Col. el Jacal. Cp. 76187,Querétaro,Santiago de Querétaro,20.574076,-100.408704
Carne Res,1 Kg. Granel. Falda o para Deshebrar o Deshebrada,S/M,Carne y Vísceras de Res,Basicos,224,13/05/2026,Wal-mart,Supermercado / Tienda de Autoservicio,Walmart Sucursal Aeropuerto,Calz. Ignacio Zaragoza 58. Esq. Blvd. Puerto Aereo. Col. Federal. Cp. 15700,Ciudad de México,Venustiano Carranza,19.41926,-99.094521
Carne Res,1 Kg. Granel. Falda o para Deshebrar o Deshebrada,S/M,Carne y Vísceras de Res,Basicos,224,13/05/2026,Wal-mart,Supermercado / Tienda de Autoservicio,Walmart Sucursal Balbuena,Fray Servando Teresa de Mier 881. Entre Fernando Iglesia Calderon y Genaro Garcia. Col. Jardín Balbuena. Cp. 15900,Ciudad de México,Venustiano Carranza,19.418067,-99.105639
Carne Res,1 Kg. Granel. Filete Limpio,S/M,Carne y Vísceras de Res,Basicos,529,13/05/2026,Chedraui,Supermercado / Tienda de Autoservicio,Chedraui Sucursal Centro Sur,Blvd. Bernardo Quintana 502. Carr. con Direccion a Centro Civico. Col. Centro Sur. Cp. 76087,Querétaro,Santiago de Querétaro,20.569354,-100.358831
Carne Res,1 Kg. Granel. Hígado,S/M,Carne y Vísceras de Res,Basicos,39,14/05/2026,La Comer,Supermercado / Tienda de Autoservicio,Lacomer Sucursal Queretaro Estadio,Luis M. Vega y Monroy 1300. Esq.cimataRío . Col. CimataRío. Cp. 76090,Querétaro,Santiago de Querétaro,20.577804,-100.373626
Carne Res,1 Kg. Granel. Hígado,S/M,Carne y Vísceras de Res,Basicos,74.9,13/05/2026,Hipermercado Soriana,Supermercado / Tienda de Autoservicio,Soriana Hiper Sucursal Consulado (418),Río Consulado 2355. Esq. Carlos Marx. Col. Simon Bolivar. Cp. 15410,Ciudad de México,Venustiano Carranza,19.449572,-99.100376
Carne Res,1 Kg. Granel. Milanesa de Bola o Auténtica de Bola o de Bola Corte Delgado o de Pulpa Bola,S/M,Carne y Vísceras de Res,Basicos,248,07/05/2026,Bodega Aurrera,Supermercado / Tienda de Autoservicio,Bodega Aurrera Sucursal la Viga,Calz. de la Viga 136 Esq. del Taller. Col. Lorenzo Boturini. Cp. 15820,Ciudad de México,Venustiano Carranza,19.414749,-99.127874
Carne Res,1 Kg. Granel. Milanesa de Bola o Auténtica de Bola o de Bola Corte Delgado o de Pulpa Bola,S/M,Carne y Vísceras de Res,Basicos,248,08/05/2026,Bodega Aurrera,Supermercado / Tienda de Autoservicio,Bodega Aurrera Sucursal Centro Constituyentes,Constituyentes Oriente 334. Entre Pasteur y Manuel Ponce. Col. MercuRío. Cp. 76040,Querétaro,Santiago de Querétaro,20.586349,-100.382801
Carne Res,1 Kg. Granel. Milanesa de Bola o Auténtica de Bola o de Bola Corte Delgado o de Pulpa Bola,S/M,Carne y Vísceras de Res,Basicos,248,13/05/2026,Bodega Aurrera,Supermercado / Tienda de Autoservicio,Bodega Aurrera Sucursal la Viga,Calz. de la Viga 136 Esq. del Taller. Col. Lorenzo Boturini. Cp. 15820,Ciudad de México,Venustiano Carranza,19.414749,-99.127874
Carne Res,1 Kg. Granel. Milanesa de Bola o Auténtica de Bola o de Bola Corte Delgado o de Pulpa Bola,S/M,Carne y Vísceras de Res,Basicos,250,12/05/2026,Wal-mart,Supermercado / Tienda de Autoservicio,Walmart Sucursal Unidad Plaza de Toros,Autopista Querétaro Celaya 5501. Int. del Centro Comercial Plaza Esfera. Col. el Jacal. Cp. 76187,Querétaro,Santiago de Querétaro,20.574076,-100.408704
Carne Res,1 Kg. Granel. Milanesa de Bola o Auténtica de Bola o de Bola Corte Delgado o de Pulpa Bola,S/M,Carne y Vísceras de Res,Basicos,250,13/05/2026,Wal-mart,Supermercado / Tienda de Autoservicio,Walmart Sucursal Aeropuerto,Calz. Ignacio Zaragoza 58. Esq. Blvd. Puerto Aereo. Col. Federal. Cp. 15700,Ciudad de México,Venustiano Carranza,19.41926,-99.094521
Carne Res,1 Kg. Granel. Milanesa de Bola o Auténtica de Bola o de Bola Corte Delgado o de Pulpa Bola,S/M,Carne y Vísceras de Res,Basicos,256,13/05/2026,Wal-mart,Supermercado / Tienda de Autoservicio,Walmart Sucursal Balbuena,Fray Servando Teresa de Mier 881. Entre Fernando Iglesia Calderon y Genaro Garcia. Col. Jardín Balbuena. Cp. 15900,Ciudad de México,Venustiano Carranza,19.418067,-99.105639
Carne Res,1 Kg. Granel. Milanesa de Bola o Auténtica de Bola o de Bola Corte Delgado o de Pulpa Bola,S/M,Carne y Vísceras de Res,Basicos,259,13/05/2026,Hipermercado Soriana,Supermercado / Tienda de Autoservicio,Soriana Hiper Sucursal Consulado (418),Río Consulado 2355. Esq. Carlos Marx. Col. Simon Bolivar. Cp. 15410,Ciudad de México,Venustiano Carranza,19.449572,-99.100376
Carne Res,1 Kg. Granel. Milanesa de Bola o Auténtica de Bola o de Bola Corte Delgado o de Pulpa Bola,S/M,Carne y Vísceras de Res,Basicos,269,07/05/2026,La Comer,Supermercado / Tienda de Autoservicio,Lacomer Sucursal Queretaro Estadio,Luis M. Vega y Monroy 1300. Esq.cimataRío . Col. CimataRío. Cp. 76090,Querétaro,Santiago de Querétaro,20.577804,-100.373626
Carne Res,1 Kg. Granel. Milanesa de Bola o Auténtica de Bola o de Bola Corte Delgado o de Pulpa Bola,S/M,Carne y Vísceras de Res,Basicos,269,14/05/2026,La Comer,Supermercado / Tienda de Autoservicio,Lacomer Sucursal Queretaro Estadio,Luis M. Vega y Monroy 1300. Esq.cimataRío . Col. CimataRío. Cp. 76090,Querétaro,Santiago de Querétaro,20.577804,-100.373626
Carne Res,1 Kg. Granel. Milanesa o de Corte Delgado o de Pulpa Blanca,S/M,Carne y Vísceras de Res,Basicos,223,07/05/2026,Bodega Aurrera,Supermercado / Tienda de Autoservicio,Bodega Aurrera Sucursal la Viga,Calz. de la Viga 136 Esq. del Taller. Col. Lorenzo Boturini. Cp. 15820,Ciudad de México,Venustiano Carranza,19.414749,-99.127874
Carne Res,1 Kg. Granel. Milanesa o de Corte Delgado o de Pulpa Blanca,S/M,Carne y Vísceras de Res,Basicos,223,13/05/2026,Bodega Aurrera,Supermercado / Tienda de Autoservicio,Bodega Aurrera Sucursal la Viga,Calz. de la Viga 136 Esq. del Taller. Col. Lorenzo Boturini. Cp. 15820,Ciudad de México,Venustiano Carranza,19.414749,-99.127874
Carne Res,1 Kg. Granel. Milanesa o de Corte Delgado o de Pulpa Blanca,S/M,Carne y Vísceras de Res,Basicos,225,13/05/2026,Wal-mart,Supermercado / Tienda de Autoservicio,Walmart Sucursal Aeropuerto,Calz. Ignacio Zaragoza 58. Esq. Blvd. Puerto Aereo. Col. Federal. Cp. 15700,Ciudad de México,Venustiano Carranza,19.41926,-99.094521
Carne Res,1 Kg. Granel. Milanesa o de Corte Delgado o de Pulpa Blanca,S/M,Carne y Vísceras de Res,Basicos,228,08/05/2026,Bodega Aurrera,Supermercado / Tienda de Autoservicio,Bodega Aurrera Sucursal Centro Constituyentes,Constituyentes Oriente 334. Entre Pasteur y Manuel Ponce. Col. MercuRío. Cp. 76040,Querétaro,Santiago de Querétaro,20.586349,-100.382801
Carne Res,1 Kg. Granel. Milanesa o de Corte Delgado o de Pulpa Blanca,S/M,Carne y Vísceras de Res,Basicos,228,13/05/2026,Wal-mart,Supermercado / Tienda de Autoservicio,Walmart Sucursal Balbuena,Fray Servando Teresa de Mier 881. Entre Fernando Iglesia Calderon y Genaro Garcia. Col. Jardín Balbuena. Cp. 15900,Ciudad de México,Venustiano Carranza,19.418067,-99.105639
Carne Res,1 Kg. Granel. Milanesa o de Corte Delgado o de Pulpa Blanca,S/M,Carne y Vísceras de Res,Basicos,229,12/05/2026,Wal-mart,Supermercado / Tienda de Autoservicio,Walmart Sucursal Unidad Plaza de Toros,Autopista Querétaro Celaya 5501. Int. del Centro Comercial Plaza Esfera. Col. el Jacal. Cp. 76187,Querétaro,Santiago de Querétaro,20.574076,-100.408704
Carne Res,1 Kg. Granel. Milanesa o de Corte Delgado o de Pulpa Blanca,S/M,Carne y Vísceras de Res,Basicos,239,13/05/2026,Hipermercado Soriana,Supermercado / Tienda de Autoservicio,Soriana Hiper Sucursal Consulado (418),Río Consulado 2355. Esq. Carlos Marx. Col. Simon Bolivar. Cp. 15410,Ciudad de México,Venustiano Carranza,19.449572,-99.100376
Carne Res,1 Kg. Granel. Milanesa o de Corte Delgado o de Pulpa Blanca,S/M,Carne y Vísceras de Res,Basicos,248,14/05/2026,La Comer,Supermercado / Tienda de Autoservicio,Lacomer Sucursal Queretaro Estadio,Luis M. Vega y Monroy 1300. Esq.cimataRío . Col. CimataRío. Cp. 76090,Querétaro,Santiago de Querétaro,20.577804,-100.373626
Carne Res,1 Kg. Granel. Molida,S/M,Carne y Vísceras de Res,Basicos,146,13/05/2026,Chedraui,Supermercado / Tienda de Autoservicio,Chedraui Sucursal Anfora,Anfora 71. Esq. Eje 1 Norte. Col. Madero. Cp. 15320,Ciudad de México,Venustiano Carranza,19.437353,-99.110088
Carne Res,1 Kg. Granel. Molida,S/M,Carne y Vísceras de Res,Basicos,229.8,01/05/2026,Superissste,Supermercado / Tienda de Autoservicio,Superissste Sucursal 011,Calle Peluqueros No. 310 Esquina Calle Tizayuca. Col. Michoacána. Cp. 15240,Ciudad de México,Venustiano Carranza,19.446139,-99.113372
Carne Res,1 Kg. Granel. Molida,S/M,Carne y Vísceras de Res,Basicos,229.8,01/05/2026,Superissste,Supermercado / Tienda de Autoservicio,Superissste Sucursal 022,Av. del Taller y Retorno No. 38 Dentro del Retorno 38. Col. Jardín Balbuena. Cp. 15900,Ciudad de México,Venustiano Carranza,19.412842,-99.105666
Carne Res,1 Kg. Granel. Molida,S/M,Carne y Vísceras de Res,Basicos,229.8,08/05/2026,Superissste,Supermercado / Tienda de Autoservicio,Superissste Sucursal 011,Calle Peluqueros No. 310 Esquina Calle Tizayuca. Col. Michoacána. Cp. 15240,Ciudad de México,Venustiano Carranza,19.446139,-99.113372
Carne Res,1 Kg. Granel. Molida,S/M,Carne y Vísceras de Res,Basicos,229.8,08/05/2026,Superissste,Supermercado / Tienda de Autoservicio,Superissste Sucursal 022,Av. del Taller y Retorno No. 38 Dentro del Retorno 38. Col. Jardín Balbuena. Cp. 15900,Ciudad de México,Venustiano Carranza,19.412842,-99.105666
Carne Res,1 Kg. Granel. Molida,S/M,Carne y Vísceras de Res,Basicos,229.8,15/05/2026,Superissste,Supermercado / Tienda de Autoservicio,Superissste Sucursal 011,Calle Peluqueros No. 310 Esquina Calle Tizayuca. Col. Michoacána. Cp. 15240,Ciudad de México,Venustiano Carranza,19.446139,-99.113372
Carne Res,1 Kg. Granel. Molida,S/M,Carne y Vísceras de Res,Basicos,229.8,15/05/2026,Superissste,Supermercado / Tienda de Autoservicio,Superissste Sucursal 022,Av. del Taller y Retorno No. 38 Dentro del Retorno 38. Col. Jardín Balbuena. Cp. 15900,Ciudad de México,Venustiano Carranza,19.412842,-99.105666
Carne Res,1 Kg. Granel. Molida Especial 80/20,S/M,Carne y Vísceras de Res,Basicos,146,07/05/2026,Bodega Aurrera,Supermercado / Tienda de Autoservicio,Bodega Aurrera Sucursal la Viga,Calz. de la Viga 136 Esq. del Taller. Col. Lorenzo Boturini. Cp. 15820,Ciudad de México,Venustiano Carranza,19.414749,-99.127874
Carne Res,1 Kg. Granel. Molida Especial 80/20,S/M,Carne y Vísceras de Res,Basicos,146,13/05/2026,Bodega Aurrera,Supermercado / Tienda de Autoservicio,Bodega Aurrera Sucursal la Viga,Calz. de la Viga 136 Esq. del Taller. Col. Lorenzo Boturini. Cp. 15820,Ciudad de México,Venustiano Carranza,19.414749,-99.127874
Carne Res,1 Kg. Granel. Molida Especial 80/20,S/M,Carne y Vísceras de Res,Basicos,147,07/05/2026,Wal-mart,Supermercado / Tienda de Autoservicio,Walmart Sucursal Balbuena,Fray Servando Teresa de Mier 881. Entre Fernando Iglesia Calderon y Genaro Garcia. Col. Jardín Balbuena. Cp. 15900,Ciudad de México,Venustiano Carranza,19.418067,-99.105639
Carne Res,1 Kg. Granel. Molida Especial 80/20,S/M,Carne y Vísceras de Res,Basicos,147,12/05/2026,Wal-mart,Supermercado / Tienda de Autoservicio,Walmart Sucursal Unidad Plaza de Toros,Autopista Querétaro Celaya 5501. Int. del Centro Comercial Plaza Esfera. Col. el Jacal. Cp. 76187,Querétaro,Santiago de Querétaro,20.574076,-100.408704
Carne Res,1 Kg. Granel. Molida Especial 80/20,S/M,Carne y Vísceras de Res,Basicos,147,13/05/2026,Wal-mart,Supermercado / Tienda de Autoservicio,Walmart Sucursal Balbuena,Fray Servando Teresa de Mier 881. Entre Fernando Iglesia Calderon y Genaro Garcia. Col. Jardín Balbuena. Cp. 15900,Ciudad de México,Venustiano Carranza,19.418067,-99.105639
Carne Res,1 Kg. Granel. Molida Especial 80/20,S/M,Carne y Vísceras de Res,Basicos,239,07/05/2026,La Comer,Supermercado / Tienda de Autoservicio,Lacomer Sucursal Queretaro Estadio,Luis M. Vega y Monroy 1300. Esq.cimataRío . Col. CimataRío. Cp. 76090,Querétaro,Santiago de Querétaro,20.577804,-100.373626
Carne Res,1 Kg. Granel. Molida Especial 80/20,S/M,Carne y Vísceras de Res,Basicos,239,14/05/2026,La Comer,Supermercado / Tienda de Autoservicio,Lacomer Sucursal Queretaro Estadio,Luis M. Vega y Monroy 1300. Esq.cimataRío . Col. CimataRío. Cp. 76090,Querétaro,Santiago de Querétaro,20.577804,-100.373626
Carne Res,1 Kg. Granel. Molida Especial 80/20,S/M,Carne y Vísceras de Res,Basicos,98.9,13/05/2026,Hipermercado Soriana,Supermercado / Tienda de Autoservicio,Soriana Hiper Sucursal Consulado (418),Río Consulado 2355. Esq. Carlos Marx. Col. Simon Bolivar. Cp. 15410,Ciudad de México,Venustiano Carranza,19.449572,-99.100376
Carne Res,1 Kg. Granel. Molida Top Sirlion 90/10 o de Sirlion 90/10,S/M,Carne y Vísceras de Res,Basicos,238,07/05/2026,Bodega Aurrera,Supermercado / Tienda de Autoservicio,Bodega Aurrera Sucursal la Viga,Calz. de la Viga 136 Esq. del Taller. Col. Lorenzo Boturini. Cp. 15820,Ciudad de México,Venustiano Carranza,19.414749,-99.127874
Carne Res,1 Kg. Granel. Molida Top Sirlion 90/10 o de Sirlion 90/10,S/M,Carne y Vísceras de Res,Basicos,238,08/05/2026,Bodega Aurrera,Supermercado / Tienda de Autoservicio,Bodega Aurrera Sucursal Centro Constituyentes,Constituyentes Oriente 334. Entre Pasteur y Manuel Ponce. Col. MercuRío. Cp. 76040,Querétaro,Santiago de Querétaro,20.586349,-100.382801
Carne Res,1 Kg. Granel. Molida Top Sirlion 90/10 o de Sirlion 90/10,S/M,Carne y Vísceras de Res,Basicos,238,13/05/2026,Bodega Aurrera,Supermercado / Tienda de Autoservicio,Bodega Aurrera Sucursal la Viga,Calz. de la Viga 136 Esq. del Taller. Col. Lorenzo Boturini. Cp. 15820,Ciudad de México,Venustiano Carranza,19.414749,-99.127874
Carne Res,1 Kg. Granel. Molida Top Sirlion 90/10 o de Sirlion 90/10,S/M,Carne y Vísceras de Res,Basicos,239,07/05/2026,Wal-mart,Supermercado / Tienda de Autoservicio,Walmart Sucursal Balbuena,Fray Servando Teresa de Mier 881. Entre Fernando Iglesia Calderon y Genaro Garcia. Col. Jardín Balbuena. Cp. 15900,Ciudad de México,Venustiano Carranza,19.418067,-99.105639
Carne Res,1 Kg. Granel. Molida Top Sirlion 90/10 o de Sirlion 90/10,S/M,Carne y Vísceras de Res,Basicos,239,12/05/2026,Wal-mart,Supermercado / Tienda de Autoservicio,Walmart Sucursal Unidad Plaza de Toros,Autopista Querétaro Celaya 5501. Int. del Centro Comercial Plaza Esfera. Col. el Jacal. Cp. 76187,Querétaro,Santiago de Querétaro,20.574076,-100.408704
Carne Res,1 Kg. Granel. Molida Top Sirlion 90/10 o de Sirlion 90/10,S/M,Carne y Vísceras de Res,Basicos,239,13/05/2026,Wal-mart,Supermercado / Tienda de Autoservicio,Walmart Sucursal Balbuena,Fray Servando Teresa de Mier 881. Entre Fernando Iglesia Calderon y Genaro Garcia. Col. Jardín Balbuena. Cp. 15900,Ciudad de México,Venustiano Carranza,19.418067,-99.105639
Carne Res,1 Kg. Granel. Panza o Menudo. Cocidos,S/M,Carne y Vísceras de Res,Basicos,104,13/05/2026,Chedraui,Supermercado / Tienda de Autoservicio,Chedraui Sucursal Centro Sur,Blvd. Bernardo Quintana 502. Carr. con Direccion a Centro Civico. Col. Centro Sur. Cp. 76087,Querétaro,Santiago de Querétaro,20.569354,-100.358831
Carne Res,1 Kg. Granel. Panza o Menudo. Cocidos,S/M,Carne y Vísceras de Res,Basicos,109,07/05/2026,La Comer,Supermercado / Tienda de Autoservicio,Lacomer Sucursal Queretaro Estadio,Luis M. Vega y Monroy 1300. Esq.cimataRío . Col. CimataRío. Cp. 76090,Querétaro,Santiago de Querétaro,20.577804,-100.373626
Carne Res,1 Kg. Granel. Panza o Menudo. Cocidos,S/M,Carne y Vísceras de Res,Basicos,109,13/05/2026,Wal-mart,Supermercado / Tienda de Autoservicio,Walmart Sucursal Balbuena,Fray Servando Teresa de Mier 881. Entre Fernando Iglesia Calderon y Genaro Garcia. Col. Jardín Balbuena. Cp. 15900,Ciudad de México,Venustiano Carranza,19.418067,-99.105639
Carne Res,1 Kg. Granel. Panza o Menudo. Cocidos,S/M,Carne y Vísceras de Res,Basicos,109,14/05/2026,La Comer,Supermercado / Tienda de Autoservicio,Lacomer Sucursal Queretaro Estadio,Luis M. Vega y Monroy 1300. Esq.cimataRío . Col. CimataRío. Cp. 76090,Querétaro,Santiago de Querétaro,20.577804,-100.373626
Carne Res,1 Kg. Granel. Panza o Menudo. Cocidos,S/M,Carne y Vísceras de Res,Basicos,158,08/05/2026,Bodega Aurrera,Supermercado / Tienda de Autoservicio,Bodega Aurrera Sucursal Centro Constituyentes,Constituyentes Oriente 334. Entre Pasteur y Manuel Ponce. Col. MercuRío. Cp. 76040,Querétaro,Santiago de Querétaro,20.586349,-100.382801
Carne Res,1 Kg. Granel. Panza o Menudo. Cocidos,S/M,Carne y Vísceras de Res,Basicos,159,07/05/2026,Wal-mart,Supermercado / Tienda de Autoservicio,Walmart Sucursal Balbuena,Fray Servando Teresa de Mier 881. Entre Fernando Iglesia Calderon y Genaro Garcia. Col. Jardín Balbuena. Cp. 15900,Ciudad de México,Venustiano Carranza,19.418067,-99.105639
Carne Res,1 Kg. Granel. Panza o Menudo. Cocidos,S/M,Carne y Vísceras de Res,Basicos,161,12/05/2026,Wal-mart,Supermercado / Tienda de Autoservicio,Walmart Sucursal Unidad Plaza de Toros,Autopista Querétaro Celaya 5501. Int. del Centro Comercial Plaza Esfera. Col. el Jacal. Cp. 76187,Querétaro,Santiago de Querétaro,20.574076,-100.408704
Carne Res,1 Kg. Granel. Panza o Menudo. Cocidos,S/M,Carne y Vísceras de Res,Basicos,161,13/05/2026,Wal-mart,Supermercado / Tienda de Autoservicio,Walmart Sucursal Aeropuerto,Calz. Ignacio Zaragoza 58. Esq. Blvd. Puerto Aereo. Col. Federal. Cp. 15700,Ciudad de México,Venustiano Carranza,19.41926,-99.094521
Carne Res,1 Kg. Granel. Panza o Menudo. Crudos,S/M,Carne y Vísceras de Res,Basicos,108,08/05/2026,Bodega Aurrera,Supermercado / Tienda de Autoservicio,Bodega Aurrera Sucursal Centro Constituyentes,Constituyentes Oriente 334. Entre Pasteur y Manuel Ponce. Col. MercuRío. Cp. 76040,Querétaro,Santiago de Querétaro,20.586349,-100.382801
Carne Res,1 Kg. Granel. Panza o Menudo. Crudos,S/M,Carne y Vísceras de Res,Basicos,108,15/05/2026,Bodega Aurrera,Supermercado / Tienda de Autoservicio,Bodega Aurrera Sucursal Centro Constituyentes,Constituyentes Oriente 334. Entre Pasteur y Manuel Ponce. Col. MercuRío. Cp. 76040,Querétaro,Santiago de Querétaro,20.586349,-100.382801
Carne Res,1 Kg. Granel. Panza o Menudo. Crudos,S/M,Carne y Vísceras de Res,Basicos,109,12/05/2026,Wal-mart,Supermercado / Tienda de Autoservicio,Walmart Sucursal Unidad Plaza de Toros,Autopista Querétaro Celaya 5501. Int. del Centro Comercial Plaza Esfera. Col. el Jacal. Cp. 76187,Querétaro,Santiago de Querétaro,20.574076,-100.408704
Carne Res,1 Kg. Granel. Panza o Menudo. Crudos,S/M,Carne y Vísceras de Res,Basicos,109,13/05/2026,Wal-mart,Supermercado / Tienda de Autoservicio,Walmart Sucursal Aeropuerto,Calz. Ignacio Zaragoza 58. Esq. Blvd. Puerto Aereo. Col. Federal. Cp. 15700,Ciudad de México,Venustiano Carranza,19.41926,-99.094521
Carne Res,1 Kg. Granel. Panza o Menudo. Crudos,S/M,Carne y Vísceras de Res,Basicos,114,13/05/2026,Hipermercado Soriana,Supermercado / Tienda de Autoservicio,Soriana Hiper Sucursal Consulado (418),Río Consulado 2355. Esq. Carlos Marx. Col. Simon Bolivar. Cp. 15410,Ciudad de México,Venustiano Carranza,19.449572,-99.100376
Carne Res,1 Kg. Granel. Panza o Menudo. Crudos,S/M,Carne y Vísceras de Res,Basicos,164,07/05/2026,La Comer,Supermercado / Tienda de Autoservicio,Lacomer Sucursal Queretaro Estadio,Luis M. Vega y Monroy 1300. Esq.cimataRío . Col. CimataRío. Cp. 76090,Querétaro,Santiago de Querétaro,20.577804,-100.373626
Carne Res,1 Kg. Granel. Panza o Menudo. Crudos,S/M,Carne y Vísceras de Res,Basicos,164,14/05/2026,La Comer,Supermercado / Tienda de Autoservicio,Lacomer Sucursal Queretaro Estadio,Luis M. Vega y Monroy 1300. Esq.cimataRío . Col. CimataRío. Cp. 76090,Querétaro,Santiago de Querétaro,20.577804,-100.373626
Carne Res,1 Kg. Granel. Panza o Menudo. Crudos,S/M,Carne y Vísceras de Res,Basicos,89.9,13/05/2026,Chedraui,Supermercado / Tienda de Autoservicio,Chedraui Sucursal Anfora,Anfora 71. Esq. Eje 1 Norte. Col. Madero. Cp. 15320,Ciudad de México,Venustiano Carranza,19.437353,-99.110088
Carne Res,1 Kg. Granel. Retazo con Hueso o Cocido Comercial,S/M,Carne y Vísceras de Res,Basicos,142,08/05/2026,Bodega Aurrera,Supermercado / Tienda de Autoservicio,Bodega Aurrera Sucursal Centro Constituyentes,Constituyentes Oriente 334. Entre Pasteur y Manuel Ponce. Col. MercuRío. Cp. 76040,Querétaro,Santiago de Querétaro,20.586349,-100.382801
Carne Res,1 Kg. Granel. Retazo con Hueso o Cocido Comercial,S/M,Carne y Vísceras de Res,Basicos,142,13/05/2026,Bodega Aurrera,Supermercado / Tienda de Autoservicio,Bodega Aurrera Sucursal la Viga,Calz. de la Viga 136 Esq. del Taller. Col. Lorenzo Boturini. Cp. 15820,Ciudad de México,Venustiano Carranza,19.414749,-99.127874
Carne Res,1 Kg. Granel. Retazo con Hueso o Cocido Comercial,S/M,Carne y Vísceras de Res,Basicos,148,12/05/2026,Wal-mart,Supermercado / Tienda de Autoservicio,Walmart Sucursal Unidad Plaza de Toros,Autopista Querétaro Celaya 5501. Int. del Centro Comercial Plaza Esfera. Col. el Jacal. Cp. 76187,Querétaro,Santiago de Querétaro,20.574076,-100.408704
Carne Res,1 Kg. Granel. Retazo con Hueso o Cocido Comercial,S/M,Carne y Vísceras de Res,Basicos,148,13/05/2026,Wal-mart,Supermercado / Tienda de Autoservicio,Walmart Sucursal Aeropuerto,Calz. Ignacio Zaragoza 58. Esq. Blvd. Puerto Aereo. Col. Federal. Cp. 15700,Ciudad de México,Venustiano Carranza,19.41926,-99.094521
Carne Res,1 Kg. Granel. Retazo con Hueso o Cocido Comercial,S/M,Carne y Vísceras de Res,Basicos,148,13/05/2026,Wal-mart,Supermercado / Tienda de Autoservicio,Walmart Sucursal Balbuena,Fray Servando Teresa de Mier 881. Entre Fernando Iglesia Calderon y Genaro Garcia. Col. Jardín Balbuena. Cp. 15900,Ciudad de México,Venustiano Carranza,19.418067,-99.105639
Carne Res,1 Kg. Granel. Retazo con Hueso o Cocido Comercial,S/M,Carne y Vísceras de Res,Basicos,154,01/05/2026,Superissste,Supermercado / Tienda de Autoservicio,Superissste Sucursal 011,Calle Peluqueros No. 310 Esquina Calle Tizayuca. Col. Michoacána. Cp. 15240,Ciudad de México,Venustiano Carranza,19.446139,-99.113372
Carne Res,1 Kg. Granel. Retazo con Hueso o Cocido Comercial,S/M,Carne y Vísceras de Res,Basicos,154,01/05/2026,Superissste,Supermercado / Tienda de Autoservicio,Superissste Sucursal 022,Av. del Taller y Retorno No. 38 Dentro del Retorno 38. Col. Jardín Balbuena. Cp. 15900,Ciudad de México,Venustiano Carranza,19.412842,-99.105666
Carne Res,1 Kg. Granel. Retazo con Hueso o Cocido Comercial,S/M,Carne y Vísceras de Res,Basicos,154,08/05/2026,Superissste,Supermercado / Tienda de Autoservicio,Superissste Sucursal 011,Calle Peluqueros No. 310 Esquina Calle Tizayuca. Col. Michoacána. Cp. 15240,Ciudad de México,Venustiano Carranza,19.446139,-99.113372
Carne Res,1 Kg. Granel. Retazo con Hueso o Cocido Comercial,S/M,Carne y Vísceras de Res,Basicos,154,08/05/2026,Superissste,Supermercado / Tienda de Autoservicio,Superissste Sucursal 022,Av. del Taller y Retorno No. 38 Dentro del Retorno 38. Col. Jardín Balbuena. Cp. 15900,Ciudad de México,Venustiano Carranza,19.412842,-99.105666
Carne Res,1 Kg. Granel. Retazo con Hueso o Cocido Comercial,S/M,Carne y Vísceras de Res,Basicos,154,15/05/2026,Superissste,Supermercado / Tienda de Autoservicio,Superissste Sucursal 011,Calle Peluqueros No. 310 Esquina Calle Tizayuca. Col. Michoacána. Cp. 15240,Ciudad de México,Venustiano Carranza,19.446139,-99.113372
Carne Res,1 Kg. Granel. Retazo con Hueso o Cocido Comercial,S/M,Carne y Vísceras de Res,Basicos,154,15/05/2026,Superissste,Supermercado / Tienda de Autoservicio,Superissste Sucursal 022,Av. del Taller y Retorno No. 38 Dentro del Retorno 38. Col. Jardín Balbuena. Cp. 15900,Ciudad de México,Venustiano Carranza,19.412842,-99.105666
Carne Res,1 Kg. Granel. Retazo con Hueso o Cocido Comercial,S/M,Carne y Vísceras de Res,Basicos,99.9,13/05/2026,Chedraui,Supermercado / Tienda de Autoservicio,Chedraui Sucursal Anfora,Anfora 71. Esq. Eje 1 Norte. Col. Madero. Cp. 15320,Ciudad de México,Venustiano Carranza,19.437353,-99.110088
Carne Res,Paquete 500 Gr. Hígado Rebanado,Sukarne,Carne y Vísceras de Res,Basicos,35,12/05/2026,Wal-mart,Supermercado / Tienda de Autoservicio,Walmart Sucursal Unidad Plaza de Toros,Autopista Querétaro Celaya 5501. Int. del Centro Comercial Plaza Esfera. Col. el Jacal. Cp. 76187,Querétaro,Santiago de Querétaro,20.574076,-100.408704
Carne Res,Paquete 500 Gr. Hígado Rebanado,Sukarne,Carne y Vísceras de Res,Basicos,35,13/05/2026,Wal-mart,Supermercado / Tienda de Autoservicio,Walmart Sucursal Aeropuerto,Calz. Ignacio Zaragoza 58. Esq. Blvd. Puerto Aereo. Col. Federal. Cp. 15700,Ciudad de México,Venustiano Carranza,19.41926,-99.094521
Carne Res,Paquete 500 Gr. Hígado Rebanado,Sukarne,Carne y Vísceras de Res,Basicos,37,07/05/2026,Bodega Aurrera,Supermercado / Tienda de Autoservicio,Bodega Aurrera Sucursal la Viga,Calz. de la Viga 136 Esq. del Taller. Col. Lorenzo Boturini. Cp. 15820,Ciudad de México,Venustiano Carranza,19.414749,-99.127874
Carne Res,Paquete 500 Gr. Hígado Rebanado,Sukarne,Carne y Vísceras de Res,Basicos,37,13/05/2026,Hipermercado Soriana,Supermercado / Tienda de Autoservicio,Soriana Hiper Sucursal Consulado (418),Río Consulado 2355. Esq. Carlos Marx. Col. Simon Bolivar. Cp. 15410,Ciudad de México,Venustiano Carranza,19.449572,-99.100376
Carne Res,Paquete 500 Gr. Hígado Rebanado,Sukarne,Carne y Vísceras de Res,Basicos,39,07/05/2026,La Comer,Supermercado / Tienda de Autoservicio,Lacomer Sucursal Queretaro Estadio,Luis M. Vega y Monroy 1300. Esq.cimataRío . Col. CimataRío. Cp. 76090,Querétaro,Santiago de Querétaro,20.577804,-100.373626
Carne Res,Paquete 500 Gr. Hígado Rebanado,Sukarne,Carne y Vísceras de Res,Basicos,39,13/05/2026,Chedraui,Supermercado / Tienda de Autoservicio,Chedraui Sucursal Centro Sur,Blvd. Bernardo Quintana 502. Carr. con Direccion a Centro Civico. Col. Centro Sur. Cp. 76087,Querétaro,Santiago de Querétaro,20.569354,-100.358831
Cebolla,1 Kg. Granel. Amarilla,S/M,Hortalizas Frescas,Frutas y Legumbres,23,13/05/2026,Chedraui,Supermercado / Tienda de Autoservicio,Chedraui Sucursal Centro Sur,Blvd. Bernardo Quintana 502. Carr. con Direccion a Centro Civico. Col. Centro Sur. Cp. 76087,Querétaro,Santiago de Querétaro,20.569354,-100.358831
Cebolla,1 Kg. Granel. Blanca Sin Rabo,S/M,Hortalizas Frescas,Frutas y Legumbres,14.5,06/05/2026,Chedraui,Supermercado / Tienda de Autoservicio,Chedraui Sucursal Centro Sur,Blvd. Bernardo Quintana 502. Carr. con Direccion a Centro Civico. Col. Centro Sur. Cp. 76087,Querétaro,Santiago de Querétaro,20.569354,-100.358831
Cebolla,1 Kg. Granel. Blanca Sin Rabo,S/M,Hortalizas Frescas,Frutas y Legumbres,16,13/05/2026,Chedraui,Supermercado / Tienda de Autoservicio,Chedraui Sucursal Anfora,Anfora 71. Esq. Eje 1 Norte. Col. Madero. Cp. 15320,Ciudad de México,Venustiano Carranza,19.437353,-99.110088
Cebolla,1 Kg. Granel. Blanca Sin Rabo,S/M,Hortalizas Frescas,Frutas y Legumbres,16,13/05/2026,Chedraui,Supermercado / Tienda de Autoservicio,Chedraui Sucursal Centro Sur,Blvd. Bernardo Quintana 502. Carr. con Direccion a Centro Civico. Col. Centro Sur. Cp. 76087,Querétaro,Santiago de Querétaro,20.569354,-100.358831
Cebolla,1 Kg. Granel. Blanca Sin Rabo,S/M,Hortalizas Frescas,Frutas y Legumbres,16,13/05/2026,Mercado Publico,Mercados,Mercado Romero Rubio,Cairo S/n. Esq. Persia. Col. Romero Rubio. Cp. 15400,Ciudad de México,Venustiano Carranza,19.388643,-99.066708
Cebolla,1 Kg. Granel. Blanca Sin Rabo,S/M,Hortalizas Frescas,Frutas y Legumbres,16,14/05/2026,Mercado Publico,Mercados,Mercado Lomas de Casablanca,Avenida 10. Esq. Calle 23. Col. Lomas de Casa Blanca. Cp. 76080,Querétaro,Santiago de Querétaro,20.603024,-100.396263
Cebolla,1 Kg. Granel. Blanca Sin Rabo,S/M,Hortalizas Frescas,Frutas y Legumbres,17,04/05/2026,Mercado Publico,Mercados,Mercado Lomas de Casablanca,Avenida 10. Esq. Calle 23. Col. Lomas de Casa Blanca. Cp. 76080,Querétaro,Santiago de Querétaro,20.603024,-100.396263
Cebolla,1 Kg. Granel. Blanca Sin Rabo,S/M,Hortalizas Frescas,Frutas y Legumbres,19.9,01/05/2026,Superissste,Supermercado / Tienda de Autoservicio,Superissste Sucursal 011,Calle Peluqueros No. 310 Esquina Calle Tizayuca. Col. Michoacána. Cp. 15240,Ciudad de México,Venustiano Carranza,19.446139,-99.113372
Cebolla,1 Kg. Granel. Blanca Sin Rabo,S/M,Hortalizas Frescas,Frutas y Legumbres,19.9,01/05/2026,Superissste,Supermercado / Tienda de Autoservicio,Superissste Sucursal 022,Av. del Taller y Retorno No. 38 Dentro del Retorno 38. Col. Jardín Balbuena. Cp. 15900,Ciudad de México,Venustiano Carranza,19.412842,-99.105666
Cebolla,1 Kg. Granel. Blanca Sin Rabo,S/M,Hortalizas Frescas,Frutas y Legumbres,19.9,08/05/2026,Superissste,Supermercado / Tienda de Autoservicio,Superissste Sucursal 011,Calle Peluqueros No. 310 Esquina Calle Tizayuca. Col. Michoacána. Cp. 15240,Ciudad de México,Venustiano Carranza,19.446139,-99.113372
Cebolla,1 Kg. Granel. Blanca Sin Rabo,S/M,Hortalizas Frescas,Frutas y Legumbres,19.9,08/05/2026,Superissste,Supermercado / Tienda de Autoservicio,Superissste Sucursal 022,Av. del Taller y Retorno No. 38 Dentro del Retorno 38. Col. Jardín Balbuena. Cp. 15900,Ciudad de México,Venustiano Carranza,19.412842,-99.105666
Cebolla,1 Kg. Granel. Blanca Sin Rabo,S/M,Hortalizas Frescas,Frutas y Legumbres,19.9,15/05/2026,Superissste,Supermercado / Tienda de Autoservicio,Superissste Sucursal 011,Calle Peluqueros No. 310 Esquina Calle Tizayuca. Col. Michoacána. Cp. 15240,Ciudad de México,Venustiano Carranza,19.446139,-99.113372
Cebolla,1 Kg. Granel. Blanca Sin Rabo,S/M,Hortalizas Frescas,Frutas y Legumbres,19.9,15/05/2026,Superissste,Supermercado / Tienda de Autoservicio,Superissste Sucursal 022,Av. del Taller y Retorno No. 38 Dentro del Retorno 38. Col. Jardín Balbuena. Cp. 15900,Ciudad de México,Venustiano Carranza,19.412842,-99.105666
Cebolla,1 Kg. Granel. Blanca Sin Rabo,S/M,Hortalizas Frescas,Frutas y Legumbres,21.8,13/05/2026,Hipermercado Soriana,Supermercado / Tienda de Autoservicio,Soriana Hiper Sucursal Cimatario,Ctra. a Huimilpan 1001. Int. del Centro Comercial Plaza del Sol. Col. Plazas del Sol. Iii Sección. Cp. 76099,Querétaro,Santiago de Querétaro,20.563227,-100.375284
Cebolla,1 Kg. Granel. Blanca Sin Rabo,S/M,Hortalizas Frescas,Frutas y Legumbres,21.8,13/05/2026,Hipermercado Soriana,Supermercado / Tienda de Autoservicio,Soriana Hiper Sucursal Consulado (418),Río Consulado 2355. Esq. Carlos Marx. Col. Simon Bolivar. Cp. 15410,Ciudad de México,Venustiano Carranza,19.449572,-99.100376
Cebolla,1 Kg. Granel. Blanca Sin Rabo,S/M,Hortalizas Frescas,Frutas y Legumbres,22.9,07/05/2026,La Comer,Supermercado / Tienda de Autoservicio,Lacomer Sucursal Queretaro Estadio,Luis M. Vega y Monroy 1300. Esq.cimataRío . Col. CimataRío. Cp. 76090,Querétaro,Santiago de Querétaro,20.577804,-100.373626
Cebolla,1 Kg. Granel. Blanca Sin Rabo,S/M,Hortalizas Frescas,Frutas y Legumbres,22.9,14/05/2026,La Comer,Supermercado / Tienda de Autoservicio,Lacomer Sucursal Queretaro Estadio,Luis M. Vega y Monroy 1300. Esq.cimataRío . Col. CimataRío. Cp. 76090,Querétaro,Santiago de Querétaro,20.577804,-100.373626
Cebolla,1 Kg. Granel. Blanca Sin Rabo,S/M,Hortalizas Frescas,Frutas y Legumbres,24.8,04/05/2026,Hipermercado Soriana,Supermercado / Tienda de Autoservicio,Soriana Hiper Sucursal Cimatario,Ctra. a Huimilpan 1001. Int. del Centro Comercial Plaza del Sol. Col. Plazas del Sol. Iii Sección. Cp. 76099,Querétaro,Santiago de Querétaro,20.563227,-100.375284
Cebolla,1 Kg. Granel. Blanca Sin Rabo,S/M,Hortalizas Frescas,Frutas y Legumbres,26.9,07/05/2026,Bodega Aurrera,Supermercado / Tienda de Autoservicio,Bodega Aurrera Sucursal la Viga,Calz. de la Viga 136 Esq. del Taller. Col. Lorenzo Boturini. Cp. 15820,Ciudad de México,Venustiano Carranza,19.414749,-99.127874
Cebolla,1 Kg. Granel. Blanca Sin Rabo,S/M,Hortalizas Frescas,Frutas y Legumbres,26.9,13/05/2026,Bodega Aurrera,Supermercado / Tienda de Autoservicio,Bodega Aurrera Sucursal la Viga,Calz. de la Viga 136 Esq. del Taller. Col. Lorenzo Boturini. Cp. 15820,Ciudad de México,Venustiano Carranza,19.414749,-99.127874
Cebolla,1 Kg. Granel. Blanca Sin Rabo,S/M,Hortalizas Frescas,Frutas y Legumbres,34,08/05/2026,Bodega Aurrera,Supermercado / Tienda de Autoservicio,Bodega Aurrera Sucursal Centro Constituyentes,Constituyentes Oriente 334. Entre Pasteur y Manuel Ponce. Col. MercuRío. Cp. 76040,Querétaro,Santiago de Querétaro,20.586349,-100.382801
Cebolla,1 Kg. Granel. Blanca Sin Rabo,S/M,Hortalizas Frescas,Frutas y Legumbres,34,15/05/2026,Bodega Aurrera,Supermercado / Tienda de Autoservicio,Bodega Aurrera Sucursal Centro Constituyentes,Constituyentes Oriente 334. Entre Pasteur y Manuel Ponce. Col. MercuRío. Cp. 76040,Querétaro,Santiago de Querétaro,20.586349,-100.382801
Cebolla,1 Kg. Granel. Blanca Sin Rabo,S/M,Hortalizas Frescas,Frutas y Legumbres,35,07/05/2026,Wal-mart,Supermercado / Tienda de Autoservicio,Walmart Sucursal Unidad Plaza de Toros,Autopista Querétaro Celaya 5501. Int. del Centro Comercial Plaza Esfera. Col. el Jacal. Cp. 76187,Querétaro,Santiago de Querétaro,20.574076,-100.408704
Cebolla,1 Kg. Granel. Blanca Sin Rabo,S/M,Hortalizas Frescas,Frutas y Legumbres,35,12/05/2026,Wal-mart,Supermercado / Tienda de Autoservicio,Walmart Sucursal Unidad Plaza de Toros,Autopista Querétaro Celaya 5501. Int. del Centro Comercial Plaza Esfera. Col. el Jacal. Cp. 76187,Querétaro,Santiago de Querétaro,20.574076,-100.408704
Cebolla,1 Kg. Granel. Blanca Sin Rabo,S/M,Hortalizas Frescas,Frutas y Legumbres,35,13/05/2026,Wal-mart,Supermercado / Tienda de Autoservicio,Walmart Sucursal Aeropuerto,Calz. Ignacio Zaragoza 58. Esq. Blvd. Puerto Aereo. Col. Federal. Cp. 15700,Ciudad de México,Venustiano Carranza,19.41926,-99.094521
Cebolla,1 Kg. Granel. Blanca Sin Rabo,S/M,Hortalizas Frescas,Frutas y Legumbres,35,13/05/2026,Wal-mart,Supermercado / Tienda de Autoservicio,Walmart Sucursal Balbuena,Fray Servando Teresa de Mier 881. Entre Fernando Iglesia Calderon y Genaro Garcia. Col. Jardín Balbuena. Cp. 15900,Ciudad de México,Venustiano Carranza,19.418067,-99.105639
Cebolla,1 Kg. Granel. Blanca Sin Rabo,S/M,Hortalizas Frescas,Frutas y Legumbres,39,07/05/2026,Wal-mart,Supermercado / Tienda de Autoservicio,Walmart Sucursal Balbuena,Fray Servando Teresa de Mier 881. Entre Fernando Iglesia Calderon y Genaro Garcia. Col. Jardín Balbuena. Cp. 15900,Ciudad de México,Venustiano Carranza,19.418067,-99.105639
Cebolla,1 Kg. Granel. Blanca Sin Rabo,S/M,Hortalizas Frescas,Pacic,14.5,06/05/2026,Chedraui,Supermercado / Tienda de Autoservicio,Chedraui Sucursal Centro Sur,Blvd. Bernardo Quintana 502. Carr. con Direccion a Centro Civico. Col. Centro Sur. Cp. 76087,Querétaro,Santiago de Querétaro,20.569354,-100.358831
Cebolla,1 Kg. Granel. Blanca Sin Rabo,S/M,Hortalizas Frescas,Pacic,16,13/05/2026,Chedraui,Supermercado / Tienda de Autoservicio,Chedraui Sucursal Anfora,Anfora 71. Esq. Eje 1 Norte. Col. Madero. Cp. 15320,Ciudad de México,Venustiano Carranza,19.437353,-99.110088
Cebolla,1 Kg. Granel. Blanca Sin Rabo,S/M,Hortalizas Frescas,Pacic,16,13/05/2026,Chedraui,Supermercado / Tienda de Autoservicio,Chedraui Sucursal Centro Sur,Blvd. Bernardo Quintana 502. Carr. con Direccion a Centro Civico. Col. Centro Sur. Cp. 76087,Querétaro,Santiago de Querétaro,20.569354,-100.358831
Cebolla,1 Kg. Granel. Blanca Sin Rabo,S/M,Hortalizas Frescas,Pacic,21.8,13/05/2026,Hipermercado Soriana,Supermercado / Tienda de Autoservicio,Soriana Hiper Sucursal Cimatario,Ctra. a Huimilpan 1001. Int. del Centro Comercial Plaza del Sol. Col. Plazas del Sol. Iii Sección. Cp. 76099,Querétaro,Santiago de Querétaro,20.563227,-100.375284
Cebolla,1 Kg. Granel. Blanca Sin Rabo,S/M,Hortalizas Frescas,Pacic,21.8,13/05/2026,Hipermercado Soriana,Supermercado / Tienda de Autoservicio,Soriana Hiper Sucursal Consulado (418),Río Consulado 2355. Esq. Carlos Marx. Col. Simon Bolivar. Cp. 15410,Ciudad de México,Venustiano Carranza,19.449572,-99.100376
Cebolla,1 Kg. Granel. Blanca Sin Rabo,S/M,Hortalizas Frescas,Pacic,22.9,07/05/2026,La Comer,Supermercado / Tienda de Autoservicio,Lacomer Sucursal Queretaro Estadio,Luis M. Vega y Monroy 1300. Esq.cimataRío . Col. CimataRío. Cp. 76090,Querétaro,Santiago de Querétaro,20.577804,-100.373626
Cebolla,1 Kg. Granel. Blanca Sin Rabo,S/M,Hortalizas Frescas,Pacic,22.9,14/05/2026,La Comer,Supermercado / Tienda de Autoservicio,Lacomer Sucursal Queretaro Estadio,Luis M. Vega y Monroy 1300. Esq.cimataRío . Col. CimataRío. Cp. 76090,Querétaro,Santiago de Querétaro,20.577804,-100.373626
Cebolla,1 Kg. Granel. Blanca Sin Rabo,S/M,Hortalizas Frescas,Pacic,24.8,04/05/2026,Hipermercado Soriana,Supermercado / Tienda de Autoservicio,Soriana Hiper Sucursal Cimatario,Ctra. a Huimilpan 1001. Int. del Centro Comercial Plaza del Sol. Col. Plazas del Sol. Iii Sección. Cp. 76099,Querétaro,Santiago de Querétaro,20.563227,-100.375284
Cebolla,1 Kg. Granel. Blanca Sin Rabo,S/M,Hortalizas Frescas,Pacic,26.9,07/05/2026,Bodega Aurrera,Supermercado / Tienda de Autoservicio,Bodega Aurrera Sucursal la Viga,Calz. de la Viga 136 Esq. del Taller. Col. Lorenzo Boturini. Cp. 15820,Ciudad de México,Venustiano Carranza,19.414749,-99.127874
Cebolla,1 Kg. Granel. Blanca Sin Rabo,S/M,Hortalizas Frescas,Pacic,26.9,13/05/2026,Bodega Aurrera,Supermercado / Tienda de Autoservicio,Bodega Aurrera Sucursal la Viga,Calz. de la Viga 136 Esq. del Taller. Col. Lorenzo Boturini. Cp. 15820,Ciudad de México,Venustiano Carranza,19.414749,-99.127874
Cebolla,1 Kg. Granel. Blanca Sin Rabo,S/M,Hortalizas Frescas,Pacic,34,08/05/2026,Bodega Aurrera,Supermercado / Tienda de Autoservicio,Bodega Aurrera Sucursal Centro Constituyentes,Constituyentes Oriente 334. Entre Pasteur y Manuel Ponce. Col. MercuRío. Cp. 76040,Querétaro,Santiago de Querétaro,20.586349,-100.382801
Cebolla,1 Kg. Granel. Blanca Sin Rabo,S/M,Hortalizas Frescas,Pacic,34,15/05/2026,Bodega Aurrera,Supermercado / Tienda de Autoservicio,Bodega Aurrera Sucursal Centro Constituyentes,Constituyentes Oriente 334. Entre Pasteur y Manuel Ponce. Col. MercuRío. Cp. 76040,Querétaro,Santiago de Querétaro,20.586349,-100.382801
Cebolla,1 Kg. Granel. Blanca Sin Rabo,S/M,Hortalizas Frescas,Pacic,35,07/05/2026,Wal-mart,Supermercado / Tienda de Autoservicio,Walmart Sucursal Unidad Plaza de Toros,Autopista Querétaro Celaya 5501. Int. del Centro Comercial Plaza Esfera. Col. el Jacal. Cp. 76187,Querétaro,Santiago de Querétaro,20.574076,-100.408704
Cebolla,1 Kg. Granel. Blanca Sin Rabo,S/M,Hortalizas Frescas,Pacic,35,12/05/2026,Wal-mart,Supermercado / Tienda de Autoservicio,Walmart Sucursal Unidad Plaza de Toros,Autopista Querétaro Celaya 5501. Int. del Centro Comercial Plaza Esfera. Col. el Jacal. Cp. 76187,Querétaro,Santiago de Querétaro,20.574076,-100.408704
Cebolla,1 Kg. Granel. Blanca Sin Rabo,S/M,Hortalizas Frescas,Pacic,35,13/05/2026,Wal-mart,Supermercado / Tienda de Autoservicio,Walmart Sucursal Aeropuerto,Calz. Ignacio Zaragoza 58. Esq. Blvd. Puerto Aereo. Col. Federal. Cp. 15700,Ciudad de México,Venustiano Carranza,19.41926,-99.094521
Cebolla,1 Kg. Granel. Blanca Sin Rabo,S/M,Hortalizas Frescas,Pacic,35,13/05/2026,Wal-mart,Supermercado / Tienda de Autoservicio,Walmart Sucursal Balbuena,Fray Servando Teresa de Mier 881. Entre Fernando Iglesia Calderon y Genaro Garcia. Col. Jardín Balbuena. Cp. 15900,Ciudad de México,Venustiano Carranza,19.418067,-99.105639
Cebolla,1 Kg. Granel. Blanca Sin Rabo,S/M,Hortalizas Frescas,Pacic,39,07/05/2026,Wal-mart,Supermercado / Tienda de Autoservicio,Walmart Sucursal Balbuena,Fray Servando Teresa de Mier 881. Entre Fernando Iglesia Calderon y Genaro Garcia. Col. Jardín Balbuena. Cp. 15900,Ciudad de México,Venustiano Carranza,19.418067,-99.105639
Cebolla,1 Kg. Granel. Blanca Sin Rabo. en Malla,S/M,Hortalizas Frescas,Pacic,22,07/05/2026,Bodega Aurrera,Supermercado / Tienda de Autoservicio,Bodega Aurrera Sucursal la Viga,Calz. de la Viga 136 Esq. del Taller. Col. Lorenzo Boturini. Cp. 15820,Ciudad de México,Venustiano Carranza,19.414749,-99.127874
Cebolla,1 Kg. Granel. Blanca Sin Rabo. en Malla,S/M,Hortalizas Frescas,Pacic,22,07/05/2026,Wal-mart,Supermercado / Tienda de Autoservicio,Walmart Sucursal Balbuena,Fray Servando Teresa de Mier 881. Entre Fernando Iglesia Calderon y Genaro Garcia. Col. Jardín Balbuena. Cp. 15900,Ciudad de México,Venustiano Carranza,19.418067,-99.105639
Cebolla,1 Kg. Granel. Blanca Sin Rabo. en Malla,S/M,Hortalizas Frescas,Pacic,22,07/05/2026,Wal-mart,Supermercado / Tienda de Autoservicio,Walmart Sucursal Unidad Plaza de Toros,Autopista Querétaro Celaya 5501. Int. del Centro Comercial Plaza Esfera. Col. el Jacal. Cp. 76187,Querétaro,Santiago de Querétaro,20.574076,-100.408704
Cebolla,1 Kg. Granel. Blanca Sin Rabo. en Malla,S/M,Hortalizas Frescas,Pacic,22,08/05/2026,Bodega Aurrera,Supermercado / Tienda de Autoservicio,Bodega Aurrera Sucursal Centro Constituyentes,Constituyentes Oriente 334. Entre Pasteur y Manuel Ponce. Col. MercuRío. Cp. 76040,Querétaro,Santiago de Querétaro,20.586349,-100.382801
Cebolla,1 Kg. Granel. Blanca Sin Rabo. en Malla,S/M,Hortalizas Frescas,Pacic,22,12/05/2026,Wal-mart,Supermercado / Tienda de Autoservicio,Walmart Sucursal Unidad Plaza de Toros,Autopista Querétaro Celaya 5501. Int. del Centro Comercial Plaza Esfera. Col. el Jacal. Cp. 76187,Querétaro,Santiago de Querétaro,20.574076,-100.408704
Cebolla,1 Kg. Granel. Blanca Sin Rabo. en Malla,S/M,Hortalizas Frescas,Pacic,22,13/05/2026,Bodega Aurrera,Supermercado / Tienda de Autoservicio,Bodega Aurrera Sucursal la Viga,Calz. de la Viga 136 Esq. del Taller. Col. Lorenzo Boturini. Cp. 15820,Ciudad de México,Venustiano Carranza,19.414749,-99.127874
Cebolla,1 Kg. Granel. Blanca Sin Rabo. en Malla,S/M,Hortalizas Frescas,Pacic,22,13/05/2026,Wal-mart,Supermercado / Tienda de Autoservicio,Walmart Sucursal Aeropuerto,Calz. Ignacio Zaragoza 58. Esq. Blvd. Puerto Aereo. Col. Federal. Cp. 15700,Ciudad de México,Venustiano Carranza,19.41926,-99.094521
Cebolla,1 Kg. Granel. Blanca Sin Rabo. en Malla,S/M,Hortalizas Frescas,Pacic,22,15/05/2026,Bodega Aurrera,Supermercado / Tienda de Autoservicio,Bodega Aurrera Sucursal Centro Constituyentes,Constituyentes Oriente 334. Entre Pasteur y Manuel Ponce. Col. MercuRío. Cp. 76040,Querétaro,Santiago de Querétaro,20.586349,-100.382801
Cebolla,1 Kg. Granel. Morada,S/M,Hortalizas Frescas,Frutas y Legumbres,13.9,13/05/2026,Hipermercado Soriana,Supermercado / Tienda de Autoservicio,Soriana Hiper Sucursal Cimatario,Ctra. a Huimilpan 1001. Int. del Centro Comercial Plaza del Sol. Col. Plazas del Sol. Iii Sección. Cp. 76099,Querétaro,Santiago de Querétaro,20.563227,-100.375284
Cebolla,1 Kg. Granel. Morada,S/M,Hortalizas Frescas,Frutas y Legumbres,25.5,13/05/2026,Chedraui,Supermercado / Tienda de Autoservicio,Chedraui Sucursal Centro Sur,Blvd. Bernardo Quintana 502. Carr. con Direccion a Centro Civico. Col. Centro Sur. Cp. 76087,Querétaro,Santiago de Querétaro,20.569354,-100.358831
Cebolla,1 Kg. Granel. Morada,S/M,Hortalizas Frescas,Frutas y Legumbres,30,14/05/2026,Mercado Publico,Mercados,Mercado Lomas de Casablanca,Avenida 10. Esq. Calle 23. Col. Lomas de Casa Blanca. Cp. 76080,Querétaro,Santiago de Querétaro,20.603024,-100.396263
Cebolla,1 Kg. Granel. Morada,S/M,Hortalizas Frescas,Frutas y Legumbres,32.5,13/05/2026,Chedraui,Supermercado / Tienda de Autoservicio,Chedraui Sucursal Anfora,Anfora 71. Esq. Eje 1 Norte. Col. Madero. Cp. 15320,Ciudad de México,Venustiano Carranza,19.437353,-99.110088
Cebolla,1 Kg. Granel. Morada,S/M,Hortalizas Frescas,Frutas y Legumbres,36.9,13/05/2026,Wal-mart,Supermercado / Tienda de Autoservicio,Walmart Sucursal Balbuena,Fray Servando Teresa de Mier 881. Entre Fernando Iglesia Calderon y Genaro Garcia. Col. Jardín Balbuena. Cp. 15900,Ciudad de México,Venustiano Carranza,19.418067,-99.105639
Cebolla,1 Kg. Granel. Morada,S/M,Hortalizas Frescas,Frutas y Legumbres,40,13/05/2026,Bodega Aurrera,Supermercado / Tienda de Autoservicio,Bodega Aurrera Sucursal la Viga,Calz. de la Viga 136 Esq. del Taller. Col. Lorenzo Boturini. Cp. 15820,Ciudad de México,Venustiano Carranza,19.414749,-99.127874
Cebolla,1 Kg. Granel. Morada,S/M,Hortalizas Frescas,Frutas y Legumbres,40,15/05/2026,Bodega Aurrera,Supermercado / Tienda de Autoservicio,Bodega Aurrera Sucursal Centro Constituyentes,Constituyentes Oriente 334. Entre Pasteur y Manuel Ponce. Col. MercuRío. Cp. 76040,Querétaro,Santiago de Querétaro,20.586349,-100.382801
Cebolla,1 Kg. Granel. Morada,S/M,Hortalizas Frescas,Pacic,13.9,04/05/2026,Hipermercado Soriana,Supermercado / Tienda de Autoservicio,Soriana Hiper Sucursal Cimatario,Ctra. a Huimilpan 1001. Int. del Centro Comercial Plaza del Sol. Col. Plazas del Sol. Iii Sección. Cp. 76099,Querétaro,Santiago de Querétaro,20.563227,-100.375284
Cebolla,1 Kg. Granel. Morada,S/M,Hortalizas Frescas,Pacic,13.9,13/05/2026,Hipermercado Soriana,Supermercado / Tienda de Autoservicio,Soriana Hiper Sucursal Cimatario,Ctra. a Huimilpan 1001. Int. del Centro Comercial Plaza del Sol. Col. Plazas del Sol. Iii Sección. Cp. 76099,Querétaro,Santiago de Querétaro,20.563227,-100.375284
Cebolla,Manojo. Cambray,S/M,Hortalizas Frescas,Frutas y Legumbres,12,06/05/2026,Chedraui,Supermercado / Tienda de Autoservicio,Chedraui Sucursal Centro Sur,Blvd. Bernardo Quintana 502. Carr. con Direccion a Centro Civico. Col. Centro Sur. Cp. 76087,Querétaro,Santiago de Querétaro,20.569354,-100.358831
Cebolla,Manojo. Cambray,S/M,Hortalizas Frescas,Frutas y Legumbres,12.5,13/05/2026,Chedraui,Supermercado / Tienda de Autoservicio,Chedraui Sucursal Anfora,Anfora 71. Esq. Eje 1 Norte. Col. Madero. Cp. 15320,Ciudad de México,Venustiano Carranza,19.437353,-99.110088
Cebolla,Manojo. Cambray,S/M,Hortalizas Frescas,Frutas y Legumbres,14.5,13/05/2026,Chedraui,Supermercado / Tienda de Autoservicio,Chedraui Sucursal Centro Sur,Blvd. Bernardo Quintana 502. Carr. con Direccion a Centro Civico. Col. Centro Sur. Cp. 76087,Querétaro,Santiago de Querétaro,20.569354,-100.358831
Cebolla,Manojo. Cambray,S/M,Hortalizas Frescas,Frutas y Legumbres,14.9,04/05/2026,Hipermercado Soriana,Supermercado / Tienda de Autoservicio,Soriana Hiper Sucursal Cimatario,Ctra. a Huimilpan 1001. Int. del Centro Comercial Plaza del Sol. Col. Plazas del Sol. Iii Sección. Cp. 76099,Querétaro,Santiago de Querétaro,20.563227,-100.375284
Cebolla,Manojo. Cambray,S/M,Hortalizas Frescas,Frutas y Legumbres,15,04/05/2026,Mercado Publico,Mercados,Mercado Lomas de Casablanca,Avenida 10. Esq. Calle 23. Col. Lomas de Casa Blanca. Cp. 76080,Querétaro,Santiago de Querétaro,20.603024,-100.396263
Cebolla,Manojo. Cambray,S/M,Hortalizas Frescas,Frutas y Legumbres,15,14/05/2026,Mercado Publico,Mercados,Mercado Lomas de Casablanca,Avenida 10. Esq. Calle 23. Col. Lomas de Casa Blanca. Cp. 76080,Querétaro,Santiago de Querétaro,20.603024,-100.396263
Cebolla,Manojo. Cambray,S/M,Hortalizas Frescas,Frutas y Legumbres,16.9,08/05/2026,Bodega Aurrera,Supermercado / Tienda de Autoservicio,Bodega Aurrera Sucursal Centro Constituyentes,Constituyentes Oriente 334. Entre Pasteur y Manuel Ponce. Col. MercuRío. Cp. 76040,Querétaro,Santiago de Querétaro,20.586349,-100.382801
Cebolla,Manojo. Cambray,S/M,Hortalizas Frescas,Frutas y Legumbres,16.9,12/05/2026,Wal-mart,Supermercado / Tienda de Autoservicio,Walmart Sucursal Unidad Plaza de Toros,Autopista Querétaro Celaya 5501. Int. del Centro Comercial Plaza Esfera. Col. el Jacal. Cp. 76187,Querétaro,Santiago de Querétaro,20.574076,-100.408704
Cebolla,Manojo. Cambray,S/M,Hortalizas Frescas,Frutas y Legumbres,16.9,13/05/2026,Bodega Aurrera,Supermercado / Tienda de Autoservicio,Bodega Aurrera Sucursal la Viga,Calz. de la Viga 136 Esq. del Taller. Col. Lorenzo Boturini. Cp. 15820,Ciudad de México,Venustiano Carranza,19.414749,-99.127874
Cebolla,Manojo. Cambray,S/M,Hortalizas Frescas,Frutas y Legumbres,16.9,13/05/2026,Wal-mart,Supermercado / Tienda de Autoservicio,Walmart Sucursal Aeropuerto,Calz. Ignacio Zaragoza 58. Esq. Blvd. Puerto Aereo. Col. Federal. Cp. 15700,Ciudad de México,Venustiano Carranza,19.41926,-99.094521
Cebolla,Manojo. Cambray,S/M,Hortalizas Frescas,Frutas y Legumbres,16.9,13/05/2026,Wal-mart,Supermercado / Tienda de Autoservicio,Walmart Sucursal Balbuena,Fray Servando Teresa de Mier 881. Entre Fernando Iglesia Calderon y Genaro Garcia. Col. Jardín Balbuena. Cp. 15900,Ciudad de México,Venustiano Carranza,19.418067,-99.105639
Cebolla,Manojo. Cambray,S/M,Hortalizas Frescas,Frutas y Legumbres,16.9,15/05/2026,Bodega Aurrera,Supermercado / Tienda de Autoservicio,Bodega Aurrera Sucursal Centro Constituyentes,Constituyentes Oriente 334. Entre Pasteur y Manuel Ponce. Col. MercuRío. Cp. 76040,Querétaro,Santiago de Querétaro,20.586349,-100.382801
Cefaxona I.m.,Caja con 1 Frasco Ámpula con 1 Gr. de Polvo y Ampolleta con 3.5 Ml. de Diluyente,S/M,Medicamentos,Medicamentos,421,04/05/2026,Hipermercado Soriana,Supermercado / Tienda de Autoservicio,Soriana Hiper Sucursal Cimatario,Ctra. a Huimilpan 1001. Int. del Centro Comercial Plaza del Sol. Col. Plazas del Sol. Iii Sección. Cp. 76099,Querétaro,Santiago de Querétaro,20.563227,-100.375284
Celebrex,Caja con 10 Cápsulas de 200 Mg.,S/M,Medicamentos,Medicamentos,754,06/05/2026,Sanborn S Hnos.,Farmacias,Sanborns Sucursal los Arquitos,Constituyentes Oriente 172. Esq. de los Arquitos. Col. los Arquitos. Cp. 76050,Querétaro,Santiago de Querétaro,20.588117,-100.36869
Celestamine-ns,Caja con 20 Tabletas de 5.0 Mg./0.25 Mg.,S/M,Medicamentos,Medicamentos,540,07/05/2026,Wal-mart,Supermercado / Tienda de Autoservicio,Walmart Sucursal Balbuena,Fray Servando Teresa de Mier 881. Entre Fernando Iglesia Calderon y Genaro Garcia. Col. Jardín Balbuena. Cp. 15900,Ciudad de México,Venustiano Carranza,19.418067,-99.105639
Celestamine-ns,Caja con Frasco 60 Ml. Solución Pediátrica,S/M,Medicamentos,Medicamentos,472,07/05/2026,La Comer,Supermercado / Tienda de Autoservicio,Lacomer Sucursal Queretaro Estadio,Luis M. Vega y Monroy 1300. Esq.cimataRío . Col. CimataRío. Cp. 76090,Querétaro,Santiago de Querétaro,20.577804,-100.373626
Cepillo Dental,Blister 2 Piezas,Oral-b. Indicator. Medio 40,Arts. para el Cuidado Personal,Basicos,38,01/05/2026,Superissste,Supermercado / Tienda de Autoservicio,Superissste Sucursal 011,Calle Peluqueros No. 310 Esquina Calle Tizayuca. Col. Michoacána. Cp. 15240,Ciudad de México,Venustiano Carranza,19.446139,-99.113372
Cereales,Caja 30 Gr.,Zucaritas. Kellogg's,Arroz y Cereales Preparados,Basicos,9.5,01/05/2026,Superissste,Supermercado / Tienda de Autoservicio,Superissste Sucursal 011,Calle Peluqueros No. 310 Esquina Calle Tizayuca. Col. Michoacána. Cp. 15240,Ciudad de México,Venustiano Carranza,19.446139,-99.113372
Cereales,Caja 380 Gr.,Zucaritas. Kellogg's,Arroz y Cereales Preparados,Basicos,50,15/05/2026,Bodega Aurrera,Supermercado / Tienda de Autoservicio,Bodega Aurrera Sucursal Centro Constituyentes,Constituyentes Oriente 334. Entre Pasteur y Manuel Ponce. Col. MercuRío. Cp. 76040,Querétaro,Santiago de Querétaro,20.586349,-100.382801
Cereales,Caja 500 Gr.,Corn Flakes. Nestlé,Arroz y Cereales Preparados,Basicos,62,07/05/2026,La Comer,Supermercado / Tienda de Autoservicio,Lacomer Sucursal Queretaro Estadio,Luis M. Vega y Monroy 1300. Esq.cimataRío . Col. CimataRío. Cp. 76090,Querétaro,Santiago de Querétaro,20.577804,-100.373626
Cereales,Caja 530 Gr. Original,Special K. Kellogg's,Arroz y Cereales Preparados,Basicos,68,08/05/2026,Superissste,Supermercado / Tienda de Autoservicio,Superissste Sucursal 022,Av. del Taller y Retorno No. 38 Dentro del Retorno 38. Col. Jardín Balbuena. Cp. 15900,Ciudad de México,Venustiano Carranza,19.412842,-99.105666
Cereales,Caja 530 Gr. Original,Special K. Kellogg's,Arroz y Cereales Preparados,Basicos,69,07/05/2026,La Comer,Supermercado / Tienda de Autoservicio,Lacomer Sucursal Queretaro Estadio,Luis M. Vega y Monroy 1300. Esq.cimataRío . Col. CimataRío. Cp. 76090,Querétaro,Santiago de Querétaro,20.577804,-100.373626
Cereales,Caja 530 Gr. Original,Special K. Kellogg's,Arroz y Cereales Preparados,Basicos,76,13/05/2026,Chedraui,Supermercado / Tienda de Autoservicio,Chedraui Sucursal Centro Sur,Blvd. Bernardo Quintana 502. Carr. con Direccion a Centro Civico. Col. Centro Sur. Cp. 76087,Querétaro,Santiago de Querétaro,20.569354,-100.358831
Cerillos,Paquete 10 Cajas. 50 Piezas C/u,Flama,Cigarrillos,Basicos,21.5,15/05/2026,Superissste,Supermercado / Tienda de Autoservicio,Superissste Sucursal 022,Av. del Taller y Retorno No. 38 Dentro del Retorno 38. Col. Jardín Balbuena. Cp. 15900,Ciudad de México,Venustiano Carranza,19.412842,-99.105666
Cerveza,Caja con 12 Botellas de 355 Ml. No Retornable,Victoria,Cerveza,Basicos,244,13/05/2026,Bodega Aurrera,Supermercado / Tienda de Autoservicio,Bodega Aurrera Sucursal la Viga,Calz. de la Viga 136 Esq. del Taller. Col. Lorenzo Boturini. Cp. 15820,Ciudad de México,Venustiano Carranza,19.414749,-99.127874
Cerveza,Canasta con 6 Botellas de 355 Ml. No Retornable (clara),Bohemia. Pilsner,Cerveza,Basicos,129,13/05/2026,Wal-mart,Supermercado / Tienda de Autoservicio,Walmart Sucursal Aeropuerto,Calz. Ignacio Zaragoza 58. Esq. Blvd. Puerto Aereo. Col. Federal. Cp. 15700,Ciudad de México,Venustiano Carranza,19.41926,-99.094521
Cerveza,Lata 355 Ml. Sin Alcohol,Heineken 0.0,Botanas y Bebidas,Especial,16,15/05/2026,Bodega Aurrera,Supermercado / Tienda de Autoservicio,Bodega Aurrera Sucursal Centro Constituyentes,Constituyentes Oriente 334. Entre Pasteur y Manuel Ponce. Col. MercuRío. Cp. 76040,Querétaro,Santiago de Querétaro,20.586349,-100.382801
Cerveza,Paquete con 12 Latas de 355 Ml.,Indio,Cerveza,Basicos,162,13/05/2026,Chedraui,Supermercado / Tienda de Autoservicio,Chedraui Sucursal Centro Sur,Blvd. Bernardo Quintana 502. Carr. con Direccion a Centro Civico. Col. Centro Sur. Cp. 76087,Querétaro,Santiago de Querétaro,20.569354,-100.358831
Chayote,1 Kg. Granel. Sin Espinas,S/M,Hortalizas Frescas,Frutas y Legumbres,18,14/05/2026,Mercado Publico,Mercados,Mercado Lomas de Casablanca,Avenida 10. Esq. Calle 23. Col. Lomas de Casa Blanca. Cp. 76080,Querétaro,Santiago de Querétaro,20.603024,-100.396263
Chile Fresco,1 Kg. Granel. Jalapeño o Cuaresmeño,S/M,Hortalizas Frescas,Frutas y Legumbres,28,13/05/2026,Wal-mart,Supermercado / Tienda de Autoservicio,Walmart Sucursal Aeropuerto,Calz. Ignacio Zaragoza 58. Esq. Blvd. Puerto Aereo. Col. Federal. Cp. 15700,Ciudad de México,Venustiano Carranza,19.41926,-99.094521
Chile Fresco,1 Kg. Granel. Jalapeño o Cuaresmeño,S/M,Hortalizas Frescas,Frutas y Legumbres,66,15/05/2026,Superissste,Supermercado / Tienda de Autoservicio,Superissste Sucursal 022,Av. del Taller y Retorno No. 38 Dentro del Retorno 38. Col. Jardín Balbuena. Cp. 15900,Ciudad de México,Venustiano Carranza,19.412842,-99.105666
Chile Fresco,1 Kg. Granel. Poblano o para Rellenar,S/M,Hortalizas Frescas,Frutas y Legumbres,70,14/05/2026,Mercado Publico,Mercados,Mercado Lomas de Casablanca,Avenida 10. Esq. Calle 23. Col. Lomas de Casa Blanca. Cp. 76080,Querétaro,Santiago de Querétaro,20.603024,-100.396263
Chile Fresco,1 Kg. Granel. Serrano,S/M,Hortalizas Frescas,Frutas y Legumbres,79,13/05/2026,Chedraui,Supermercado / Tienda de Autoservicio,Chedraui Sucursal Anfora,Anfora 71. Esq. Eje 1 Norte. Col. Madero. Cp. 15320,Ciudad de México,Venustiano Carranza,19.437353,-99.110088
Chile Fresco,1 Kg. Granel. de Árbol Verde,S/M,Hortalizas Frescas,Frutas y Legumbres,194,08/05/2026,Bodega Aurrera,Supermercado / Tienda de Autoservicio,Bodega Aurrera Sucursal Centro Constituyentes,Constituyentes Oriente 334. Entre Pasteur y Manuel Ponce. Col. MercuRío. Cp. 76040,Querétaro,Santiago de Querétaro,20.586349,-100.382801
Chiles,Lata 215 Gr. Chipotles Adobados,San Marcos,Frutas y Legumbres Procesadas,Basicos,30,13/05/2026,Chedraui,Supermercado / Tienda de Autoservicio,Chedraui Sucursal Anfora,Anfora 71. Esq. Eje 1 Norte. Col. Madero. Cp. 15320,Ciudad de México,Venustiano Carranza,19.437353,-99.110088
Chiles,Lata 215 Gr. Jalapeños Rajas,San Marcos,Frutas y Legumbres Procesadas,Basicos,16,15/05/2026,Bodega Aurrera,Supermercado / Tienda de Autoservicio,Bodega Aurrera Sucursal Centro Constituyentes,Constituyentes Oriente 334. Entre Pasteur y Manuel Ponce. Col. MercuRío. Cp. 76040,Querétaro,Santiago de Querétaro,20.586349,-100.382801
Chiles,Lata 220 Gr. Jalapeño. Enteros,La Costeña,Frutas y Legumbres Procesadas,Basicos,16,13/05/2026,Wal-mart,Supermercado / Tienda de Autoservicio,Walmart Sucursal Balbuena,Fray Servando Teresa de Mier 881. Entre Fernando Iglesia Calderon y Genaro Garcia. Col. Jardín Balbuena. Cp. 15900,Ciudad de México,Venustiano Carranza,19.418067,-99.105639
Chiles,Lata 220 Gr. Jalapeños en Escabeche,Clemente Jacques,Frutas y Legumbres Procesadas,Basicos,13,08/05/2026,Superissste,Supermercado / Tienda de Autoservicio,Superissste Sucursal 022,Av. del Taller y Retorno No. 38 Dentro del Retorno 38. Col. Jardín Balbuena. Cp. 15900,Ciudad de México,Venustiano Carranza,19.412842,-99.105666
Chícharos,1 Kg. Granel. en Vaina,S/M,Hortalizas Frescas,Frutas y Legumbres,79.9,07/05/2026,Wal-mart,Supermercado / Tienda de Autoservicio,Walmart Sucursal Unidad Plaza de Toros,Autopista Querétaro Celaya 5501. Int. del Centro Comercial Plaza Esfera. Col. el Jacal. Cp. 76187,Querétaro,Santiago de Querétaro,20.574076,-100.408704
Cilantro,Manojo,S/M,Hortalizas Frescas,Frutas y Legumbres,12.9,12/05/2026,Wal-mart,Supermercado / Tienda de Autoservicio,Walmart Sucursal Unidad Plaza de Toros,Autopista Querétaro Celaya 5501. Int. del Centro Comercial Plaza Esfera. Col. el Jacal. Cp. 76187,Querétaro,Santiago de Querétaro,20.574076,-100.408704
Ciproflox,Caja con 12 Cápsulas de 500 Mg,S/M,Medicamentos,Medicamentos,585,07/05/2026,Bodega Aurrera,Supermercado / Tienda de Autoservicio,Bodega Aurrera Sucursal la Viga,Calz. de la Viga 136 Esq. del Taller. Col. Lorenzo Boturini. Cp. 15820,Ciudad de México,Venustiano Carranza,19.414749,-99.127874
Ciprofloxacino,Caja con 12 Tabletas de 500 Mg.,S/M,Medicamentos,Medicamentos,60,06/05/2026,Chedraui,Supermercado / Tienda de Autoservicio,Chedraui Sucursal Centro Sur,Blvd. Bernardo Quintana 502. Carr. con Direccion a Centro Civico. Col. Centro Sur. Cp. 76087,Querétaro,Santiago de Querétaro,20.569354,-100.358831
Ciprofloxacino,Caja con 12 Tabletas de 500 Mg.,S/M,Medicamentos,Medicamentos,73.5,07/05/2026,La Comer,Supermercado / Tienda de Autoservicio,Lacomer Sucursal Queretaro Estadio,Luis M. Vega y Monroy 1300. Esq.cimataRío . Col. CimataRío. Cp. 76090,Querétaro,Santiago de Querétaro,20.577804,-100.373626
Ciruela Pasa,1 Kg. Granel,S/M,Productos de Temporada (navideños),Mercados,140,13/05/2026,Mercado Publico,Mercados,Mercado Romero Rubio,Cairo S/n. Esq. Persia. Col. Romero Rubio. Cp. 15400,Ciudad de México,Venustiano Carranza,19.388643,-99.066708
Claritromicina,Caja con 10 Tabletas de 500 Mg.,S/M,Medicamentos,Medicamentos,133,06/05/2026,Farmacias Similares,Farmacias,Farmacias Similares Sucursal 7462,Canada 268 . Int. Plaza las Americas. Col. Centro. Cp. 76050,Querétaro,Santiago de Querétaro,20.588396,-100.373612
Clendix,Caja con 21 Cápsulas de 300 Mg.,S/M,Medicamentos,Medicamentos,734,07/05/2026,Wal-mart,Supermercado / Tienda de Autoservicio,Walmart Sucursal Unidad Plaza de Toros,Autopista Querétaro Celaya 5501. Int. del Centro Comercial Plaza Esfera. Col. el Jacal. Cp. 76187,Querétaro,Santiago de Querétaro,20.574076,-100.408704
Clindamicina,Caja con 16 Cápsulas de 300 Mg.,S/M,Medicamentos,Medicamentos,152,04/05/2026,Hipermercado Soriana,Supermercado / Tienda de Autoservicio,Soriana Hiper Sucursal Cimatario,Ctra. a Huimilpan 1001. Int. del Centro Comercial Plaza del Sol. Col. Plazas del Sol. Iii Sección. Cp. 76099,Querétaro,Santiago de Querétaro,20.563227,-100.375284
Clopidogrel,Caja con 28 Tabletas de 75 Mg.,S/M,Medicamentos,Medicamentos,229,04/05/2026,Hipermercado Soriana,Supermercado / Tienda de Autoservicio,Soriana Hiper Sucursal Cimatario,Ctra. a Huimilpan 1001. Int. del Centro Comercial Plaza del Sol. Col. Plazas del Sol. Iii Sección. Cp. 76099,Querétaro,Santiago de Querétaro,20.563227,-100.375284
Coliflor,Pieza,S/M,Hortalizas Frescas,Frutas y Legumbres,30,14/05/2026,Mercado Publico,Mercados,Mercado Lomas de Casablanca,Avenida 10. Esq. Calle 23. Col. Lomas de Casa Blanca. Cp. 76080,Querétaro,Santiago de Querétaro,20.603024,-100.396263
Combinado Primavera,Bolsa 500 Gr. Hortalizas Congeladas,La Huerta,Frutas y Legumbres Procesadas,Basicos,48,01/05/2026,Superissste,Supermercado / Tienda de Autoservicio,Superissste Sucursal 011,Calle Peluqueros No. 310 Esquina Calle Tizayuca. Col. Michoacána. Cp. 15240,Ciudad de México,Venustiano Carranza,19.446139,-99.113372
Contac,Caja con 12 Tabletas. Ultra,S/M,Medicamentos,Medicamentos,40,13/05/2026,Chedraui,Supermercado / Tienda de Autoservicio,Chedraui Sucursal Centro Sur,Blvd. Bernardo Quintana 502. Carr. con Direccion a Centro Civico. Col. Centro Sur. Cp. 76087,Querétaro,Santiago de Querétaro,20.569354,-100.358831
Contac,Caja con 12 Tabletas. Ultra,S/M,Medicamentos,Medicamentos,50,13/05/2026,Bodega Aurrera,Supermercado / Tienda de Autoservicio,Bodega Aurrera Sucursal la Viga,Calz. de la Viga 136 Esq. del Taller. Col. Lorenzo Boturini. Cp. 15820,Ciudad de México,Venustiano Carranza,19.414749,-99.127874
Crema,Bote 426 Ml. Reducida en Grasa,Alpura,Derivados de Leche,Basicos,42.5,15/05/2026,Superissste,Supermercado / Tienda de Autoservicio,Superissste Sucursal 011,Calle Peluqueros No. 310 Esquina Calle Tizayuca. Col. Michoacána. Cp. 15240,Ciudad de México,Venustiano Carranza,19.446139,-99.113372
Crema,Vaso 196 Gr.,Lala,Derivados de Leche,Mercados,20,13/05/2026,Mercado Publico,Mercados,Mercado Romero Rubio,Cairo S/n. Esq. Persia. Col. Romero Rubio. Cp. 15400,Ciudad de México,Venustiano Carranza,19.388643,-99.066708
Crema Líquida,Botella 400 Ml.,Goicoechea. Diabet Tx,Arts. para el Cuidado Personal,Basicos,130,13/05/2026,Wal-mart,Supermercado / Tienda de Autoservicio,Walmart Sucursal Aeropuerto,Calz. Ignacio Zaragoza 58. Esq. Blvd. Puerto Aereo. Col. Federal. Cp. 15700,Ciudad de México,Venustiano Carranza,19.41926,-99.094521
Crema Líquida,Botella 400 Ml. Humectación Diaria. Piel Normal a Seca,Lubriderm,Arts. para el Cuidado Personal,Basicos,140,08/05/2026,Bodega Aurrera,Supermercado / Tienda de Autoservicio,Bodega Aurrera Sucursal Centro Constituyentes,Constituyentes Oriente 334. Entre Pasteur y Manuel Ponce. Col. MercuRío. Cp. 76040,Querétaro,Santiago de Querétaro,20.586349,-100.382801
Crema Líquida,Botella 400 Ml. Pro-ceramidas. Piel Seca,Dove,Arts. para el Cuidado Personal,Basicos,145,07/05/2026,Wal-mart,Supermercado / Tienda de Autoservicio,Walmart Sucursal Balbuena,Fray Servando Teresa de Mier 881. Entre Fernando Iglesia Calderon y Genaro Garcia. Col. Jardín Balbuena. Cp. 15900,Ciudad de México,Venustiano Carranza,19.418067,-99.105639
Crema Sólida,Frasco 400 Gr. Piel Balanceada a Seca,Pond's. Clarant B3,Arts. para el Cuidado Personal,Basicos,185,07/05/2026,La Comer,Supermercado / Tienda de Autoservicio,Lacomer Sucursal Queretaro Estadio,Luis M. Vega y Monroy 1300. Esq.cimataRío . Col. CimataRío. Cp. 76090,Querétaro,Santiago de Querétaro,20.577804,-100.373626
Crema Sólida,Frasco 400 Gr. Piel Balanceada a Seca,Pond's. Clarant B3,Arts. para el Cuidado Personal,Basicos,192,04/05/2026,Hipermercado Soriana,Supermercado / Tienda de Autoservicio,Soriana Hiper Sucursal Cimatario,Ctra. a Huimilpan 1001. Int. del Centro Comercial Plaza del Sol. Col. Plazas del Sol. Iii Sección. Cp. 76099,Querétaro,Santiago de Querétaro,20.563227,-100.375284
Cubrebocas,Bolsa con 1 Pieza. Kn95. Mascarilla,Protect,Arts. para el Cuidado Personal,Medicamentos,31,07/05/2026,Bodega Aurrera,Supermercado / Tienda de Autoservicio,Bodega Aurrera Sucursal la Viga,Calz. de la Viga 136 Esq. del Taller. Col. Lorenzo Boturini. Cp. 15820,Ciudad de México,Venustiano Carranza,19.414749,-99.127874
Cubrebocas,Bolsa con 5 Piezas. Plisado. Negro,Le Roy,Arts. para el Cuidado Personal,Medicamentos,79,13/05/2026,Chedraui,Supermercado / Tienda de Autoservicio,Chedraui Sucursal Centro Sur,Blvd. Bernardo Quintana 502. Carr. con Direccion a Centro Civico. Col. Centro Sur. Cp. 76087,Querétaro,Santiago de Querétaro,20.569354,-100.358831
Cúrcuma,Frasco 51 Gr.,Mc Cormick,Condimentos,Basicos,43,13/05/2026,Wal-mart,Supermercado / Tienda de Autoservicio,Walmart Sucursal Balbuena,Fray Servando Teresa de Mier 881. Entre Fernando Iglesia Calderon y Genaro Garcia. Col. Jardín Balbuena. Cp. 15900,Ciudad de México,Venustiano Carranza,19.418067,-99.105639
Daflon,Caja con 20 Tabletas de 500 Mg.,S/M,Medicamentos,Medicamentos,692.5,07/05/2026,La Comer,Supermercado / Tienda de Autoservicio,Lacomer Sucursal Queretaro Estadio,Luis M. Vega y Monroy 1300. Esq.cimataRío . Col. CimataRío. Cp. 76090,Querétaro,Santiago de Querétaro,20.577804,-100.373626
Desodorante,Barra 45 Gr. Invisible. Floral. para Dama,Lady Speed Stick,Arts. para el Cuidado Personal,Basicos,85,14/05/2026,La Comer,Supermercado / Tienda de Autoservicio,Lacomer Sucursal Queretaro Estadio,Luis M. Vega y Monroy 1300. Esq.cimataRío . Col. CimataRío. Cp. 76090,Querétaro,Santiago de Querétaro,20.577804,-100.373626
Desodorante,Caja con Barra 58 Gr. Clinical. Clasic. para Dama,Rexona,Arts. para el Cuidado Personal,Basicos,122,13/05/2026,Wal-mart,Supermercado / Tienda de Autoservicio,Walmart Sucursal Balbuena,Fray Servando Teresa de Mier 881. Entre Fernando Iglesia Calderon y Genaro Garcia. Col. Jardín Balbuena. Cp. 15900,Ciudad de México,Venustiano Carranza,19.418067,-99.105639
Desodorante,Roll On 65 Gr. Frescura Suave. para Dama,Obao,Arts. para el Cuidado Personal,Basicos,37,13/05/2026,Chedraui,Supermercado / Tienda de Autoservicio,Chedraui Sucursal Anfora,Anfora 71. Esq. Eje 1 Norte. Col. Madero. Cp. 15320,Ciudad de México,Venustiano Carranza,19.437353,-99.110088
Desodorante,Roll On 65 Ml. Fragancia Intensa. para Caballero,Obao. Active,Arts. para el Cuidado Personal,Basicos,37,07/05/2026,Bodega Aurrera,Supermercado / Tienda de Autoservicio,Bodega Aurrera Sucursal la Viga,Calz. de la Viga 136 Esq. del Taller. Col. Lorenzo Boturini. Cp. 15820,Ciudad de México,Venustiano Carranza,19.414749,-99.127874
Desodorante,Roll On 65 Ml. Fragancia Intensa. para Caballero,Obao. Active,Arts. para el Cuidado Personal,Basicos,42,12/05/2026,Oxxo,Tienda de Conveniencia,Oxxo Sucursal Corregidora 50 Cr,Circuito Moises Solana No. 128. Esq. Gertrudis Bocanegra. Col. Burocratas. Cp. 76070,Querétaro,Santiago de Querétaro,20.57462,-100.384232
Detergente P/ropa,Bolsa 1 Kg. Polvo,Blanca Nieves,Detergentes y Productos Similares,Basicos,40.5,01/05/2026,Superissste,Supermercado / Tienda de Autoservicio,Superissste Sucursal 011,Calle Peluqueros No. 310 Esquina Calle Tizayuca. Col. Michoacána. Cp. 15240,Ciudad de México,Venustiano Carranza,19.446139,-99.113372
Detergente P/ropa,Bolsa 1 Kg. Polvo,Blanca Nieves,Detergentes y Productos Similares,Basicos,40.5,01/05/2026,Superissste,Supermercado / Tienda de Autoservicio,Superissste Sucursal 022,Av. del Taller y Retorno No. 38 Dentro del Retorno 38. Col. Jardín Balbuena. Cp. 15900,Ciudad de México,Venustiano Carranza,19.412842,-99.105666
Detergente P/ropa,Bolsa 1 Kg. Polvo,Blanca Nieves,Detergentes y Productos Similares,Basicos,40.5,08/05/2026,Superissste,Supermercado / Tienda de Autoservicio,Superissste Sucursal 011,Calle Peluqueros No. 310 Esquina Calle Tizayuca. Col. Michoacána. Cp. 15240,Ciudad de México,Venustiano Carranza,19.446139,-99.113372
Detergente P/ropa,Bolsa 1 Kg. Polvo,Blanca Nieves,Detergentes y Productos Similares,Basicos,40.5,08/05/2026,Superissste,Supermercado / Tienda de Autoservicio,Superissste Sucursal 022,Av. del Taller y Retorno No. 38 Dentro del Retorno 38. Col. Jardín Balbuena. Cp. 15900,Ciudad de México,Venustiano Carranza,19.412842,-99.105666
Detergente P/ropa,Bolsa 1 Kg. Polvo,Blanca Nieves,Detergentes y Productos Similares,Basicos,40.5,15/05/2026,Superissste,Supermercado / Tienda de Autoservicio,Superissste Sucursal 011,Calle Peluqueros No. 310 Esquina Calle Tizayuca. Col. Michoacána. Cp. 15240,Ciudad de México,Venustiano Carranza,19.446139,-99.113372
Detergente P/ropa,Bolsa 1 Kg. Polvo,Blanca Nieves,Detergentes y Productos Similares,Basicos,40.5,15/05/2026,Superissste,Supermercado / Tienda de Autoservicio,Superissste Sucursal 022,Av. del Taller y Retorno No. 38 Dentro del Retorno 38. Col. Jardín Balbuena. Cp. 15900,Ciudad de México,Venustiano Carranza,19.412842,-99.105666
Detergente P/ropa,Bolsa 1 Kg. Polvo,Blanca Nieves,Detergentes y Productos Similares,Basicos,45,07/05/2026,Bodega Aurrera,Supermercado / Tienda de Autoservicio,Bodega Aurrera Sucursal la Viga,Calz. de la Viga 136 Esq. del Taller. Col. Lorenzo Boturini. Cp. 15820,Ciudad de México,Venustiano Carranza,19.414749,-99.127874
Detergente P/ropa,Bolsa 1 Kg. Polvo,Blanca Nieves,Detergentes y Productos Similares,Basicos,45,13/05/2026,Bodega Aurrera,Supermercado / Tienda de Autoservicio,Bodega Aurrera Sucursal la Viga,Calz. de la Viga 136 Esq. del Taller. Col. Lorenzo Boturini. Cp. 15820,Ciudad de México,Venustiano Carranza,19.414749,-99.127874
Detergente P/ropa,Bolsa 1 Kg. Polvo,Blanca Nieves,Detergentes y Productos Similares,Basicos,45,15/05/2026,Bodega Aurrera,Supermercado / Tienda de Autoservicio,Bodega Aurrera Sucursal Centro Constituyentes,Constituyentes Oriente 334. Entre Pasteur y Manuel Ponce. Col. MercuRío. Cp. 76040,Querétaro,Santiago de Querétaro,20.586349,-100.382801
Detergente P/ropa,Bolsa 1 Kg. Polvo,Blanca Nieves,Detergentes y Productos Similares,Basicos,47,13/05/2026,Chedraui,Supermercado / Tienda de Autoservicio,Chedraui Sucursal Anfora,Anfora 71. Esq. Eje 1 Norte. Col. Madero. Cp. 15320,Ciudad de México,Venustiano Carranza,19.437353,-99.110088
Detergente P/ropa,Bolsa 1 Kg. Polvo,Blanca Nieves,Detergentes y Productos Similares,Basicos,47.2,14/05/2026,La Comer,Supermercado / Tienda de Autoservicio,Lacomer Sucursal Queretaro Estadio,Luis M. Vega y Monroy 1300. Esq.cimataRío . Col. CimataRío. Cp. 76090,Querétaro,Santiago de Querétaro,20.577804,-100.373626
Detergente P/ropa,Bolsa 1 Kg. Polvo,Blanca Nieves,Detergentes y Productos Similares,Basicos,47.5,07/05/2026,La Comer,Supermercado / Tienda de Autoservicio,Lacomer Sucursal Queretaro Estadio,Luis M. Vega y Monroy 1300. Esq.cimataRío . Col. CimataRío. Cp. 76090,Querétaro,Santiago de Querétaro,20.577804,-100.373626
Detergente P/ropa,Bolsa 1 Kg. Polvo,Blanca Nieves,Detergentes y Productos Similares,Basicos,48,07/05/2026,Wal-mart,Supermercado / Tienda de Autoservicio,Walmart Sucursal Balbuena,Fray Servando Teresa de Mier 881. Entre Fernando Iglesia Calderon y Genaro Garcia. Col. Jardín Balbuena. Cp. 15900,Ciudad de México,Venustiano Carranza,19.418067,-99.105639
Detergente P/ropa,Bolsa 1 Kg. Polvo,Blanca Nieves,Detergentes y Productos Similares,Basicos,48,13/05/2026,Wal-mart,Supermercado / Tienda de Autoservicio,Walmart Sucursal Aeropuerto,Calz. Ignacio Zaragoza 58. Esq. Blvd. Puerto Aereo. Col. Federal. Cp. 15700,Ciudad de México,Venustiano Carranza,19.41926,-99.094521
Detergente P/ropa,Bolsa 1 Kg. Polvo,Blanca Nieves,Detergentes y Productos Similares,Basicos,48,13/05/2026,Wal-mart,Supermercado / Tienda de Autoservicio,Walmart Sucursal Balbuena,Fray Servando Teresa de Mier 881. Entre Fernando Iglesia Calderon y Genaro Garcia. Col. Jardín Balbuena. Cp. 15900,Ciudad de México,Venustiano Carranza,19.418067,-99.105639
Detergente P/ropa,Bolsa 1 Kg. Polvo,Foca,Detergentes y Productos Similares,Basicos,44,13/05/2026,Chedraui,Supermercado / Tienda de Autoservicio,Chedraui Sucursal Anfora,Anfora 71. Esq. Eje 1 Norte. Col. Madero. Cp. 15320,Ciudad de México,Venustiano Carranza,19.437353,-99.110088
Detergente P/ropa,Bolsa 1 Kg. Polvo,Foca,Detergentes y Productos Similares,Basicos,45,07/05/2026,Bodega Aurrera,Supermercado / Tienda de Autoservicio,Bodega Aurrera Sucursal la Viga,Calz. de la Viga 136 Esq. del Taller. Col. Lorenzo Boturini. Cp. 15820,Ciudad de México,Venustiano Carranza,19.414749,-99.127874
Detergente P/ropa,Bolsa 1 Kg. Polvo,Foca,Detergentes y Productos Similares,Basicos,45,08/05/2026,Bodega Aurrera,Supermercado / Tienda de Autoservicio,Bodega Aurrera Sucursal Centro Constituyentes,Constituyentes Oriente 334. Entre Pasteur y Manuel Ponce. Col. MercuRío. Cp. 76040,Querétaro,Santiago de Querétaro,20.586349,-100.382801
Detergente P/ropa,Bolsa 1 Kg. Polvo,Foca,Detergentes y Productos Similares,Basicos,45,13/05/2026,Bodega Aurrera,Supermercado / Tienda de Autoservicio,Bodega Aurrera Sucursal la Viga,Calz. de la Viga 136 Esq. del Taller. Col. Lorenzo Boturini. Cp. 15820,Ciudad de México,Venustiano Carranza,19.414749,-99.127874
Detergente P/ropa,Bolsa 1 Kg. Polvo,Foca,Detergentes y Productos Similares,Basicos,45,15/05/2026,Bodega Aurrera,Supermercado / Tienda de Autoservicio,Bodega Aurrera Sucursal Centro Constituyentes,Constituyentes Oriente 334. Entre Pasteur y Manuel Ponce. Col. MercuRío. Cp. 76040,Querétaro,Santiago de Querétaro,20.586349,-100.382801
Detergente P/ropa,Bolsa 1 Kg. Polvo,Foca,Detergentes y Productos Similares,Basicos,48,07/05/2026,Wal-mart,Supermercado / Tienda de Autoservicio,Walmart Sucursal Balbuena,Fray Servando Teresa de Mier 881. Entre Fernando Iglesia Calderon y Genaro Garcia. Col. Jardín Balbuena. Cp. 15900,Ciudad de México,Venustiano Carranza,19.418067,-99.105639
Detergente P/ropa,Bolsa 1 Kg. Polvo,Foca,Detergentes y Productos Similares,Basicos,48,13/05/2026,Wal-mart,Supermercado / Tienda de Autoservicio,Walmart Sucursal Aeropuerto,Calz. Ignacio Zaragoza 58. Esq. Blvd. Puerto Aereo. Col. Federal. Cp. 15700,Ciudad de México,Venustiano Carranza,19.41926,-99.094521
Detergente P/ropa,Bolsa 1 Kg. Polvo,Foca,Detergentes y Productos Similares,Basicos,48,13/05/2026,Wal-mart,Supermercado / Tienda de Autoservicio,Walmart Sucursal Balbuena,Fray Servando Teresa de Mier 881. Entre Fernando Iglesia Calderon y Genaro Garcia. Col. Jardín Balbuena. Cp. 15900,Ciudad de México,Venustiano Carranza,19.418067,-99.105639
Detergente P/ropa,Bolsa 1 Kg. Polvo,Foca,Detergentes y Productos Similares,Basicos,54.9,13/05/2026,Hipermercado Soriana,Supermercado / Tienda de Autoservicio,Soriana Hiper Sucursal Consulado (418),Río Consulado 2355. Esq. Carlos Marx. Col. Simon Bolivar. Cp. 15410,Ciudad de México,Venustiano Carranza,19.449572,-99.100376
Detergente P/ropa,Bolsa 1 Kg. Polvo. Multiusos,Maestro Limpio,Detergentes y Productos Similares,Basicos,26,07/05/2026,Bodega Aurrera,Supermercado / Tienda de Autoservicio,Bodega Aurrera Sucursal la Viga,Calz. de la Viga 136 Esq. del Taller. Col. Lorenzo Boturini. Cp. 15820,Ciudad de México,Venustiano Carranza,19.414749,-99.127874
Detergente P/ropa,Bolsa 1 Kg. Polvo. Multiusos,Maestro Limpio,Detergentes y Productos Similares,Basicos,27,13/05/2026,Bodega Aurrera,Supermercado / Tienda de Autoservicio,Bodega Aurrera Sucursal la Viga,Calz. de la Viga 136 Esq. del Taller. Col. Lorenzo Boturini. Cp. 15820,Ciudad de México,Venustiano Carranza,19.414749,-99.127874
Detergente P/ropa,Bolsa 1 Kg. Polvo. Multiusos,Maestro Limpio,Detergentes y Productos Similares,Basicos,27,15/05/2026,Bodega Aurrera,Supermercado / Tienda de Autoservicio,Bodega Aurrera Sucursal Centro Constituyentes,Constituyentes Oriente 334. Entre Pasteur y Manuel Ponce. Col. MercuRío. Cp. 76040,Querétaro,Santiago de Querétaro,20.586349,-100.382801
Detergente P/ropa,Bolsa 1 Kg. Polvo. Multiusos,Maestro Limpio,Detergentes y Productos Similares,Basicos,36,07/05/2026,La Comer,Supermercado / Tienda de Autoservicio,Lacomer Sucursal Queretaro Estadio,Luis M. Vega y Monroy 1300. Esq.cimataRío . Col. CimataRío. Cp. 76090,Querétaro,Santiago de Querétaro,20.577804,-100.373626
Detergente P/ropa,Bolsa 1 Kg. Polvo. Multiusos,Maestro Limpio,Detergentes y Productos Similares,Basicos,36,14/05/2026,La Comer,Supermercado / Tienda de Autoservicio,Lacomer Sucursal Queretaro Estadio,Luis M. Vega y Monroy 1300. Esq.cimataRío . Col. CimataRío. Cp. 76090,Querétaro,Santiago de Querétaro,20.577804,-100.373626
Detergente P/ropa,Bolsa 3.564 Gr. Polvo. Oxigeno Activo,Ace,Detergentes y Productos Similares,Basicos,148,07/05/2026,Bodega Aurrera,Supermercado / Tienda de Autoservicio,Bodega Aurrera Sucursal la Viga,Calz. de la Viga 136 Esq. del Taller. Col. Lorenzo Boturini. Cp. 15820,Ciudad de México,Venustiano Carranza,19.414749,-99.127874
Detergente P/ropa,Bolsa 3.564 Gr. Polvo. Oxigeno Activo,Ace,Detergentes y Productos Similares,Basicos,148,08/05/2026,Bodega Aurrera,Supermercado / Tienda de Autoservicio,Bodega Aurrera Sucursal Centro Constituyentes,Constituyentes Oriente 334. Entre Pasteur y Manuel Ponce. Col. MercuRío. Cp. 76040,Querétaro,Santiago de Querétaro,20.586349,-100.382801
Detergente P/ropa,Bolsa 3.564 Gr. Polvo. Oxigeno Activo,Ace,Detergentes y Productos Similares,Basicos,148,13/05/2026,Bodega Aurrera,Supermercado / Tienda de Autoservicio,Bodega Aurrera Sucursal la Viga,Calz. de la Viga 136 Esq. del Taller. Col. Lorenzo Boturini. Cp. 15820,Ciudad de México,Venustiano Carranza,19.414749,-99.127874
Detergente P/ropa,Bolsa 3.564 Gr. Polvo. Oxigeno Activo,Ace,Detergentes y Productos Similares,Basicos,148,15/05/2026,Bodega Aurrera,Supermercado / Tienda de Autoservicio,Bodega Aurrera Sucursal Centro Constituyentes,Constituyentes Oriente 334. Entre Pasteur y Manuel Ponce. Col. MercuRío. Cp. 76040,Querétaro,Santiago de Querétaro,20.586349,-100.382801
Detergente P/ropa,Bolsa 3.564 Gr. Polvo. Oxigeno Activo,Ace,Detergentes y Productos Similares,Basicos,149,13/05/2026,Wal-mart,Supermercado / Tienda de Autoservicio,Walmart Sucursal Balbuena,Fray Servando Teresa de Mier 881. Entre Fernando Iglesia Calderon y Genaro Garcia. Col. Jardín Balbuena. Cp. 15900,Ciudad de México,Venustiano Carranza,19.418067,-99.105639
Detergente P/ropa,Bolsa 3.564 Gr. Polvo. Oxigeno Activo,Ace,Detergentes y Productos Similares,Basicos,152.5,07/05/2026,La Comer,Supermercado / Tienda de Autoservicio,Lacomer Sucursal Queretaro Estadio,Luis M. Vega y Monroy 1300. Esq.cimataRío . Col. CimataRío. Cp. 76090,Querétaro,Santiago de Querétaro,20.577804,-100.373626
Detergente P/ropa,Bolsa 5 Kg. Polvo,Foca,Detergentes y Productos Similares,Basicos,195,14/05/2026,La Comer,Supermercado / Tienda de Autoservicio,Lacomer Sucursal Queretaro Estadio,Luis M. Vega y Monroy 1300. Esq.cimataRío . Col. CimataRío. Cp. 76090,Querétaro,Santiago de Querétaro,20.577804,-100.373626
Detergente P/ropa,Bolsa 5 Kg. Polvo,Foca,Detergentes y Productos Similares,Basicos,205,01/05/2026,Superissste,Supermercado / Tienda de Autoservicio,Superissste Sucursal 011,Calle Peluqueros No. 310 Esquina Calle Tizayuca. Col. Michoacána. Cp. 15240,Ciudad de México,Venustiano Carranza,19.446139,-99.113372
Detergente P/ropa,Bolsa 5 Kg. Polvo,Foca,Detergentes y Productos Similares,Basicos,205,01/05/2026,Superissste,Supermercado / Tienda de Autoservicio,Superissste Sucursal 022,Av. del Taller y Retorno No. 38 Dentro del Retorno 38. Col. Jardín Balbuena. Cp. 15900,Ciudad de México,Venustiano Carranza,19.412842,-99.105666
Detergente P/ropa,Bolsa 5 Kg. Polvo,Foca,Detergentes y Productos Similares,Basicos,205,08/05/2026,Superissste,Supermercado / Tienda de Autoservicio,Superissste Sucursal 011,Calle Peluqueros No. 310 Esquina Calle Tizayuca. Col. Michoacána. Cp. 15240,Ciudad de México,Venustiano Carranza,19.446139,-99.113372
Detergente P/ropa,Bolsa 5 Kg. Polvo,Foca,Detergentes y Productos Similares,Basicos,205,08/05/2026,Superissste,Supermercado / Tienda de Autoservicio,Superissste Sucursal 022,Av. del Taller y Retorno No. 38 Dentro del Retorno 38. Col. Jardín Balbuena. Cp. 15900,Ciudad de México,Venustiano Carranza,19.412842,-99.105666
Detergente P/ropa,Bolsa 5 Kg. Polvo,Foca,Detergentes y Productos Similares,Basicos,205,15/05/2026,Superissste,Supermercado / Tienda de Autoservicio,Superissste Sucursal 011,Calle Peluqueros No. 310 Esquina Calle Tizayuca. Col. Michoacána. Cp. 15240,Ciudad de México,Venustiano Carranza,19.446139,-99.113372
Detergente P/ropa,Bolsa 5 Kg. Polvo,Foca,Detergentes y Productos Similares,Basicos,205,15/05/2026,Superissste,Supermercado / Tienda de Autoservicio,Superissste Sucursal 022,Av. del Taller y Retorno No. 38 Dentro del Retorno 38. Col. Jardín Balbuena. Cp. 15900,Ciudad de México,Venustiano Carranza,19.412842,-99.105666
Detergente P/ropa,Bolsa 5 Kg. Polvo,Foca,Detergentes y Productos Similares,Basicos,219,13/05/2026,Hipermercado Soriana,Supermercado / Tienda de Autoservicio,Soriana Hiper Sucursal Consulado (418),Río Consulado 2355. Esq. Carlos Marx. Col. Simon Bolivar. Cp. 15410,Ciudad de México,Venustiano Carranza,19.449572,-99.100376
Detergente P/ropa,Bolsa 5 Kg. Polvo,Foca,Detergentes y Productos Similares,Basicos,229.9,07/05/2026,La Comer,Supermercado / Tienda de Autoservicio,Lacomer Sucursal Queretaro Estadio,Luis M. Vega y Monroy 1300. Esq.cimataRío . Col. CimataRío. Cp. 76090,Querétaro,Santiago de Querétaro,20.577804,-100.373626
Detergente P/ropa,Bolsa 648 Gr. Polvo. Oxigeno Activo,Ace,Detergentes y Productos Similares,Basicos,29.5,14/05/2026,La Comer,Supermercado / Tienda de Autoservicio,Lacomer Sucursal Queretaro Estadio,Luis M. Vega y Monroy 1300. Esq.cimataRío . Col. CimataRío. Cp. 76090,Querétaro,Santiago de Querétaro,20.577804,-100.373626
Detergente P/ropa,Bolsa 750 Gr. Polvo. Poder y Cuidado,Ariel,Detergentes y Productos Similares,Basicos,35,12/05/2026,Oxxo,Tienda de Conveniencia,Oxxo Sucursal Corregidora 50 Cr,Circuito Moises Solana No. 128. Esq. Gertrudis Bocanegra. Col. Burocratas. Cp. 76070,Querétaro,Santiago de Querétaro,20.57462,-100.384232
Detergente P/ropa,Bolsa 750 Gr. Polvo. Poder y Cuidado,Ariel,Detergentes y Productos Similares,Basicos,35,14/05/2026,La Comer,Supermercado / Tienda de Autoservicio,Lacomer Sucursal Queretaro Estadio,Luis M. Vega y Monroy 1300. Esq.cimataRío . Col. CimataRío. Cp. 76090,Querétaro,Santiago de Querétaro,20.577804,-100.373626
Detergente P/ropa,Bolsa 750 Gr. Polvo. Poder y Cuidado,Ariel,Detergentes y Productos Similares,Basicos,36.5,07/05/2026,La Comer,Supermercado / Tienda de Autoservicio,Lacomer Sucursal Queretaro Estadio,Luis M. Vega y Monroy 1300. Esq.cimataRío . Col. CimataRío. Cp. 76090,Querétaro,Santiago de Querétaro,20.577804,-100.373626
Detergente P/ropa,Bolsa 750 Gr. Polvo. con Un Toque de Downy,Ariel,Detergentes y Productos Similares,Basicos,35,13/05/2026,Chedraui,Supermercado / Tienda de Autoservicio,Chedraui Sucursal Anfora,Anfora 71. Esq. Eje 1 Norte. Col. Madero. Cp. 15320,Ciudad de México,Venustiano Carranza,19.437353,-99.110088
Detergente P/ropa,Bolsa 750 Gr. Polvo. con Un Toque de Downy,Ariel,Detergentes y Productos Similares,Basicos,35,14/05/2026,La Comer,Supermercado / Tienda de Autoservicio,Lacomer Sucursal Queretaro Estadio,Luis M. Vega y Monroy 1300. Esq.cimataRío . Col. CimataRío. Cp. 76090,Querétaro,Santiago de Querétaro,20.577804,-100.373626
Detergente P/ropa,Bolsa 750 Gr. Polvo. con Un Toque de Downy,Ariel,Detergentes y Productos Similares,Basicos,36.5,07/05/2026,La Comer,Supermercado / Tienda de Autoservicio,Lacomer Sucursal Queretaro Estadio,Luis M. Vega y Monroy 1300. Esq.cimataRío . Col. CimataRío. Cp. 76090,Querétaro,Santiago de Querétaro,20.577804,-100.373626
Detergente P/ropa,Bolsa 756 Gr. Polvo. Oxigeno Activo,Ace,Detergentes y Productos Similares,Basicos,33.5,01/05/2026,Superissste,Supermercado / Tienda de Autoservicio,Superissste Sucursal 011,Calle Peluqueros No. 310 Esquina Calle Tizayuca. Col. Michoacána. Cp. 15240,Ciudad de México,Venustiano Carranza,19.446139,-99.113372
Detergente P/ropa,Bolsa 756 Gr. Polvo. Oxigeno Activo,Ace,Detergentes y Productos Similares,Basicos,33.5,01/05/2026,Superissste,Supermercado / Tienda de Autoservicio,Superissste Sucursal 022,Av. del Taller y Retorno No. 38 Dentro del Retorno 38. Col. Jardín Balbuena. Cp. 15900,Ciudad de México,Venustiano Carranza,19.412842,-99.105666
Detergente P/ropa,Bolsa 756 Gr. Polvo. Oxigeno Activo,Ace,Detergentes y Productos Similares,Basicos,33.5,08/05/2026,Superissste,Supermercado / Tienda de Autoservicio,Superissste Sucursal 011,Calle Peluqueros No. 310 Esquina Calle Tizayuca. Col. Michoacána. Cp. 15240,Ciudad de México,Venustiano Carranza,19.446139,-99.113372
Detergente P/ropa,Bolsa 756 Gr. Polvo. Oxigeno Activo,Ace,Detergentes y Productos Similares,Basicos,33.5,08/05/2026,Superissste,Supermercado / Tienda de Autoservicio,Superissste Sucursal 022,Av. del Taller y Retorno No. 38 Dentro del Retorno 38. Col. Jardín Balbuena. Cp. 15900,Ciudad de México,Venustiano Carranza,19.412842,-99.105666
Detergente P/ropa,Bolsa 756 Gr. Polvo. Oxigeno Activo,Ace,Detergentes y Productos Similares,Basicos,33.5,15/05/2026,Superissste,Supermercado / Tienda de Autoservicio,Superissste Sucursal 011,Calle Peluqueros No. 310 Esquina Calle Tizayuca. Col. Michoacána. Cp. 15240,Ciudad de México,Venustiano Carranza,19.446139,-99.113372
Detergente P/ropa,Bolsa 756 Gr. Polvo. Oxigeno Activo,Ace,Detergentes y Productos Similares,Basicos,33.5,15/05/2026,Superissste,Supermercado / Tienda de Autoservicio,Superissste Sucursal 022,Av. del Taller y Retorno No. 38 Dentro del Retorno 38. Col. Jardín Balbuena. Cp. 15900,Ciudad de México,Venustiano Carranza,19.412842,-99.105666
Detergente P/ropa,Bolsa 756 Gr. Polvo. Oxigeno Activo,Ace,Detergentes y Productos Similares,Basicos,35,07/05/2026,Bodega Aurrera,Supermercado / Tienda de Autoservicio,Bodega Aurrera Sucursal la Viga,Calz. de la Viga 136 Esq. del Taller. Col. Lorenzo Boturini. Cp. 15820,Ciudad de México,Venustiano Carranza,19.414749,-99.127874
Detergente P/ropa,Bolsa 756 Gr. Polvo. Oxigeno Activo,Ace,Detergentes y Productos Similares,Basicos,35,07/05/2026,Wal-mart,Supermercado / Tienda de Autoservicio,Walmart Sucursal Balbuena,Fray Servando Teresa de Mier 881. Entre Fernando Iglesia Calderon y Genaro Garcia. Col. Jardín Balbuena. Cp. 15900,Ciudad de México,Venustiano Carranza,19.418067,-99.105639
Detergente P/ropa,Bolsa 756 Gr. Polvo. Oxigeno Activo,Ace,Detergentes y Productos Similares,Basicos,35,08/05/2026,Bodega Aurrera,Supermercado / Tienda de Autoservicio,Bodega Aurrera Sucursal Centro Constituyentes,Constituyentes Oriente 334. Entre Pasteur y Manuel Ponce. Col. MercuRío. Cp. 76040,Querétaro,Santiago de Querétaro,20.586349,-100.382801
Detergente P/ropa,Bolsa 756 Gr. Polvo. Oxigeno Activo,Ace,Detergentes y Productos Similares,Basicos,35,13/05/2026,Bodega Aurrera,Supermercado / Tienda de Autoservicio,Bodega Aurrera Sucursal la Viga,Calz. de la Viga 136 Esq. del Taller. Col. Lorenzo Boturini. Cp. 15820,Ciudad de México,Venustiano Carranza,19.414749,-99.127874
Detergente P/ropa,Bolsa 756 Gr. Polvo. Oxigeno Activo,Ace,Detergentes y Productos Similares,Basicos,35,13/05/2026,Wal-mart,Supermercado / Tienda de Autoservicio,Walmart Sucursal Balbuena,Fray Servando Teresa de Mier 881. Entre Fernando Iglesia Calderon y Genaro Garcia. Col. Jardín Balbuena. Cp. 15900,Ciudad de México,Venustiano Carranza,19.418067,-99.105639
Detergente P/ropa,Bolsa 756 Gr. Polvo. Oxigeno Activo,Ace,Detergentes y Productos Similares,Basicos,35,15/05/2026,Bodega Aurrera,Supermercado / Tienda de Autoservicio,Bodega Aurrera Sucursal Centro Constituyentes,Constituyentes Oriente 334. Entre Pasteur y Manuel Ponce. Col. MercuRío. Cp. 76040,Querétaro,Santiago de Querétaro,20.586349,-100.382801
Detergente P/ropa,Bolsa 800 Gr. Polvo,1_2_3,Detergentes y Productos Similares,Basicos,32,01/05/2026,Superissste,Supermercado / Tienda de Autoservicio,Superissste Sucursal 011,Calle Peluqueros No. 310 Esquina Calle Tizayuca. Col. Michoacána. Cp. 15240,Ciudad de México,Venustiano Carranza,19.446139,-99.113372
Detergente P/ropa,Bolsa 800 Gr. Polvo,1_2_3,Detergentes y Productos Similares,Basicos,32,01/05/2026,Superissste,Supermercado / Tienda de Autoservicio,Superissste Sucursal 022,Av. del Taller y Retorno No. 38 Dentro del Retorno 38. Col. Jardín Balbuena. Cp. 15900,Ciudad de México,Venustiano Carranza,19.412842,-99.105666
Detergente P/ropa,Bolsa 800 Gr. Polvo,1_2_3,Detergentes y Productos Similares,Basicos,32,08/05/2026,Superissste,Supermercado / Tienda de Autoservicio,Superissste Sucursal 011,Calle Peluqueros No. 310 Esquina Calle Tizayuca. Col. Michoacána. Cp. 15240,Ciudad de México,Venustiano Carranza,19.446139,-99.113372
Detergente P/ropa,Bolsa 800 Gr. Polvo,1_2_3,Detergentes y Productos Similares,Basicos,32,08/05/2026,Superissste,Supermercado / Tienda de Autoservicio,Superissste Sucursal 022,Av. del Taller y Retorno No. 38 Dentro del Retorno 38. Col. Jardín Balbuena. Cp. 15900,Ciudad de México,Venustiano Carranza,19.412842,-99.105666
Detergente P/ropa,Bolsa 800 Gr. Polvo,1_2_3,Detergentes y Productos Similares,Basicos,32,15/05/2026,Superissste,Supermercado / Tienda de Autoservicio,Superissste Sucursal 011,Calle Peluqueros No. 310 Esquina Calle Tizayuca. Col. Michoacána. Cp. 15240,Ciudad de México,Venustiano Carranza,19.446139,-99.113372
Detergente P/ropa,Bolsa 800 Gr. Polvo,1_2_3,Detergentes y Productos Similares,Basicos,32,15/05/2026,Superissste,Supermercado / Tienda de Autoservicio,Superissste Sucursal 022,Av. del Taller y Retorno No. 38 Dentro del Retorno 38. Col. Jardín Balbuena. Cp. 15900,Ciudad de México,Venustiano Carranza,19.412842,-99.105666
Detergente P/ropa,Bolsa 850 Gr. Polvo,Viva,Detergentes y Productos Similares,Basicos,27,13/05/2026,Chedraui,Supermercado / Tienda de Autoservicio,Chedraui Sucursal Anfora,Anfora 71. Esq. Eje 1 Norte. Col. Madero. Cp. 15320,Ciudad de México,Venustiano Carranza,19.437353,-99.110088
Detergente P/ropa,Bolsa 850 Gr. Polvo,Viva,Detergentes y Productos Similares,Basicos,29.5,07/05/2026,La Comer,Supermercado / Tienda de Autoservicio,Lacomer Sucursal Queretaro Estadio,Luis M. Vega y Monroy 1300. Esq.cimataRío . Col. CimataRío. Cp. 76090,Querétaro,Santiago de Querétaro,20.577804,-100.373626
Detergente P/ropa,Bolsa 850 Gr. Polvo,Viva,Detergentes y Productos Similares,Basicos,29.5,14/05/2026,La Comer,Supermercado / Tienda de Autoservicio,Lacomer Sucursal Queretaro Estadio,Luis M. Vega y Monroy 1300. Esq.cimataRío . Col. CimataRío. Cp. 76090,Querétaro,Santiago de Querétaro,20.577804,-100.373626
Detergente P/ropa,Bolsa 850 Gr. Polvo,Viva,Detergentes y Productos Similares,Basicos,35,12/05/2026,Oxxo,Tienda de Conveniencia,Oxxo Sucursal Corregidora 50 Cr,Circuito Moises Solana No. 128. Esq. Gertrudis Bocanegra. Col. Burocratas. Cp. 76070,Querétaro,Santiago de Querétaro,20.57462,-100.384232
Detergente P/ropa,Bolsa 850 Gr. Polvo,Viva,Detergentes y Productos Similares,Basicos,38.5,13/05/2026,Hipermercado Soriana,Supermercado / Tienda de Autoservicio,Soriana Hiper Sucursal Consulado (418),Río Consulado 2355. Esq. Carlos Marx. Col. Simon Bolivar. Cp. 15410,Ciudad de México,Venustiano Carranza,19.449572,-99.100376
Detergente P/ropa,Bolsa 850 Gr. Polvo,Viva. Fresca Lavanda,Detergentes y Productos Similares,Basicos,29.5,07/05/2026,La Comer,Supermercado / Tienda de Autoservicio,Lacomer Sucursal Queretaro Estadio,Luis M. Vega y Monroy 1300. Esq.cimataRío . Col. CimataRío. Cp. 76090,Querétaro,Santiago de Querétaro,20.577804,-100.373626
Detergente P/ropa,Bolsa 850 Gr. Polvo,Viva. Fresca Lavanda,Detergentes y Productos Similares,Basicos,29.5,14/05/2026,La Comer,Supermercado / Tienda de Autoservicio,Lacomer Sucursal Queretaro Estadio,Luis M. Vega y Monroy 1300. Esq.cimataRío . Col. CimataRío. Cp. 76090,Querétaro,Santiago de Querétaro,20.577804,-100.373626
Detergente P/ropa,Bolsa 850 Gr. Polvo,Viva. Fresca Lavanda,Detergentes y Productos Similares,Basicos,36.9,01/05/2026,Superissste,Supermercado / Tienda de Autoservicio,Superissste Sucursal 011,Calle Peluqueros No. 310 Esquina Calle Tizayuca. Col. Michoacána. Cp. 15240,Ciudad de México,Venustiano Carranza,19.446139,-99.113372
Detergente P/ropa,Bolsa 850 Gr. Polvo,Viva. Fresca Lavanda,Detergentes y Productos Similares,Basicos,36.9,01/05/2026,Superissste,Supermercado / Tienda de Autoservicio,Superissste Sucursal 022,Av. del Taller y Retorno No. 38 Dentro del Retorno 38. Col. Jardín Balbuena. Cp. 15900,Ciudad de México,Venustiano Carranza,19.412842,-99.105666
Detergente P/ropa,Bolsa 850 Gr. Polvo,Viva. Fresca Lavanda,Detergentes y Productos Similares,Basicos,36.9,08/05/2026,Superissste,Supermercado / Tienda de Autoservicio,Superissste Sucursal 011,Calle Peluqueros No. 310 Esquina Calle Tizayuca. Col. Michoacána. Cp. 15240,Ciudad de México,Venustiano Carranza,19.446139,-99.113372
Detergente P/ropa,Bolsa 850 Gr. Polvo,Viva. Fresca Lavanda,Detergentes y Productos Similares,Basicos,36.9,08/05/2026,Superissste,Supermercado / Tienda de Autoservicio,Superissste Sucursal 022,Av. del Taller y Retorno No. 38 Dentro del Retorno 38. Col. Jardín Balbuena. Cp. 15900,Ciudad de México,Venustiano Carranza,19.412842,-99.105666
Detergente P/ropa,Bolsa 850 Gr. Polvo,Viva. Fresca Lavanda,Detergentes y Productos Similares,Basicos,36.9,15/05/2026,Superissste,Supermercado / Tienda de Autoservicio,Superissste Sucursal 011,Calle Peluqueros No. 310 Esquina Calle Tizayuca. Col. Michoacána. Cp. 15240,Ciudad de México,Venustiano Carranza,19.446139,-99.113372
Detergente P/ropa,Bolsa 850 Gr. Polvo,Viva. Fresca Lavanda,Detergentes y Productos Similares,Basicos,36.9,15/05/2026,Superissste,Supermercado / Tienda de Autoservicio,Superissste Sucursal 022,Av. del Taller y Retorno No. 38 Dentro del Retorno 38. Col. Jardín Balbuena. Cp. 15900,Ciudad de México,Venustiano Carranza,19.412842,-99.105666
Detergente P/ropa,Bolsa 850 Gr. Polvo. Aromas de Primavera,Bold 3,Detergentes y Productos Similares,Basicos,26,07/05/2026,Bodega Aurrera,Supermercado / Tienda de Autoservicio,Bodega Aurrera Sucursal la Viga,Calz. de la Viga 136 Esq. del Taller. Col. Lorenzo Boturini. Cp. 15820,Ciudad de México,Venustiano Carranza,19.414749,-99.127874
Detergente P/ropa,Bolsa 850 Gr. Polvo. Aromas de Primavera,Bold 3,Detergentes y Productos Similares,Basicos,26,13/05/2026,Bodega Aurrera,Supermercado / Tienda de Autoservicio,Bodega Aurrera Sucursal la Viga,Calz. de la Viga 136 Esq. del Taller. Col. Lorenzo Boturini. Cp. 15820,Ciudad de México,Venustiano Carranza,19.414749,-99.127874
Detergente P/ropa,Bolsa 850 Gr. Polvo. Aromas de Primavera,Bold 3,Detergentes y Productos Similares,Basicos,26,15/05/2026,Bodega Aurrera,Supermercado / Tienda de Autoservicio,Bodega Aurrera Sucursal Centro Constituyentes,Constituyentes Oriente 334. Entre Pasteur y Manuel Ponce. Col. MercuRío. Cp. 76040,Querétaro,Santiago de Querétaro,20.586349,-100.382801
Detergente P/ropa,Bolsa 850 Gr. Polvo. Aromas de Primavera,Bold 3,Detergentes y Productos Similares,Basicos,29.5,07/05/2026,La Comer,Supermercado / Tienda de Autoservicio,Lacomer Sucursal Queretaro Estadio,Luis M. Vega y Monroy 1300. Esq.cimataRío . Col. CimataRío. Cp. 76090,Querétaro,Santiago de Querétaro,20.577804,-100.373626
Detergente P/ropa,Bolsa 850 Gr. Polvo. Aromas de Primavera,Bold 3,Detergentes y Productos Similares,Basicos,29.5,14/05/2026,La Comer,Supermercado / Tienda de Autoservicio,Lacomer Sucursal Queretaro Estadio,Luis M. Vega y Monroy 1300. Esq.cimataRío . Col. CimataRío. Cp. 76090,Querétaro,Santiago de Querétaro,20.577804,-100.373626
Detergente P/ropa,Bolsa 850 Gr. Polvo. Aromas de Primavera,Bold 3,Detergentes y Productos Similares,Basicos,29.9,01/05/2026,Superissste,Supermercado / Tienda de Autoservicio,Superissste Sucursal 011,Calle Peluqueros No. 310 Esquina Calle Tizayuca. Col. Michoacána. Cp. 15240,Ciudad de México,Venustiano Carranza,19.446139,-99.113372
Detergente P/ropa,Bolsa 850 Gr. Polvo. Aromas de Primavera,Bold 3,Detergentes y Productos Similares,Basicos,29.9,01/05/2026,Superissste,Supermercado / Tienda de Autoservicio,Superissste Sucursal 022,Av. del Taller y Retorno No. 38 Dentro del Retorno 38. Col. Jardín Balbuena. Cp. 15900,Ciudad de México,Venustiano Carranza,19.412842,-99.105666
Detergente P/ropa,Bolsa 850 Gr. Polvo. Aromas de Primavera,Bold 3,Detergentes y Productos Similares,Basicos,29.9,08/05/2026,Superissste,Supermercado / Tienda de Autoservicio,Superissste Sucursal 011,Calle Peluqueros No. 310 Esquina Calle Tizayuca. Col. Michoacána. Cp. 15240,Ciudad de México,Venustiano Carranza,19.446139,-99.113372
Detergente P/ropa,Bolsa 850 Gr. Polvo. Aromas de Primavera,Bold 3,Detergentes y Productos Similares,Basicos,29.9,08/05/2026,Superissste,Supermercado / Tienda de Autoservicio,Superissste Sucursal 022,Av. del Taller y Retorno No. 38 Dentro del Retorno 38. Col. Jardín Balbuena. Cp. 15900,Ciudad de México,Venustiano Carranza,19.412842,-99.105666
Detergente P/ropa,Bolsa 850 Gr. Polvo. Aromas de Primavera,Bold 3,Detergentes y Productos Similares,Basicos,29.9,15/05/2026,Superissste,Supermercado / Tienda de Autoservicio,Superissste Sucursal 011,Calle Peluqueros No. 310 Esquina Calle Tizayuca. Col. Michoacána. Cp. 15240,Ciudad de México,Venustiano Carranza,19.446139,-99.113372
Detergente P/ropa,Bolsa 850 Gr. Polvo. Aromas de Primavera,Bold 3,Detergentes y Productos Similares,Basicos,29.9,15/05/2026,Superissste,Supermercado / Tienda de Autoservicio,Superissste Sucursal 022,Av. del Taller y Retorno No. 38 Dentro del Retorno 38. Col. Jardín Balbuena. Cp. 15900,Ciudad de México,Venustiano Carranza,19.412842,-99.105666
Detergente P/ropa,Bolsa 850 Gr. Polvo. Aromas de Primavera,Bold 3,Detergentes y Productos Similares,Basicos,30.5,13/05/2026,Hipermercado Soriana,Supermercado / Tienda de Autoservicio,Soriana Hiper Sucursal Consulado (418),Río Consulado 2355. Esq. Carlos Marx. Col. Simon Bolivar. Cp. 15410,Ciudad de México,Venustiano Carranza,19.449572,-99.100376
Detergente P/ropa,Bolsa 850 Gr. Polvo. Aromas de Primavera,Bold 3,Detergentes y Productos Similares,Basicos,32,13/05/2026,Chedraui,Supermercado / Tienda de Autoservicio,Chedraui Sucursal Anfora,Anfora 71. Esq. Eje 1 Norte. Col. Madero. Cp. 15320,Ciudad de México,Venustiano Carranza,19.437353,-99.110088
Detergente P/ropa,Bolsa 900 Gr. Polvo. Universal,Persil,Detergentes y Productos Similares,Basicos,33,13/05/2026,Hipermercado Soriana,Supermercado / Tienda de Autoservicio,Soriana Hiper Sucursal Consulado (418),Río Consulado 2355. Esq. Carlos Marx. Col. Simon Bolivar. Cp. 15410,Ciudad de México,Venustiano Carranza,19.449572,-99.100376
Detergente P/ropa,Bolsa 900 Gr. Polvo. Universal,Persil,Detergentes y Productos Similares,Basicos,40,07/05/2026,La Comer,Supermercado / Tienda de Autoservicio,Lacomer Sucursal Queretaro Estadio,Luis M. Vega y Monroy 1300. Esq.cimataRío . Col. CimataRío. Cp. 76090,Querétaro,Santiago de Querétaro,20.577804,-100.373626
Detergente P/ropa,Bolsa 900 Gr. Polvo. Universal,Persil,Detergentes y Productos Similares,Basicos,40,14/05/2026,La Comer,Supermercado / Tienda de Autoservicio,Lacomer Sucursal Queretaro Estadio,Luis M. Vega y Monroy 1300. Esq.cimataRío . Col. CimataRío. Cp. 76090,Querétaro,Santiago de Querétaro,20.577804,-100.373626
Detergente P/ropa,Bolsa 900 Gr. Polvo. Universal,Persil,Detergentes y Productos Similares,Basicos,44.9,01/05/2026,Superissste,Supermercado / Tienda de Autoservicio,Superissste Sucursal 011,Calle Peluqueros No. 310 Esquina Calle Tizayuca. Col. Michoacána. Cp. 15240,Ciudad de México,Venustiano Carranza,19.446139,-99.113372
Detergente P/ropa,Bolsa 900 Gr. Polvo. Universal,Persil,Detergentes y Productos Similares,Basicos,44.9,01/05/2026,Superissste,Supermercado / Tienda de Autoservicio,Superissste Sucursal 022,Av. del Taller y Retorno No. 38 Dentro del Retorno 38. Col. Jardín Balbuena. Cp. 15900,Ciudad de México,Venustiano Carranza,19.412842,-99.105666
Detergente P/ropa,Bolsa 900 Gr. Polvo. Universal,Persil,Detergentes y Productos Similares,Basicos,44.9,08/05/2026,Superissste,Supermercado / Tienda de Autoservicio,Superissste Sucursal 011,Calle Peluqueros No. 310 Esquina Calle Tizayuca. Col. Michoacána. Cp. 15240,Ciudad de México,Venustiano Carranza,19.446139,-99.113372
Detergente P/ropa,Bolsa 900 Gr. Polvo. Universal,Persil,Detergentes y Productos Similares,Basicos,44.9,08/05/2026,Superissste,Supermercado / Tienda de Autoservicio,Superissste Sucursal 022,Av. del Taller y Retorno No. 38 Dentro del Retorno 38. Col. Jardín Balbuena. Cp. 15900,Ciudad de México,Venustiano Carranza,19.412842,-99.105666
Detergente P/ropa,Bolsa 900 Gr. Polvo. Universal,Persil,Detergentes y Productos Similares,Basicos,44.9,15/05/2026,Superissste,Supermercado / Tienda de Autoservicio,Superissste Sucursal 011,Calle Peluqueros No. 310 Esquina Calle Tizayuca. Col. Michoacána. Cp. 15240,Ciudad de México,Venustiano Carranza,19.446139,-99.113372
Detergente P/ropa,Bolsa 900 Gr. Polvo. Universal,Persil,Detergentes y Productos Similares,Basicos,44.9,15/05/2026,Superissste,Supermercado / Tienda de Autoservicio,Superissste Sucursal 022,Av. del Taller y Retorno No. 38 Dentro del Retorno 38. Col. Jardín Balbuena. Cp. 15900,Ciudad de México,Venustiano Carranza,19.412842,-99.105666
Detergente P/ropa,Botella 1 Lt. Líquido. Delicada,Vel Rosita,Detergentes y Productos Similares,Basicos,90.9,01/05/2026,Superissste,Supermercado / Tienda de Autoservicio,Superissste Sucursal 011,Calle Peluqueros No. 310 Esquina Calle Tizayuca. Col. Michoacána. Cp. 15240,Ciudad de México,Venustiano Carranza,19.446139,-99.113372
Detergente P/ropa,Botella 1 Lt. Líquido. Delicada,Vel Rosita,Detergentes y Productos Similares,Basicos,90.9,01/05/2026,Superissste,Supermercado / Tienda de Autoservicio,Superissste Sucursal 022,Av. del Taller y Retorno No. 38 Dentro del Retorno 38. Col. Jardín Balbuena. Cp. 15900,Ciudad de México,Venustiano Carranza,19.412842,-99.105666
Detergente P/ropa,Botella 1 Lt. Líquido. Delicada,Vel Rosita,Detergentes y Productos Similares,Basicos,90.9,08/05/2026,Superissste,Supermercado / Tienda de Autoservicio,Superissste Sucursal 011,Calle Peluqueros No. 310 Esquina Calle Tizayuca. Col. Michoacána. Cp. 15240,Ciudad de México,Venustiano Carranza,19.446139,-99.113372
Detergente P/ropa,Botella 1 Lt. Líquido. Delicada,Vel Rosita,Detergentes y Productos Similares,Basicos,90.9,08/05/2026,Superissste,Supermercado / Tienda de Autoservicio,Superissste Sucursal 022,Av. del Taller y Retorno No. 38 Dentro del Retorno 38. Col. Jardín Balbuena. Cp. 15900,Ciudad de México,Venustiano Carranza,19.412842,-99.105666
Detergente P/ropa,Botella 1 Lt. Líquido. Delicada,Vel Rosita,Detergentes y Productos Similares,Basicos,90.9,15/05/2026,Superissste,Supermercado / Tienda de Autoservicio,Superissste Sucursal 011,Calle Peluqueros No. 310 Esquina Calle Tizayuca. Col. Michoacána. Cp. 15240,Ciudad de México,Venustiano Carranza,19.446139,-99.113372
Detergente P/ropa,Botella 1 Lt. Líquido. Delicada,Vel Rosita,Detergentes y Productos Similares,Basicos,90.9,15/05/2026,Superissste,Supermercado / Tienda de Autoservicio,Superissste Sucursal 022,Av. del Taller y Retorno No. 38 Dentro del Retorno 38. Col. Jardín Balbuena. Cp. 15900,Ciudad de México,Venustiano Carranza,19.412842,-99.105666
Detergente P/ropa,Botella 1 Lt. Líquido. Delicada,Vel Rosita,Detergentes y Productos Similares,Basicos,97,14/05/2026,La Comer,Supermercado / Tienda de Autoservicio,Lacomer Sucursal Queretaro Estadio,Luis M. Vega y Monroy 1300. Esq.cimataRío . Col. CimataRío. Cp. 76090,Querétaro,Santiago de Querétaro,20.577804,-100.373626
Detergente P/ropa,Botella 1 Lt. Líquido. Delicada,Vel Rosita,Detergentes y Productos Similares,Basicos,99,13/05/2026,Chedraui,Supermercado / Tienda de Autoservicio,Chedraui Sucursal Anfora,Anfora 71. Esq. Eje 1 Norte. Col. Madero. Cp. 15320,Ciudad de México,Venustiano Carranza,19.437353,-99.110088
Detergente P/ropa,Botella 1.36 Lt. Líquido. Delicada,Vel Rosita,Detergentes y Productos Similares,Basicos,117,13/05/2026,Chedraui,Supermercado / Tienda de Autoservicio,Chedraui Sucursal Anfora,Anfora 71. Esq. Eje 1 Norte. Col. Madero. Cp. 15320,Ciudad de México,Venustiano Carranza,19.437353,-99.110088
Detergente P/ropa,Botella 1.36 Lt. Líquido. Delicada,Vel Rosita,Detergentes y Productos Similares,Basicos,120,07/05/2026,Bodega Aurrera,Supermercado / Tienda de Autoservicio,Bodega Aurrera Sucursal la Viga,Calz. de la Viga 136 Esq. del Taller. Col. Lorenzo Boturini. Cp. 15820,Ciudad de México,Venustiano Carranza,19.414749,-99.127874
Detergente P/ropa,Botella 1.36 Lt. Líquido. Delicada,Vel Rosita,Detergentes y Productos Similares,Basicos,120,07/05/2026,La Comer,Supermercado / Tienda de Autoservicio,Lacomer Sucursal Queretaro Estadio,Luis M. Vega y Monroy 1300. Esq.cimataRío . Col. CimataRío. Cp. 76090,Querétaro,Santiago de Querétaro,20.577804,-100.373626
Detergente P/ropa,Botella 1.36 Lt. Líquido. Delicada,Vel Rosita,Detergentes y Productos Similares,Basicos,120,13/05/2026,Bodega Aurrera,Supermercado / Tienda de Autoservicio,Bodega Aurrera Sucursal la Viga,Calz. de la Viga 136 Esq. del Taller. Col. Lorenzo Boturini. Cp. 15820,Ciudad de México,Venustiano Carranza,19.414749,-99.127874
Detergente P/ropa,Botella 1.36 Lt. Líquido. Delicada,Vel Rosita,Detergentes y Productos Similares,Basicos,120,14/05/2026,La Comer,Supermercado / Tienda de Autoservicio,Lacomer Sucursal Queretaro Estadio,Luis M. Vega y Monroy 1300. Esq.cimataRío . Col. CimataRío. Cp. 76090,Querétaro,Santiago de Querétaro,20.577804,-100.373626
Detergente P/ropa,Botella 1.36 Lt. Líquido. Delicada,Vel Rosita,Detergentes y Productos Similares,Basicos,121,07/05/2026,Wal-mart,Supermercado / Tienda de Autoservicio,Walmart Sucursal Balbuena,Fray Servando Teresa de Mier 881. Entre Fernando Iglesia Calderon y Genaro Garcia. Col. Jardín Balbuena. Cp. 15900,Ciudad de México,Venustiano Carranza,19.418067,-99.105639
Detergente P/ropa,Botella 1.36 Lt. Líquido. Delicada,Vel Rosita,Detergentes y Productos Similares,Basicos,121,13/05/2026,Wal-mart,Supermercado / Tienda de Autoservicio,Walmart Sucursal Aeropuerto,Calz. Ignacio Zaragoza 58. Esq. Blvd. Puerto Aereo. Col. Federal. Cp. 15700,Ciudad de México,Venustiano Carranza,19.41926,-99.094521
Detergente P/ropa,Botella 1.36 Lt. Líquido. Delicada,Vel Rosita,Detergentes y Productos Similares,Basicos,121,13/05/2026,Wal-mart,Supermercado / Tienda de Autoservicio,Walmart Sucursal Balbuena,Fray Servando Teresa de Mier 881. Entre Fernando Iglesia Calderon y Genaro Garcia. Col. Jardín Balbuena. Cp. 15900,Ciudad de México,Venustiano Carranza,19.418067,-99.105639
Detergente P/ropa,Botella 1.83 Lt. Líquido,Mas Color,Detergentes y Productos Similares,Basicos,100,13/05/2026,Chedraui,Supermercado / Tienda de Autoservicio,Chedraui Sucursal Anfora,Anfora 71. Esq. Eje 1 Norte. Col. Madero. Cp. 15320,Ciudad de México,Venustiano Carranza,19.437353,-99.110088
Detergente P/ropa,Botella 2.8 Lt. 1 para Todo,Ace,Detergentes y Productos Similares,Basicos,122,01/05/2026,Superissste,Supermercado / Tienda de Autoservicio,Superissste Sucursal 011,Calle Peluqueros No. 310 Esquina Calle Tizayuca. Col. Michoacána. Cp. 15240,Ciudad de México,Venustiano Carranza,19.446139,-99.113372
Detergente P/ropa,Botella 2.8 Lt. 1 para Todo,Ace,Detergentes y Productos Similares,Basicos,122,01/05/2026,Superissste,Supermercado / Tienda de Autoservicio,Superissste Sucursal 022,Av. del Taller y Retorno No. 38 Dentro del Retorno 38. Col. Jardín Balbuena. Cp. 15900,Ciudad de México,Venustiano Carranza,19.412842,-99.105666
Detergente P/ropa,Botella 2.8 Lt. 1 para Todo,Ace,Detergentes y Productos Similares,Basicos,122,08/05/2026,Superissste,Supermercado / Tienda de Autoservicio,Superissste Sucursal 011,Calle Peluqueros No. 310 Esquina Calle Tizayuca. Col. Michoacána. Cp. 15240,Ciudad de México,Venustiano Carranza,19.446139,-99.113372
Detergente P/ropa,Botella 2.8 Lt. 1 para Todo,Ace,Detergentes y Productos Similares,Basicos,122,08/05/2026,Superissste,Supermercado / Tienda de Autoservicio,Superissste Sucursal 022,Av. del Taller y Retorno No. 38 Dentro del Retorno 38. Col. Jardín Balbuena. Cp. 15900,Ciudad de México,Venustiano Carranza,19.412842,-99.105666
Detergente P/ropa,Botella 2.8 Lt. 1 para Todo,Ace,Detergentes y Productos Similares,Basicos,122,15/05/2026,Superissste,Supermercado / Tienda de Autoservicio,Superissste Sucursal 011,Calle Peluqueros No. 310 Esquina Calle Tizayuca. Col. Michoacána. Cp. 15240,Ciudad de México,Venustiano Carranza,19.446139,-99.113372
Detergente P/ropa,Botella 2.8 Lt. 1 para Todo,Ace,Detergentes y Productos Similares,Basicos,122,15/05/2026,Superissste,Supermercado / Tienda de Autoservicio,Superissste Sucursal 022,Av. del Taller y Retorno No. 38 Dentro del Retorno 38. Col. Jardín Balbuena. Cp. 15900,Ciudad de México,Venustiano Carranza,19.412842,-99.105666
Detergente P/ropa,Botella 2.8 Lt. 1 para Todo,Ace,Detergentes y Productos Similares,Basicos,124,07/05/2026,La Comer,Supermercado / Tienda de Autoservicio,Lacomer Sucursal Queretaro Estadio,Luis M. Vega y Monroy 1300. Esq.cimataRío . Col. CimataRío. Cp. 76090,Querétaro,Santiago de Querétaro,20.577804,-100.373626
Detergente P/ropa,Botella 2.8 Lt. 1 para Todo,Ace,Detergentes y Productos Similares,Basicos,124,14/05/2026,La Comer,Supermercado / Tienda de Autoservicio,Lacomer Sucursal Queretaro Estadio,Luis M. Vega y Monroy 1300. Esq.cimataRío . Col. CimataRío. Cp. 76090,Querétaro,Santiago de Querétaro,20.577804,-100.373626
Detergente P/ropa,Botella 2.8 Lt. 1 para Todo,Ace,Detergentes y Productos Similares,Basicos,125,13/05/2026,Hipermercado Soriana,Supermercado / Tienda de Autoservicio,Soriana Hiper Sucursal Consulado (418),Río Consulado 2355. Esq. Carlos Marx. Col. Simon Bolivar. Cp. 15410,Ciudad de México,Venustiano Carranza,19.449572,-99.100376
Detergente P/ropa,Botella 2.8 Lt. Concentrado. Revitacolor,Ariel,Detergentes y Productos Similares,Basicos,135,13/05/2026,Hipermercado Soriana,Supermercado / Tienda de Autoservicio,Soriana Hiper Sucursal Consulado (418),Río Consulado 2355. Esq. Carlos Marx. Col. Simon Bolivar. Cp. 15410,Ciudad de México,Venustiano Carranza,19.449572,-99.100376
Detergente P/ropa,Botella 2.8 Lt. Concentrado. Revitacolor,Ariel,Detergentes y Productos Similares,Basicos,141,01/05/2026,Superissste,Supermercado / Tienda de Autoservicio,Superissste Sucursal 011,Calle Peluqueros No. 310 Esquina Calle Tizayuca. Col. Michoacána. Cp. 15240,Ciudad de México,Venustiano Carranza,19.446139,-99.113372
Detergente P/ropa,Botella 2.8 Lt. Concentrado. Revitacolor,Ariel,Detergentes y Productos Similares,Basicos,141,01/05/2026,Superissste,Supermercado / Tienda de Autoservicio,Superissste Sucursal 022,Av. del Taller y Retorno No. 38 Dentro del Retorno 38. Col. Jardín Balbuena. Cp. 15900,Ciudad de México,Venustiano Carranza,19.412842,-99.105666
Detergente P/ropa,Botella 2.8 Lt. Concentrado. Revitacolor,Ariel,Detergentes y Productos Similares,Basicos,141,08/05/2026,Superissste,Supermercado / Tienda de Autoservicio,Superissste Sucursal 011,Calle Peluqueros No. 310 Esquina Calle Tizayuca. Col. Michoacána. Cp. 15240,Ciudad de México,Venustiano Carranza,19.446139,-99.113372
Detergente P/ropa,Botella 2.8 Lt. Concentrado. Revitacolor,Ariel,Detergentes y Productos Similares,Basicos,141,08/05/2026,Superissste,Supermercado / Tienda de Autoservicio,Superissste Sucursal 022,Av. del Taller y Retorno No. 38 Dentro del Retorno 38. Col. Jardín Balbuena. Cp. 15900,Ciudad de México,Venustiano Carranza,19.412842,-99.105666
Detergente P/ropa,Botella 2.8 Lt. Concentrado. Revitacolor,Ariel,Detergentes y Productos Similares,Basicos,141,15/05/2026,Superissste,Supermercado / Tienda de Autoservicio,Superissste Sucursal 011,Calle Peluqueros No. 310 Esquina Calle Tizayuca. Col. Michoacána. Cp. 15240,Ciudad de México,Venustiano Carranza,19.446139,-99.113372
Detergente P/ropa,Botella 2.8 Lt. Concentrado. Revitacolor,Ariel,Detergentes y Productos Similares,Basicos,141,15/05/2026,Superissste,Supermercado / Tienda de Autoservicio,Superissste Sucursal 022,Av. del Taller y Retorno No. 38 Dentro del Retorno 38. Col. Jardín Balbuena. Cp. 15900,Ciudad de México,Venustiano Carranza,19.412842,-99.105666
Detergente P/ropa,Botella 3 Lt. Líquido,Mas Oscura,Detergentes y Productos Similares,Basicos,120,13/05/2026,Chedraui,Supermercado / Tienda de Autoservicio,Chedraui Sucursal Anfora,Anfora 71. Esq. Eje 1 Norte. Col. Madero. Cp. 15320,Ciudad de México,Venustiano Carranza,19.437353,-99.110088
Detergente P/ropa,Botella 3 Lt. Líquido,Mas Oscura,Detergentes y Productos Similares,Basicos,130,14/05/2026,La Comer,Supermercado / Tienda de Autoservicio,Lacomer Sucursal Queretaro Estadio,Luis M. Vega y Monroy 1300. Esq.cimataRío . Col. CimataRío. Cp. 76090,Querétaro,Santiago de Querétaro,20.577804,-100.373626
Detergente P/ropa,Botella 3 Lt. Líquido,Mas Oscura,Detergentes y Productos Similares,Basicos,131,07/05/2026,Wal-mart,Supermercado / Tienda de Autoservicio,Walmart Sucursal Balbuena,Fray Servando Teresa de Mier 881. Entre Fernando Iglesia Calderon y Genaro Garcia. Col. Jardín Balbuena. Cp. 15900,Ciudad de México,Venustiano Carranza,19.418067,-99.105639
Detergente P/ropa,Botella 3 Lt. Líquido,Mas Oscura,Detergentes y Productos Similares,Basicos,131,13/05/2026,Wal-mart,Supermercado / Tienda de Autoservicio,Walmart Sucursal Aeropuerto,Calz. Ignacio Zaragoza 58. Esq. Blvd. Puerto Aereo. Col. Federal. Cp. 15700,Ciudad de México,Venustiano Carranza,19.41926,-99.094521
Detergente P/ropa,Botella 3 Lt. Líquido,Mas Oscura,Detergentes y Productos Similares,Basicos,131,13/05/2026,Wal-mart,Supermercado / Tienda de Autoservicio,Walmart Sucursal Balbuena,Fray Servando Teresa de Mier 881. Entre Fernando Iglesia Calderon y Genaro Garcia. Col. Jardín Balbuena. Cp. 15900,Ciudad de México,Venustiano Carranza,19.418067,-99.105639
Detergente P/ropa,Botella 3 Lt. Líquido,Mas Oscura,Detergentes y Productos Similares,Basicos,135,07/05/2026,La Comer,Supermercado / Tienda de Autoservicio,Lacomer Sucursal Queretaro Estadio,Luis M. Vega y Monroy 1300. Esq.cimataRío . Col. CimataRío. Cp. 76090,Querétaro,Santiago de Querétaro,20.577804,-100.373626
Detergente P/ropa y Trastes,Bolsa 1 Kg. Polvo,Roma,Detergentes y Productos Similares,Basicos,43,13/05/2026,Wal-mart,Supermercado / Tienda de Autoservicio,Walmart Sucursal Balbuena,Fray Servando Teresa de Mier 881. Entre Fernando Iglesia Calderon y Genaro Garcia. Col. Jardín Balbuena. Cp. 15900,Ciudad de México,Venustiano Carranza,19.418067,-99.105639
Detergente P/ropa y Trastes,Bolsa 5 Kg. Polvo,Roma,Detergentes y Productos Similares,Basicos,230,07/05/2026,Wal-mart,Supermercado / Tienda de Autoservicio,Walmart Sucursal Balbuena,Fray Servando Teresa de Mier 881. Entre Fernando Iglesia Calderon y Genaro Garcia. Col. Jardín Balbuena. Cp. 15900,Ciudad de México,Venustiano Carranza,19.418067,-99.105639
Detergente P/trastes,Botella 750 Ml. Líquido (verde). Limon,Salvo,Detergentes y Productos Similares,Basicos,52.5,08/05/2026,Superissste,Supermercado / Tienda de Autoservicio,Superissste Sucursal 011,Calle Peluqueros No. 310 Esquina Calle Tizayuca. Col. Michoacána. Cp. 15240,Ciudad de México,Venustiano Carranza,19.446139,-99.113372
Detergente P/trastes,Botella 750 Ml. Líquido. Limon,Axion,Detergentes y Productos Similares,Basicos,39,13/05/2026,Wal-mart,Supermercado / Tienda de Autoservicio,Walmart Sucursal Balbuena,Fray Servando Teresa de Mier 881. Entre Fernando Iglesia Calderon y Genaro Garcia. Col. Jardín Balbuena. Cp. 15900,Ciudad de México,Venustiano Carranza,19.418067,-99.105639
Detergente P/trastes,Botella 900 Ml. Líquido (verde). Limon,Salvo,Detergentes y Productos Similares,Basicos,54,07/05/2026,La Comer,Supermercado / Tienda de Autoservicio,Lacomer Sucursal Queretaro Estadio,Luis M. Vega y Monroy 1300. Esq.cimataRío . Col. CimataRío. Cp. 76090,Querétaro,Santiago de Querétaro,20.577804,-100.373626
Dextrometorfano Guaifenesina,Frasco con 120 Ml. Solución Adulto,S/M,Medicamentos,Medicamentos,85,08/05/2026,Bodega Aurrera,Supermercado / Tienda de Autoservicio,Bodega Aurrera Sucursal Centro Constituyentes,Constituyentes Oriente 334. Entre Pasteur y Manuel Ponce. Col. MercuRío. Cp. 76040,Querétaro,Santiago de Querétaro,20.586349,-100.382801
Dimegan-d,Caja con 10 Cápsulas de 5 Mg./20 Mg. LibeRación Prolongada,S/M,Medicamentos,Medicamentos,469,06/05/2026,Sanborn S Hnos.,Farmacias,Sanborns Sucursal los Arquitos,Constituyentes Oriente 172. Esq. de los Arquitos. Col. los Arquitos. Cp. 76050,Querétaro,Santiago de Querétaro,20.588117,-100.36869
Diovan,Caja con 30 Comprimidos de 80 Mg.,S/M,Medicamentos,Medicamentos,1048,08/05/2026,Bodega Aurrera,Supermercado / Tienda de Autoservicio,Bodega Aurrera Sucursal Centro Constituyentes,Constituyentes Oriente 334. Entre Pasteur y Manuel Ponce. Col. MercuRío. Cp. 76040,Querétaro,Santiago de Querétaro,20.586349,-100.382801
Diprospan,Caja con Una Jeringa 1 Ml. Hypak. Suspensión Inyectable,S/M,Medicamentos,Medicamentos,736,08/05/2026,Farmacias del Ahorro,Farmacias,Farmacias del Ahorro Sucursal Queretaro,Constituyentes Pte. 46. Entre Fernando de Tapia y Melchor Ocampo. Col. Centro. Cp. 76000,Querétaro,Santiago de Querétaro,20.584013,-100.394346
Dolocartigen,Caja con 20 Cápsulas de 50 Mg./15 Mg.,S/M,Medicamentos,Medicamentos,1513,08/05/2026,Farmacias del Ahorro,Farmacias,Farmacias del Ahorro Sucursal Queretaro,Constituyentes Pte. 46. Entre Fernando de Tapia y Melchor Ocampo. Col. Centro. Cp. 76000,Querétaro,Santiago de Querétaro,20.584013,-100.394346
Efexor Xr,Caja con 20 Cápsulas de 75 Mg. LibeRación Prolongada,S/M,Medicamentos,Medicamentos,1616,13/05/2026,Chedraui,Supermercado / Tienda de Autoservicio,Chedraui Sucursal Anfora,Anfora 71. Esq. Eje 1 Norte. Col. Madero. Cp. 15320,Ciudad de México,Venustiano Carranza,19.437353,-99.110088
Ejote,1 Kg. Granel. Verde,S/M,Hortalizas Frescas,Frutas y Legumbres,49.9,06/05/2026,Chedraui,Supermercado / Tienda de Autoservicio,Chedraui Sucursal Centro Sur,Blvd. Bernardo Quintana 502. Carr. con Direccion a Centro Civico. Col. Centro Sur. Cp. 76087,Querétaro,Santiago de Querétaro,20.569354,-100.358831
Ejote,1 Kg. Granel. Verde,S/M,Hortalizas Frescas,Frutas y Legumbres,69,12/05/2026,Wal-mart,Supermercado / Tienda de Autoservicio,Walmart Sucursal Unidad Plaza de Toros,Autopista Querétaro Celaya 5501. Int. del Centro Comercial Plaza Esfera. Col. el Jacal. Cp. 76187,Querétaro,Santiago de Querétaro,20.574076,-100.408704
Elatec,Caja con 30 Tabletas de 500 Mg.,S/M,Medicamentos,Medicamentos,709,07/05/2026,Wal-mart,Supermercado / Tienda de Autoservicio,Walmart Sucursal Balbuena,Fray Servando Teresa de Mier 881. Entre Fernando Iglesia Calderon y Genaro Garcia. Col. Jardín Balbuena. Cp. 15900,Ciudad de México,Venustiano Carranza,19.418067,-99.105639
Electrónicos de Video,Switch 2. Azul con Rojo. 256 GB. Sin Juego Incluido,Nintendo,Arts. de Esparcimiento (juguetes),Electrodomesticos,12390,13/05/2026,Hipermercado Soriana,Supermercado / Tienda de Autoservicio,Soriana Hiper Sucursal Consulado (418),Río Consulado 2355. Esq. Carlos Marx. Col. Simon Bolivar. Cp. 15410,Ciudad de México,Venustiano Carranza,19.449572,-99.100376
Electrónicos de Video,Switch OLED. White. Mario Kart 8. 64 GB. Mario Kart 8 (descarga),Nintendo,Arts. de Esparcimiento (juguetes),Electrodomesticos,7390,13/05/2026,Bodega Aurrera,Supermercado / Tienda de Autoservicio,Bodega Aurrera Sucursal la Viga,Calz. de la Viga 136 Esq. del Taller. Col. Lorenzo Boturini. Cp. 15820,Ciudad de México,Venustiano Carranza,19.414749,-99.127874
Electrónicos de Video,X Box. Series S. Power Your Dreams. 512 GB SSD. Sin Juego Incluido,Microsoft,Arts. de Esparcimiento (juguetes),Electrodomesticos,8899,13/05/2026,Wal-mart,Supermercado / Tienda de Autoservicio,Walmart Sucursal Aeropuerto,Calz. Ignacio Zaragoza 58. Esq. Blvd. Puerto Aereo. Col. Federal. Cp. 15700,Ciudad de México,Venustiano Carranza,19.41926,-99.094521
Elequine,Caja con 5 Tabletas de 750 Mg.,S/M,Medicamentos,Medicamentos,1158,08/05/2026,Bodega Aurrera,Supermercado / Tienda de Autoservicio,Bodega Aurrera Sucursal Centro Constituyentes,Constituyentes Oriente 334. Entre Pasteur y Manuel Ponce. Col. MercuRío. Cp. 76040,Querétaro,Santiago de Querétaro,20.586349,-100.382801
Enterogermina,Caja con 20 Ampolletas con 5 Ml. Suspensión 2 Billones Ufc Ingerible,S/M,Medicamentos,Medicamentos,499,07/05/2026,Wal-mart,Supermercado / Tienda de Autoservicio,Walmart Sucursal Balbuena,Fray Servando Teresa de Mier 881. Entre Fernando Iglesia Calderon y Genaro Garcia. Col. Jardín Balbuena. Cp. 15900,Ciudad de México,Venustiano Carranza,19.418067,-99.105639
Espironolactona,Caja con 20 Tabletas de 25 Mg.,S/M,Medicamentos,Medicamentos,114,08/05/2026,Farmacias del Ahorro,Farmacias,Farmacias del Ahorro Sucursal Queretaro,Constituyentes Pte. 46. Entre Fernando de Tapia y Melchor Ocampo. Col. Centro. Cp. 76000,Querétaro,Santiago de Querétaro,20.584013,-100.394346
Espironolactona,Caja con 20 Tabletas de 25 Mg.,S/M,Medicamentos,Medicamentos,71,07/05/2026,La Comer,Supermercado / Tienda de Autoservicio,Lacomer Sucursal Queretaro Estadio,Luis M. Vega y Monroy 1300. Esq.cimataRío . Col. CimataRío. Cp. 76090,Querétaro,Santiago de Querétaro,20.577804,-100.373626
Estufas,Em 5022 Bapn1a. Frente 20 Plgs. 4 Quemadores. Encendido Manual. Color Negro,Mabe,Aparatos Eléctricos,Electrodomesticos,3999,06/05/2026,Salinas y Rocha,Tienda de Electrodomésticos,Salinas y Rocha,Constituyentes Ote. 1204. Entre Popocatepetl y Nevado de Colima. Col. Palmas. Cp. 76040,Querétaro,Santiago de Querétaro,20.586768,-100.375909
Estufas,Em 5022 Bapn1a. Frente 20 Plgs. 4 Quemadores. Encendido Manual. Color Negro,Mabe,Aparatos Eléctricos,Electrodomesticos,3999,08/05/2026,Elektra,Tienda de Electrodomésticos,Elektra Sucursal Mega Cimatario (4118),Av. del Parque 403. Int. Plaza Mega CimataRío. Col. Plazas del Sol. Cp. 76099,Querétaro,Santiago de Querétaro,20.567243,-100.378772
Estufas,"Wfr 3400 D00. 30 Plgs. 6 Quemadores, Encendido Electrónico. Color Acero",Whirlpool,Aparatos Eléctricos,Electrodomesticos,7999,04/05/2026,Coppel,Tienda de Electrodomésticos,Coppel Sucursal Cimatario (233),Del Parque 1001. Int. del Centro Comercial Plaza del Sol. Col. Plazas del Sol. Iii Sección. Cp. 76099,Querétaro,Santiago de Querétaro,20.564142,-100.374792
Extractores de Jugos y Exprimidores,Ze420dmx. Extractor,T-fal. Frutelia Plus,Aparatos Eléctricos,Electrodomesticos,1319,07/05/2026,Wal-mart,Supermercado / Tienda de Autoservicio,Walmart Sucursal Balbuena,Fray Servando Teresa de Mier 881. Entre Fernando Iglesia Calderon y Genaro Garcia. Col. Jardín Balbuena. Cp. 15900,Ciudad de México,Venustiano Carranza,19.418067,-99.105639
Flan,Caja 84 Gr. (50 Gr Caramelo). con Caramelo. Sabor Vainilla,D'gari,Chocolates y Golosinas,Basicos,19,13/05/2026,Chedraui,Supermercado / Tienda de Autoservicio,Chedraui Sucursal Anfora,Anfora 71. Esq. Eje 1 Norte. Col. Madero. Cp. 15320,Ciudad de México,Venustiano Carranza,19.437353,-99.110088
Flan,Caja 85 Gr. (35 Gr. Flan y 50 Gr. Caramelo). con Caramelo. Sabor Vainilla,Jell-o,Chocolates y Golosinas,Basicos,15,15/05/2026,Bodega Aurrera,Supermercado / Tienda de Autoservicio,Bodega Aurrera Sucursal Centro Constituyentes,Constituyentes Oriente 334. Entre Pasteur y Manuel Ponce. Col. MercuRío. Cp. 76040,Querétaro,Santiago de Querétaro,20.586349,-100.382801
Floretes de Brócoli,Bolsa 500 Gr. Hortalizas Congeladas,La Huerta,Frutas y Legumbres Procesadas,Basicos,48,13/05/2026,Wal-mart,Supermercado / Tienda de Autoservicio,Walmart Sucursal Aeropuerto,Calz. Ignacio Zaragoza 58. Esq. Blvd. Puerto Aereo. Col. Federal. Cp. 15700,Ciudad de México,Venustiano Carranza,19.41926,-99.094521
Fluoxetina,Caja con 14 Tabletas de 20 Mg.,S/M,Medicamentos,Medicamentos,73,08/05/2026,Bodega Aurrera,Supermercado / Tienda de Autoservicio,Bodega Aurrera Sucursal Centro Constituyentes,Constituyentes Oriente 334. Entre Pasteur y Manuel Ponce. Col. MercuRío. Cp. 76040,Querétaro,Santiago de Querétaro,20.586349,-100.382801
Frijol,Bolsa 1 Kg. Negro,Verde Valle,Legumbres Secas,Basicos,47,07/05/2026,Bodega Aurrera,Supermercado / Tienda de Autoservicio,Bodega Aurrera Sucursal la Viga,Calz. de la Viga 136 Esq. del Taller. Col. Lorenzo Boturini. Cp. 15820,Ciudad de México,Venustiano Carranza,19.414749,-99.127874
Frijol,Bolsa 1 Kg. Negro,Verde Valle,Legumbres Secas,Basicos,47,08/05/2026,Bodega Aurrera,Supermercado / Tienda de Autoservicio,Bodega Aurrera Sucursal Centro Constituyentes,Constituyentes Oriente 334. Entre Pasteur y Manuel Ponce. Col. MercuRío. Cp. 76040,Querétaro,Santiago de Querétaro,20.586349,-100.382801
Frijol,Bolsa 1 Kg. Negro,Verde Valle,Legumbres Secas,Basicos,47,13/05/2026,Bodega Aurrera,Supermercado / Tienda de Autoservicio,Bodega Aurrera Sucursal la Viga,Calz. de la Viga 136 Esq. del Taller. Col. Lorenzo Boturini. Cp. 15820,Ciudad de México,Venustiano Carranza,19.414749,-99.127874
Frijol,Bolsa 1 Kg. Negro,Verde Valle,Legumbres Secas,Basicos,47,15/05/2026,Bodega Aurrera,Supermercado / Tienda de Autoservicio,Bodega Aurrera Sucursal Centro Constituyentes,Constituyentes Oriente 334. Entre Pasteur y Manuel Ponce. Col. MercuRío. Cp. 76040,Querétaro,Santiago de Querétaro,20.586349,-100.382801
Frijol,Bolsa 1 Kg. Negro,Verde Valle,Legumbres Secas,Basicos,48,07/05/2026,Wal-mart,Supermercado / Tienda de Autoservicio,Walmart Sucursal Balbuena,Fray Servando Teresa de Mier 881. Entre Fernando Iglesia Calderon y Genaro Garcia. Col. Jardín Balbuena. Cp. 15900,Ciudad de México,Venustiano Carranza,19.418067,-99.105639
Frijol,Bolsa 1 Kg. Negro,Verde Valle,Legumbres Secas,Basicos,48,07/05/2026,Wal-mart,Supermercado / Tienda de Autoservicio,Walmart Sucursal Unidad Plaza de Toros,Autopista Querétaro Celaya 5501. Int. del Centro Comercial Plaza Esfera. Col. el Jacal. Cp. 76187,Querétaro,Santiago de Querétaro,20.574076,-100.408704
Frijol,Bolsa 1 Kg. Negro,Verde Valle,Legumbres Secas,Basicos,48,12/05/2026,Wal-mart,Supermercado / Tienda de Autoservicio,Walmart Sucursal Unidad Plaza de Toros,Autopista Querétaro Celaya 5501. Int. del Centro Comercial Plaza Esfera. Col. el Jacal. Cp. 76187,Querétaro,Santiago de Querétaro,20.574076,-100.408704
Frijol,Bolsa 1 Kg. Negro,Verde Valle,Legumbres Secas,Basicos,48,13/05/2026,Wal-mart,Supermercado / Tienda de Autoservicio,Walmart Sucursal Aeropuerto,Calz. Ignacio Zaragoza 58. Esq. Blvd. Puerto Aereo. Col. Federal. Cp. 15700,Ciudad de México,Venustiano Carranza,19.41926,-99.094521
Frijol,Bolsa 1 Kg. Negro,Verde Valle,Legumbres Secas,Basicos,48,13/05/2026,Wal-mart,Supermercado / Tienda de Autoservicio,Walmart Sucursal Balbuena,Fray Servando Teresa de Mier 881. Entre Fernando Iglesia Calderon y Genaro Garcia. Col. Jardín Balbuena. Cp. 15900,Ciudad de México,Venustiano Carranza,19.418067,-99.105639
Frijol,Bolsa 1 Kg. Negro. Jamapa,Verde Valle,Legumbres Secas,Basicos,58,07/05/2026,Bodega Aurrera,Supermercado / Tienda de Autoservicio,Bodega Aurrera Sucursal la Viga,Calz. de la Viga 136 Esq. del Taller. Col. Lorenzo Boturini. Cp. 15820,Ciudad de México,Venustiano Carranza,19.414749,-99.127874
Frijol,Bolsa 1 Kg. Negro. Jamapa,Verde Valle,Legumbres Secas,Basicos,58,13/05/2026,Bodega Aurrera,Supermercado / Tienda de Autoservicio,Bodega Aurrera Sucursal la Viga,Calz. de la Viga 136 Esq. del Taller. Col. Lorenzo Boturini. Cp. 15820,Ciudad de México,Venustiano Carranza,19.414749,-99.127874
Frijol,Bolsa 1 Kg. Negro. Jamapa,Verde Valle,Legumbres Secas,Basicos,58,15/05/2026,Bodega Aurrera,Supermercado / Tienda de Autoservicio,Bodega Aurrera Sucursal Centro Constituyentes,Constituyentes Oriente 334. Entre Pasteur y Manuel Ponce. Col. MercuRío. Cp. 76040,Querétaro,Santiago de Querétaro,20.586349,-100.382801
Frijol,Bolsa 1 Kg. Negro. Jamapa,Verde Valle,Legumbres Secas,Basicos,59,07/05/2026,Wal-mart,Supermercado / Tienda de Autoservicio,Walmart Sucursal Balbuena,Fray Servando Teresa de Mier 881. Entre Fernando Iglesia Calderon y Genaro Garcia. Col. Jardín Balbuena. Cp. 15900,Ciudad de México,Venustiano Carranza,19.418067,-99.105639
Frijol,Bolsa 1 Kg. Negro. Jamapa,Verde Valle,Legumbres Secas,Basicos,59,07/05/2026,Wal-mart,Supermercado / Tienda de Autoservicio,Walmart Sucursal Unidad Plaza de Toros,Autopista Querétaro Celaya 5501. Int. del Centro Comercial Plaza Esfera. Col. el Jacal. Cp. 76187,Querétaro,Santiago de Querétaro,20.574076,-100.408704
Frijol,Bolsa 1 Kg. Negro. Jamapa,Verde Valle,Legumbres Secas,Basicos,59,12/05/2026,Wal-mart,Supermercado / Tienda de Autoservicio,Walmart Sucursal Unidad Plaza de Toros,Autopista Querétaro Celaya 5501. Int. del Centro Comercial Plaza Esfera. Col. el Jacal. Cp. 76187,Querétaro,Santiago de Querétaro,20.574076,-100.408704
Frijol,Bolsa 1 Kg. Negro. Jamapa,Verde Valle,Legumbres Secas,Basicos,59,13/05/2026,Wal-mart,Supermercado / Tienda de Autoservicio,Walmart Sucursal Aeropuerto,Calz. Ignacio Zaragoza 58. Esq. Blvd. Puerto Aereo. Col. Federal. Cp. 15700,Ciudad de México,Venustiano Carranza,19.41926,-99.094521
Frijol,Bolsa 1 Kg. Negro. Jamapa,Verde Valle,Legumbres Secas,Basicos,59,13/05/2026,Wal-mart,Supermercado / Tienda de Autoservicio,Walmart Sucursal Balbuena,Fray Servando Teresa de Mier 881. Entre Fernando Iglesia Calderon y Genaro Garcia. Col. Jardín Balbuena. Cp. 15900,Ciudad de México,Venustiano Carranza,19.418067,-99.105639
Frijol,Bolsa 1 Kg. Negro. Jamapa,Verde Valle,Legumbres Secas,Basicos,64.5,01/05/2026,Superissste,Supermercado / Tienda de Autoservicio,Superissste Sucursal 011,Calle Peluqueros No. 310 Esquina Calle Tizayuca. Col. Michoacána. Cp. 15240,Ciudad de México,Venustiano Carranza,19.446139,-99.113372
Frijol,Bolsa 1 Kg. Negro. Jamapa,Verde Valle,Legumbres Secas,Basicos,64.5,01/05/2026,Superissste,Supermercado / Tienda de Autoservicio,Superissste Sucursal 022,Av. del Taller y Retorno No. 38 Dentro del Retorno 38. Col. Jardín Balbuena. Cp. 15900,Ciudad de México,Venustiano Carranza,19.412842,-99.105666
Frijol,Bolsa 1 Kg. Negro. Jamapa,Verde Valle,Legumbres Secas,Basicos,64.5,08/05/2026,Superissste,Supermercado / Tienda de Autoservicio,Superissste Sucursal 011,Calle Peluqueros No. 310 Esquina Calle Tizayuca. Col. Michoacána. Cp. 15240,Ciudad de México,Venustiano Carranza,19.446139,-99.113372
Frijol,Bolsa 1 Kg. Negro. Jamapa,Verde Valle,Legumbres Secas,Basicos,64.5,08/05/2026,Superissste,Supermercado / Tienda de Autoservicio,Superissste Sucursal 022,Av. del Taller y Retorno No. 38 Dentro del Retorno 38. Col. Jardín Balbuena. Cp. 15900,Ciudad de México,Venustiano Carranza,19.412842,-99.105666
Frijol,Bolsa 1 Kg. Negro. Jamapa,Verde Valle,Legumbres Secas,Basicos,64.5,15/05/2026,Superissste,Supermercado / Tienda de Autoservicio,Superissste Sucursal 011,Calle Peluqueros No. 310 Esquina Calle Tizayuca. Col. Michoacána. Cp. 15240,Ciudad de México,Venustiano Carranza,19.446139,-99.113372
Frijol,Bolsa 1 Kg. Negro. Jamapa,Verde Valle,Legumbres Secas,Basicos,64.5,15/05/2026,Superissste,Supermercado / Tienda de Autoservicio,Superissste Sucursal 022,Av. del Taller y Retorno No. 38 Dentro del Retorno 38. Col. Jardín Balbuena. Cp. 15900,Ciudad de México,Venustiano Carranza,19.412842,-99.105666
Frijol,Bolsa 1 Kg. Negro. Jamapa,Verde Valle,Legumbres Secas,Basicos,65,08/05/2026,Bodega Aurrera,Supermercado / Tienda de Autoservicio,Bodega Aurrera Sucursal Centro Constituyentes,Constituyentes Oriente 334. Entre Pasteur y Manuel Ponce. Col. MercuRío. Cp. 76040,Querétaro,Santiago de Querétaro,20.586349,-100.382801
Frijol,Bolsa 1 Kg. Pinto,Verde Valle,Legumbres Secas,Basicos,43,07/05/2026,Bodega Aurrera,Supermercado / Tienda de Autoservicio,Bodega Aurrera Sucursal la Viga,Calz. de la Viga 136 Esq. del Taller. Col. Lorenzo Boturini. Cp. 15820,Ciudad de México,Venustiano Carranza,19.414749,-99.127874
Frijol,Bolsa 1 Kg. Pinto,Verde Valle,Legumbres Secas,Basicos,43,08/05/2026,Bodega Aurrera,Supermercado / Tienda de Autoservicio,Bodega Aurrera Sucursal Centro Constituyentes,Constituyentes Oriente 334. Entre Pasteur y Manuel Ponce. Col. MercuRío. Cp. 76040,Querétaro,Santiago de Querétaro,20.586349,-100.382801
Frijol,Bolsa 1 Kg. Pinto,Verde Valle,Legumbres Secas,Basicos,43,13/05/2026,Bodega Aurrera,Supermercado / Tienda de Autoservicio,Bodega Aurrera Sucursal la Viga,Calz. de la Viga 136 Esq. del Taller. Col. Lorenzo Boturini. Cp. 15820,Ciudad de México,Venustiano Carranza,19.414749,-99.127874
Frijol,Bolsa 1 Kg. Pinto,Verde Valle,Legumbres Secas,Basicos,43,15/05/2026,Bodega Aurrera,Supermercado / Tienda de Autoservicio,Bodega Aurrera Sucursal Centro Constituyentes,Constituyentes Oriente 334. Entre Pasteur y Manuel Ponce. Col. MercuRío. Cp. 76040,Querétaro,Santiago de Querétaro,20.586349,-100.382801
Frijol,Bolsa 1 Kg. Pinto,Verde Valle,Legumbres Secas,Basicos,44,12/05/2026,Wal-mart,Supermercado / Tienda de Autoservicio,Walmart Sucursal Unidad Plaza de Toros,Autopista Querétaro Celaya 5501. Int. del Centro Comercial Plaza Esfera. Col. el Jacal. Cp. 76187,Querétaro,Santiago de Querétaro,20.574076,-100.408704
Frijol,Bolsa 1 Kg. Pinto,Verde Valle,Legumbres Secas,Basicos,44,13/05/2026,Wal-mart,Supermercado / Tienda de Autoservicio,Walmart Sucursal Aeropuerto,Calz. Ignacio Zaragoza 58. Esq. Blvd. Puerto Aereo. Col. Federal. Cp. 15700,Ciudad de México,Venustiano Carranza,19.41926,-99.094521
Frijol,Bolsa 1 Kg. Pinto,Verde Valle,Legumbres Secas,Basicos,44,13/05/2026,Wal-mart,Supermercado / Tienda de Autoservicio,Walmart Sucursal Balbuena,Fray Servando Teresa de Mier 881. Entre Fernando Iglesia Calderon y Genaro Garcia. Col. Jardín Balbuena. Cp. 15900,Ciudad de México,Venustiano Carranza,19.418067,-99.105639
Frijol,Bolsa 1 Kg. Pinto,Verde Valle,Legumbres Secas,Basicos,54.9,15/05/2026,Superissste,Supermercado / Tienda de Autoservicio,Superissste Sucursal 011,Calle Peluqueros No. 310 Esquina Calle Tizayuca. Col. Michoacána. Cp. 15240,Ciudad de México,Venustiano Carranza,19.446139,-99.113372
Frijol,Bolsa 1 Kg. Pinto,Verde Valle,Legumbres Secas,Basicos,54.9,15/05/2026,Superissste,Supermercado / Tienda de Autoservicio,Superissste Sucursal 022,Av. del Taller y Retorno No. 38 Dentro del Retorno 38. Col. Jardín Balbuena. Cp. 15900,Ciudad de México,Venustiano Carranza,19.412842,-99.105666
Frijol,Bolsa 750 Gr. Flor de Mayo,La Merced,Legumbres Secas,Basicos,39,13/05/2026,Bodega Aurrera,Supermercado / Tienda de Autoservicio,Bodega Aurrera Sucursal la Viga,Calz. de la Viga 136 Esq. del Taller. Col. Lorenzo Boturini. Cp. 15820,Ciudad de México,Venustiano Carranza,19.414749,-99.127874
Frijol,Bolsa 750 Gr. Flor de Mayo,La Merced,Legumbres Secas,Basicos,41,13/05/2026,Wal-mart,Supermercado / Tienda de Autoservicio,Walmart Sucursal Balbuena,Fray Servando Teresa de Mier 881. Entre Fernando Iglesia Calderon y Genaro Garcia. Col. Jardín Balbuena. Cp. 15900,Ciudad de México,Venustiano Carranza,19.418067,-99.105639
Frijol,Bolsa 750 Gr. Flor de Mayo,La Merced,Legumbres Secas,Basicos,45,07/05/2026,Wal-mart,Supermercado / Tienda de Autoservicio,Walmart Sucursal Unidad Plaza de Toros,Autopista Querétaro Celaya 5501. Int. del Centro Comercial Plaza Esfera. Col. el Jacal. Cp. 76187,Querétaro,Santiago de Querétaro,20.574076,-100.408704
Frijol,Bolsa 750 Gr. Flor de Mayo,La Merced,Legumbres Secas,Basicos,45,13/05/2026,Chedraui,Supermercado / Tienda de Autoservicio,Chedraui Sucursal Anfora,Anfora 71. Esq. Eje 1 Norte. Col. Madero. Cp. 15320,Ciudad de México,Venustiano Carranza,19.437353,-99.110088
Frijol,Bolsa 750 Gr. Flor de Mayo,La Merced,Legumbres Secas,Basicos,45,13/05/2026,Wal-mart,Supermercado / Tienda de Autoservicio,Walmart Sucursal Aeropuerto,Calz. Ignacio Zaragoza 58. Esq. Blvd. Puerto Aereo. Col. Federal. Cp. 15700,Ciudad de México,Venustiano Carranza,19.41926,-99.094521
Frijol,Bolsa 750 Gr. Flor de Mayo,La Merced,Legumbres Secas,Basicos,47,08/05/2026,Bodega Aurrera,Supermercado / Tienda de Autoservicio,Bodega Aurrera Sucursal Centro Constituyentes,Constituyentes Oriente 334. Entre Pasteur y Manuel Ponce. Col. MercuRío. Cp. 76040,Querétaro,Santiago de Querétaro,20.586349,-100.382801
Frijol,Bolsa 750 Gr. Flor de Mayo,La Merced,Legumbres Secas,Basicos,47,15/05/2026,Bodega Aurrera,Supermercado / Tienda de Autoservicio,Bodega Aurrera Sucursal Centro Constituyentes,Constituyentes Oriente 334. Entre Pasteur y Manuel Ponce. Col. MercuRío. Cp. 76040,Querétaro,Santiago de Querétaro,20.586349,-100.382801
Frijol,Bolsa 900 Gr. Bayo,Bueno,Legumbres Secas,Basicos,39,13/05/2026,Chedraui,Supermercado / Tienda de Autoservicio,Chedraui Sucursal Anfora,Anfora 71. Esq. Eje 1 Norte. Col. Madero. Cp. 15320,Ciudad de México,Venustiano Carranza,19.437353,-99.110088
Frijol,Bolsa 900 Gr. Bayo,Bueno,Legumbres Secas,Basicos,49.5,07/05/2026,La Comer,Supermercado / Tienda de Autoservicio,Lacomer Sucursal Queretaro Estadio,Luis M. Vega y Monroy 1300. Esq.cimataRío . Col. CimataRío. Cp. 76090,Querétaro,Santiago de Querétaro,20.577804,-100.373626
Frijol,Bolsa 900 Gr. Bayo,Bueno,Legumbres Secas,Basicos,49.5,14/05/2026,La Comer,Supermercado / Tienda de Autoservicio,Lacomer Sucursal Queretaro Estadio,Luis M. Vega y Monroy 1300. Esq.cimataRío . Col. CimataRío. Cp. 76090,Querétaro,Santiago de Querétaro,20.577804,-100.373626
Frijol,Bolsa 900 Gr. Bayo,Bueno,Legumbres Secas,Basicos,52,13/05/2026,Chedraui,Supermercado / Tienda de Autoservicio,Chedraui Sucursal Centro Sur,Blvd. Bernardo Quintana 502. Carr. con Direccion a Centro Civico. Col. Centro Sur. Cp. 76087,Querétaro,Santiago de Querétaro,20.569354,-100.358831
Frijol,Bolsa 900 Gr. Bayo,La Merced,Legumbres Secas,Basicos,46.5,01/05/2026,Superissste,Supermercado / Tienda de Autoservicio,Superissste Sucursal 011,Calle Peluqueros No. 310 Esquina Calle Tizayuca. Col. Michoacána. Cp. 15240,Ciudad de México,Venustiano Carranza,19.446139,-99.113372
Frijol,Bolsa 900 Gr. Bayo,La Merced,Legumbres Secas,Basicos,46.5,01/05/2026,Superissste,Supermercado / Tienda de Autoservicio,Superissste Sucursal 022,Av. del Taller y Retorno No. 38 Dentro del Retorno 38. Col. Jardín Balbuena. Cp. 15900,Ciudad de México,Venustiano Carranza,19.412842,-99.105666
Frijol,Bolsa 900 Gr. Bayo,La Merced,Legumbres Secas,Basicos,46.5,08/05/2026,Superissste,Supermercado / Tienda de Autoservicio,Superissste Sucursal 011,Calle Peluqueros No. 310 Esquina Calle Tizayuca. Col. Michoacána. Cp. 15240,Ciudad de México,Venustiano Carranza,19.446139,-99.113372
Frijol,Bolsa 900 Gr. Bayo,La Merced,Legumbres Secas,Basicos,46.5,08/05/2026,Superissste,Supermercado / Tienda de Autoservicio,Superissste Sucursal 022,Av. del Taller y Retorno No. 38 Dentro del Retorno 38. Col. Jardín Balbuena. Cp. 15900,Ciudad de México,Venustiano Carranza,19.412842,-99.105666
Frijol,Bolsa 900 Gr. Bayo,La Merced,Legumbres Secas,Basicos,46.5,15/05/2026,Superissste,Supermercado / Tienda de Autoservicio,Superissste Sucursal 011,Calle Peluqueros No. 310 Esquina Calle Tizayuca. Col. Michoacána. Cp. 15240,Ciudad de México,Venustiano Carranza,19.446139,-99.113372
Frijol,Bolsa 900 Gr. Bayo,La Merced,Legumbres Secas,Basicos,46.5,15/05/2026,Superissste,Supermercado / Tienda de Autoservicio,Superissste Sucursal 022,Av. del Taller y Retorno No. 38 Dentro del Retorno 38. Col. Jardín Balbuena. Cp. 15900,Ciudad de México,Venustiano Carranza,19.412842,-99.105666
Frijol,Bolsa 900 Gr. Bayo,La Merced,Legumbres Secas,Basicos,53,07/05/2026,La Comer,Supermercado / Tienda de Autoservicio,Lacomer Sucursal Queretaro Estadio,Luis M. Vega y Monroy 1300. Esq.cimataRío . Col. CimataRío. Cp. 76090,Querétaro,Santiago de Querétaro,20.577804,-100.373626
Frijol,Bolsa 900 Gr. Bayo,La Merced,Legumbres Secas,Basicos,53,14/05/2026,La Comer,Supermercado / Tienda de Autoservicio,Lacomer Sucursal Queretaro Estadio,Luis M. Vega y Monroy 1300. Esq.cimataRío . Col. CimataRío. Cp. 76090,Querétaro,Santiago de Querétaro,20.577804,-100.373626
Frijol,Bolsa 900 Gr. Bayo,La Merced,Legumbres Secas,Basicos,55,13/05/2026,Chedraui,Supermercado / Tienda de Autoservicio,Chedraui Sucursal Anfora,Anfora 71. Esq. Eje 1 Norte. Col. Madero. Cp. 15320,Ciudad de México,Venustiano Carranza,19.437353,-99.110088
Frijol,Bolsa 900 Gr. Bayo,La Merced,Legumbres Secas,Basicos,55,13/05/2026,Chedraui,Supermercado / Tienda de Autoservicio,Chedraui Sucursal Centro Sur,Blvd. Bernardo Quintana 502. Carr. con Direccion a Centro Civico. Col. Centro Sur. Cp. 76087,Querétaro,Santiago de Querétaro,20.569354,-100.358831
Frijol,Bolsa 900 Gr. Bayo,La Merced,Legumbres Secas,Basicos,58.5,13/05/2026,Hipermercado Soriana,Supermercado / Tienda de Autoservicio,Soriana Hiper Sucursal Consulado (418),Río Consulado 2355. Esq. Carlos Marx. Col. Simon Bolivar. Cp. 15410,Ciudad de México,Venustiano Carranza,19.449572,-99.100376
Frijol,Bolsa 900 Gr. Flor de Mayo,Great Value,Legumbres Secas,Basicos,31,07/05/2026,Wal-mart,Supermercado / Tienda de Autoservicio,Walmart Sucursal Balbuena,Fray Servando Teresa de Mier 881. Entre Fernando Iglesia Calderon y Genaro Garcia. Col. Jardín Balbuena. Cp. 15900,Ciudad de México,Venustiano Carranza,19.418067,-99.105639
Frijol,Bolsa 900 Gr. Flor de Mayo,Great Value,Legumbres Secas,Basicos,31,12/05/2026,Wal-mart,Supermercado / Tienda de Autoservicio,Walmart Sucursal Unidad Plaza de Toros,Autopista Querétaro Celaya 5501. Int. del Centro Comercial Plaza Esfera. Col. el Jacal. Cp. 76187,Querétaro,Santiago de Querétaro,20.574076,-100.408704
Frijol,Bolsa 900 Gr. Flor de Mayo,Great Value,Legumbres Secas,Basicos,31,13/05/2026,Wal-mart,Supermercado / Tienda de Autoservicio,Walmart Sucursal Aeropuerto,Calz. Ignacio Zaragoza 58. Esq. Blvd. Puerto Aereo. Col. Federal. Cp. 15700,Ciudad de México,Venustiano Carranza,19.41926,-99.094521
Frijol,Bolsa 900 Gr. Flor de Mayo,Great Value,Legumbres Secas,Basicos,31,13/05/2026,Wal-mart,Supermercado / Tienda de Autoservicio,Walmart Sucursal Balbuena,Fray Servando Teresa de Mier 881. Entre Fernando Iglesia Calderon y Genaro Garcia. Col. Jardín Balbuena. Cp. 15900,Ciudad de México,Venustiano Carranza,19.418067,-99.105639
Frijol,Bolsa 900 Gr. Flor de Mayo,La Merced,Legumbres Secas,Basicos,44.5,01/05/2026,Superissste,Supermercado / Tienda de Autoservicio,Superissste Sucursal 011,Calle Peluqueros No. 310 Esquina Calle Tizayuca. Col. Michoacána. Cp. 15240,Ciudad de México,Venustiano Carranza,19.446139,-99.113372
Frijol,Bolsa 900 Gr. Flor de Mayo,La Merced,Legumbres Secas,Basicos,44.5,01/05/2026,Superissste,Supermercado / Tienda de Autoservicio,Superissste Sucursal 022,Av. del Taller y Retorno No. 38 Dentro del Retorno 38. Col. Jardín Balbuena. Cp. 15900,Ciudad de México,Venustiano Carranza,19.412842,-99.105666
Frijol,Bolsa 900 Gr. Flor de Mayo,La Merced,Legumbres Secas,Basicos,44.5,08/05/2026,Superissste,Supermercado / Tienda de Autoservicio,Superissste Sucursal 011,Calle Peluqueros No. 310 Esquina Calle Tizayuca. Col. Michoacána. Cp. 15240,Ciudad de México,Venustiano Carranza,19.446139,-99.113372
Frijol,Bolsa 900 Gr. Flor de Mayo,La Merced,Legumbres Secas,Basicos,44.5,08/05/2026,Superissste,Supermercado / Tienda de Autoservicio,Superissste Sucursal 022,Av. del Taller y Retorno No. 38 Dentro del Retorno 38. Col. Jardín Balbuena. Cp. 15900,Ciudad de México,Venustiano Carranza,19.412842,-99.105666
Frijol,Bolsa 900 Gr. Flor de Mayo,La Merced,Legumbres Secas,Basicos,44.5,15/05/2026,Superissste,Supermercado / Tienda de Autoservicio,Superissste Sucursal 011,Calle Peluqueros No. 310 Esquina Calle Tizayuca. Col. Michoacána. Cp. 15240,Ciudad de México,Venustiano Carranza,19.446139,-99.113372
Frijol,Bolsa 900 Gr. Flor de Mayo,La Merced,Legumbres Secas,Basicos,44.5,15/05/2026,Superissste,Supermercado / Tienda de Autoservicio,Superissste Sucursal 022,Av. del Taller y Retorno No. 38 Dentro del Retorno 38. Col. Jardín Balbuena. Cp. 15900,Ciudad de México,Venustiano Carranza,19.412842,-99.105666
Frijol,Bolsa 900 Gr. Flor de Mayo,La Merced,Legumbres Secas,Basicos,48.9,13/05/2026,Hipermercado Soriana,Supermercado / Tienda de Autoservicio,Soriana Hiper Sucursal Consulado (418),Río Consulado 2355. Esq. Carlos Marx. Col. Simon Bolivar. Cp. 15410,Ciudad de México,Venustiano Carranza,19.449572,-99.100376
Frijol,Bolsa 900 Gr. Flor de Mayo,La Merced,Legumbres Secas,Basicos,57,07/05/2026,La Comer,Supermercado / Tienda de Autoservicio,Lacomer Sucursal Queretaro Estadio,Luis M. Vega y Monroy 1300. Esq.cimataRío . Col. CimataRío. Cp. 76090,Querétaro,Santiago de Querétaro,20.577804,-100.373626
Frijol,Bolsa 900 Gr. Flor de Mayo,La Merced,Legumbres Secas,Basicos,57,14/05/2026,La Comer,Supermercado / Tienda de Autoservicio,Lacomer Sucursal Queretaro Estadio,Luis M. Vega y Monroy 1300. Esq.cimataRío . Col. CimataRío. Cp. 76090,Querétaro,Santiago de Querétaro,20.577804,-100.373626
Frijol,Bolsa 900 Gr. Flor de Mayo,Verde Valle,Legumbres Secas,Basicos,59,01/05/2026,Superissste,Supermercado / Tienda de Autoservicio,Superissste Sucursal 011,Calle Peluqueros No. 310 Esquina Calle Tizayuca. Col. Michoacána. Cp. 15240,Ciudad de México,Venustiano Carranza,19.446139,-99.113372
Frijol,Bolsa 900 Gr. Flor de Mayo,Verde Valle,Legumbres Secas,Basicos,59,01/05/2026,Superissste,Supermercado / Tienda de Autoservicio,Superissste Sucursal 022,Av. del Taller y Retorno No. 38 Dentro del Retorno 38. Col. Jardín Balbuena. Cp. 15900,Ciudad de México,Venustiano Carranza,19.412842,-99.105666
Frijol,Bolsa 900 Gr. Flor de Mayo,Verde Valle,Legumbres Secas,Basicos,59,08/05/2026,Bodega Aurrera,Supermercado / Tienda de Autoservicio,Bodega Aurrera Sucursal Centro Constituyentes,Constituyentes Oriente 334. Entre Pasteur y Manuel Ponce. Col. MercuRío. Cp. 76040,Querétaro,Santiago de Querétaro,20.586349,-100.382801
Frijol,Bolsa 900 Gr. Flor de Mayo,Verde Valle,Legumbres Secas,Basicos,59,08/05/2026,Superissste,Supermercado / Tienda de Autoservicio,Superissste Sucursal 011,Calle Peluqueros No. 310 Esquina Calle Tizayuca. Col. Michoacána. Cp. 15240,Ciudad de México,Venustiano Carranza,19.446139,-99.113372
Frijol,Bolsa 900 Gr. Flor de Mayo,Verde Valle,Legumbres Secas,Basicos,59,08/05/2026,Superissste,Supermercado / Tienda de Autoservicio,Superissste Sucursal 022,Av. del Taller y Retorno No. 38 Dentro del Retorno 38. Col. Jardín Balbuena. Cp. 15900,Ciudad de México,Venustiano Carranza,19.412842,-99.105666
Frijol,Bolsa 900 Gr. Flor de Mayo,Verde Valle,Legumbres Secas,Basicos,59,15/05/2026,Superissste,Supermercado / Tienda de Autoservicio,Superissste Sucursal 011,Calle Peluqueros No. 310 Esquina Calle Tizayuca. Col. Michoacána. Cp. 15240,Ciudad de México,Venustiano Carranza,19.446139,-99.113372
Frijol,Bolsa 900 Gr. Flor de Mayo,Verde Valle,Legumbres Secas,Basicos,59,15/05/2026,Superissste,Supermercado / Tienda de Autoservicio,Superissste Sucursal 022,Av. del Taller y Retorno No. 38 Dentro del Retorno 38. Col. Jardín Balbuena. Cp. 15900,Ciudad de México,Venustiano Carranza,19.412842,-99.105666
Frijol,Bolsa 900 Gr. Flor de Mayo,Verde Valle,Legumbres Secas,Basicos,67,07/05/2026,Bodega Aurrera,Supermercado / Tienda de Autoservicio,Bodega Aurrera Sucursal la Viga,Calz. de la Viga 136 Esq. del Taller. Col. Lorenzo Boturini. Cp. 15820,Ciudad de México,Venustiano Carranza,19.414749,-99.127874
Frijol,Bolsa 900 Gr. Flor de Mayo,Verde Valle,Legumbres Secas,Basicos,67,13/05/2026,Bodega Aurrera,Supermercado / Tienda de Autoservicio,Bodega Aurrera Sucursal la Viga,Calz. de la Viga 136 Esq. del Taller. Col. Lorenzo Boturini. Cp. 15820,Ciudad de México,Venustiano Carranza,19.414749,-99.127874
Frijol,Bolsa 900 Gr. Flor de Mayo,Verde Valle,Legumbres Secas,Basicos,67,15/05/2026,Bodega Aurrera,Supermercado / Tienda de Autoservicio,Bodega Aurrera Sucursal Centro Constituyentes,Constituyentes Oriente 334. Entre Pasteur y Manuel Ponce. Col. MercuRío. Cp. 76040,Querétaro,Santiago de Querétaro,20.586349,-100.382801
Frijol,Bolsa 900 Gr. Flor de Mayo,Verde Valle,Legumbres Secas,Basicos,68,07/05/2026,Wal-mart,Supermercado / Tienda de Autoservicio,Walmart Sucursal Balbuena,Fray Servando Teresa de Mier 881. Entre Fernando Iglesia Calderon y Genaro Garcia. Col. Jardín Balbuena. Cp. 15900,Ciudad de México,Venustiano Carranza,19.418067,-99.105639
Frijol,Bolsa 900 Gr. Flor de Mayo,Verde Valle,Legumbres Secas,Basicos,68,07/05/2026,Wal-mart,Supermercado / Tienda de Autoservicio,Walmart Sucursal Unidad Plaza de Toros,Autopista Querétaro Celaya 5501. Int. del Centro Comercial Plaza Esfera. Col. el Jacal. Cp. 76187,Querétaro,Santiago de Querétaro,20.574076,-100.408704
Frijol,Bolsa 900 Gr. Flor de Mayo,Verde Valle,Legumbres Secas,Basicos,68,13/05/2026,Wal-mart,Supermercado / Tienda de Autoservicio,Walmart Sucursal Aeropuerto,Calz. Ignacio Zaragoza 58. Esq. Blvd. Puerto Aereo. Col. Federal. Cp. 15700,Ciudad de México,Venustiano Carranza,19.41926,-99.094521
Frijol,Bolsa 900 Gr. Flor de Mayo,Verde Valle,Legumbres Secas,Basicos,68,13/05/2026,Wal-mart,Supermercado / Tienda de Autoservicio,Walmart Sucursal Balbuena,Fray Servando Teresa de Mier 881. Entre Fernando Iglesia Calderon y Genaro Garcia. Col. Jardín Balbuena. Cp. 15900,Ciudad de México,Venustiano Carranza,19.418067,-99.105639
Frijol,Bolsa 900 Gr. Negro,Aurrera,Legumbres Secas,Pacic,20,08/05/2026,Bodega Aurrera,Supermercado / Tienda de Autoservicio,Bodega Aurrera Sucursal Centro Constituyentes,Constituyentes Oriente 334. Entre Pasteur y Manuel Ponce. Col. MercuRío. Cp. 76040,Querétaro,Santiago de Querétaro,20.586349,-100.382801
Frijol,Bolsa 900 Gr. Negro,Aurrera,Legumbres Secas,Pacic,20,15/05/2026,Bodega Aurrera,Supermercado / Tienda de Autoservicio,Bodega Aurrera Sucursal Centro Constituyentes,Constituyentes Oriente 334. Entre Pasteur y Manuel Ponce. Col. MercuRío. Cp. 76040,Querétaro,Santiago de Querétaro,20.586349,-100.382801
Frijol,Bolsa 900 Gr. Negro,Aurrera,Legumbres Secas,Pacic,21,07/05/2026,Wal-mart,Supermercado / Tienda de Autoservicio,Walmart Sucursal Unidad Plaza de Toros,Autopista Querétaro Celaya 5501. Int. del Centro Comercial Plaza Esfera. Col. el Jacal. Cp. 76187,Querétaro,Santiago de Querétaro,20.574076,-100.408704
Frijol,Bolsa 900 Gr. Negro,Aurrera,Legumbres Secas,Pacic,21,12/05/2026,Wal-mart,Supermercado / Tienda de Autoservicio,Walmart Sucursal Unidad Plaza de Toros,Autopista Querétaro Celaya 5501. Int. del Centro Comercial Plaza Esfera. Col. el Jacal. Cp. 76187,Querétaro,Santiago de Querétaro,20.574076,-100.408704
Frijol,Bolsa 900 Gr. Negro,Chedraui,Legumbres Secas,Basicos,20,13/05/2026,Chedraui,Supermercado / Tienda de Autoservicio,Chedraui Sucursal Anfora,Anfora 71. Esq. Eje 1 Norte. Col. Madero. Cp. 15320,Ciudad de México,Venustiano Carranza,19.437353,-99.110088
Frijol,Bolsa 900 Gr. Negro,Chedraui,Legumbres Secas,Basicos,25,06/05/2026,Chedraui,Supermercado / Tienda de Autoservicio,Chedraui Sucursal Centro Sur,Blvd. Bernardo Quintana 502. Carr. con Direccion a Centro Civico. Col. Centro Sur. Cp. 76087,Querétaro,Santiago de Querétaro,20.569354,-100.358831
Frijol,Bolsa 900 Gr. Negro,Chedraui,Legumbres Secas,Basicos,25,13/05/2026,Chedraui,Supermercado / Tienda de Autoservicio,Chedraui Sucursal Centro Sur,Blvd. Bernardo Quintana 502. Carr. con Direccion a Centro Civico. Col. Centro Sur. Cp. 76087,Querétaro,Santiago de Querétaro,20.569354,-100.358831
Frijol,Bolsa 900 Gr. Negro,Chedraui,Legumbres Secas,Pacic,20,13/05/2026,Chedraui,Supermercado / Tienda de Autoservicio,Chedraui Sucursal Anfora,Anfora 71. Esq. Eje 1 Norte. Col. Madero. Cp. 15320,Ciudad de México,Venustiano Carranza,19.437353,-99.110088
Frijol,Bolsa 900 Gr. Negro,Chedraui,Legumbres Secas,Pacic,25,06/05/2026,Chedraui,Supermercado / Tienda de Autoservicio,Chedraui Sucursal Centro Sur,Blvd. Bernardo Quintana 502. Carr. con Direccion a Centro Civico. Col. Centro Sur. Cp. 76087,Querétaro,Santiago de Querétaro,20.569354,-100.358831
Frijol,Bolsa 900 Gr. Negro,Chedraui,Legumbres Secas,Pacic,25,13/05/2026,Chedraui,Supermercado / Tienda de Autoservicio,Chedraui Sucursal Centro Sur,Blvd. Bernardo Quintana 502. Carr. con Direccion a Centro Civico. Col. Centro Sur. Cp. 76087,Querétaro,Santiago de Querétaro,20.569354,-100.358831
Frijol,Bolsa 900 Gr. Negro,Great Value,Legumbres Secas,Basicos,23,07/05/2026,Wal-mart,Supermercado / Tienda de Autoservicio,Walmart Sucursal Balbuena,Fray Servando Teresa de Mier 881. Entre Fernando Iglesia Calderon y Genaro Garcia. Col. Jardín Balbuena. Cp. 15900,Ciudad de México,Venustiano Carranza,19.418067,-99.105639
Frijol,Bolsa 900 Gr. Negro,Great Value,Legumbres Secas,Basicos,23,07/05/2026,Wal-mart,Supermercado / Tienda de Autoservicio,Walmart Sucursal Unidad Plaza de Toros,Autopista Querétaro Celaya 5501. Int. del Centro Comercial Plaza Esfera. Col. el Jacal. Cp. 76187,Querétaro,Santiago de Querétaro,20.574076,-100.408704
Frijol,Bolsa 900 Gr. Negro,Great Value,Legumbres Secas,Basicos,23,12/05/2026,Wal-mart,Supermercado / Tienda de Autoservicio,Walmart Sucursal Unidad Plaza de Toros,Autopista Querétaro Celaya 5501. Int. del Centro Comercial Plaza Esfera. Col. el Jacal. Cp. 76187,Querétaro,Santiago de Querétaro,20.574076,-100.408704
Frijol,Bolsa 900 Gr. Negro,Great Value,Legumbres Secas,Basicos,23,13/05/2026,Wal-mart,Supermercado / Tienda de Autoservicio,Walmart Sucursal Aeropuerto,Calz. Ignacio Zaragoza 58. Esq. Blvd. Puerto Aereo. Col. Federal. Cp. 15700,Ciudad de México,Venustiano Carranza,19.41926,-99.094521
Frijol,Bolsa 900 Gr. Negro,Great Value,Legumbres Secas,Basicos,23,13/05/2026,Wal-mart,Supermercado / Tienda de Autoservicio,Walmart Sucursal Balbuena,Fray Servando Teresa de Mier 881. Entre Fernando Iglesia Calderon y Genaro Garcia. Col. Jardín Balbuena. Cp. 15900,Ciudad de México,Venustiano Carranza,19.418067,-99.105639
Frijol,Bolsa 900 Gr. Negro,Verde Valle,Legumbres Secas,Basicos,43,14/05/2026,La Comer,Supermercado / Tienda de Autoservicio,Lacomer Sucursal Queretaro Estadio,Luis M. Vega y Monroy 1300. Esq.cimataRío . Col. CimataRío. Cp. 76090,Querétaro,Santiago de Querétaro,20.577804,-100.373626
Frijol,Bolsa 900 Gr. Negro,Verde Valle,Legumbres Secas,Basicos,43.5,07/05/2026,La Comer,Supermercado / Tienda de Autoservicio,Lacomer Sucursal Queretaro Estadio,Luis M. Vega y Monroy 1300. Esq.cimataRío . Col. CimataRío. Cp. 76090,Querétaro,Santiago de Querétaro,20.577804,-100.373626
Frijol,Bolsa 900 Gr. Negro,Verde Valle,Legumbres Secas,Basicos,44.5,13/05/2026,Hipermercado Soriana,Supermercado / Tienda de Autoservicio,Soriana Hiper Sucursal Consulado (418),Río Consulado 2355. Esq. Carlos Marx. Col. Simon Bolivar. Cp. 15410,Ciudad de México,Venustiano Carranza,19.449572,-99.100376
Frijol,Bolsa 900 Gr. Negro,Verde Valle,Legumbres Secas,Basicos,49,13/05/2026,Chedraui,Supermercado / Tienda de Autoservicio,Chedraui Sucursal Centro Sur,Blvd. Bernardo Quintana 502. Carr. con Direccion a Centro Civico. Col. Centro Sur. Cp. 76087,Querétaro,Santiago de Querétaro,20.569354,-100.358831
Frijol,Bolsa 900 Gr. Negro,Verde Valle,Legumbres Secas,Basicos,54,13/05/2026,Chedraui,Supermercado / Tienda de Autoservicio,Chedraui Sucursal Anfora,Anfora 71. Esq. Eje 1 Norte. Col. Madero. Cp. 15320,Ciudad de México,Venustiano Carranza,19.437353,-99.110088
Frijol,Bolsa 900 Gr. Negro,Verde Valle,Legumbres Secas,Basicos,55,12/05/2026,Oxxo,Tienda de Conveniencia,Oxxo Sucursal Corregidora 50 Cr,Circuito Moises Solana No. 128. Esq. Gertrudis Bocanegra. Col. Burocratas. Cp. 76070,Querétaro,Santiago de Querétaro,20.57462,-100.384232
Frijol,Bolsa 900 Gr. Negro. Jamapa,Verde Valle,Legumbres Secas,Basicos,58,13/05/2026,Chedraui,Supermercado / Tienda de Autoservicio,Chedraui Sucursal Anfora,Anfora 71. Esq. Eje 1 Norte. Col. Madero. Cp. 15320,Ciudad de México,Venustiano Carranza,19.437353,-99.110088
Frijol,Bolsa 900 Gr. Negro. Jamapa,Verde Valle,Legumbres Secas,Basicos,65.5,13/05/2026,Hipermercado Soriana,Supermercado / Tienda de Autoservicio,Soriana Hiper Sucursal Consulado (418),Río Consulado 2355. Esq. Carlos Marx. Col. Simon Bolivar. Cp. 15410,Ciudad de México,Venustiano Carranza,19.449572,-99.100376
Frijol,Bolsa 900 Gr. Negro. Jamapa,Verde Valle,Legumbres Secas,Basicos,66.9,07/05/2026,La Comer,Supermercado / Tienda de Autoservicio,Lacomer Sucursal Queretaro Estadio,Luis M. Vega y Monroy 1300. Esq.cimataRío . Col. CimataRío. Cp. 76090,Querétaro,Santiago de Querétaro,20.577804,-100.373626
Frijol,Bolsa 900 Gr. Negro. Jamapa,Verde Valle,Legumbres Secas,Basicos,66.9,14/05/2026,La Comer,Supermercado / Tienda de Autoservicio,Lacomer Sucursal Queretaro Estadio,Luis M. Vega y Monroy 1300. Esq.cimataRío . Col. CimataRío. Cp. 76090,Querétaro,Santiago de Querétaro,20.577804,-100.373626
Frijol,Bolsa 900 Gr. Negro. Querétaro,La Merced,Legumbres Secas,Basicos,30,08/05/2026,Bodega Aurrera,Supermercado / Tienda de Autoservicio,Bodega Aurrera Sucursal Centro Constituyentes,Constituyentes Oriente 334. Entre Pasteur y Manuel Ponce. Col. MercuRío. Cp. 76040,Querétaro,Santiago de Querétaro,20.586349,-100.382801
Frijol,Bolsa 900 Gr. Negro. Querétaro,La Merced,Legumbres Secas,Basicos,35,06/05/2026,Chedraui,Supermercado / Tienda de Autoservicio,Chedraui Sucursal Centro Sur,Blvd. Bernardo Quintana 502. Carr. con Direccion a Centro Civico. Col. Centro Sur. Cp. 76087,Querétaro,Santiago de Querétaro,20.569354,-100.358831
Frijol,Bolsa 900 Gr. Negro. Querétaro,La Merced,Legumbres Secas,Basicos,43.9,01/05/2026,Superissste,Supermercado / Tienda de Autoservicio,Superissste Sucursal 011,Calle Peluqueros No. 310 Esquina Calle Tizayuca. Col. Michoacána. Cp. 15240,Ciudad de México,Venustiano Carranza,19.446139,-99.113372
Frijol,Bolsa 900 Gr. Negro. Querétaro,La Merced,Legumbres Secas,Basicos,43.9,01/05/2026,Superissste,Supermercado / Tienda de Autoservicio,Superissste Sucursal 022,Av. del Taller y Retorno No. 38 Dentro del Retorno 38. Col. Jardín Balbuena. Cp. 15900,Ciudad de México,Venustiano Carranza,19.412842,-99.105666
Frijol,Bolsa 900 Gr. Negro. Querétaro,La Merced,Legumbres Secas,Basicos,43.9,08/05/2026,Superissste,Supermercado / Tienda de Autoservicio,Superissste Sucursal 011,Calle Peluqueros No. 310 Esquina Calle Tizayuca. Col. Michoacána. Cp. 15240,Ciudad de México,Venustiano Carranza,19.446139,-99.113372
Frijol,Bolsa 900 Gr. Negro. Querétaro,La Merced,Legumbres Secas,Basicos,43.9,08/05/2026,Superissste,Supermercado / Tienda de Autoservicio,Superissste Sucursal 022,Av. del Taller y Retorno No. 38 Dentro del Retorno 38. Col. Jardín Balbuena. Cp. 15900,Ciudad de México,Venustiano Carranza,19.412842,-99.105666
Frijol,Bolsa 900 Gr. Negro. Querétaro,La Merced,Legumbres Secas,Basicos,43.9,15/05/2026,Superissste,Supermercado / Tienda de Autoservicio,Superissste Sucursal 011,Calle Peluqueros No. 310 Esquina Calle Tizayuca. Col. Michoacána. Cp. 15240,Ciudad de México,Venustiano Carranza,19.446139,-99.113372
Frijol,Bolsa 900 Gr. Negro. Querétaro,La Merced,Legumbres Secas,Basicos,43.9,15/05/2026,Superissste,Supermercado / Tienda de Autoservicio,Superissste Sucursal 022,Av. del Taller y Retorno No. 38 Dentro del Retorno 38. Col. Jardín Balbuena. Cp. 15900,Ciudad de México,Venustiano Carranza,19.412842,-99.105666
Frijol,Bolsa 900 Gr. Negro. Querétaro,La Merced,Legumbres Secas,Basicos,44.9,13/05/2026,Hipermercado Soriana,Supermercado / Tienda de Autoservicio,Soriana Hiper Sucursal Consulado (418),Río Consulado 2355. Esq. Carlos Marx. Col. Simon Bolivar. Cp. 15410,Ciudad de México,Venustiano Carranza,19.449572,-99.100376
Frijol,Bolsa 900 Gr. Negro. Querétaro,La Merced,Legumbres Secas,Basicos,48,07/05/2026,La Comer,Supermercado / Tienda de Autoservicio,Lacomer Sucursal Queretaro Estadio,Luis M. Vega y Monroy 1300. Esq.cimataRío . Col. CimataRío. Cp. 76090,Querétaro,Santiago de Querétaro,20.577804,-100.373626
Frijol,Bolsa 900 Gr. Negro. Querétaro,La Merced,Legumbres Secas,Basicos,48,14/05/2026,La Comer,Supermercado / Tienda de Autoservicio,Lacomer Sucursal Queretaro Estadio,Luis M. Vega y Monroy 1300. Esq.cimataRío . Col. CimataRío. Cp. 76090,Querétaro,Santiago de Querétaro,20.577804,-100.373626
Frijol,Bolsa 900 Gr. Negro. Querétaro,Schettino,Legumbres Secas,Basicos,21.5,14/05/2026,La Comer,Supermercado / Tienda de Autoservicio,Lacomer Sucursal Queretaro Estadio,Luis M. Vega y Monroy 1300. Esq.cimataRío . Col. CimataRío. Cp. 76090,Querétaro,Santiago de Querétaro,20.577804,-100.373626
Frijol,Bolsa 900 Gr. Negro. Querétaro,Schettino,Legumbres Secas,Basicos,21.6,07/05/2026,La Comer,Supermercado / Tienda de Autoservicio,Lacomer Sucursal Queretaro Estadio,Luis M. Vega y Monroy 1300. Esq.cimataRío . Col. CimataRío. Cp. 76090,Querétaro,Santiago de Querétaro,20.577804,-100.373626
Frijol,Bolsa 900 Gr. Negro. Querétaro,Schettino,Legumbres Secas,Basicos,25,06/05/2026,Chedraui,Supermercado / Tienda de Autoservicio,Chedraui Sucursal Centro Sur,Blvd. Bernardo Quintana 502. Carr. con Direccion a Centro Civico. Col. Centro Sur. Cp. 76087,Querétaro,Santiago de Querétaro,20.569354,-100.358831
Frijol,Bolsa 900 Gr. Negro. Querétaro,Schettino,Legumbres Secas,Basicos,25,08/05/2026,Bodega Aurrera,Supermercado / Tienda de Autoservicio,Bodega Aurrera Sucursal Centro Constituyentes,Constituyentes Oriente 334. Entre Pasteur y Manuel Ponce. Col. MercuRío. Cp. 76040,Querétaro,Santiago de Querétaro,20.586349,-100.382801
Frijol,Bolsa 900 Gr. Negro. Querétaro,Schettino,Legumbres Secas,Basicos,26.5,01/05/2026,Superissste,Supermercado / Tienda de Autoservicio,Superissste Sucursal 011,Calle Peluqueros No. 310 Esquina Calle Tizayuca. Col. Michoacána. Cp. 15240,Ciudad de México,Venustiano Carranza,19.446139,-99.113372
Frijol,Bolsa 900 Gr. Negro. Querétaro,Schettino,Legumbres Secas,Basicos,26.5,01/05/2026,Superissste,Supermercado / Tienda de Autoservicio,Superissste Sucursal 022,Av. del Taller y Retorno No. 38 Dentro del Retorno 38. Col. Jardín Balbuena. Cp. 15900,Ciudad de México,Venustiano Carranza,19.412842,-99.105666
Frijol,Bolsa 900 Gr. Negro. Querétaro,Schettino,Legumbres Secas,Basicos,29,15/05/2026,Superissste,Supermercado / Tienda de Autoservicio,Superissste Sucursal 011,Calle Peluqueros No. 310 Esquina Calle Tizayuca. Col. Michoacána. Cp. 15240,Ciudad de México,Venustiano Carranza,19.446139,-99.113372
Frijol,Bolsa 900 Gr. Negro. Querétaro,Schettino,Legumbres Secas,Basicos,29,15/05/2026,Superissste,Supermercado / Tienda de Autoservicio,Superissste Sucursal 022,Av. del Taller y Retorno No. 38 Dentro del Retorno 38. Col. Jardín Balbuena. Cp. 15900,Ciudad de México,Venustiano Carranza,19.412842,-99.105666
Frijol,Bolsa 900 Gr. Negro. Querétaro,Schettino,Legumbres Secas,Basicos,30,13/05/2026,Chedraui,Supermercado / Tienda de Autoservicio,Chedraui Sucursal Centro Sur,Blvd. Bernardo Quintana 502. Carr. con Direccion a Centro Civico. Col. Centro Sur. Cp. 76087,Querétaro,Santiago de Querétaro,20.569354,-100.358831
Frijol,Bolsa 900 Gr. Negro. Querétaro,Schettino,Legumbres Secas,Basicos,31.5,13/05/2026,Hipermercado Soriana,Supermercado / Tienda de Autoservicio,Soriana Hiper Sucursal Consulado (418),Río Consulado 2355. Esq. Carlos Marx. Col. Simon Bolivar. Cp. 15410,Ciudad de México,Venustiano Carranza,19.449572,-99.100376
Frijol,Bolsa 900 Gr. Negro. Querétaro,Schettino,Legumbres Secas,Pacic,21.5,14/05/2026,La Comer,Supermercado / Tienda de Autoservicio,Lacomer Sucursal Queretaro Estadio,Luis M. Vega y Monroy 1300. Esq.cimataRío . Col. CimataRío. Cp. 76090,Querétaro,Santiago de Querétaro,20.577804,-100.373626
Frijol,Bolsa 900 Gr. Negro. Querétaro,Schettino,Legumbres Secas,Pacic,21.6,07/05/2026,La Comer,Supermercado / Tienda de Autoservicio,Lacomer Sucursal Queretaro Estadio,Luis M. Vega y Monroy 1300. Esq.cimataRío . Col. CimataRío. Cp. 76090,Querétaro,Santiago de Querétaro,20.577804,-100.373626
Frijol,Bolsa 900 Gr. Negro. Querétaro,Schettino,Legumbres Secas,Pacic,25,06/05/2026,Chedraui,Supermercado / Tienda de Autoservicio,Chedraui Sucursal Centro Sur,Blvd. Bernardo Quintana 502. Carr. con Direccion a Centro Civico. Col. Centro Sur. Cp. 76087,Querétaro,Santiago de Querétaro,20.569354,-100.358831
Frijol,Bolsa 900 Gr. Negro. Querétaro,Schettino,Legumbres Secas,Pacic,25,13/05/2026,Chedraui,Supermercado / Tienda de Autoservicio,Chedraui Sucursal Anfora,Anfora 71. Esq. Eje 1 Norte. Col. Madero. Cp. 15320,Ciudad de México,Venustiano Carranza,19.437353,-99.110088
Frijol,Bolsa 900 Gr. Negro. Querétaro,Schettino,Legumbres Secas,Pacic,30,13/05/2026,Chedraui,Supermercado / Tienda de Autoservicio,Chedraui Sucursal Centro Sur,Blvd. Bernardo Quintana 502. Carr. con Direccion a Centro Civico. Col. Centro Sur. Cp. 76087,Querétaro,Santiago de Querétaro,20.569354,-100.358831
Frijol,Bolsa 900 Gr. Peruano,Verde Valle,Legumbres Secas,Basicos,60,12/05/2026,Oxxo,Tienda de Conveniencia,Oxxo Sucursal Corregidora 50 Cr,Circuito Moises Solana No. 128. Esq. Gertrudis Bocanegra. Col. Burocratas. Cp. 76070,Querétaro,Santiago de Querétaro,20.57462,-100.384232
Frijol,Bolsa 900 Gr. Peruano,Verde Valle,Legumbres Secas,Basicos,62,07/05/2026,Wal-mart,Supermercado / Tienda de Autoservicio,Walmart Sucursal Balbuena,Fray Servando Teresa de Mier 881. Entre Fernando Iglesia Calderon y Genaro Garcia. Col. Jardín Balbuena. Cp. 15900,Ciudad de México,Venustiano Carranza,19.418067,-99.105639
Frijol,Bolsa 900 Gr. Peruano,Verde Valle,Legumbres Secas,Basicos,62,07/05/2026,Wal-mart,Supermercado / Tienda de Autoservicio,Walmart Sucursal Unidad Plaza de Toros,Autopista Querétaro Celaya 5501. Int. del Centro Comercial Plaza Esfera. Col. el Jacal. Cp. 76187,Querétaro,Santiago de Querétaro,20.574076,-100.408704
Frijol,Bolsa 900 Gr. Peruano,Verde Valle,Legumbres Secas,Basicos,62,12/05/2026,Wal-mart,Supermercado / Tienda de Autoservicio,Walmart Sucursal Unidad Plaza de Toros,Autopista Querétaro Celaya 5501. Int. del Centro Comercial Plaza Esfera. Col. el Jacal. Cp. 76187,Querétaro,Santiago de Querétaro,20.574076,-100.408704
Frijol,Bolsa 900 Gr. Peruano,Verde Valle,Legumbres Secas,Basicos,62,13/05/2026,Wal-mart,Supermercado / Tienda de Autoservicio,Walmart Sucursal Aeropuerto,Calz. Ignacio Zaragoza 58. Esq. Blvd. Puerto Aereo. Col. Federal. Cp. 15700,Ciudad de México,Venustiano Carranza,19.41926,-99.094521
Frijol,Bolsa 900 Gr. Peruano,Verde Valle,Legumbres Secas,Basicos,62,13/05/2026,Wal-mart,Supermercado / Tienda de Autoservicio,Walmart Sucursal Balbuena,Fray Servando Teresa de Mier 881. Entre Fernando Iglesia Calderon y Genaro Garcia. Col. Jardín Balbuena. Cp. 15900,Ciudad de México,Venustiano Carranza,19.418067,-99.105639
Frijol,Bolsa 900 Gr. Peruano,Verde Valle,Legumbres Secas,Basicos,66.5,13/05/2026,Hipermercado Soriana,Supermercado / Tienda de Autoservicio,Soriana Hiper Sucursal Consulado (418),Río Consulado 2355. Esq. Carlos Marx. Col. Simon Bolivar. Cp. 15410,Ciudad de México,Venustiano Carranza,19.449572,-99.100376
Frijol,Bolsa 900 Gr. Pinto,Chedraui,Legumbres Secas,Basicos,22,13/05/2026,Chedraui,Supermercado / Tienda de Autoservicio,Chedraui Sucursal Anfora,Anfora 71. Esq. Eje 1 Norte. Col. Madero. Cp. 15320,Ciudad de México,Venustiano Carranza,19.437353,-99.110088
Frijol,Bolsa 900 Gr. Pinto,Great Value,Legumbres Secas,Basicos,25,07/05/2026,Wal-mart,Supermercado / Tienda de Autoservicio,Walmart Sucursal Balbuena,Fray Servando Teresa de Mier 881. Entre Fernando Iglesia Calderon y Genaro Garcia. Col. Jardín Balbuena. Cp. 15900,Ciudad de México,Venustiano Carranza,19.418067,-99.105639
Frijol,Bolsa 900 Gr. Pinto,Great Value,Legumbres Secas,Basicos,25,12/05/2026,Wal-mart,Supermercado / Tienda de Autoservicio,Walmart Sucursal Unidad Plaza de Toros,Autopista Querétaro Celaya 5501. Int. del Centro Comercial Plaza Esfera. Col. el Jacal. Cp. 76187,Querétaro,Santiago de Querétaro,20.574076,-100.408704
Frijol,Bolsa 900 Gr. Pinto,Great Value,Legumbres Secas,Basicos,25,13/05/2026,Wal-mart,Supermercado / Tienda de Autoservicio,Walmart Sucursal Aeropuerto,Calz. Ignacio Zaragoza 58. Esq. Blvd. Puerto Aereo. Col. Federal. Cp. 15700,Ciudad de México,Venustiano Carranza,19.41926,-99.094521
Frijol,Bolsa 900 Gr. Pinto,Great Value,Legumbres Secas,Basicos,25,13/05/2026,Wal-mart,Supermercado / Tienda de Autoservicio,Walmart Sucursal Balbuena,Fray Servando Teresa de Mier 881. Entre Fernando Iglesia Calderon y Genaro Garcia. Col. Jardín Balbuena. Cp. 15900,Ciudad de México,Venustiano Carranza,19.418067,-99.105639
Frijol,Bolsa 900 Gr. Pinto,Schettino,Legumbres Secas,Basicos,29,01/05/2026,Superissste,Supermercado / Tienda de Autoservicio,Superissste Sucursal 011,Calle Peluqueros No. 310 Esquina Calle Tizayuca. Col. Michoacána. Cp. 15240,Ciudad de México,Venustiano Carranza,19.446139,-99.113372
Frijol,Bolsa 900 Gr. Pinto,Schettino,Legumbres Secas,Basicos,29,01/05/2026,Superissste,Supermercado / Tienda de Autoservicio,Superissste Sucursal 022,Av. del Taller y Retorno No. 38 Dentro del Retorno 38. Col. Jardín Balbuena. Cp. 15900,Ciudad de México,Venustiano Carranza,19.412842,-99.105666
Frijol,Bolsa 900 Gr. Pinto,Schettino,Legumbres Secas,Basicos,29,08/05/2026,Superissste,Supermercado / Tienda de Autoservicio,Superissste Sucursal 011,Calle Peluqueros No. 310 Esquina Calle Tizayuca. Col. Michoacána. Cp. 15240,Ciudad de México,Venustiano Carranza,19.446139,-99.113372
Frijol,Bolsa 900 Gr. Pinto,Schettino,Legumbres Secas,Basicos,29,08/05/2026,Superissste,Supermercado / Tienda de Autoservicio,Superissste Sucursal 022,Av. del Taller y Retorno No. 38 Dentro del Retorno 38. Col. Jardín Balbuena. Cp. 15900,Ciudad de México,Venustiano Carranza,19.412842,-99.105666
Frijol,Bolsa 900 Gr. Pinto,Schettino,Legumbres Secas,Basicos,29,15/05/2026,Superissste,Supermercado / Tienda de Autoservicio,Superissste Sucursal 011,Calle Peluqueros No. 310 Esquina Calle Tizayuca. Col. Michoacána. Cp. 15240,Ciudad de México,Venustiano Carranza,19.446139,-99.113372
Frijol,Bolsa 900 Gr. Pinto,Schettino,Legumbres Secas,Basicos,29,15/05/2026,Superissste,Supermercado / Tienda de Autoservicio,Superissste Sucursal 022,Av. del Taller y Retorno No. 38 Dentro del Retorno 38. Col. Jardín Balbuena. Cp. 15900,Ciudad de México,Venustiano Carranza,19.412842,-99.105666
Frijol,Bolsa 900 Gr. Pinto,Schettino,Legumbres Secas,Basicos,33,13/05/2026,Chedraui,Supermercado / Tienda de Autoservicio,Chedraui Sucursal Anfora,Anfora 71. Esq. Eje 1 Norte. Col. Madero. Cp. 15320,Ciudad de México,Venustiano Carranza,19.437353,-99.110088
Frijol,Bolsa 900 Gr. Pinto,Schettino,Legumbres Secas,Basicos,34.9,13/05/2026,Hipermercado Soriana,Supermercado / Tienda de Autoservicio,Soriana Hiper Sucursal Consulado (418),Río Consulado 2355. Esq. Carlos Marx. Col. Simon Bolivar. Cp. 15410,Ciudad de México,Venustiano Carranza,19.449572,-99.100376
Frijol,Bolsa 900 Gr. Pinto,Schettino,Legumbres Secas,Basicos,38.2,07/05/2026,La Comer,Supermercado / Tienda de Autoservicio,Lacomer Sucursal Queretaro Estadio,Luis M. Vega y Monroy 1300. Esq.cimataRío . Col. CimataRío. Cp. 76090,Querétaro,Santiago de Querétaro,20.577804,-100.373626
Frijol,Bolsa 900 Gr. Pinto,Schettino,Legumbres Secas,Basicos,38.2,14/05/2026,La Comer,Supermercado / Tienda de Autoservicio,Lacomer Sucursal Queretaro Estadio,Luis M. Vega y Monroy 1300. Esq.cimataRío . Col. CimataRío. Cp. 76090,Querétaro,Santiago de Querétaro,20.577804,-100.373626
Frijol,Bolsa 900 Gr. Pinto,Verde Valle,Legumbres Secas,Basicos,41.5,07/05/2026,La Comer,Supermercado / Tienda de Autoservicio,Lacomer Sucursal Queretaro Estadio,Luis M. Vega y Monroy 1300. Esq.cimataRío . Col. CimataRío. Cp. 76090,Querétaro,Santiago de Querétaro,20.577804,-100.373626
Frijol,Bolsa 900 Gr. Pinto,Verde Valle,Legumbres Secas,Basicos,43,13/05/2026,Chedraui,Supermercado / Tienda de Autoservicio,Chedraui Sucursal Anfora,Anfora 71. Esq. Eje 1 Norte. Col. Madero. Cp. 15320,Ciudad de México,Venustiano Carranza,19.437353,-99.110088
Frijol,Bolsa 900 Gr. Pinto,Verde Valle,Legumbres Secas,Basicos,43.5,13/05/2026,Hipermercado Soriana,Supermercado / Tienda de Autoservicio,Soriana Hiper Sucursal Consulado (418),Río Consulado 2355. Esq. Carlos Marx. Col. Simon Bolivar. Cp. 15410,Ciudad de México,Venustiano Carranza,19.449572,-99.100376
Frijol,Bolsa 900 Gr. Pinto,Verde Valle,Legumbres Secas,Basicos,53,12/05/2026,Oxxo,Tienda de Conveniencia,Oxxo Sucursal Corregidora 50 Cr,Circuito Moises Solana No. 128. Esq. Gertrudis Bocanegra. Col. Burocratas. Cp. 76070,Querétaro,Santiago de Querétaro,20.57462,-100.384232
Frijol,Bolsa 900 Gr. Pinto (nacional),La Merced,Legumbres Secas,Basicos,41.5,13/05/2026,Chedraui,Supermercado / Tienda de Autoservicio,Chedraui Sucursal Centro Sur,Blvd. Bernardo Quintana 502. Carr. con Direccion a Centro Civico. Col. Centro Sur. Cp. 76087,Querétaro,Santiago de Querétaro,20.569354,-100.358831
Frijol,Bolsa 900 Gr. Pinto (nacional),La Merced,Legumbres Secas,Basicos,43.9,01/05/2026,Superissste,Supermercado / Tienda de Autoservicio,Superissste Sucursal 011,Calle Peluqueros No. 310 Esquina Calle Tizayuca. Col. Michoacána. Cp. 15240,Ciudad de México,Venustiano Carranza,19.446139,-99.113372
Frijol,Bolsa 900 Gr. Pinto (nacional),La Merced,Legumbres Secas,Basicos,43.9,01/05/2026,Superissste,Supermercado / Tienda de Autoservicio,Superissste Sucursal 022,Av. del Taller y Retorno No. 38 Dentro del Retorno 38. Col. Jardín Balbuena. Cp. 15900,Ciudad de México,Venustiano Carranza,19.412842,-99.105666
Frijol,Bolsa 900 Gr. Pinto (nacional),La Merced,Legumbres Secas,Basicos,43.9,08/05/2026,Superissste,Supermercado / Tienda de Autoservicio,Superissste Sucursal 011,Calle Peluqueros No. 310 Esquina Calle Tizayuca. Col. Michoacána. Cp. 15240,Ciudad de México,Venustiano Carranza,19.446139,-99.113372
Frijol,Bolsa 900 Gr. Pinto (nacional),La Merced,Legumbres Secas,Basicos,43.9,08/05/2026,Superissste,Supermercado / Tienda de Autoservicio,Superissste Sucursal 022,Av. del Taller y Retorno No. 38 Dentro del Retorno 38. Col. Jardín Balbuena. Cp. 15900,Ciudad de México,Venustiano Carranza,19.412842,-99.105666
Frijol,Bolsa 900 Gr. Pinto (nacional),La Merced,Legumbres Secas,Basicos,43.9,15/05/2026,Superissste,Supermercado / Tienda de Autoservicio,Superissste Sucursal 011,Calle Peluqueros No. 310 Esquina Calle Tizayuca. Col. Michoacána. Cp. 15240,Ciudad de México,Venustiano Carranza,19.446139,-99.113372
Frijol,Bolsa 900 Gr. Pinto (nacional),La Merced,Legumbres Secas,Basicos,43.9,15/05/2026,Superissste,Supermercado / Tienda de Autoservicio,Superissste Sucursal 022,Av. del Taller y Retorno No. 38 Dentro del Retorno 38. Col. Jardín Balbuena. Cp. 15900,Ciudad de México,Venustiano Carranza,19.412842,-99.105666
Frijol,Bolsa 900 Gr. Pinto (nacional),La Merced,Legumbres Secas,Basicos,48,07/05/2026,La Comer,Supermercado / Tienda de Autoservicio,Lacomer Sucursal Queretaro Estadio,Luis M. Vega y Monroy 1300. Esq.cimataRío . Col. CimataRío. Cp. 76090,Querétaro,Santiago de Querétaro,20.577804,-100.373626
Frijol,Bolsa 900 Gr. Pinto (nacional),La Merced,Legumbres Secas,Basicos,48,14/05/2026,La Comer,Supermercado / Tienda de Autoservicio,Lacomer Sucursal Queretaro Estadio,Luis M. Vega y Monroy 1300. Esq.cimataRío . Col. CimataRío. Cp. 76090,Querétaro,Santiago de Querétaro,20.577804,-100.373626
Frijol,Bolsa 907 Gr. Negro. Querétaro,La Merced,Legumbres Secas,Pacic,27,13/05/2026,Wal-mart,Supermercado / Tienda de Autoservicio,Walmart Sucursal Balbuena,Fray Servando Teresa de Mier 881. Entre Fernando Iglesia Calderon y Genaro Garcia. Col. Jardín Balbuena. Cp. 15900,Ciudad de México,Venustiano Carranza,19.418067,-99.105639
Frijol,Bolsa 907 Gr. Negro. Querétaro,La Merced,Legumbres Secas,Pacic,30,07/05/2026,Wal-mart,Supermercado / Tienda de Autoservicio,Walmart Sucursal Unidad Plaza de Toros,Autopista Querétaro Celaya 5501. Int. del Centro Comercial Plaza Esfera. Col. el Jacal. Cp. 76187,Querétaro,Santiago de Querétaro,20.574076,-100.408704
Frijol,Bolsa 907 Gr. Negro. Querétaro,La Merced,Legumbres Secas,Pacic,30,08/05/2026,Bodega Aurrera,Supermercado / Tienda de Autoservicio,Bodega Aurrera Sucursal Centro Constituyentes,Constituyentes Oriente 334. Entre Pasteur y Manuel Ponce. Col. MercuRío. Cp. 76040,Querétaro,Santiago de Querétaro,20.586349,-100.382801
Frijol,Bolsa 907 Gr. Negro. Querétaro,La Merced,Legumbres Secas,Pacic,30,12/05/2026,Wal-mart,Supermercado / Tienda de Autoservicio,Walmart Sucursal Unidad Plaza de Toros,Autopista Querétaro Celaya 5501. Int. del Centro Comercial Plaza Esfera. Col. el Jacal. Cp. 76187,Querétaro,Santiago de Querétaro,20.574076,-100.408704
Frijol,Bolsa 907 Gr. Negro. Querétaro,La Merced,Legumbres Secas,Pacic,30,13/05/2026,Wal-mart,Supermercado / Tienda de Autoservicio,Walmart Sucursal Aeropuerto,Calz. Ignacio Zaragoza 58. Esq. Blvd. Puerto Aereo. Col. Federal. Cp. 15700,Ciudad de México,Venustiano Carranza,19.41926,-99.094521
Frijol,Bolsa 907 Gr. Negro. Querétaro,La Merced,Legumbres Secas,Pacic,30,15/05/2026,Bodega Aurrera,Supermercado / Tienda de Autoservicio,Bodega Aurrera Sucursal Centro Constituyentes,Constituyentes Oriente 334. Entre Pasteur y Manuel Ponce. Col. MercuRío. Cp. 76040,Querétaro,Santiago de Querétaro,20.586349,-100.382801
Frijol,Bolsa 907 Gr. Negro. Querétaro,La Merced,Legumbres Secas,Pacic,37,13/05/2026,Bodega Aurrera,Supermercado / Tienda de Autoservicio,Bodega Aurrera Sucursal la Viga,Calz. de la Viga 136 Esq. del Taller. Col. Lorenzo Boturini. Cp. 15820,Ciudad de México,Venustiano Carranza,19.414749,-99.127874
Frijol,Bolsa 907 Gr. Negro. Querétaro,Schettino,Legumbres Secas,Pacic,25,07/05/2026,Bodega Aurrera,Supermercado / Tienda de Autoservicio,Bodega Aurrera Sucursal la Viga,Calz. de la Viga 136 Esq. del Taller. Col. Lorenzo Boturini. Cp. 15820,Ciudad de México,Venustiano Carranza,19.414749,-99.127874
Frijol,Bolsa 907 Gr. Negro. Querétaro,Schettino,Legumbres Secas,Pacic,25,07/05/2026,Wal-mart,Supermercado / Tienda de Autoservicio,Walmart Sucursal Balbuena,Fray Servando Teresa de Mier 881. Entre Fernando Iglesia Calderon y Genaro Garcia. Col. Jardín Balbuena. Cp. 15900,Ciudad de México,Venustiano Carranza,19.418067,-99.105639
Frijol,Bolsa 907 Gr. Negro. Querétaro,Schettino,Legumbres Secas,Pacic,25,07/05/2026,Wal-mart,Supermercado / Tienda de Autoservicio,Walmart Sucursal Unidad Plaza de Toros,Autopista Querétaro Celaya 5501. Int. del Centro Comercial Plaza Esfera. Col. el Jacal. Cp. 76187,Querétaro,Santiago de Querétaro,20.574076,-100.408704
Frijol,Bolsa 907 Gr. Negro. Querétaro,Schettino,Legumbres Secas,Pacic,25,08/05/2026,Bodega Aurrera,Supermercado / Tienda de Autoservicio,Bodega Aurrera Sucursal Centro Constituyentes,Constituyentes Oriente 334. Entre Pasteur y Manuel Ponce. Col. MercuRío. Cp. 76040,Querétaro,Santiago de Querétaro,20.586349,-100.382801
Frijol,Bolsa 907 Gr. Negro. Querétaro,Schettino,Legumbres Secas,Pacic,25,12/05/2026,Wal-mart,Supermercado / Tienda de Autoservicio,Walmart Sucursal Unidad Plaza de Toros,Autopista Querétaro Celaya 5501. Int. del Centro Comercial Plaza Esfera. Col. el Jacal. Cp. 76187,Querétaro,Santiago de Querétaro,20.574076,-100.408704
Frijol,Bolsa 907 Gr. Negro. Querétaro,Schettino,Legumbres Secas,Pacic,25,13/05/2026,Bodega Aurrera,Supermercado / Tienda de Autoservicio,Bodega Aurrera Sucursal la Viga,Calz. de la Viga 136 Esq. del Taller. Col. Lorenzo Boturini. Cp. 15820,Ciudad de México,Venustiano Carranza,19.414749,-99.127874
Frijol,Bolsa 907 Gr. Negro. Querétaro,Schettino,Legumbres Secas,Pacic,25,13/05/2026,Wal-mart,Supermercado / Tienda de Autoservicio,Walmart Sucursal Aeropuerto,Calz. Ignacio Zaragoza 58. Esq. Blvd. Puerto Aereo. Col. Federal. Cp. 15700,Ciudad de México,Venustiano Carranza,19.41926,-99.094521
Frijol,Bolsa 907 Gr. Negro. Querétaro,Schettino,Legumbres Secas,Pacic,25,13/05/2026,Wal-mart,Supermercado / Tienda de Autoservicio,Walmart Sucursal Balbuena,Fray Servando Teresa de Mier 881. Entre Fernando Iglesia Calderon y Genaro Garcia. Col. Jardín Balbuena. Cp. 15900,Ciudad de México,Venustiano Carranza,19.418067,-99.105639
Frijol,Bolsa 907 Gr. Negro. Querétaro,Schettino,Legumbres Secas,Pacic,25,15/05/2026,Bodega Aurrera,Supermercado / Tienda de Autoservicio,Bodega Aurrera Sucursal Centro Constituyentes,Constituyentes Oriente 334. Entre Pasteur y Manuel Ponce. Col. MercuRío. Cp. 76040,Querétaro,Santiago de Querétaro,20.586349,-100.382801
Frijol,Bolsa 907 Gr. Pinto,La Merced,Legumbres Secas,Basicos,47,15/05/2026,Bodega Aurrera,Supermercado / Tienda de Autoservicio,Bodega Aurrera Sucursal Centro Constituyentes,Constituyentes Oriente 334. Entre Pasteur y Manuel Ponce. Col. MercuRío. Cp. 76040,Querétaro,Santiago de Querétaro,20.586349,-100.382801
Frijol,Bolsa 907 Gr. Pinto,Schettino,Legumbres Secas,Basicos,28,07/05/2026,Bodega Aurrera,Supermercado / Tienda de Autoservicio,Bodega Aurrera Sucursal la Viga,Calz. de la Viga 136 Esq. del Taller. Col. Lorenzo Boturini. Cp. 15820,Ciudad de México,Venustiano Carranza,19.414749,-99.127874
Frijol,Bolsa 907 Gr. Pinto,Schettino,Legumbres Secas,Basicos,28,07/05/2026,Wal-mart,Supermercado / Tienda de Autoservicio,Walmart Sucursal Balbuena,Fray Servando Teresa de Mier 881. Entre Fernando Iglesia Calderon y Genaro Garcia. Col. Jardín Balbuena. Cp. 15900,Ciudad de México,Venustiano Carranza,19.418067,-99.105639
Frijol,Bolsa 907 Gr. Pinto,Schettino,Legumbres Secas,Basicos,28,08/05/2026,Bodega Aurrera,Supermercado / Tienda de Autoservicio,Bodega Aurrera Sucursal Centro Constituyentes,Constituyentes Oriente 334. Entre Pasteur y Manuel Ponce. Col. MercuRío. Cp. 76040,Querétaro,Santiago de Querétaro,20.586349,-100.382801
Frijol,Bolsa 907 Gr. Pinto,Schettino,Legumbres Secas,Basicos,28,12/05/2026,Wal-mart,Supermercado / Tienda de Autoservicio,Walmart Sucursal Unidad Plaza de Toros,Autopista Querétaro Celaya 5501. Int. del Centro Comercial Plaza Esfera. Col. el Jacal. Cp. 76187,Querétaro,Santiago de Querétaro,20.574076,-100.408704
Frijol,Bolsa 907 Gr. Pinto,Schettino,Legumbres Secas,Basicos,28,13/05/2026,Bodega Aurrera,Supermercado / Tienda de Autoservicio,Bodega Aurrera Sucursal la Viga,Calz. de la Viga 136 Esq. del Taller. Col. Lorenzo Boturini. Cp. 15820,Ciudad de México,Venustiano Carranza,19.414749,-99.127874
Frijol,Bolsa 907 Gr. Pinto,Schettino,Legumbres Secas,Basicos,28,13/05/2026,Wal-mart,Supermercado / Tienda de Autoservicio,Walmart Sucursal Aeropuerto,Calz. Ignacio Zaragoza 58. Esq. Blvd. Puerto Aereo. Col. Federal. Cp. 15700,Ciudad de México,Venustiano Carranza,19.41926,-99.094521
Frijol,Bolsa 907 Gr. Pinto,Schettino,Legumbres Secas,Basicos,28,13/05/2026,Wal-mart,Supermercado / Tienda de Autoservicio,Walmart Sucursal Balbuena,Fray Servando Teresa de Mier 881. Entre Fernando Iglesia Calderon y Genaro Garcia. Col. Jardín Balbuena. Cp. 15900,Ciudad de México,Venustiano Carranza,19.418067,-99.105639
Frijol,Bolsa 907 Gr. Pinto,Schettino,Legumbres Secas,Basicos,28,15/05/2026,Bodega Aurrera,Supermercado / Tienda de Autoservicio,Bodega Aurrera Sucursal Centro Constituyentes,Constituyentes Oriente 334. Entre Pasteur y Manuel Ponce. Col. MercuRío. Cp. 76040,Querétaro,Santiago de Querétaro,20.586349,-100.382801
Frijol,Bolsa 908 Gr. Negro,Precíssimo,Legumbres Secas,Basicos,22.9,04/05/2026,Hipermercado Soriana,Supermercado / Tienda de Autoservicio,Soriana Hiper Sucursal Cimatario,Ctra. a Huimilpan 1001. Int. del Centro Comercial Plaza del Sol. Col. Plazas del Sol. Iii Sección. Cp. 76099,Querétaro,Santiago de Querétaro,20.563227,-100.375284
Frijol,Bolsa 908 Gr. Negro,Precíssimo,Legumbres Secas,Basicos,22.9,13/05/2026,Hipermercado Soriana,Supermercado / Tienda de Autoservicio,Soriana Hiper Sucursal Cimatario,Ctra. a Huimilpan 1001. Int. del Centro Comercial Plaza del Sol. Col. Plazas del Sol. Iii Sección. Cp. 76099,Querétaro,Santiago de Querétaro,20.563227,-100.375284
Frijol,Bolsa 908 Gr. Negro,Precíssimo,Legumbres Secas,Basicos,24.5,13/05/2026,Hipermercado Soriana,Supermercado / Tienda de Autoservicio,Soriana Hiper Sucursal Consulado (418),Río Consulado 2355. Esq. Carlos Marx. Col. Simon Bolivar. Cp. 15410,Ciudad de México,Venustiano Carranza,19.449572,-99.100376
Frijol,Bolsa 908 Gr. Negro,Precíssimo,Legumbres Secas,Pacic,22.9,04/05/2026,Hipermercado Soriana,Supermercado / Tienda de Autoservicio,Soriana Hiper Sucursal Cimatario,Ctra. a Huimilpan 1001. Int. del Centro Comercial Plaza del Sol. Col. Plazas del Sol. Iii Sección. Cp. 76099,Querétaro,Santiago de Querétaro,20.563227,-100.375284
Frijol,Bolsa 908 Gr. Negro,Precíssimo,Legumbres Secas,Pacic,22.9,13/05/2026,Hipermercado Soriana,Supermercado / Tienda de Autoservicio,Soriana Hiper Sucursal Cimatario,Ctra. a Huimilpan 1001. Int. del Centro Comercial Plaza del Sol. Col. Plazas del Sol. Iii Sección. Cp. 76099,Querétaro,Santiago de Querétaro,20.563227,-100.375284
Frijol,Bolsa 908 Gr. Negro,Precíssimo,Legumbres Secas,Pacic,24.5,13/05/2026,Hipermercado Soriana,Supermercado / Tienda de Autoservicio,Soriana Hiper Sucursal Consulado (418),Río Consulado 2355. Esq. Carlos Marx. Col. Simon Bolivar. Cp. 15410,Ciudad de México,Venustiano Carranza,19.449572,-99.100376
Frijol,Bolsa 908 Gr. Pinto,Precíssimo,Legumbres Secas,Basicos,23.5,04/05/2026,Hipermercado Soriana,Supermercado / Tienda de Autoservicio,Soriana Hiper Sucursal Cimatario,Ctra. a Huimilpan 1001. Int. del Centro Comercial Plaza del Sol. Col. Plazas del Sol. Iii Sección. Cp. 76099,Querétaro,Santiago de Querétaro,20.563227,-100.375284
Frijol,Bolsa 908 Gr. Pinto,Precíssimo,Legumbres Secas,Basicos,23.5,13/05/2026,Hipermercado Soriana,Supermercado / Tienda de Autoservicio,Soriana Hiper Sucursal Consulado (418),Río Consulado 2355. Esq. Carlos Marx. Col. Simon Bolivar. Cp. 15410,Ciudad de México,Venustiano Carranza,19.449572,-99.100376
Frijoles,Bolsa 400 Gr. Refritos. Bayos,La Sierra,Frutas y Legumbres Procesadas,Basicos,13.5,14/05/2026,La Comer,Supermercado / Tienda de Autoservicio,Lacomer Sucursal Queretaro Estadio,Luis M. Vega y Monroy 1300. Esq.cimataRío . Col. CimataRío. Cp. 76090,Querétaro,Santiago de Querétaro,20.577804,-100.373626
Frijoles,Bolsa 430 Gr. Refritos. Bayos,La Sierra,Frutas y Legumbres Procesadas,Basicos,15,12/05/2026,Wal-mart,Supermercado / Tienda de Autoservicio,Walmart Sucursal Unidad Plaza de Toros,Autopista Querétaro Celaya 5501. Int. del Centro Comercial Plaza Esfera. Col. el Jacal. Cp. 76187,Querétaro,Santiago de Querétaro,20.574076,-100.408704
Frijoles,Lata 560 Gr. Entero. Bayo,La Sierra,Frutas y Legumbres Procesadas,Basicos,15,15/05/2026,Superissste,Supermercado / Tienda de Autoservicio,Superissste Sucursal 011,Calle Peluqueros No. 310 Esquina Calle Tizayuca. Col. Michoacána. Cp. 15240,Ciudad de México,Venustiano Carranza,19.446139,-99.113372
Frijoles,Lata 580 Gr. Refritos. Negro,La Costeña,Frutas y Legumbres Procesadas,Basicos,17,13/05/2026,Wal-mart,Supermercado / Tienda de Autoservicio,Walmart Sucursal Balbuena,Fray Servando Teresa de Mier 881. Entre Fernando Iglesia Calderon y Genaro Garcia. Col. Jardín Balbuena. Cp. 15900,Ciudad de México,Venustiano Carranza,19.418067,-99.105639
Fórmula Láctea,Lata 400 Gr. para Lactante,Nan 2. Optimal Pro,Leche Procesada,Basicos,200,13/05/2026,Wal-mart,Supermercado / Tienda de Autoservicio,Walmart Sucursal Aeropuerto,Calz. Ignacio Zaragoza 58. Esq. Blvd. Puerto Aereo. Col. Federal. Cp. 15700,Ciudad de México,Venustiano Carranza,19.41926,-99.094521
Galletas Dulces,Caja 257.6 Gr. Chips Ahoy,Nabisco,Galletas Pastas y Harinas de Trigo,Basicos,40,13/05/2026,Wal-mart,Supermercado / Tienda de Autoservicio,Walmart Sucursal Aeropuerto,Calz. Ignacio Zaragoza 58. Esq. Blvd. Puerto Aereo. Col. Federal. Cp. 15700,Ciudad de México,Venustiano Carranza,19.41926,-99.094521
Galletas Dulces,Paquete 210 Gr. Príncipe,Marinela,Galletas Pastas y Harinas de Trigo,Basicos,38,15/05/2026,Bodega Aurrera,Supermercado / Tienda de Autoservicio,Bodega Aurrera Sucursal Centro Constituyentes,Constituyentes Oriente 334. Entre Pasteur y Manuel Ponce. Col. MercuRío. Cp. 76040,Querétaro,Santiago de Querétaro,20.586349,-100.382801
Galletas Dulces,Paquete 215 Gr. Triki Trakes,Marinela,Galletas Pastas y Harinas de Trigo,Basicos,30,08/05/2026,Superissste,Supermercado / Tienda de Autoservicio,Superissste Sucursal 011,Calle Peluqueros No. 310 Esquina Calle Tizayuca. Col. Michoacána. Cp. 15240,Ciudad de México,Venustiano Carranza,19.446139,-99.113372
Galletas Dulces,Paquete 75 Gr. Arcoiris,Gamesa,Galletas Pastas y Harinas de Trigo,Basicos,13.5,01/05/2026,Superissste,Supermercado / Tienda de Autoservicio,Superissste Sucursal 022,Av. del Taller y Retorno No. 38 Dentro del Retorno 38. Col. Jardín Balbuena. Cp. 15900,Ciudad de México,Venustiano Carranza,19.412842,-99.105666
Galletas Populares,Caja 850 Gr. Marias,Gamesa,Galletas Pastas y Harinas de Trigo,Basicos,98,13/05/2026,Chedraui,Supermercado / Tienda de Autoservicio,Chedraui Sucursal Anfora,Anfora 71. Esq. Eje 1 Norte. Col. Madero. Cp. 15320,Ciudad de México,Venustiano Carranza,19.437353,-99.110088
Galletas Saladas,Paquete 140 Gr. Saladitas,Gamesa,Galletas Pastas y Harinas de Trigo,Basicos,20,13/05/2026,Hipermercado Soriana,Supermercado / Tienda de Autoservicio,Soriana Hiper Sucursal Consulado (418),Río Consulado 2355. Esq. Carlos Marx. Col. Simon Bolivar. Cp. 15410,Ciudad de México,Venustiano Carranza,19.449572,-99.100376
Gel Antibacterial,Botella 250 Ml.,Zuum. Klin,Arts. para el Cuidado Personal,Medicamentos,35.9,13/05/2026,Hipermercado Soriana,Supermercado / Tienda de Autoservicio,Soriana Hiper Sucursal Cimatario,Ctra. a Huimilpan 1001. Int. del Centro Comercial Plaza del Sol. Col. Plazas del Sol. Iii Sección. Cp. 76099,Querétaro,Santiago de Querétaro,20.563227,-100.375284
Gel Antibacterial,Botella 300 Ml.,Medimart,Arts. para el Cuidado Personal,Medicamentos,29,13/05/2026,Wal-mart,Supermercado / Tienda de Autoservicio,Walmart Sucursal Aeropuerto,Calz. Ignacio Zaragoza 58. Esq. Blvd. Puerto Aereo. Col. Federal. Cp. 15700,Ciudad de México,Venustiano Carranza,19.41926,-99.094521
Gel Antibacterial,Botella 60 Ml.,Zuum. Klin,Arts. para el Cuidado Personal,Medicamentos,22,07/05/2026,Wal-mart,Supermercado / Tienda de Autoservicio,Walmart Sucursal Balbuena,Fray Servando Teresa de Mier 881. Entre Fernando Iglesia Calderon y Genaro Garcia. Col. Jardín Balbuena. Cp. 15900,Ciudad de México,Venustiano Carranza,19.418067,-99.105639
Gelatina en Polvo,Caja 84 Gr. Agua. Limón,Pronto,Chocolates y Golosinas,Basicos,15,13/05/2026,Chedraui,Supermercado / Tienda de Autoservicio,Chedraui Sucursal Anfora,Anfora 71. Esq. Eje 1 Norte. Col. Madero. Cp. 15320,Ciudad de México,Venustiano Carranza,19.437353,-99.110088
Genoprazol,Caja con Frasco con 14 Cápsulas de 20 Mg.,S/M,Medicamentos,Medicamentos,84,06/05/2026,Sanborn S Hnos.,Farmacias,Sanborns Sucursal los Arquitos,Constituyentes Oriente 172. Esq. de los Arquitos. Col. los Arquitos. Cp. 76050,Querétaro,Santiago de Querétaro,20.588117,-100.36869
Guantes de Látex,Bolsa con 10 Piezas. Chico,S/M,Arts. para el Cuidado Personal,Medicamentos,45.9,13/05/2026,Hipermercado Soriana,Supermercado / Tienda de Autoservicio,Soriana Hiper Sucursal Consulado (418),Río Consulado 2355. Esq. Carlos Marx. Col. Simon Bolivar. Cp. 15410,Ciudad de México,Venustiano Carranza,19.449572,-99.100376
Guarnición de Verduras,Bolsa 500 Gr. Hortalizas Congeladas,La Huerta,Frutas y Legumbres Procesadas,Basicos,34.9,13/05/2026,Hipermercado Soriana,Supermercado / Tienda de Autoservicio,Soriana Hiper Sucursal Consulado (418),Río Consulado 2355. Esq. Carlos Marx. Col. Simon Bolivar. Cp. 15410,Ciudad de México,Venustiano Carranza,19.449572,-99.100376
Harina de Arroz,Caja 400 Gr.,Tres Estrellas,Arroz y Cereales Preparados,Basicos,23,04/05/2026,Hipermercado Soriana,Supermercado / Tienda de Autoservicio,Soriana Hiper Sucursal Cimatario,Ctra. a Huimilpan 1001. Int. del Centro Comercial Plaza del Sol. Col. Plazas del Sol. Iii Sección. Cp. 76099,Querétaro,Santiago de Querétaro,20.563227,-100.375284
Harina de Maíz,Caja 425 Gr. Fécula. Natural,Maizena,Tortillas y Derivados del Maíz,Basicos,57,07/05/2026,Bodega Aurrera,Supermercado / Tienda de Autoservicio,Bodega Aurrera Sucursal la Viga,Calz. de la Viga 136 Esq. del Taller. Col. Lorenzo Boturini. Cp. 15820,Ciudad de México,Venustiano Carranza,19.414749,-99.127874
Harina de Maíz,Caja 425 Gr. Fécula. Natural,Maizena,Tortillas y Derivados del Maíz,Basicos,57,13/05/2026,Bodega Aurrera,Supermercado / Tienda de Autoservicio,Bodega Aurrera Sucursal la Viga,Calz. de la Viga 136 Esq. del Taller. Col. Lorenzo Boturini. Cp. 15820,Ciudad de México,Venustiano Carranza,19.414749,-99.127874
Harina de Maíz,Caja 425 Gr. Fécula. Natural,Maizena,Tortillas y Derivados del Maíz,Basicos,57,13/05/2026,Chedraui,Supermercado / Tienda de Autoservicio,Chedraui Sucursal Anfora,Anfora 71. Esq. Eje 1 Norte. Col. Madero. Cp. 15320,Ciudad de México,Venustiano Carranza,19.437353,-99.110088
Harina de Maíz,Caja 425 Gr. Fécula. Natural,Maizena,Tortillas y Derivados del Maíz,Basicos,57,15/05/2026,Bodega Aurrera,Supermercado / Tienda de Autoservicio,Bodega Aurrera Sucursal Centro Constituyentes,Constituyentes Oriente 334. Entre Pasteur y Manuel Ponce. Col. MercuRío. Cp. 76040,Querétaro,Santiago de Querétaro,20.586349,-100.382801
Harina de Maíz,Caja 425 Gr. Fécula. Natural,Maizena,Tortillas y Derivados del Maíz,Basicos,61,07/05/2026,Wal-mart,Supermercado / Tienda de Autoservicio,Walmart Sucursal Balbuena,Fray Servando Teresa de Mier 881. Entre Fernando Iglesia Calderon y Genaro Garcia. Col. Jardín Balbuena. Cp. 15900,Ciudad de México,Venustiano Carranza,19.418067,-99.105639
Harina de Maíz,Caja 425 Gr. Fécula. Natural,Maizena,Tortillas y Derivados del Maíz,Basicos,61,13/05/2026,Wal-mart,Supermercado / Tienda de Autoservicio,Walmart Sucursal Aeropuerto,Calz. Ignacio Zaragoza 58. Esq. Blvd. Puerto Aereo. Col. Federal. Cp. 15700,Ciudad de México,Venustiano Carranza,19.41926,-99.094521
Harina de Maíz,Caja 425 Gr. Fécula. Natural,Maizena,Tortillas y Derivados del Maíz,Basicos,61,13/05/2026,Wal-mart,Supermercado / Tienda de Autoservicio,Walmart Sucursal Balbuena,Fray Servando Teresa de Mier 881. Entre Fernando Iglesia Calderon y Genaro Garcia. Col. Jardín Balbuena. Cp. 15900,Ciudad de México,Venustiano Carranza,19.418067,-99.105639
Harina de Maíz,Caja 425 Gr. Fécula. Natural,Maizena,Tortillas y Derivados del Maíz,Basicos,63.9,13/05/2026,Hipermercado Soriana,Supermercado / Tienda de Autoservicio,Soriana Hiper Sucursal Consulado (418),Río Consulado 2355. Esq. Carlos Marx. Col. Simon Bolivar. Cp. 15410,Ciudad de México,Venustiano Carranza,19.449572,-99.100376
Harina de Maíz,Caja 425 Gr. Fécula. Natural,Maizena,Tortillas y Derivados del Maíz,Basicos,66.5,04/05/2026,Hipermercado Soriana,Supermercado / Tienda de Autoservicio,Soriana Hiper Sucursal Cimatario,Ctra. a Huimilpan 1001. Int. del Centro Comercial Plaza del Sol. Col. Plazas del Sol. Iii Sección. Cp. 76099,Querétaro,Santiago de Querétaro,20.563227,-100.375284
Harina de Maíz,Paquete 1 Kg.,Alimentación para el Bienestar,Tortillas y Derivados del Maíz,Basicos,20,01/05/2026,Superissste,Supermercado / Tienda de Autoservicio,Superissste Sucursal 011,Calle Peluqueros No. 310 Esquina Calle Tizayuca. Col. Michoacána. Cp. 15240,Ciudad de México,Venustiano Carranza,19.446139,-99.113372
Harina de Maíz,Paquete 1 Kg.,Alimentación para el Bienestar,Tortillas y Derivados del Maíz,Basicos,20,01/05/2026,Superissste,Supermercado / Tienda de Autoservicio,Superissste Sucursal 022,Av. del Taller y Retorno No. 38 Dentro del Retorno 38. Col. Jardín Balbuena. Cp. 15900,Ciudad de México,Venustiano Carranza,19.412842,-99.105666
Harina de Maíz,Paquete 1 Kg.,Alimentación para el Bienestar,Tortillas y Derivados del Maíz,Basicos,20,08/05/2026,Superissste,Supermercado / Tienda de Autoservicio,Superissste Sucursal 011,Calle Peluqueros No. 310 Esquina Calle Tizayuca. Col. Michoacána. Cp. 15240,Ciudad de México,Venustiano Carranza,19.446139,-99.113372
Harina de Maíz,Paquete 1 Kg.,Alimentación para el Bienestar,Tortillas y Derivados del Maíz,Basicos,20,08/05/2026,Superissste,Supermercado / Tienda de Autoservicio,Superissste Sucursal 022,Av. del Taller y Retorno No. 38 Dentro del Retorno 38. Col. Jardín Balbuena. Cp. 15900,Ciudad de México,Venustiano Carranza,19.412842,-99.105666
Harina de Maíz,Paquete 1 Kg.,Alimentación para el Bienestar,Tortillas y Derivados del Maíz,Basicos,20,15/05/2026,Superissste,Supermercado / Tienda de Autoservicio,Superissste Sucursal 011,Calle Peluqueros No. 310 Esquina Calle Tizayuca. Col. Michoacána. Cp. 15240,Ciudad de México,Venustiano Carranza,19.446139,-99.113372
Harina de Maíz,Paquete 1 Kg.,Alimentación para el Bienestar,Tortillas y Derivados del Maíz,Basicos,20,15/05/2026,Superissste,Supermercado / Tienda de Autoservicio,Superissste Sucursal 022,Av. del Taller y Retorno No. 38 Dentro del Retorno 38. Col. Jardín Balbuena. Cp. 15900,Ciudad de México,Venustiano Carranza,19.412842,-99.105666
Harina de Maíz,Paquete 1 Kg.,Maseca,Tortillas y Derivados del Maíz,Basicos,19.5,12/05/2026,Oxxo,Tienda de Conveniencia,Oxxo Sucursal Corregidora 50 Cr,Circuito Moises Solana No. 128. Esq. Gertrudis Bocanegra. Col. Burocratas. Cp. 76070,Querétaro,Santiago de Querétaro,20.57462,-100.384232
Harina de Maíz,Paquete 1 Kg.,Maseca,Tortillas y Derivados del Maíz,Basicos,20.5,04/05/2026,Hipermercado Soriana,Supermercado / Tienda de Autoservicio,Soriana Hiper Sucursal Cimatario,Ctra. a Huimilpan 1001. Int. del Centro Comercial Plaza del Sol. Col. Plazas del Sol. Iii Sección. Cp. 76099,Querétaro,Santiago de Querétaro,20.563227,-100.375284
Harina de Maíz,Paquete 1 Kg.,Maseca,Tortillas y Derivados del Maíz,Basicos,24,07/05/2026,Bodega Aurrera,Supermercado / Tienda de Autoservicio,Bodega Aurrera Sucursal la Viga,Calz. de la Viga 136 Esq. del Taller. Col. Lorenzo Boturini. Cp. 15820,Ciudad de México,Venustiano Carranza,19.414749,-99.127874
Harina de Maíz,Paquete 1 Kg.,Maseca,Tortillas y Derivados del Maíz,Basicos,24,07/05/2026,Wal-mart,Supermercado / Tienda de Autoservicio,Walmart Sucursal Balbuena,Fray Servando Teresa de Mier 881. Entre Fernando Iglesia Calderon y Genaro Garcia. Col. Jardín Balbuena. Cp. 15900,Ciudad de México,Venustiano Carranza,19.418067,-99.105639
Harina de Maíz,Paquete 1 Kg.,Maseca,Tortillas y Derivados del Maíz,Basicos,24,08/05/2026,Bodega Aurrera,Supermercado / Tienda de Autoservicio,Bodega Aurrera Sucursal Centro Constituyentes,Constituyentes Oriente 334. Entre Pasteur y Manuel Ponce. Col. MercuRío. Cp. 76040,Querétaro,Santiago de Querétaro,20.586349,-100.382801
Harina de Maíz,Paquete 1 Kg.,Maseca,Tortillas y Derivados del Maíz,Basicos,24,13/05/2026,Bodega Aurrera,Supermercado / Tienda de Autoservicio,Bodega Aurrera Sucursal la Viga,Calz. de la Viga 136 Esq. del Taller. Col. Lorenzo Boturini. Cp. 15820,Ciudad de México,Venustiano Carranza,19.414749,-99.127874
Harina de Maíz,Paquete 1 Kg.,Maseca,Tortillas y Derivados del Maíz,Basicos,24,13/05/2026,Wal-mart,Supermercado / Tienda de Autoservicio,Walmart Sucursal Aeropuerto,Calz. Ignacio Zaragoza 58. Esq. Blvd. Puerto Aereo. Col. Federal. Cp. 15700,Ciudad de México,Venustiano Carranza,19.41926,-99.094521
Harina de Maíz,Paquete 1 Kg.,Maseca,Tortillas y Derivados del Maíz,Basicos,24,13/05/2026,Wal-mart,Supermercado / Tienda de Autoservicio,Walmart Sucursal Balbuena,Fray Servando Teresa de Mier 881. Entre Fernando Iglesia Calderon y Genaro Garcia. Col. Jardín Balbuena. Cp. 15900,Ciudad de México,Venustiano Carranza,19.418067,-99.105639
Harina de Maíz,Paquete 1 Kg.,Maseca,Tortillas y Derivados del Maíz,Basicos,24.5,13/05/2026,Hipermercado Soriana,Supermercado / Tienda de Autoservicio,Soriana Hiper Sucursal Consulado (418),Río Consulado 2355. Esq. Carlos Marx. Col. Simon Bolivar. Cp. 15410,Ciudad de México,Venustiano Carranza,19.449572,-99.100376
Harina de Maíz,Paquete 1 Kg. Maíz Blanco. Nixtamalizado,Minsa,Tortillas y Derivados del Maíz,Basicos,17,13/05/2026,Hipermercado Soriana,Supermercado / Tienda de Autoservicio,Soriana Hiper Sucursal Consulado (418),Río Consulado 2355. Esq. Carlos Marx. Col. Simon Bolivar. Cp. 15410,Ciudad de México,Venustiano Carranza,19.449572,-99.100376
Harina de Maíz,Paquete 1 Kg. Maíz Blanco. Nixtamalizado,Minsa,Tortillas y Derivados del Maíz,Basicos,20.9,04/05/2026,Hipermercado Soriana,Supermercado / Tienda de Autoservicio,Soriana Hiper Sucursal Cimatario,Ctra. a Huimilpan 1001. Int. del Centro Comercial Plaza del Sol. Col. Plazas del Sol. Iii Sección. Cp. 76099,Querétaro,Santiago de Querétaro,20.563227,-100.375284
Harina de Trigo,Paquete 1 Kg.,San Antonio. Tres Estrellas,Galletas Pastas y Harinas de Trigo,Basicos,26,08/05/2026,Superissste,Supermercado / Tienda de Autoservicio,Superissste Sucursal 011,Calle Peluqueros No. 310 Esquina Calle Tizayuca. Col. Michoacána. Cp. 15240,Ciudad de México,Venustiano Carranza,19.446139,-99.113372
Harina de Trigo,Paquete 1 Kg. a 1.1 Kg.,San Blas,Galletas Pastas y Harinas de Trigo,Basicos,16,07/05/2026,Wal-mart,Supermercado / Tienda de Autoservicio,Walmart Sucursal Balbuena,Fray Servando Teresa de Mier 881. Entre Fernando Iglesia Calderon y Genaro Garcia. Col. Jardín Balbuena. Cp. 15900,Ciudad de México,Venustiano Carranza,19.418067,-99.105639
Helado,Bote 480 Gr. (900 Ml.) Sabor Napolitano,Holanda. Cremíssimo,Derivados de Leche,Basicos,76,13/05/2026,Chedraui,Supermercado / Tienda de Autoservicio,Chedraui Sucursal Anfora,Anfora 71. Esq. Eje 1 Norte. Col. Madero. Cp. 15320,Ciudad de México,Venustiano Carranza,19.437353,-99.110088
Her-klin Nf. Shampoo,Caja con Un Frasco con 120 Ml. (incluye Un Peine),S/M,Medicamentos,Medicamentos,185,07/05/2026,Benavides,Farmacias,Farmacia Benavides Sucursal Isla de Montecristo,Av. del Parque 401. Esq. Calle Isla de Montecristo. Col. Lindavista. Cp. 76070,Querétaro,Santiago de Querétaro,20.568451,-100.380021
Horno Eléctrico,To3265xss-la,Black+decker,Aparatos Eléctricos,Electrodomesticos,4209,12/05/2026,Liverpool,Tiendas Departamentales,Liverpool Sucursal Queretaro,5 de Febrero 99. Plaza Galerías. Carr. Libre a Celaya. Col. Virreyes. Cp. 76000,Querétaro,Santiago de Querétaro,20.578334,-100.404099
Huevo,Paquete C/12 Blanco,Aurrera,Huevo,Basicos,29,08/05/2026,Bodega Aurrera,Supermercado / Tienda de Autoservicio,Bodega Aurrera Sucursal Centro Constituyentes,Constituyentes Oriente 334. Entre Pasteur y Manuel Ponce. Col. MercuRío. Cp. 76040,Querétaro,Santiago de Querétaro,20.586349,-100.382801
Huevo,Paquete C/12 Blanco,Aurrera,Huevo,Basicos,29,13/05/2026,Bodega Aurrera,Supermercado / Tienda de Autoservicio,Bodega Aurrera Sucursal la Viga,Calz. de la Viga 136 Esq. del Taller. Col. Lorenzo Boturini. Cp. 15820,Ciudad de México,Venustiano Carranza,19.414749,-99.127874
Huevo,Paquete C/12 Blanco,Aurrera,Huevo,Basicos,29,15/05/2026,Bodega Aurrera,Supermercado / Tienda de Autoservicio,Bodega Aurrera Sucursal Centro Constituyentes,Constituyentes Oriente 334. Entre Pasteur y Manuel Ponce. Col. MercuRío. Cp. 76040,Querétaro,Santiago de Querétaro,20.586349,-100.382801
Huevo,Paquete C/12 Blanco,Aurrera,Huevo,Basicos,30,07/05/2026,Wal-mart,Supermercado / Tienda de Autoservicio,Walmart Sucursal Balbuena,Fray Servando Teresa de Mier 881. Entre Fernando Iglesia Calderon y Genaro Garcia. Col. Jardín Balbuena. Cp. 15900,Ciudad de México,Venustiano Carranza,19.418067,-99.105639
Huevo,Paquete C/12 Blanco,Aurrera,Huevo,Basicos,30,13/05/2026,Wal-mart,Supermercado / Tienda de Autoservicio,Walmart Sucursal Aeropuerto,Calz. Ignacio Zaragoza 58. Esq. Blvd. Puerto Aereo. Col. Federal. Cp. 15700,Ciudad de México,Venustiano Carranza,19.41926,-99.094521
Huevo,Paquete C/12 Blanco,Aurrera,Huevo,Basicos,30,13/05/2026,Wal-mart,Supermercado / Tienda de Autoservicio,Walmart Sucursal Balbuena,Fray Servando Teresa de Mier 881. Entre Fernando Iglesia Calderon y Genaro Garcia. Col. Jardín Balbuena. Cp. 15900,Ciudad de México,Venustiano Carranza,19.418067,-99.105639
Huevo,Paquete C/12 Blanco,Bachoco,Huevo,Basicos,35,08/05/2026,Bodega Aurrera,Supermercado / Tienda de Autoservicio,Bodega Aurrera Sucursal Centro Constituyentes,Constituyentes Oriente 334. Entre Pasteur y Manuel Ponce. Col. MercuRío. Cp. 76040,Querétaro,Santiago de Querétaro,20.586349,-100.382801
Huevo,Paquete C/12 Blanco,Bachoco,Huevo,Basicos,35,15/05/2026,Bodega Aurrera,Supermercado / Tienda de Autoservicio,Bodega Aurrera Sucursal Centro Constituyentes,Constituyentes Oriente 334. Entre Pasteur y Manuel Ponce. Col. MercuRío. Cp. 76040,Querétaro,Santiago de Querétaro,20.586349,-100.382801
Huevo,Paquete C/12 Blanco,Bachoco,Huevo,Basicos,36,07/05/2026,Wal-mart,Supermercado / Tienda de Autoservicio,Walmart Sucursal Unidad Plaza de Toros,Autopista Querétaro Celaya 5501. Int. del Centro Comercial Plaza Esfera. Col. el Jacal. Cp. 76187,Querétaro,Santiago de Querétaro,20.574076,-100.408704
Huevo,Paquete C/12 Blanco,Bachoco,Huevo,Basicos,36,13/05/2026,Wal-mart,Supermercado / Tienda de Autoservicio,Walmart Sucursal Aeropuerto,Calz. Ignacio Zaragoza 58. Esq. Blvd. Puerto Aereo. Col. Federal. Cp. 15700,Ciudad de México,Venustiano Carranza,19.41926,-99.094521
Huevo,Paquete C/12 Blanco,Bachoco,Huevo,Basicos,36,13/05/2026,Wal-mart,Supermercado / Tienda de Autoservicio,Walmart Sucursal Balbuena,Fray Servando Teresa de Mier 881. Entre Fernando Iglesia Calderon y Genaro Garcia. Col. Jardín Balbuena. Cp. 15900,Ciudad de México,Venustiano Carranza,19.418067,-99.105639
Huevo,Paquete C/12 Blanco,Bachoco,Huevo,Basicos,37,13/05/2026,Bodega Aurrera,Supermercado / Tienda de Autoservicio,Bodega Aurrera Sucursal la Viga,Calz. de la Viga 136 Esq. del Taller. Col. Lorenzo Boturini. Cp. 15820,Ciudad de México,Venustiano Carranza,19.414749,-99.127874
Huevo,Paquete C/12 Blanco,Bachoco,Huevo,Basicos,43.5,01/05/2026,Superissste,Supermercado / Tienda de Autoservicio,Superissste Sucursal 011,Calle Peluqueros No. 310 Esquina Calle Tizayuca. Col. Michoacána. Cp. 15240,Ciudad de México,Venustiano Carranza,19.446139,-99.113372
Huevo,Paquete C/12 Blanco,Bachoco,Huevo,Basicos,43.5,01/05/2026,Superissste,Supermercado / Tienda de Autoservicio,Superissste Sucursal 022,Av. del Taller y Retorno No. 38 Dentro del Retorno 38. Col. Jardín Balbuena. Cp. 15900,Ciudad de México,Venustiano Carranza,19.412842,-99.105666
Huevo,Paquete C/12 Blanco,Bachoco,Huevo,Basicos,43.5,08/05/2026,Superissste,Supermercado / Tienda de Autoservicio,Superissste Sucursal 011,Calle Peluqueros No. 310 Esquina Calle Tizayuca. Col. Michoacána. Cp. 15240,Ciudad de México,Venustiano Carranza,19.446139,-99.113372
Huevo,Paquete C/12 Blanco,Bachoco,Huevo,Basicos,43.5,08/05/2026,Superissste,Supermercado / Tienda de Autoservicio,Superissste Sucursal 022,Av. del Taller y Retorno No. 38 Dentro del Retorno 38. Col. Jardín Balbuena. Cp. 15900,Ciudad de México,Venustiano Carranza,19.412842,-99.105666
Huevo,Paquete C/12 Blanco,Bachoco,Huevo,Basicos,43.5,15/05/2026,Superissste,Supermercado / Tienda de Autoservicio,Superissste Sucursal 011,Calle Peluqueros No. 310 Esquina Calle Tizayuca. Col. Michoacána. Cp. 15240,Ciudad de México,Venustiano Carranza,19.446139,-99.113372
Huevo,Paquete C/12 Blanco,Bachoco,Huevo,Basicos,43.5,15/05/2026,Superissste,Supermercado / Tienda de Autoservicio,Superissste Sucursal 022,Av. del Taller y Retorno No. 38 Dentro del Retorno 38. Col. Jardín Balbuena. Cp. 15900,Ciudad de México,Venustiano Carranza,19.412842,-99.105666
Huevo,Paquete C/12 Blanco,Bachoco,Huevo,Basicos,44,06/05/2026,Chedraui,Supermercado / Tienda de Autoservicio,Chedraui Sucursal Centro Sur,Blvd. Bernardo Quintana 502. Carr. con Direccion a Centro Civico. Col. Centro Sur. Cp. 76087,Querétaro,Santiago de Querétaro,20.569354,-100.358831
Huevo,Paquete C/12 Blanco,El Calvario,Huevo,Basicos,27,13/05/2026,Bodega Aurrera,Supermercado / Tienda de Autoservicio,Bodega Aurrera Sucursal la Viga,Calz. de la Viga 136 Esq. del Taller. Col. Lorenzo Boturini. Cp. 15820,Ciudad de México,Venustiano Carranza,19.414749,-99.127874
Huevo,Paquete C/12 Blanco,El Calvario,Huevo,Basicos,28,07/05/2026,Bodega Aurrera,Supermercado / Tienda de Autoservicio,Bodega Aurrera Sucursal la Viga,Calz. de la Viga 136 Esq. del Taller. Col. Lorenzo Boturini. Cp. 15820,Ciudad de México,Venustiano Carranza,19.414749,-99.127874
Huevo,Paquete C/12 Blanco,El Calvario,Huevo,Basicos,28,08/05/2026,Bodega Aurrera,Supermercado / Tienda de Autoservicio,Bodega Aurrera Sucursal Centro Constituyentes,Constituyentes Oriente 334. Entre Pasteur y Manuel Ponce. Col. MercuRío. Cp. 76040,Querétaro,Santiago de Querétaro,20.586349,-100.382801
Huevo,Paquete C/12 Blanco,El Calvario,Huevo,Basicos,28,08/05/2026,Superissste,Supermercado / Tienda de Autoservicio,Superissste Sucursal 011,Calle Peluqueros No. 310 Esquina Calle Tizayuca. Col. Michoacána. Cp. 15240,Ciudad de México,Venustiano Carranza,19.446139,-99.113372
Huevo,Paquete C/12 Blanco,El Calvario,Huevo,Basicos,28,08/05/2026,Superissste,Supermercado / Tienda de Autoservicio,Superissste Sucursal 022,Av. del Taller y Retorno No. 38 Dentro del Retorno 38. Col. Jardín Balbuena. Cp. 15900,Ciudad de México,Venustiano Carranza,19.412842,-99.105666
Huevo,Paquete C/12 Blanco,El Calvario,Huevo,Basicos,28,13/05/2026,Chedraui,Supermercado / Tienda de Autoservicio,Chedraui Sucursal Anfora,Anfora 71. Esq. Eje 1 Norte. Col. Madero. Cp. 15320,Ciudad de México,Venustiano Carranza,19.437353,-99.110088
Huevo,Paquete C/12 Blanco,El Calvario,Huevo,Basicos,28,13/05/2026,Wal-mart,Supermercado / Tienda de Autoservicio,Walmart Sucursal Aeropuerto,Calz. Ignacio Zaragoza 58. Esq. Blvd. Puerto Aereo. Col. Federal. Cp. 15700,Ciudad de México,Venustiano Carranza,19.41926,-99.094521
Huevo,Paquete C/12 Blanco,El Calvario,Huevo,Basicos,28,13/05/2026,Wal-mart,Supermercado / Tienda de Autoservicio,Walmart Sucursal Balbuena,Fray Servando Teresa de Mier 881. Entre Fernando Iglesia Calderon y Genaro Garcia. Col. Jardín Balbuena. Cp. 15900,Ciudad de México,Venustiano Carranza,19.418067,-99.105639
Huevo,Paquete C/12 Blanco,El Calvario,Huevo,Basicos,28,15/05/2026,Bodega Aurrera,Supermercado / Tienda de Autoservicio,Bodega Aurrera Sucursal Centro Constituyentes,Constituyentes Oriente 334. Entre Pasteur y Manuel Ponce. Col. MercuRío. Cp. 76040,Querétaro,Santiago de Querétaro,20.586349,-100.382801
Huevo,Paquete C/12 Blanco,El Calvario,Huevo,Basicos,28,15/05/2026,Superissste,Supermercado / Tienda de Autoservicio,Superissste Sucursal 011,Calle Peluqueros No. 310 Esquina Calle Tizayuca. Col. Michoacána. Cp. 15240,Ciudad de México,Venustiano Carranza,19.446139,-99.113372
Huevo,Paquete C/12 Blanco,El Calvario,Huevo,Basicos,28,15/05/2026,Superissste,Supermercado / Tienda de Autoservicio,Superissste Sucursal 022,Av. del Taller y Retorno No. 38 Dentro del Retorno 38. Col. Jardín Balbuena. Cp. 15900,Ciudad de México,Venustiano Carranza,19.412842,-99.105666
Huevo,Paquete C/12 Blanco,El Calvario,Huevo,Basicos,29,07/05/2026,Wal-mart,Supermercado / Tienda de Autoservicio,Walmart Sucursal Balbuena,Fray Servando Teresa de Mier 881. Entre Fernando Iglesia Calderon y Genaro Garcia. Col. Jardín Balbuena. Cp. 15900,Ciudad de México,Venustiano Carranza,19.418067,-99.105639
Huevo,Paquete C/12 Blanco,El Calvario,Huevo,Basicos,30,13/05/2026,Hipermercado Soriana,Supermercado / Tienda de Autoservicio,Soriana Hiper Sucursal Cimatario,Ctra. a Huimilpan 1001. Int. del Centro Comercial Plaza del Sol. Col. Plazas del Sol. Iii Sección. Cp. 76099,Querétaro,Santiago de Querétaro,20.563227,-100.375284
Huevo,Paquete C/12 Blanco,El Calvario,Huevo,Basicos,30,13/05/2026,Hipermercado Soriana,Supermercado / Tienda de Autoservicio,Soriana Hiper Sucursal Consulado (418),Río Consulado 2355. Esq. Carlos Marx. Col. Simon Bolivar. Cp. 15410,Ciudad de México,Venustiano Carranza,19.449572,-99.100376
Huevo,Paquete C/12 Blanco,El Calvario,Huevo,Basicos,30.5,01/05/2026,Superissste,Supermercado / Tienda de Autoservicio,Superissste Sucursal 011,Calle Peluqueros No. 310 Esquina Calle Tizayuca. Col. Michoacána. Cp. 15240,Ciudad de México,Venustiano Carranza,19.446139,-99.113372
Huevo,Paquete C/12 Blanco,El Calvario,Huevo,Basicos,30.5,01/05/2026,Superissste,Supermercado / Tienda de Autoservicio,Superissste Sucursal 022,Av. del Taller y Retorno No. 38 Dentro del Retorno 38. Col. Jardín Balbuena. Cp. 15900,Ciudad de México,Venustiano Carranza,19.412842,-99.105666
Huevo,Paquete C/12 Blanco,Guadalupe,Huevo,Basicos,36,12/05/2026,Wal-mart,Supermercado / Tienda de Autoservicio,Walmart Sucursal Unidad Plaza de Toros,Autopista Querétaro Celaya 5501. Int. del Centro Comercial Plaza Esfera. Col. el Jacal. Cp. 76187,Querétaro,Santiago de Querétaro,20.574076,-100.408704
Huevo,Paquete C/12 Blanco,Guadalupe,Huevo,Basicos,36,13/05/2026,Wal-mart,Supermercado / Tienda de Autoservicio,Walmart Sucursal Aeropuerto,Calz. Ignacio Zaragoza 58. Esq. Blvd. Puerto Aereo. Col. Federal. Cp. 15700,Ciudad de México,Venustiano Carranza,19.41926,-99.094521
Huevo,Paquete C/12 Blanco,Guadalupe,Huevo,Basicos,36,13/05/2026,Wal-mart,Supermercado / Tienda de Autoservicio,Walmart Sucursal Balbuena,Fray Servando Teresa de Mier 881. Entre Fernando Iglesia Calderon y Genaro Garcia. Col. Jardín Balbuena. Cp. 15900,Ciudad de México,Venustiano Carranza,19.418067,-99.105639
Huevo,Paquete C/12 Blanco,Precíssimo,Huevo,Basicos,27.9,13/05/2026,Hipermercado Soriana,Supermercado / Tienda de Autoservicio,Soriana Hiper Sucursal Cimatario,Ctra. a Huimilpan 1001. Int. del Centro Comercial Plaza del Sol. Col. Plazas del Sol. Iii Sección. Cp. 76099,Querétaro,Santiago de Querétaro,20.563227,-100.375284
Huevo,Paquete C/12 Blanco,Precíssimo,Huevo,Basicos,27.9,13/05/2026,Hipermercado Soriana,Supermercado / Tienda de Autoservicio,Soriana Hiper Sucursal Consulado (418),Río Consulado 2355. Esq. Carlos Marx. Col. Simon Bolivar. Cp. 15410,Ciudad de México,Venustiano Carranza,19.449572,-99.100376
Huevo,Paquete C/12 Blanco,San Juan,Huevo,Basicos,27,13/05/2026,Bodega Aurrera,Supermercado / Tienda de Autoservicio,Bodega Aurrera Sucursal la Viga,Calz. de la Viga 136 Esq. del Taller. Col. Lorenzo Boturini. Cp. 15820,Ciudad de México,Venustiano Carranza,19.414749,-99.127874
Huevo,Paquete C/12 Blanco,San Juan,Huevo,Basicos,28,06/05/2026,Chedraui,Supermercado / Tienda de Autoservicio,Chedraui Sucursal Centro Sur,Blvd. Bernardo Quintana 502. Carr. con Direccion a Centro Civico. Col. Centro Sur. Cp. 76087,Querétaro,Santiago de Querétaro,20.569354,-100.358831
Huevo,Paquete C/12 Blanco,San Juan,Huevo,Basicos,28,12/05/2026,Wal-mart,Supermercado / Tienda de Autoservicio,Walmart Sucursal Unidad Plaza de Toros,Autopista Querétaro Celaya 5501. Int. del Centro Comercial Plaza Esfera. Col. el Jacal. Cp. 76187,Querétaro,Santiago de Querétaro,20.574076,-100.408704
Huevo,Paquete C/12 Blanco,San Juan,Huevo,Basicos,28,13/05/2026,Chedraui,Supermercado / Tienda de Autoservicio,Chedraui Sucursal Centro Sur,Blvd. Bernardo Quintana 502. Carr. con Direccion a Centro Civico. Col. Centro Sur. Cp. 76087,Querétaro,Santiago de Querétaro,20.569354,-100.358831
Huevo,Paquete C/12 Blanco,San Juan,Huevo,Basicos,28,13/05/2026,Wal-mart,Supermercado / Tienda de Autoservicio,Walmart Sucursal Aeropuerto,Calz. Ignacio Zaragoza 58. Esq. Blvd. Puerto Aereo. Col. Federal. Cp. 15700,Ciudad de México,Venustiano Carranza,19.41926,-99.094521
Huevo,Paquete C/12 Blanco,San Juan,Huevo,Basicos,29,08/05/2026,Bodega Aurrera,Supermercado / Tienda de Autoservicio,Bodega Aurrera Sucursal Centro Constituyentes,Constituyentes Oriente 334. Entre Pasteur y Manuel Ponce. Col. MercuRío. Cp. 76040,Querétaro,Santiago de Querétaro,20.586349,-100.382801
Huevo,Paquete C/12 Blanco,San Juan,Huevo,Basicos,29,13/05/2026,Chedraui,Supermercado / Tienda de Autoservicio,Chedraui Sucursal Anfora,Anfora 71. Esq. Eje 1 Norte. Col. Madero. Cp. 15320,Ciudad de México,Venustiano Carranza,19.437353,-99.110088
Huevo,Paquete C/12 Blanco,San Juan,Huevo,Basicos,29,15/05/2026,Bodega Aurrera,Supermercado / Tienda de Autoservicio,Bodega Aurrera Sucursal Centro Constituyentes,Constituyentes Oriente 334. Entre Pasteur y Manuel Ponce. Col. MercuRío. Cp. 76040,Querétaro,Santiago de Querétaro,20.586349,-100.382801
Huevo,Paquete C/12 Blanco,San Juan,Huevo,Basicos,30,07/05/2026,Wal-mart,Supermercado / Tienda de Autoservicio,Walmart Sucursal Balbuena,Fray Servando Teresa de Mier 881. Entre Fernando Iglesia Calderon y Genaro Garcia. Col. Jardín Balbuena. Cp. 15900,Ciudad de México,Venustiano Carranza,19.418067,-99.105639
Huevo,Paquete C/12 Blanco,San Juan,Huevo,Basicos,30,13/05/2026,Hipermercado Soriana,Supermercado / Tienda de Autoservicio,Soriana Hiper Sucursal Cimatario,Ctra. a Huimilpan 1001. Int. del Centro Comercial Plaza del Sol. Col. Plazas del Sol. Iii Sección. Cp. 76099,Querétaro,Santiago de Querétaro,20.563227,-100.375284
Huevo,Paquete C/12 Blanco,San Juan,Huevo,Basicos,30,13/05/2026,Hipermercado Soriana,Supermercado / Tienda de Autoservicio,Soriana Hiper Sucursal Consulado (418),Río Consulado 2355. Esq. Carlos Marx. Col. Simon Bolivar. Cp. 15410,Ciudad de México,Venustiano Carranza,19.449572,-99.100376
Huevo,Paquete C/12 Blanco,San Juan,Huevo,Basicos,30,13/05/2026,Wal-mart,Supermercado / Tienda de Autoservicio,Walmart Sucursal Balbuena,Fray Servando Teresa de Mier 881. Entre Fernando Iglesia Calderon y Genaro Garcia. Col. Jardín Balbuena. Cp. 15900,Ciudad de México,Venustiano Carranza,19.418067,-99.105639
Huevo,Paquete C/12 Blanco,San Juan,Huevo,Basicos,31,07/05/2026,Wal-mart,Supermercado / Tienda de Autoservicio,Walmart Sucursal Unidad Plaza de Toros,Autopista Querétaro Celaya 5501. Int. del Centro Comercial Plaza Esfera. Col. el Jacal. Cp. 76187,Querétaro,Santiago de Querétaro,20.574076,-100.408704
Huevo,Paquete C/12 Blanco,San Juan,Huevo,Basicos,32.5,01/05/2026,Superissste,Supermercado / Tienda de Autoservicio,Superissste Sucursal 011,Calle Peluqueros No. 310 Esquina Calle Tizayuca. Col. Michoacána. Cp. 15240,Ciudad de México,Venustiano Carranza,19.446139,-99.113372
Huevo,Paquete C/12 Blanco,San Juan,Huevo,Basicos,32.5,01/05/2026,Superissste,Supermercado / Tienda de Autoservicio,Superissste Sucursal 022,Av. del Taller y Retorno No. 38 Dentro del Retorno 38. Col. Jardín Balbuena. Cp. 15900,Ciudad de México,Venustiano Carranza,19.412842,-99.105666
Huevo,Paquete C/12 Blanco,San Juan,Huevo,Basicos,32.5,08/05/2026,Superissste,Supermercado / Tienda de Autoservicio,Superissste Sucursal 011,Calle Peluqueros No. 310 Esquina Calle Tizayuca. Col. Michoacána. Cp. 15240,Ciudad de México,Venustiano Carranza,19.446139,-99.113372
Huevo,Paquete C/12 Blanco,San Juan,Huevo,Basicos,32.5,08/05/2026,Superissste,Supermercado / Tienda de Autoservicio,Superissste Sucursal 022,Av. del Taller y Retorno No. 38 Dentro del Retorno 38. Col. Jardín Balbuena. Cp. 15900,Ciudad de México,Venustiano Carranza,19.412842,-99.105666
Huevo,Paquete C/12 Blanco,San Juan,Huevo,Basicos,32.5,15/05/2026,Superissste,Supermercado / Tienda de Autoservicio,Superissste Sucursal 011,Calle Peluqueros No. 310 Esquina Calle Tizayuca. Col. Michoacána. Cp. 15240,Ciudad de México,Venustiano Carranza,19.446139,-99.113372
Huevo,Paquete C/12 Blanco,San Juan,Huevo,Basicos,32.5,15/05/2026,Superissste,Supermercado / Tienda de Autoservicio,Superissste Sucursal 022,Av. del Taller y Retorno No. 38 Dentro del Retorno 38. Col. Jardín Balbuena. Cp. 15900,Ciudad de México,Venustiano Carranza,19.412842,-99.105666
Huevo,Paquete C/12 Blanco,San Juan,Huevo,Basicos,32.9,04/05/2026,Hipermercado Soriana,Supermercado / Tienda de Autoservicio,Soriana Hiper Sucursal Cimatario,Ctra. a Huimilpan 1001. Int. del Centro Comercial Plaza del Sol. Col. Plazas del Sol. Iii Sección. Cp. 76099,Querétaro,Santiago de Querétaro,20.563227,-100.375284
Huevo,Paquete C/12 Blanco,San Juan,Huevo,Basicos,33.8,07/05/2026,La Comer,Supermercado / Tienda de Autoservicio,Lacomer Sucursal Queretaro Estadio,Luis M. Vega y Monroy 1300. Esq.cimataRío . Col. CimataRío. Cp. 76090,Querétaro,Santiago de Querétaro,20.577804,-100.373626
Huevo,Paquete C/12 Blanco,Tehuacán,Huevo,Basicos,36,07/05/2026,Bodega Aurrera,Supermercado / Tienda de Autoservicio,Bodega Aurrera Sucursal la Viga,Calz. de la Viga 136 Esq. del Taller. Col. Lorenzo Boturini. Cp. 15820,Ciudad de México,Venustiano Carranza,19.414749,-99.127874
Huevo,Paquete C/12 Blanco,Tehuacán,Huevo,Basicos,36,08/05/2026,Bodega Aurrera,Supermercado / Tienda de Autoservicio,Bodega Aurrera Sucursal Centro Constituyentes,Constituyentes Oriente 334. Entre Pasteur y Manuel Ponce. Col. MercuRío. Cp. 76040,Querétaro,Santiago de Querétaro,20.586349,-100.382801
Huevo,Paquete C/12 Blanco,Tehuacán,Huevo,Basicos,36,15/05/2026,Bodega Aurrera,Supermercado / Tienda de Autoservicio,Bodega Aurrera Sucursal Centro Constituyentes,Constituyentes Oriente 334. Entre Pasteur y Manuel Ponce. Col. MercuRío. Cp. 76040,Querétaro,Santiago de Querétaro,20.586349,-100.382801
Huevo,Paquete C/12 Blanco,Tehuacán,Huevo,Basicos,37,12/05/2026,Wal-mart,Supermercado / Tienda de Autoservicio,Walmart Sucursal Unidad Plaza de Toros,Autopista Querétaro Celaya 5501. Int. del Centro Comercial Plaza Esfera. Col. el Jacal. Cp. 76187,Querétaro,Santiago de Querétaro,20.574076,-100.408704
Huevo,Paquete C/12 Blanco,Tehuacán,Huevo,Basicos,37,13/05/2026,Chedraui,Supermercado / Tienda de Autoservicio,Chedraui Sucursal Centro Sur,Blvd. Bernardo Quintana 502. Carr. con Direccion a Centro Civico. Col. Centro Sur. Cp. 76087,Querétaro,Santiago de Querétaro,20.569354,-100.358831
Huevo,Paquete C/12 Blanco,Tehuacán,Huevo,Basicos,45,07/05/2026,La Comer,Supermercado / Tienda de Autoservicio,Lacomer Sucursal Queretaro Estadio,Luis M. Vega y Monroy 1300. Esq.cimataRío . Col. CimataRío. Cp. 76090,Querétaro,Santiago de Querétaro,20.577804,-100.373626
Huevo,Paquete C/12 Blanco,Tehuacán,Huevo,Basicos,45,14/05/2026,La Comer,Supermercado / Tienda de Autoservicio,Lacomer Sucursal Queretaro Estadio,Luis M. Vega y Monroy 1300. Esq.cimataRío . Col. CimataRío. Cp. 76090,Querétaro,Santiago de Querétaro,20.577804,-100.373626
Huevo,Paquete C/12 Rojo,Bachoco,Huevo,Basicos,43,13/05/2026,Bodega Aurrera,Supermercado / Tienda de Autoservicio,Bodega Aurrera Sucursal la Viga,Calz. de la Viga 136 Esq. del Taller. Col. Lorenzo Boturini. Cp. 15820,Ciudad de México,Venustiano Carranza,19.414749,-99.127874
Huevo,Paquete C/12 Rojo,Bachoco,Huevo,Basicos,43,15/05/2026,Bodega Aurrera,Supermercado / Tienda de Autoservicio,Bodega Aurrera Sucursal Centro Constituyentes,Constituyentes Oriente 334. Entre Pasteur y Manuel Ponce. Col. MercuRío. Cp. 76040,Querétaro,Santiago de Querétaro,20.586349,-100.382801
Huevo,Paquete C/12 Rojo,Bachoco,Huevo,Basicos,44,07/05/2026,Wal-mart,Supermercado / Tienda de Autoservicio,Walmart Sucursal Unidad Plaza de Toros,Autopista Querétaro Celaya 5501. Int. del Centro Comercial Plaza Esfera. Col. el Jacal. Cp. 76187,Querétaro,Santiago de Querétaro,20.574076,-100.408704
Huevo,Paquete C/12 Rojo,Bachoco,Huevo,Basicos,44,12/05/2026,Wal-mart,Supermercado / Tienda de Autoservicio,Walmart Sucursal Unidad Plaza de Toros,Autopista Querétaro Celaya 5501. Int. del Centro Comercial Plaza Esfera. Col. el Jacal. Cp. 76187,Querétaro,Santiago de Querétaro,20.574076,-100.408704
Huevo,Paquete C/12 Rojo,Bachoco,Huevo,Basicos,44,13/05/2026,Wal-mart,Supermercado / Tienda de Autoservicio,Walmart Sucursal Aeropuerto,Calz. Ignacio Zaragoza 58. Esq. Blvd. Puerto Aereo. Col. Federal. Cp. 15700,Ciudad de México,Venustiano Carranza,19.41926,-99.094521
Huevo,Paquete C/12 Rojo,Bachoco,Huevo,Basicos,46,07/05/2026,La Comer,Supermercado / Tienda de Autoservicio,Lacomer Sucursal Queretaro Estadio,Luis M. Vega y Monroy 1300. Esq.cimataRío . Col. CimataRío. Cp. 76090,Querétaro,Santiago de Querétaro,20.577804,-100.373626
Huevo,Paquete C/12 Rojo,Bachoco,Huevo,Basicos,47,04/05/2026,Hipermercado Soriana,Supermercado / Tienda de Autoservicio,Soriana Hiper Sucursal Cimatario,Ctra. a Huimilpan 1001. Int. del Centro Comercial Plaza del Sol. Col. Plazas del Sol. Iii Sección. Cp. 76099,Querétaro,Santiago de Querétaro,20.563227,-100.375284
Huevo,Paquete C/12 Rojo,Bachoco,Huevo,Basicos,47,06/05/2026,Chedraui,Supermercado / Tienda de Autoservicio,Chedraui Sucursal Centro Sur,Blvd. Bernardo Quintana 502. Carr. con Direccion a Centro Civico. Col. Centro Sur. Cp. 76087,Querétaro,Santiago de Querétaro,20.569354,-100.358831
Huevo,Paquete C/12 Rojo,Bachoco,Huevo,Basicos,47,13/05/2026,Hipermercado Soriana,Supermercado / Tienda de Autoservicio,Soriana Hiper Sucursal Cimatario,Ctra. a Huimilpan 1001. Int. del Centro Comercial Plaza del Sol. Col. Plazas del Sol. Iii Sección. Cp. 76099,Querétaro,Santiago de Querétaro,20.563227,-100.375284
Huevo,Paquete C/12 Rojo,Bachoco,Huevo,Basicos,47,13/05/2026,Hipermercado Soriana,Supermercado / Tienda de Autoservicio,Soriana Hiper Sucursal Consulado (418),Río Consulado 2355. Esq. Carlos Marx. Col. Simon Bolivar. Cp. 15410,Ciudad de México,Venustiano Carranza,19.449572,-99.100376
Huevo,Paquete C/12 Rojo,Bachoco,Huevo,Basicos,48,01/05/2026,Superissste,Supermercado / Tienda de Autoservicio,Superissste Sucursal 011,Calle Peluqueros No. 310 Esquina Calle Tizayuca. Col. Michoacána. Cp. 15240,Ciudad de México,Venustiano Carranza,19.446139,-99.113372
Huevo,Paquete C/12 Rojo,Bachoco,Huevo,Basicos,48,01/05/2026,Superissste,Supermercado / Tienda de Autoservicio,Superissste Sucursal 022,Av. del Taller y Retorno No. 38 Dentro del Retorno 38. Col. Jardín Balbuena. Cp. 15900,Ciudad de México,Venustiano Carranza,19.412842,-99.105666
Huevo,Paquete C/12 Rojo,Bachoco,Huevo,Basicos,48,08/05/2026,Superissste,Supermercado / Tienda de Autoservicio,Superissste Sucursal 011,Calle Peluqueros No. 310 Esquina Calle Tizayuca. Col. Michoacána. Cp. 15240,Ciudad de México,Venustiano Carranza,19.446139,-99.113372
Huevo,Paquete C/12 Rojo,Bachoco,Huevo,Basicos,48,08/05/2026,Superissste,Supermercado / Tienda de Autoservicio,Superissste Sucursal 022,Av. del Taller y Retorno No. 38 Dentro del Retorno 38. Col. Jardín Balbuena. Cp. 15900,Ciudad de México,Venustiano Carranza,19.412842,-99.105666
Huevo,Paquete C/12 Rojo,Bachoco,Huevo,Basicos,48,15/05/2026,Superissste,Supermercado / Tienda de Autoservicio,Superissste Sucursal 011,Calle Peluqueros No. 310 Esquina Calle Tizayuca. Col. Michoacána. Cp. 15240,Ciudad de México,Venustiano Carranza,19.446139,-99.113372
Huevo,Paquete C/12 Rojo,Bachoco,Huevo,Basicos,48,15/05/2026,Superissste,Supermercado / Tienda de Autoservicio,Superissste Sucursal 022,Av. del Taller y Retorno No. 38 Dentro del Retorno 38. Col. Jardín Balbuena. Cp. 15900,Ciudad de México,Venustiano Carranza,19.412842,-99.105666
Huevo,Paquete C/18 Blanco,Aurrera,Huevo,Basicos,44,08/05/2026,Bodega Aurrera,Supermercado / Tienda de Autoservicio,Bodega Aurrera Sucursal Centro Constituyentes,Constituyentes Oriente 334. Entre Pasteur y Manuel Ponce. Col. MercuRío. Cp. 76040,Querétaro,Santiago de Querétaro,20.586349,-100.382801
Huevo,Paquete C/18 Blanco,Aurrera,Huevo,Basicos,44,13/05/2026,Bodega Aurrera,Supermercado / Tienda de Autoservicio,Bodega Aurrera Sucursal la Viga,Calz. de la Viga 136 Esq. del Taller. Col. Lorenzo Boturini. Cp. 15820,Ciudad de México,Venustiano Carranza,19.414749,-99.127874
Huevo,Paquete C/18 Blanco,Aurrera,Huevo,Basicos,44,15/05/2026,Bodega Aurrera,Supermercado / Tienda de Autoservicio,Bodega Aurrera Sucursal Centro Constituyentes,Constituyentes Oriente 334. Entre Pasteur y Manuel Ponce. Col. MercuRío. Cp. 76040,Querétaro,Santiago de Querétaro,20.586349,-100.382801
Huevo,Paquete C/18 Blanco,Aurrera,Huevo,Basicos,45,07/05/2026,Wal-mart,Supermercado / Tienda de Autoservicio,Walmart Sucursal Balbuena,Fray Servando Teresa de Mier 881. Entre Fernando Iglesia Calderon y Genaro Garcia. Col. Jardín Balbuena. Cp. 15900,Ciudad de México,Venustiano Carranza,19.418067,-99.105639
Huevo,Paquete C/18 Blanco,Aurrera,Huevo,Basicos,45,13/05/2026,Wal-mart,Supermercado / Tienda de Autoservicio,Walmart Sucursal Aeropuerto,Calz. Ignacio Zaragoza 58. Esq. Blvd. Puerto Aereo. Col. Federal. Cp. 15700,Ciudad de México,Venustiano Carranza,19.41926,-99.094521
Huevo,Paquete C/18 Blanco,Aurrera,Huevo,Basicos,45,13/05/2026,Wal-mart,Supermercado / Tienda de Autoservicio,Walmart Sucursal Balbuena,Fray Servando Teresa de Mier 881. Entre Fernando Iglesia Calderon y Genaro Garcia. Col. Jardín Balbuena. Cp. 15900,Ciudad de México,Venustiano Carranza,19.418067,-99.105639
Huevo,Paquete C/18 Blanco,Aurrera,Huevo,Pacic,44,08/05/2026,Bodega Aurrera,Supermercado / Tienda de Autoservicio,Bodega Aurrera Sucursal Centro Constituyentes,Constituyentes Oriente 334. Entre Pasteur y Manuel Ponce. Col. MercuRío. Cp. 76040,Querétaro,Santiago de Querétaro,20.586349,-100.382801
Huevo,Paquete C/18 Blanco,Aurrera,Huevo,Pacic,44,13/05/2026,Bodega Aurrera,Supermercado / Tienda de Autoservicio,Bodega Aurrera Sucursal la Viga,Calz. de la Viga 136 Esq. del Taller. Col. Lorenzo Boturini. Cp. 15820,Ciudad de México,Venustiano Carranza,19.414749,-99.127874
Huevo,Paquete C/18 Blanco,Aurrera,Huevo,Pacic,44,15/05/2026,Bodega Aurrera,Supermercado / Tienda de Autoservicio,Bodega Aurrera Sucursal Centro Constituyentes,Constituyentes Oriente 334. Entre Pasteur y Manuel Ponce. Col. MercuRío. Cp. 76040,Querétaro,Santiago de Querétaro,20.586349,-100.382801
Huevo,Paquete C/18 Blanco,Aurrera,Huevo,Pacic,45,07/05/2026,Wal-mart,Supermercado / Tienda de Autoservicio,Walmart Sucursal Balbuena,Fray Servando Teresa de Mier 881. Entre Fernando Iglesia Calderon y Genaro Garcia. Col. Jardín Balbuena. Cp. 15900,Ciudad de México,Venustiano Carranza,19.418067,-99.105639
Huevo,Paquete C/18 Blanco,Aurrera,Huevo,Pacic,45,13/05/2026,Wal-mart,Supermercado / Tienda de Autoservicio,Walmart Sucursal Aeropuerto,Calz. Ignacio Zaragoza 58. Esq. Blvd. Puerto Aereo. Col. Federal. Cp. 15700,Ciudad de México,Venustiano Carranza,19.41926,-99.094521
Huevo,Paquete C/18 Blanco,Aurrera,Huevo,Pacic,45,13/05/2026,Wal-mart,Supermercado / Tienda de Autoservicio,Walmart Sucursal Balbuena,Fray Servando Teresa de Mier 881. Entre Fernando Iglesia Calderon y Genaro Garcia. Col. Jardín Balbuena. Cp. 15900,Ciudad de México,Venustiano Carranza,19.418067,-99.105639
Huevo,Paquete C/18 Blanco,Bachoco,Huevo,Basicos,37,07/05/2026,La Comer,Supermercado / Tienda de Autoservicio,Lacomer Sucursal Queretaro Estadio,Luis M. Vega y Monroy 1300. Esq.cimataRío . Col. CimataRío. Cp. 76090,Querétaro,Santiago de Querétaro,20.577804,-100.373626
Huevo,Paquete C/18 Blanco,Bachoco,Huevo,Basicos,40,14/05/2026,La Comer,Supermercado / Tienda de Autoservicio,Lacomer Sucursal Queretaro Estadio,Luis M. Vega y Monroy 1300. Esq.cimataRío . Col. CimataRío. Cp. 76090,Querétaro,Santiago de Querétaro,20.577804,-100.373626
Huevo,Paquete C/18 Blanco,Bachoco,Huevo,Basicos,47.1,04/05/2026,Hipermercado Soriana,Supermercado / Tienda de Autoservicio,Soriana Hiper Sucursal Cimatario,Ctra. a Huimilpan 1001. Int. del Centro Comercial Plaza del Sol. Col. Plazas del Sol. Iii Sección. Cp. 76099,Querétaro,Santiago de Querétaro,20.563227,-100.375284
Huevo,Paquete C/18 Blanco,Bachoco,Huevo,Basicos,47.1,13/05/2026,Hipermercado Soriana,Supermercado / Tienda de Autoservicio,Soriana Hiper Sucursal Cimatario,Ctra. a Huimilpan 1001. Int. del Centro Comercial Plaza del Sol. Col. Plazas del Sol. Iii Sección. Cp. 76099,Querétaro,Santiago de Querétaro,20.563227,-100.375284
Huevo,Paquete C/18 Blanco,Bachoco,Huevo,Basicos,49,08/05/2026,Bodega Aurrera,Supermercado / Tienda de Autoservicio,Bodega Aurrera Sucursal Centro Constituyentes,Constituyentes Oriente 334. Entre Pasteur y Manuel Ponce. Col. MercuRío. Cp. 76040,Querétaro,Santiago de Querétaro,20.586349,-100.382801
Huevo,Paquete C/18 Blanco,Bachoco,Huevo,Basicos,49,15/05/2026,Bodega Aurrera,Supermercado / Tienda de Autoservicio,Bodega Aurrera Sucursal Centro Constituyentes,Constituyentes Oriente 334. Entre Pasteur y Manuel Ponce. Col. MercuRío. Cp. 76040,Querétaro,Santiago de Querétaro,20.586349,-100.382801
Huevo,Paquete C/18 Blanco,Bachoco,Huevo,Basicos,49.9,06/05/2026,Chedraui,Supermercado / Tienda de Autoservicio,Chedraui Sucursal Centro Sur,Blvd. Bernardo Quintana 502. Carr. con Direccion a Centro Civico. Col. Centro Sur. Cp. 76087,Querétaro,Santiago de Querétaro,20.569354,-100.358831
Huevo,Paquete C/18 Blanco,Bachoco,Huevo,Basicos,49.9,13/05/2026,Chedraui,Supermercado / Tienda de Autoservicio,Chedraui Sucursal Centro Sur,Blvd. Bernardo Quintana 502. Carr. con Direccion a Centro Civico. Col. Centro Sur. Cp. 76087,Querétaro,Santiago de Querétaro,20.569354,-100.358831
Huevo,Paquete C/18 Blanco,Bachoco,Huevo,Basicos,50,13/05/2026,Bodega Aurrera,Supermercado / Tienda de Autoservicio,Bodega Aurrera Sucursal la Viga,Calz. de la Viga 136 Esq. del Taller. Col. Lorenzo Boturini. Cp. 15820,Ciudad de México,Venustiano Carranza,19.414749,-99.127874
Huevo,Paquete C/18 Blanco,Bachoco,Huevo,Basicos,51,07/05/2026,Wal-mart,Supermercado / Tienda de Autoservicio,Walmart Sucursal Unidad Plaza de Toros,Autopista Querétaro Celaya 5501. Int. del Centro Comercial Plaza Esfera. Col. el Jacal. Cp. 76187,Querétaro,Santiago de Querétaro,20.574076,-100.408704
Huevo,Paquete C/18 Blanco,Bachoco,Huevo,Basicos,51,13/05/2026,Wal-mart,Supermercado / Tienda de Autoservicio,Walmart Sucursal Aeropuerto,Calz. Ignacio Zaragoza 58. Esq. Blvd. Puerto Aereo. Col. Federal. Cp. 15700,Ciudad de México,Venustiano Carranza,19.41926,-99.094521
Huevo,Paquete C/18 Blanco,Bachoco,Huevo,Basicos,51,13/05/2026,Wal-mart,Supermercado / Tienda de Autoservicio,Walmart Sucursal Balbuena,Fray Servando Teresa de Mier 881. Entre Fernando Iglesia Calderon y Genaro Garcia. Col. Jardín Balbuena. Cp. 15900,Ciudad de México,Venustiano Carranza,19.418067,-99.105639
Huevo,Paquete C/18 Blanco,Bachoco,Huevo,Basicos,59.5,01/05/2026,Superissste,Supermercado / Tienda de Autoservicio,Superissste Sucursal 011,Calle Peluqueros No. 310 Esquina Calle Tizayuca. Col. Michoacána. Cp. 15240,Ciudad de México,Venustiano Carranza,19.446139,-99.113372
Huevo,Paquete C/18 Blanco,Bachoco,Huevo,Basicos,59.5,01/05/2026,Superissste,Supermercado / Tienda de Autoservicio,Superissste Sucursal 022,Av. del Taller y Retorno No. 38 Dentro del Retorno 38. Col. Jardín Balbuena. Cp. 15900,Ciudad de México,Venustiano Carranza,19.412842,-99.105666
Huevo,Paquete C/18 Blanco,Bachoco,Huevo,Basicos,59.5,08/05/2026,Superissste,Supermercado / Tienda de Autoservicio,Superissste Sucursal 011,Calle Peluqueros No. 310 Esquina Calle Tizayuca. Col. Michoacána. Cp. 15240,Ciudad de México,Venustiano Carranza,19.446139,-99.113372
Huevo,Paquete C/18 Blanco,Bachoco,Huevo,Basicos,59.5,08/05/2026,Superissste,Supermercado / Tienda de Autoservicio,Superissste Sucursal 022,Av. del Taller y Retorno No. 38 Dentro del Retorno 38. Col. Jardín Balbuena. Cp. 15900,Ciudad de México,Venustiano Carranza,19.412842,-99.105666
Huevo,Paquete C/18 Blanco,Bachoco,Huevo,Basicos,59.5,15/05/2026,Superissste,Supermercado / Tienda de Autoservicio,Superissste Sucursal 011,Calle Peluqueros No. 310 Esquina Calle Tizayuca. Col. Michoacána. Cp. 15240,Ciudad de México,Venustiano Carranza,19.446139,-99.113372
Huevo,Paquete C/18 Blanco,Bachoco,Huevo,Basicos,59.5,15/05/2026,Superissste,Supermercado / Tienda de Autoservicio,Superissste Sucursal 022,Av. del Taller y Retorno No. 38 Dentro del Retorno 38. Col. Jardín Balbuena. Cp. 15900,Ciudad de México,Venustiano Carranza,19.412842,-99.105666
Huevo,Paquete C/18 Blanco,Bachoco,Huevo,Basicos,61,12/05/2026,Wal-mart,Supermercado / Tienda de Autoservicio,Walmart Sucursal Unidad Plaza de Toros,Autopista Querétaro Celaya 5501. Int. del Centro Comercial Plaza Esfera. Col. el Jacal. Cp. 76187,Querétaro,Santiago de Querétaro,20.574076,-100.408704
Huevo,Paquete C/18 Blanco,Bachoco,Huevo,Pacic,37,07/05/2026,La Comer,Supermercado / Tienda de Autoservicio,Lacomer Sucursal Queretaro Estadio,Luis M. Vega y Monroy 1300. Esq.cimataRío . Col. CimataRío. Cp. 76090,Querétaro,Santiago de Querétaro,20.577804,-100.373626
Huevo,Paquete C/18 Blanco,Bachoco,Huevo,Pacic,40,14/05/2026,La Comer,Supermercado / Tienda de Autoservicio,Lacomer Sucursal Queretaro Estadio,Luis M. Vega y Monroy 1300. Esq.cimataRío . Col. CimataRío. Cp. 76090,Querétaro,Santiago de Querétaro,20.577804,-100.373626
Huevo,Paquete C/18 Blanco,Bachoco,Huevo,Pacic,47.1,04/05/2026,Hipermercado Soriana,Supermercado / Tienda de Autoservicio,Soriana Hiper Sucursal Cimatario,Ctra. a Huimilpan 1001. Int. del Centro Comercial Plaza del Sol. Col. Plazas del Sol. Iii Sección. Cp. 76099,Querétaro,Santiago de Querétaro,20.563227,-100.375284
Huevo,Paquete C/18 Blanco,Bachoco,Huevo,Pacic,47.1,13/05/2026,Hipermercado Soriana,Supermercado / Tienda de Autoservicio,Soriana Hiper Sucursal Cimatario,Ctra. a Huimilpan 1001. Int. del Centro Comercial Plaza del Sol. Col. Plazas del Sol. Iii Sección. Cp. 76099,Querétaro,Santiago de Querétaro,20.563227,-100.375284
Huevo,Paquete C/18 Blanco,Bachoco,Huevo,Pacic,49,08/05/2026,Bodega Aurrera,Supermercado / Tienda de Autoservicio,Bodega Aurrera Sucursal Centro Constituyentes,Constituyentes Oriente 334. Entre Pasteur y Manuel Ponce. Col. MercuRío. Cp. 76040,Querétaro,Santiago de Querétaro,20.586349,-100.382801
Huevo,Paquete C/18 Blanco,Bachoco,Huevo,Pacic,49,15/05/2026,Bodega Aurrera,Supermercado / Tienda de Autoservicio,Bodega Aurrera Sucursal Centro Constituyentes,Constituyentes Oriente 334. Entre Pasteur y Manuel Ponce. Col. MercuRío. Cp. 76040,Querétaro,Santiago de Querétaro,20.586349,-100.382801
Huevo,Paquete C/18 Blanco,Bachoco,Huevo,Pacic,49.9,06/05/2026,Chedraui,Supermercado / Tienda de Autoservicio,Chedraui Sucursal Centro Sur,Blvd. Bernardo Quintana 502. Carr. con Direccion a Centro Civico. Col. Centro Sur. Cp. 76087,Querétaro,Santiago de Querétaro,20.569354,-100.358831
Huevo,Paquete C/18 Blanco,Bachoco,Huevo,Pacic,50,13/05/2026,Bodega Aurrera,Supermercado / Tienda de Autoservicio,Bodega Aurrera Sucursal la Viga,Calz. de la Viga 136 Esq. del Taller. Col. Lorenzo Boturini. Cp. 15820,Ciudad de México,Venustiano Carranza,19.414749,-99.127874
Huevo,Paquete C/18 Blanco,Bachoco,Huevo,Pacic,51,07/05/2026,Wal-mart,Supermercado / Tienda de Autoservicio,Walmart Sucursal Unidad Plaza de Toros,Autopista Querétaro Celaya 5501. Int. del Centro Comercial Plaza Esfera. Col. el Jacal. Cp. 76187,Querétaro,Santiago de Querétaro,20.574076,-100.408704
Huevo,Paquete C/18 Blanco,Bachoco,Huevo,Pacic,51,13/05/2026,Wal-mart,Supermercado / Tienda de Autoservicio,Walmart Sucursal Aeropuerto,Calz. Ignacio Zaragoza 58. Esq. Blvd. Puerto Aereo. Col. Federal. Cp. 15700,Ciudad de México,Venustiano Carranza,19.41926,-99.094521
Huevo,Paquete C/18 Blanco,Bachoco,Huevo,Pacic,51,13/05/2026,Wal-mart,Supermercado / Tienda de Autoservicio,Walmart Sucursal Balbuena,Fray Servando Teresa de Mier 881. Entre Fernando Iglesia Calderon y Genaro Garcia. Col. Jardín Balbuena. Cp. 15900,Ciudad de México,Venustiano Carranza,19.418067,-99.105639
Huevo,Paquete C/18 Blanco,Bachoco,Huevo,Pacic,61,12/05/2026,Wal-mart,Supermercado / Tienda de Autoservicio,Walmart Sucursal Unidad Plaza de Toros,Autopista Querétaro Celaya 5501. Int. del Centro Comercial Plaza Esfera. Col. el Jacal. Cp. 76187,Querétaro,Santiago de Querétaro,20.574076,-100.408704
Huevo,Paquete C/18 Blanco,El Calvario,Huevo,Basicos,39,13/05/2026,Bodega Aurrera,Supermercado / Tienda de Autoservicio,Bodega Aurrera Sucursal la Viga,Calz. de la Viga 136 Esq. del Taller. Col. Lorenzo Boturini. Cp. 15820,Ciudad de México,Venustiano Carranza,19.414749,-99.127874
Huevo,Paquete C/18 Blanco,El Calvario,Huevo,Basicos,40,13/05/2026,Wal-mart,Supermercado / Tienda de Autoservicio,Walmart Sucursal Aeropuerto,Calz. Ignacio Zaragoza 58. Esq. Blvd. Puerto Aereo. Col. Federal. Cp. 15700,Ciudad de México,Venustiano Carranza,19.41926,-99.094521
Huevo,Paquete C/18 Blanco,El Calvario,Huevo,Basicos,40,13/05/2026,Wal-mart,Supermercado / Tienda de Autoservicio,Walmart Sucursal Balbuena,Fray Servando Teresa de Mier 881. Entre Fernando Iglesia Calderon y Genaro Garcia. Col. Jardín Balbuena. Cp. 15900,Ciudad de México,Venustiano Carranza,19.418067,-99.105639
Huevo,Paquete C/18 Blanco,El Calvario,Huevo,Basicos,41,07/05/2026,Bodega Aurrera,Supermercado / Tienda de Autoservicio,Bodega Aurrera Sucursal la Viga,Calz. de la Viga 136 Esq. del Taller. Col. Lorenzo Boturini. Cp. 15820,Ciudad de México,Venustiano Carranza,19.414749,-99.127874
Huevo,Paquete C/18 Blanco,El Calvario,Huevo,Basicos,41,08/05/2026,Bodega Aurrera,Supermercado / Tienda de Autoservicio,Bodega Aurrera Sucursal Centro Constituyentes,Constituyentes Oriente 334. Entre Pasteur y Manuel Ponce. Col. MercuRío. Cp. 76040,Querétaro,Santiago de Querétaro,20.586349,-100.382801
Huevo,Paquete C/18 Blanco,El Calvario,Huevo,Basicos,41,08/05/2026,Superissste,Supermercado / Tienda de Autoservicio,Superissste Sucursal 011,Calle Peluqueros No. 310 Esquina Calle Tizayuca. Col. Michoacána. Cp. 15240,Ciudad de México,Venustiano Carranza,19.446139,-99.113372
Huevo,Paquete C/18 Blanco,El Calvario,Huevo,Basicos,41,08/05/2026,Superissste,Supermercado / Tienda de Autoservicio,Superissste Sucursal 022,Av. del Taller y Retorno No. 38 Dentro del Retorno 38. Col. Jardín Balbuena. Cp. 15900,Ciudad de México,Venustiano Carranza,19.412842,-99.105666
Huevo,Paquete C/18 Blanco,El Calvario,Huevo,Basicos,41,15/05/2026,Bodega Aurrera,Supermercado / Tienda de Autoservicio,Bodega Aurrera Sucursal Centro Constituyentes,Constituyentes Oriente 334. Entre Pasteur y Manuel Ponce. Col. MercuRío. Cp. 76040,Querétaro,Santiago de Querétaro,20.586349,-100.382801
Huevo,Paquete C/18 Blanco,El Calvario,Huevo,Basicos,41,15/05/2026,Superissste,Supermercado / Tienda de Autoservicio,Superissste Sucursal 011,Calle Peluqueros No. 310 Esquina Calle Tizayuca. Col. Michoacána. Cp. 15240,Ciudad de México,Venustiano Carranza,19.446139,-99.113372
Huevo,Paquete C/18 Blanco,El Calvario,Huevo,Basicos,41,15/05/2026,Superissste,Supermercado / Tienda de Autoservicio,Superissste Sucursal 022,Av. del Taller y Retorno No. 38 Dentro del Retorno 38. Col. Jardín Balbuena. Cp. 15900,Ciudad de México,Venustiano Carranza,19.412842,-99.105666
Huevo,Paquete C/18 Blanco,El Calvario,Huevo,Basicos,42,07/05/2026,Wal-mart,Supermercado / Tienda de Autoservicio,Walmart Sucursal Balbuena,Fray Servando Teresa de Mier 881. Entre Fernando Iglesia Calderon y Genaro Garcia. Col. Jardín Balbuena. Cp. 15900,Ciudad de México,Venustiano Carranza,19.418067,-99.105639
Huevo,Paquete C/18 Blanco,El Calvario,Huevo,Basicos,43,13/05/2026,Hipermercado Soriana,Supermercado / Tienda de Autoservicio,Soriana Hiper Sucursal Cimatario,Ctra. a Huimilpan 1001. Int. del Centro Comercial Plaza del Sol. Col. Plazas del Sol. Iii Sección. Cp. 76099,Querétaro,Santiago de Querétaro,20.563227,-100.375284
Huevo,Paquete C/18 Blanco,El Calvario,Huevo,Basicos,43,13/05/2026,Hipermercado Soriana,Supermercado / Tienda de Autoservicio,Soriana Hiper Sucursal Consulado (418),Río Consulado 2355. Esq. Carlos Marx. Col. Simon Bolivar. Cp. 15410,Ciudad de México,Venustiano Carranza,19.449572,-99.100376
Huevo,Paquete C/18 Blanco,El Calvario,Huevo,Basicos,44.5,01/05/2026,Superissste,Supermercado / Tienda de Autoservicio,Superissste Sucursal 011,Calle Peluqueros No. 310 Esquina Calle Tizayuca. Col. Michoacána. Cp. 15240,Ciudad de México,Venustiano Carranza,19.446139,-99.113372
Huevo,Paquete C/18 Blanco,El Calvario,Huevo,Basicos,44.5,01/05/2026,Superissste,Supermercado / Tienda de Autoservicio,Superissste Sucursal 022,Av. del Taller y Retorno No. 38 Dentro del Retorno 38. Col. Jardín Balbuena. Cp. 15900,Ciudad de México,Venustiano Carranza,19.412842,-99.105666
Huevo,Paquete C/18 Blanco,El Calvario,Huevo,Basicos,49.9,06/05/2026,Chedraui,Supermercado / Tienda de Autoservicio,Chedraui Sucursal Centro Sur,Blvd. Bernardo Quintana 502. Carr. con Direccion a Centro Civico. Col. Centro Sur. Cp. 76087,Querétaro,Santiago de Querétaro,20.569354,-100.358831
Huevo,Paquete C/18 Blanco,El Calvario,Huevo,Basicos,49.9,13/05/2026,Chedraui,Supermercado / Tienda de Autoservicio,Chedraui Sucursal Anfora,Anfora 71. Esq. Eje 1 Norte. Col. Madero. Cp. 15320,Ciudad de México,Venustiano Carranza,19.437353,-99.110088
Huevo,Paquete C/18 Blanco,El Calvario,Huevo,Basicos,49.9,13/05/2026,Chedraui,Supermercado / Tienda de Autoservicio,Chedraui Sucursal Centro Sur,Blvd. Bernardo Quintana 502. Carr. con Direccion a Centro Civico. Col. Centro Sur. Cp. 76087,Querétaro,Santiago de Querétaro,20.569354,-100.358831
Huevo,Paquete C/18 Blanco,El Calvario,Huevo,Pacic,49.9,06/05/2026,Chedraui,Supermercado / Tienda de Autoservicio,Chedraui Sucursal Centro Sur,Blvd. Bernardo Quintana 502. Carr. con Direccion a Centro Civico. Col. Centro Sur. Cp. 76087,Querétaro,Santiago de Querétaro,20.569354,-100.358831
Huevo,Paquete C/18 Blanco,El Calvario,Huevo,Pacic,49.9,13/05/2026,Chedraui,Supermercado / Tienda de Autoservicio,Chedraui Sucursal Anfora,Anfora 71. Esq. Eje 1 Norte. Col. Madero. Cp. 15320,Ciudad de México,Venustiano Carranza,19.437353,-99.110088
Huevo,Paquete C/18 Blanco,Guadalupe,Huevo,Basicos,53,13/05/2026,Bodega Aurrera,Supermercado / Tienda de Autoservicio,Bodega Aurrera Sucursal la Viga,Calz. de la Viga 136 Esq. del Taller. Col. Lorenzo Boturini. Cp. 15820,Ciudad de México,Venustiano Carranza,19.414749,-99.127874
Huevo,Paquete C/18 Blanco,Guadalupe,Huevo,Basicos,54,12/05/2026,Wal-mart,Supermercado / Tienda de Autoservicio,Walmart Sucursal Unidad Plaza de Toros,Autopista Querétaro Celaya 5501. Int. del Centro Comercial Plaza Esfera. Col. el Jacal. Cp. 76187,Querétaro,Santiago de Querétaro,20.574076,-100.408704
Huevo,Paquete C/18 Blanco,Guadalupe,Huevo,Basicos,54,13/05/2026,Wal-mart,Supermercado / Tienda de Autoservicio,Walmart Sucursal Aeropuerto,Calz. Ignacio Zaragoza 58. Esq. Blvd. Puerto Aereo. Col. Federal. Cp. 15700,Ciudad de México,Venustiano Carranza,19.41926,-99.094521
Huevo,Paquete C/18 Blanco,Guadalupe,Huevo,Basicos,54,13/05/2026,Wal-mart,Supermercado / Tienda de Autoservicio,Walmart Sucursal Balbuena,Fray Servando Teresa de Mier 881. Entre Fernando Iglesia Calderon y Genaro Garcia. Col. Jardín Balbuena. Cp. 15900,Ciudad de México,Venustiano Carranza,19.418067,-99.105639
Huevo,Paquete C/18 Blanco,Guadalupe,Huevo,Basicos,58,07/05/2026,Wal-mart,Supermercado / Tienda de Autoservicio,Walmart Sucursal Balbuena,Fray Servando Teresa de Mier 881. Entre Fernando Iglesia Calderon y Genaro Garcia. Col. Jardín Balbuena. Cp. 15900,Ciudad de México,Venustiano Carranza,19.418067,-99.105639
Huevo,Paquete C/18 Blanco,Guadalupe,Huevo,Pacic,53,13/05/2026,Bodega Aurrera,Supermercado / Tienda de Autoservicio,Bodega Aurrera Sucursal la Viga,Calz. de la Viga 136 Esq. del Taller. Col. Lorenzo Boturini. Cp. 15820,Ciudad de México,Venustiano Carranza,19.414749,-99.127874
Huevo,Paquete C/18 Blanco,Guadalupe,Huevo,Pacic,54,12/05/2026,Wal-mart,Supermercado / Tienda de Autoservicio,Walmart Sucursal Unidad Plaza de Toros,Autopista Querétaro Celaya 5501. Int. del Centro Comercial Plaza Esfera. Col. el Jacal. Cp. 76187,Querétaro,Santiago de Querétaro,20.574076,-100.408704
Huevo,Paquete C/18 Blanco,Guadalupe,Huevo,Pacic,54,13/05/2026,Wal-mart,Supermercado / Tienda de Autoservicio,Walmart Sucursal Aeropuerto,Calz. Ignacio Zaragoza 58. Esq. Blvd. Puerto Aereo. Col. Federal. Cp. 15700,Ciudad de México,Venustiano Carranza,19.41926,-99.094521
Huevo,Paquete C/18 Blanco,Guadalupe,Huevo,Pacic,54,13/05/2026,Wal-mart,Supermercado / Tienda de Autoservicio,Walmart Sucursal Balbuena,Fray Servando Teresa de Mier 881. Entre Fernando Iglesia Calderon y Genaro Garcia. Col. Jardín Balbuena. Cp. 15900,Ciudad de México,Venustiano Carranza,19.418067,-99.105639
Huevo,Paquete C/18 Blanco,Guadalupe,Huevo,Pacic,58,07/05/2026,Wal-mart,Supermercado / Tienda de Autoservicio,Walmart Sucursal Balbuena,Fray Servando Teresa de Mier 881. Entre Fernando Iglesia Calderon y Genaro Garcia. Col. Jardín Balbuena. Cp. 15900,Ciudad de México,Venustiano Carranza,19.418067,-99.105639
Huevo,Paquete C/18 Blanco,Precíssimo,Huevo,Basicos,42.9,13/05/2026,Hipermercado Soriana,Supermercado / Tienda de Autoservicio,Soriana Hiper Sucursal Cimatario,Ctra. a Huimilpan 1001. Int. del Centro Comercial Plaza del Sol. Col. Plazas del Sol. Iii Sección. Cp. 76099,Querétaro,Santiago de Querétaro,20.563227,-100.375284
Huevo,Paquete C/18 Blanco,Precíssimo,Huevo,Basicos,45.9,04/05/2026,Hipermercado Soriana,Supermercado / Tienda de Autoservicio,Soriana Hiper Sucursal Cimatario,Ctra. a Huimilpan 1001. Int. del Centro Comercial Plaza del Sol. Col. Plazas del Sol. Iii Sección. Cp. 76099,Querétaro,Santiago de Querétaro,20.563227,-100.375284
Huevo,Paquete C/18 Blanco,Precíssimo,Huevo,Pacic,42.9,13/05/2026,Hipermercado Soriana,Supermercado / Tienda de Autoservicio,Soriana Hiper Sucursal Cimatario,Ctra. a Huimilpan 1001. Int. del Centro Comercial Plaza del Sol. Col. Plazas del Sol. Iii Sección. Cp. 76099,Querétaro,Santiago de Querétaro,20.563227,-100.375284
Huevo,Paquete C/18 Blanco,Precíssimo,Huevo,Pacic,45.9,04/05/2026,Hipermercado Soriana,Supermercado / Tienda de Autoservicio,Soriana Hiper Sucursal Cimatario,Ctra. a Huimilpan 1001. Int. del Centro Comercial Plaza del Sol. Col. Plazas del Sol. Iii Sección. Cp. 76099,Querétaro,Santiago de Querétaro,20.563227,-100.375284
Huevo,Paquete C/18 Blanco,San Juan,Huevo,Basicos,42,13/05/2026,Bodega Aurrera,Supermercado / Tienda de Autoservicio,Bodega Aurrera Sucursal la Viga,Calz. de la Viga 136 Esq. del Taller. Col. Lorenzo Boturini. Cp. 15820,Ciudad de México,Venustiano Carranza,19.414749,-99.127874
Huevo,Paquete C/18 Blanco,San Juan,Huevo,Basicos,43,12/05/2026,Wal-mart,Supermercado / Tienda de Autoservicio,Walmart Sucursal Unidad Plaza de Toros,Autopista Querétaro Celaya 5501. Int. del Centro Comercial Plaza Esfera. Col. el Jacal. Cp. 76187,Querétaro,Santiago de Querétaro,20.574076,-100.408704
Huevo,Paquete C/18 Blanco,San Juan,Huevo,Basicos,43,13/05/2026,Wal-mart,Supermercado / Tienda de Autoservicio,Walmart Sucursal Aeropuerto,Calz. Ignacio Zaragoza 58. Esq. Blvd. Puerto Aereo. Col. Federal. Cp. 15700,Ciudad de México,Venustiano Carranza,19.41926,-99.094521
Huevo,Paquete C/18 Blanco,San Juan,Huevo,Basicos,44,08/05/2026,Bodega Aurrera,Supermercado / Tienda de Autoservicio,Bodega Aurrera Sucursal Centro Constituyentes,Constituyentes Oriente 334. Entre Pasteur y Manuel Ponce. Col. MercuRío. Cp. 76040,Querétaro,Santiago de Querétaro,20.586349,-100.382801
Huevo,Paquete C/18 Blanco,San Juan,Huevo,Basicos,44,15/05/2026,Bodega Aurrera,Supermercado / Tienda de Autoservicio,Bodega Aurrera Sucursal Centro Constituyentes,Constituyentes Oriente 334. Entre Pasteur y Manuel Ponce. Col. MercuRío. Cp. 76040,Querétaro,Santiago de Querétaro,20.586349,-100.382801
Huevo,Paquete C/18 Blanco,San Juan,Huevo,Basicos,45,06/05/2026,Chedraui,Supermercado / Tienda de Autoservicio,Chedraui Sucursal Centro Sur,Blvd. Bernardo Quintana 502. Carr. con Direccion a Centro Civico. Col. Centro Sur. Cp. 76087,Querétaro,Santiago de Querétaro,20.569354,-100.358831
Huevo,Paquete C/18 Blanco,San Juan,Huevo,Basicos,45,07/05/2026,Wal-mart,Supermercado / Tienda de Autoservicio,Walmart Sucursal Balbuena,Fray Servando Teresa de Mier 881. Entre Fernando Iglesia Calderon y Genaro Garcia. Col. Jardín Balbuena. Cp. 15900,Ciudad de México,Venustiano Carranza,19.418067,-99.105639
Huevo,Paquete C/18 Blanco,San Juan,Huevo,Basicos,45,13/05/2026,Hipermercado Soriana,Supermercado / Tienda de Autoservicio,Soriana Hiper Sucursal Cimatario,Ctra. a Huimilpan 1001. Int. del Centro Comercial Plaza del Sol. Col. Plazas del Sol. Iii Sección. Cp. 76099,Querétaro,Santiago de Querétaro,20.563227,-100.375284
Huevo,Paquete C/18 Blanco,San Juan,Huevo,Basicos,45,13/05/2026,Hipermercado Soriana,Supermercado / Tienda de Autoservicio,Soriana Hiper Sucursal Consulado (418),Río Consulado 2355. Esq. Carlos Marx. Col. Simon Bolivar. Cp. 15410,Ciudad de México,Venustiano Carranza,19.449572,-99.100376
Huevo,Paquete C/18 Blanco,San Juan,Huevo,Basicos,45,13/05/2026,Wal-mart,Supermercado / Tienda de Autoservicio,Walmart Sucursal Balbuena,Fray Servando Teresa de Mier 881. Entre Fernando Iglesia Calderon y Genaro Garcia. Col. Jardín Balbuena. Cp. 15900,Ciudad de México,Venustiano Carranza,19.418067,-99.105639
Huevo,Paquete C/18 Blanco,San Juan,Huevo,Basicos,46,07/05/2026,Wal-mart,Supermercado / Tienda de Autoservicio,Walmart Sucursal Unidad Plaza de Toros,Autopista Querétaro Celaya 5501. Int. del Centro Comercial Plaza Esfera. Col. el Jacal. Cp. 76187,Querétaro,Santiago de Querétaro,20.574076,-100.408704
Huevo,Paquete C/18 Blanco,San Juan,Huevo,Basicos,46.9,04/05/2026,Hipermercado Soriana,Supermercado / Tienda de Autoservicio,Soriana Hiper Sucursal Cimatario,Ctra. a Huimilpan 1001. Int. del Centro Comercial Plaza del Sol. Col. Plazas del Sol. Iii Sección. Cp. 76099,Querétaro,Santiago de Querétaro,20.563227,-100.375284
Huevo,Paquete C/18 Blanco,San Juan,Huevo,Basicos,47.5,01/05/2026,Superissste,Supermercado / Tienda de Autoservicio,Superissste Sucursal 011,Calle Peluqueros No. 310 Esquina Calle Tizayuca. Col. Michoacána. Cp. 15240,Ciudad de México,Venustiano Carranza,19.446139,-99.113372
Huevo,Paquete C/18 Blanco,San Juan,Huevo,Basicos,47.5,01/05/2026,Superissste,Supermercado / Tienda de Autoservicio,Superissste Sucursal 022,Av. del Taller y Retorno No. 38 Dentro del Retorno 38. Col. Jardín Balbuena. Cp. 15900,Ciudad de México,Venustiano Carranza,19.412842,-99.105666
Huevo,Paquete C/18 Blanco,San Juan,Huevo,Basicos,47.5,08/05/2026,Superissste,Supermercado / Tienda de Autoservicio,Superissste Sucursal 011,Calle Peluqueros No. 310 Esquina Calle Tizayuca. Col. Michoacána. Cp. 15240,Ciudad de México,Venustiano Carranza,19.446139,-99.113372
Huevo,Paquete C/18 Blanco,San Juan,Huevo,Basicos,47.5,08/05/2026,Superissste,Supermercado / Tienda de Autoservicio,Superissste Sucursal 022,Av. del Taller y Retorno No. 38 Dentro del Retorno 38. Col. Jardín Balbuena. Cp. 15900,Ciudad de México,Venustiano Carranza,19.412842,-99.105666
Huevo,Paquete C/18 Blanco,San Juan,Huevo,Basicos,47.5,15/05/2026,Superissste,Supermercado / Tienda de Autoservicio,Superissste Sucursal 011,Calle Peluqueros No. 310 Esquina Calle Tizayuca. Col. Michoacána. Cp. 15240,Ciudad de México,Venustiano Carranza,19.446139,-99.113372
Huevo,Paquete C/18 Blanco,San Juan,Huevo,Basicos,47.5,15/05/2026,Superissste,Supermercado / Tienda de Autoservicio,Superissste Sucursal 022,Av. del Taller y Retorno No. 38 Dentro del Retorno 38. Col. Jardín Balbuena. Cp. 15900,Ciudad de México,Venustiano Carranza,19.412842,-99.105666
Huevo,Paquete C/18 Blanco,San Juan,Huevo,Basicos,49.6,07/05/2026,La Comer,Supermercado / Tienda de Autoservicio,Lacomer Sucursal Queretaro Estadio,Luis M. Vega y Monroy 1300. Esq.cimataRío . Col. CimataRío. Cp. 76090,Querétaro,Santiago de Querétaro,20.577804,-100.373626
Huevo,Paquete C/18 Blanco,San Juan,Huevo,Basicos,49.9,13/05/2026,Chedraui,Supermercado / Tienda de Autoservicio,Chedraui Sucursal Anfora,Anfora 71. Esq. Eje 1 Norte. Col. Madero. Cp. 15320,Ciudad de México,Venustiano Carranza,19.437353,-99.110088
Huevo,Paquete C/18 Blanco,San Juan,Huevo,Basicos,49.9,13/05/2026,Chedraui,Supermercado / Tienda de Autoservicio,Chedraui Sucursal Centro Sur,Blvd. Bernardo Quintana 502. Carr. con Direccion a Centro Civico. Col. Centro Sur. Cp. 76087,Querétaro,Santiago de Querétaro,20.569354,-100.358831
Huevo,Paquete C/18 Blanco,San Juan,Huevo,Basicos,53.5,14/05/2026,La Comer,Supermercado / Tienda de Autoservicio,Lacomer Sucursal Queretaro Estadio,Luis M. Vega y Monroy 1300. Esq.cimataRío . Col. CimataRío. Cp. 76090,Querétaro,Santiago de Querétaro,20.577804,-100.373626
Huevo,Paquete C/18 Blanco,San Juan,Huevo,Pacic,42,13/05/2026,Bodega Aurrera,Supermercado / Tienda de Autoservicio,Bodega Aurrera Sucursal la Viga,Calz. de la Viga 136 Esq. del Taller. Col. Lorenzo Boturini. Cp. 15820,Ciudad de México,Venustiano Carranza,19.414749,-99.127874
Huevo,Paquete C/18 Blanco,San Juan,Huevo,Pacic,43,12/05/2026,Wal-mart,Supermercado / Tienda de Autoservicio,Walmart Sucursal Unidad Plaza de Toros,Autopista Querétaro Celaya 5501. Int. del Centro Comercial Plaza Esfera. Col. el Jacal. Cp. 76187,Querétaro,Santiago de Querétaro,20.574076,-100.408704
Huevo,Paquete C/18 Blanco,San Juan,Huevo,Pacic,43,13/05/2026,Wal-mart,Supermercado / Tienda de Autoservicio,Walmart Sucursal Aeropuerto,Calz. Ignacio Zaragoza 58. Esq. Blvd. Puerto Aereo. Col. Federal. Cp. 15700,Ciudad de México,Venustiano Carranza,19.41926,-99.094521
Huevo,Paquete C/18 Blanco,San Juan,Huevo,Pacic,44,08/05/2026,Bodega Aurrera,Supermercado / Tienda de Autoservicio,Bodega Aurrera Sucursal Centro Constituyentes,Constituyentes Oriente 334. Entre Pasteur y Manuel Ponce. Col. MercuRío. Cp. 76040,Querétaro,Santiago de Querétaro,20.586349,-100.382801
Huevo,Paquete C/18 Blanco,San Juan,Huevo,Pacic,44,15/05/2026,Bodega Aurrera,Supermercado / Tienda de Autoservicio,Bodega Aurrera Sucursal Centro Constituyentes,Constituyentes Oriente 334. Entre Pasteur y Manuel Ponce. Col. MercuRío. Cp. 76040,Querétaro,Santiago de Querétaro,20.586349,-100.382801
Huevo,Paquete C/18 Blanco,San Juan,Huevo,Pacic,45,06/05/2026,Chedraui,Supermercado / Tienda de Autoservicio,Chedraui Sucursal Centro Sur,Blvd. Bernardo Quintana 502. Carr. con Direccion a Centro Civico. Col. Centro Sur. Cp. 76087,Querétaro,Santiago de Querétaro,20.569354,-100.358831
Huevo,Paquete C/18 Blanco,San Juan,Huevo,Pacic,45,07/05/2026,Wal-mart,Supermercado / Tienda de Autoservicio,Walmart Sucursal Balbuena,Fray Servando Teresa de Mier 881. Entre Fernando Iglesia Calderon y Genaro Garcia. Col. Jardín Balbuena. Cp. 15900,Ciudad de México,Venustiano Carranza,19.418067,-99.105639
Huevo,Paquete C/18 Blanco,San Juan,Huevo,Pacic,45,13/05/2026,Wal-mart,Supermercado / Tienda de Autoservicio,Walmart Sucursal Balbuena,Fray Servando Teresa de Mier 881. Entre Fernando Iglesia Calderon y Genaro Garcia. Col. Jardín Balbuena. Cp. 15900,Ciudad de México,Venustiano Carranza,19.418067,-99.105639
Huevo,Paquete C/18 Blanco,San Juan,Huevo,Pacic,46,07/05/2026,Wal-mart,Supermercado / Tienda de Autoservicio,Walmart Sucursal Unidad Plaza de Toros,Autopista Querétaro Celaya 5501. Int. del Centro Comercial Plaza Esfera. Col. el Jacal. Cp. 76187,Querétaro,Santiago de Querétaro,20.574076,-100.408704
Huevo,Paquete C/18 Blanco,San Juan,Huevo,Pacic,49.9,13/05/2026,Chedraui,Supermercado / Tienda de Autoservicio,Chedraui Sucursal Anfora,Anfora 71. Esq. Eje 1 Norte. Col. Madero. Cp. 15320,Ciudad de México,Venustiano Carranza,19.437353,-99.110088
Huevo,Paquete C/18 Blanco,Tehuacán,Huevo,Basicos,53,07/05/2026,Bodega Aurrera,Supermercado / Tienda de Autoservicio,Bodega Aurrera Sucursal la Viga,Calz. de la Viga 136 Esq. del Taller. Col. Lorenzo Boturini. Cp. 15820,Ciudad de México,Venustiano Carranza,19.414749,-99.127874
Huevo,Paquete C/18 Blanco,Tehuacán,Huevo,Basicos,54,07/05/2026,Wal-mart,Supermercado / Tienda de Autoservicio,Walmart Sucursal Unidad Plaza de Toros,Autopista Querétaro Celaya 5501. Int. del Centro Comercial Plaza Esfera. Col. el Jacal. Cp. 76187,Querétaro,Santiago de Querétaro,20.574076,-100.408704
Huevo,Paquete C/18 Blanco,Tehuacán,Huevo,Basicos,54,12/05/2026,Wal-mart,Supermercado / Tienda de Autoservicio,Walmart Sucursal Unidad Plaza de Toros,Autopista Querétaro Celaya 5501. Int. del Centro Comercial Plaza Esfera. Col. el Jacal. Cp. 76187,Querétaro,Santiago de Querétaro,20.574076,-100.408704
Huevo,Paquete C/18 Blanco,Tehuacán,Huevo,Basicos,64,07/05/2026,La Comer,Supermercado / Tienda de Autoservicio,Lacomer Sucursal Queretaro Estadio,Luis M. Vega y Monroy 1300. Esq.cimataRío . Col. CimataRío. Cp. 76090,Querétaro,Santiago de Querétaro,20.577804,-100.373626
Huevo,Paquete C/18 Blanco,Tehuacán,Huevo,Basicos,64,14/05/2026,La Comer,Supermercado / Tienda de Autoservicio,Lacomer Sucursal Queretaro Estadio,Luis M. Vega y Monroy 1300. Esq.cimataRío . Col. CimataRío. Cp. 76090,Querétaro,Santiago de Querétaro,20.577804,-100.373626
Huevo,Paquete C/18 Rojo,Bachoco,Huevo,Basicos,59,13/05/2026,Bodega Aurrera,Supermercado / Tienda de Autoservicio,Bodega Aurrera Sucursal la Viga,Calz. de la Viga 136 Esq. del Taller. Col. Lorenzo Boturini. Cp. 15820,Ciudad de México,Venustiano Carranza,19.414749,-99.127874
Huevo,Paquete C/18 Rojo,Bachoco,Huevo,Basicos,59,15/05/2026,Bodega Aurrera,Supermercado / Tienda de Autoservicio,Bodega Aurrera Sucursal Centro Constituyentes,Constituyentes Oriente 334. Entre Pasteur y Manuel Ponce. Col. MercuRío. Cp. 76040,Querétaro,Santiago de Querétaro,20.586349,-100.382801
Huevo,Paquete C/18 Rojo,Bachoco,Huevo,Basicos,64,07/05/2026,La Comer,Supermercado / Tienda de Autoservicio,Lacomer Sucursal Queretaro Estadio,Luis M. Vega y Monroy 1300. Esq.cimataRío . Col. CimataRío. Cp. 76090,Querétaro,Santiago de Querétaro,20.577804,-100.373626
Huevo,Paquete C/18 Rojo,Bachoco,Huevo,Basicos,64,14/05/2026,La Comer,Supermercado / Tienda de Autoservicio,Lacomer Sucursal Queretaro Estadio,Luis M. Vega y Monroy 1300. Esq.cimataRío . Col. CimataRío. Cp. 76090,Querétaro,Santiago de Querétaro,20.577804,-100.373626
Huevo,Paquete C/18 Rojo,Bachoco,Huevo,Basicos,65,04/05/2026,Hipermercado Soriana,Supermercado / Tienda de Autoservicio,Soriana Hiper Sucursal Cimatario,Ctra. a Huimilpan 1001. Int. del Centro Comercial Plaza del Sol. Col. Plazas del Sol. Iii Sección. Cp. 76099,Querétaro,Santiago de Querétaro,20.563227,-100.375284
Huevo,Paquete C/18 Rojo,Bachoco,Huevo,Basicos,65,06/05/2026,Chedraui,Supermercado / Tienda de Autoservicio,Chedraui Sucursal Centro Sur,Blvd. Bernardo Quintana 502. Carr. con Direccion a Centro Civico. Col. Centro Sur. Cp. 76087,Querétaro,Santiago de Querétaro,20.569354,-100.358831
Huevo,Paquete C/18 Rojo,Bachoco,Huevo,Basicos,65,13/05/2026,Hipermercado Soriana,Supermercado / Tienda de Autoservicio,Soriana Hiper Sucursal Cimatario,Ctra. a Huimilpan 1001. Int. del Centro Comercial Plaza del Sol. Col. Plazas del Sol. Iii Sección. Cp. 76099,Querétaro,Santiago de Querétaro,20.563227,-100.375284
Huevo,Paquete C/18 Rojo,Bachoco,Huevo,Basicos,66,01/05/2026,Superissste,Supermercado / Tienda de Autoservicio,Superissste Sucursal 011,Calle Peluqueros No. 310 Esquina Calle Tizayuca. Col. Michoacána. Cp. 15240,Ciudad de México,Venustiano Carranza,19.446139,-99.113372
Huevo,Paquete C/18 Rojo,Bachoco,Huevo,Basicos,66,01/05/2026,Superissste,Supermercado / Tienda de Autoservicio,Superissste Sucursal 022,Av. del Taller y Retorno No. 38 Dentro del Retorno 38. Col. Jardín Balbuena. Cp. 15900,Ciudad de México,Venustiano Carranza,19.412842,-99.105666
Huevo,Paquete C/18 Rojo,Bachoco,Huevo,Basicos,66,07/05/2026,Bodega Aurrera,Supermercado / Tienda de Autoservicio,Bodega Aurrera Sucursal la Viga,Calz. de la Viga 136 Esq. del Taller. Col. Lorenzo Boturini. Cp. 15820,Ciudad de México,Venustiano Carranza,19.414749,-99.127874
Huevo,Paquete C/18 Rojo,Bachoco,Huevo,Basicos,66,08/05/2026,Superissste,Supermercado / Tienda de Autoservicio,Superissste Sucursal 011,Calle Peluqueros No. 310 Esquina Calle Tizayuca. Col. Michoacána. Cp. 15240,Ciudad de México,Venustiano Carranza,19.446139,-99.113372
Huevo,Paquete C/18 Rojo,Bachoco,Huevo,Basicos,66,08/05/2026,Superissste,Supermercado / Tienda de Autoservicio,Superissste Sucursal 022,Av. del Taller y Retorno No. 38 Dentro del Retorno 38. Col. Jardín Balbuena. Cp. 15900,Ciudad de México,Venustiano Carranza,19.412842,-99.105666
Huevo,Paquete C/18 Rojo,Bachoco,Huevo,Basicos,66,15/05/2026,Superissste,Supermercado / Tienda de Autoservicio,Superissste Sucursal 011,Calle Peluqueros No. 310 Esquina Calle Tizayuca. Col. Michoacána. Cp. 15240,Ciudad de México,Venustiano Carranza,19.446139,-99.113372
Huevo,Paquete C/18 Rojo,Bachoco,Huevo,Basicos,66,15/05/2026,Superissste,Supermercado / Tienda de Autoservicio,Superissste Sucursal 022,Av. del Taller y Retorno No. 38 Dentro del Retorno 38. Col. Jardín Balbuena. Cp. 15900,Ciudad de México,Venustiano Carranza,19.412842,-99.105666
Huevo,Paquete C/18 Rojo,Bachoco,Huevo,Basicos,74,12/05/2026,Wal-mart,Supermercado / Tienda de Autoservicio,Walmart Sucursal Unidad Plaza de Toros,Autopista Querétaro Celaya 5501. Int. del Centro Comercial Plaza Esfera. Col. el Jacal. Cp. 76187,Querétaro,Santiago de Querétaro,20.574076,-100.408704
Huevo,Paquete C/30 Blanco,El Calvario,Huevo,Basicos,67,13/05/2026,Bodega Aurrera,Supermercado / Tienda de Autoservicio,Bodega Aurrera Sucursal la Viga,Calz. de la Viga 136 Esq. del Taller. Col. Lorenzo Boturini. Cp. 15820,Ciudad de México,Venustiano Carranza,19.414749,-99.127874
Huevo,Paquete C/30 Blanco,El Calvario,Huevo,Basicos,67,13/05/2026,Chedraui,Supermercado / Tienda de Autoservicio,Chedraui Sucursal Anfora,Anfora 71. Esq. Eje 1 Norte. Col. Madero. Cp. 15320,Ciudad de México,Venustiano Carranza,19.437353,-99.110088
Huevo,Paquete C/30 Blanco,El Calvario,Huevo,Basicos,68,08/05/2026,Superissste,Supermercado / Tienda de Autoservicio,Superissste Sucursal 011,Calle Peluqueros No. 310 Esquina Calle Tizayuca. Col. Michoacána. Cp. 15240,Ciudad de México,Venustiano Carranza,19.446139,-99.113372
Huevo,Paquete C/30 Blanco,El Calvario,Huevo,Basicos,68,08/05/2026,Superissste,Supermercado / Tienda de Autoservicio,Superissste Sucursal 022,Av. del Taller y Retorno No. 38 Dentro del Retorno 38. Col. Jardín Balbuena. Cp. 15900,Ciudad de México,Venustiano Carranza,19.412842,-99.105666
Huevo,Paquete C/30 Blanco,El Calvario,Huevo,Basicos,68,15/05/2026,Superissste,Supermercado / Tienda de Autoservicio,Superissste Sucursal 011,Calle Peluqueros No. 310 Esquina Calle Tizayuca. Col. Michoacána. Cp. 15240,Ciudad de México,Venustiano Carranza,19.446139,-99.113372
Huevo,Paquete C/30 Blanco,El Calvario,Huevo,Basicos,68,15/05/2026,Superissste,Supermercado / Tienda de Autoservicio,Superissste Sucursal 022,Av. del Taller y Retorno No. 38 Dentro del Retorno 38. Col. Jardín Balbuena. Cp. 15900,Ciudad de México,Venustiano Carranza,19.412842,-99.105666
Huevo,Paquete C/30 Blanco,El Calvario,Huevo,Basicos,69,13/05/2026,Wal-mart,Supermercado / Tienda de Autoservicio,Walmart Sucursal Balbuena,Fray Servando Teresa de Mier 881. Entre Fernando Iglesia Calderon y Genaro Garcia. Col. Jardín Balbuena. Cp. 15900,Ciudad de México,Venustiano Carranza,19.418067,-99.105639
Huevo,Paquete C/30 Blanco,El Calvario,Huevo,Basicos,70,07/05/2026,Bodega Aurrera,Supermercado / Tienda de Autoservicio,Bodega Aurrera Sucursal la Viga,Calz. de la Viga 136 Esq. del Taller. Col. Lorenzo Boturini. Cp. 15820,Ciudad de México,Venustiano Carranza,19.414749,-99.127874
Huevo,Paquete C/30 Blanco,El Calvario,Huevo,Basicos,70,08/05/2026,Bodega Aurrera,Supermercado / Tienda de Autoservicio,Bodega Aurrera Sucursal Centro Constituyentes,Constituyentes Oriente 334. Entre Pasteur y Manuel Ponce. Col. MercuRío. Cp. 76040,Querétaro,Santiago de Querétaro,20.586349,-100.382801
Huevo,Paquete C/30 Blanco,El Calvario,Huevo,Basicos,70,15/05/2026,Bodega Aurrera,Supermercado / Tienda de Autoservicio,Bodega Aurrera Sucursal Centro Constituyentes,Constituyentes Oriente 334. Entre Pasteur y Manuel Ponce. Col. MercuRío. Cp. 76040,Querétaro,Santiago de Querétaro,20.586349,-100.382801
Huevo,Paquete C/30 Blanco,El Calvario,Huevo,Basicos,71.9,01/05/2026,Superissste,Supermercado / Tienda de Autoservicio,Superissste Sucursal 011,Calle Peluqueros No. 310 Esquina Calle Tizayuca. Col. Michoacána. Cp. 15240,Ciudad de México,Venustiano Carranza,19.446139,-99.113372
Huevo,Paquete C/30 Blanco,El Calvario,Huevo,Basicos,71.9,01/05/2026,Superissste,Supermercado / Tienda de Autoservicio,Superissste Sucursal 022,Av. del Taller y Retorno No. 38 Dentro del Retorno 38. Col. Jardín Balbuena. Cp. 15900,Ciudad de México,Venustiano Carranza,19.412842,-99.105666
Huevo,Paquete C/30 Blanco,El Calvario,Huevo,Basicos,72,07/05/2026,Wal-mart,Supermercado / Tienda de Autoservicio,Walmart Sucursal Balbuena,Fray Servando Teresa de Mier 881. Entre Fernando Iglesia Calderon y Genaro Garcia. Col. Jardín Balbuena. Cp. 15900,Ciudad de México,Venustiano Carranza,19.418067,-99.105639
Huevo,Paquete C/30 Blanco,El Calvario,Huevo,Basicos,72,13/05/2026,Chedraui,Supermercado / Tienda de Autoservicio,Chedraui Sucursal Centro Sur,Blvd. Bernardo Quintana 502. Carr. con Direccion a Centro Civico. Col. Centro Sur. Cp. 76087,Querétaro,Santiago de Querétaro,20.569354,-100.358831
Huevo,Paquete C/30 Blanco,El Calvario,Huevo,Basicos,72,13/05/2026,Hipermercado Soriana,Supermercado / Tienda de Autoservicio,Soriana Hiper Sucursal Cimatario,Ctra. a Huimilpan 1001. Int. del Centro Comercial Plaza del Sol. Col. Plazas del Sol. Iii Sección. Cp. 76099,Querétaro,Santiago de Querétaro,20.563227,-100.375284
Huevo,Paquete C/30 Blanco,El Calvario,Huevo,Basicos,72,13/05/2026,Hipermercado Soriana,Supermercado / Tienda de Autoservicio,Soriana Hiper Sucursal Consulado (418),Río Consulado 2355. Esq. Carlos Marx. Col. Simon Bolivar. Cp. 15410,Ciudad de México,Venustiano Carranza,19.449572,-99.100376
Huevo,Paquete C/30 Blanco,San Juan,Huevo,Basicos,66,08/05/2026,Bodega Aurrera,Supermercado / Tienda de Autoservicio,Bodega Aurrera Sucursal Centro Constituyentes,Constituyentes Oriente 334. Entre Pasteur y Manuel Ponce. Col. MercuRío. Cp. 76040,Querétaro,Santiago de Querétaro,20.586349,-100.382801
Huevo,Paquete C/30 Blanco,San Juan,Huevo,Basicos,66,13/05/2026,Bodega Aurrera,Supermercado / Tienda de Autoservicio,Bodega Aurrera Sucursal la Viga,Calz. de la Viga 136 Esq. del Taller. Col. Lorenzo Boturini. Cp. 15820,Ciudad de México,Venustiano Carranza,19.414749,-99.127874
Huevo,Paquete C/30 Blanco,San Juan,Huevo,Basicos,66,15/05/2026,Bodega Aurrera,Supermercado / Tienda de Autoservicio,Bodega Aurrera Sucursal Centro Constituyentes,Constituyentes Oriente 334. Entre Pasteur y Manuel Ponce. Col. MercuRío. Cp. 76040,Querétaro,Santiago de Querétaro,20.586349,-100.382801
Huevo,Paquete C/30 Blanco,San Juan,Huevo,Basicos,67,12/05/2026,Wal-mart,Supermercado / Tienda de Autoservicio,Walmart Sucursal Unidad Plaza de Toros,Autopista Querétaro Celaya 5501. Int. del Centro Comercial Plaza Esfera. Col. el Jacal. Cp. 76187,Querétaro,Santiago de Querétaro,20.574076,-100.408704
Huevo,Paquete C/30 Blanco,San Juan,Huevo,Basicos,67,13/05/2026,Chedraui,Supermercado / Tienda de Autoservicio,Chedraui Sucursal Centro Sur,Blvd. Bernardo Quintana 502. Carr. con Direccion a Centro Civico. Col. Centro Sur. Cp. 76087,Querétaro,Santiago de Querétaro,20.569354,-100.358831
Huevo,Paquete C/30 Blanco,San Juan,Huevo,Basicos,67,13/05/2026,Wal-mart,Supermercado / Tienda de Autoservicio,Walmart Sucursal Aeropuerto,Calz. Ignacio Zaragoza 58. Esq. Blvd. Puerto Aereo. Col. Federal. Cp. 15700,Ciudad de México,Venustiano Carranza,19.41926,-99.094521
Huevo,Paquete C/30 Blanco,San Juan,Huevo,Basicos,69.9,13/05/2026,Hipermercado Soriana,Supermercado / Tienda de Autoservicio,Soriana Hiper Sucursal Cimatario,Ctra. a Huimilpan 1001. Int. del Centro Comercial Plaza del Sol. Col. Plazas del Sol. Iii Sección. Cp. 76099,Querétaro,Santiago de Querétaro,20.563227,-100.375284
Huevo,Paquete C/30 Blanco,San Juan,Huevo,Basicos,71,06/05/2026,Chedraui,Supermercado / Tienda de Autoservicio,Chedraui Sucursal Centro Sur,Blvd. Bernardo Quintana 502. Carr. con Direccion a Centro Civico. Col. Centro Sur. Cp. 76087,Querétaro,Santiago de Querétaro,20.569354,-100.358831
Huevo,Paquete C/30 Blanco,San Juan,Huevo,Basicos,71,13/05/2026,Wal-mart,Supermercado / Tienda de Autoservicio,Walmart Sucursal Balbuena,Fray Servando Teresa de Mier 881. Entre Fernando Iglesia Calderon y Genaro Garcia. Col. Jardín Balbuena. Cp. 15900,Ciudad de México,Venustiano Carranza,19.418067,-99.105639
Huevo,Paquete C/30 Blanco,San Juan,Huevo,Basicos,72.9,04/05/2026,Hipermercado Soriana,Supermercado / Tienda de Autoservicio,Soriana Hiper Sucursal Cimatario,Ctra. a Huimilpan 1001. Int. del Centro Comercial Plaza del Sol. Col. Plazas del Sol. Iii Sección. Cp. 76099,Querétaro,Santiago de Querétaro,20.563227,-100.375284
Huevo,Paquete C/30 Blanco,San Juan,Huevo,Basicos,74,07/05/2026,Wal-mart,Supermercado / Tienda de Autoservicio,Walmart Sucursal Unidad Plaza de Toros,Autopista Querétaro Celaya 5501. Int. del Centro Comercial Plaza Esfera. Col. el Jacal. Cp. 76187,Querétaro,Santiago de Querétaro,20.574076,-100.408704
Huevo,Paquete C/30 Blanco,San Juan,Huevo,Basicos,74.9,13/05/2026,Hipermercado Soriana,Supermercado / Tienda de Autoservicio,Soriana Hiper Sucursal Consulado (418),Río Consulado 2355. Esq. Carlos Marx. Col. Simon Bolivar. Cp. 15410,Ciudad de México,Venustiano Carranza,19.449572,-99.100376
Huevo,Paquete C/30 Blanco,San Juan,Huevo,Basicos,76,01/05/2026,Superissste,Supermercado / Tienda de Autoservicio,Superissste Sucursal 011,Calle Peluqueros No. 310 Esquina Calle Tizayuca. Col. Michoacána. Cp. 15240,Ciudad de México,Venustiano Carranza,19.446139,-99.113372
Huevo,Paquete C/30 Blanco,San Juan,Huevo,Basicos,76,01/05/2026,Superissste,Supermercado / Tienda de Autoservicio,Superissste Sucursal 022,Av. del Taller y Retorno No. 38 Dentro del Retorno 38. Col. Jardín Balbuena. Cp. 15900,Ciudad de México,Venustiano Carranza,19.412842,-99.105666
Huevo,Paquete C/30 Blanco,San Juan,Huevo,Basicos,76,08/05/2026,Superissste,Supermercado / Tienda de Autoservicio,Superissste Sucursal 011,Calle Peluqueros No. 310 Esquina Calle Tizayuca. Col. Michoacána. Cp. 15240,Ciudad de México,Venustiano Carranza,19.446139,-99.113372
Huevo,Paquete C/30 Blanco,San Juan,Huevo,Basicos,76,08/05/2026,Superissste,Supermercado / Tienda de Autoservicio,Superissste Sucursal 022,Av. del Taller y Retorno No. 38 Dentro del Retorno 38. Col. Jardín Balbuena. Cp. 15900,Ciudad de México,Venustiano Carranza,19.412842,-99.105666
Huevo,Paquete C/30 Blanco,San Juan,Huevo,Basicos,76,15/05/2026,Superissste,Supermercado / Tienda de Autoservicio,Superissste Sucursal 011,Calle Peluqueros No. 310 Esquina Calle Tizayuca. Col. Michoacána. Cp. 15240,Ciudad de México,Venustiano Carranza,19.446139,-99.113372
Huevo,Paquete C/30 Blanco,San Juan,Huevo,Basicos,76,15/05/2026,Superissste,Supermercado / Tienda de Autoservicio,Superissste Sucursal 022,Av. del Taller y Retorno No. 38 Dentro del Retorno 38. Col. Jardín Balbuena. Cp. 15900,Ciudad de México,Venustiano Carranza,19.412842,-99.105666
Huevo,Paquete C/30 Blanco,San Juan,Huevo,Basicos,77,07/05/2026,La Comer,Supermercado / Tienda de Autoservicio,Lacomer Sucursal Queretaro Estadio,Luis M. Vega y Monroy 1300. Esq.cimataRío . Col. CimataRío. Cp. 76090,Querétaro,Santiago de Querétaro,20.577804,-100.373626
Huevo,Paquete C/30 Blanco,Tehuacán,Huevo,Basicos,80,07/05/2026,Bodega Aurrera,Supermercado / Tienda de Autoservicio,Bodega Aurrera Sucursal la Viga,Calz. de la Viga 136 Esq. del Taller. Col. Lorenzo Boturini. Cp. 15820,Ciudad de México,Venustiano Carranza,19.414749,-99.127874
Huevo,Paquete C/30 Blanco,Tehuacán,Huevo,Basicos,80,07/05/2026,Wal-mart,Supermercado / Tienda de Autoservicio,Walmart Sucursal Unidad Plaza de Toros,Autopista Querétaro Celaya 5501. Int. del Centro Comercial Plaza Esfera. Col. el Jacal. Cp. 76187,Querétaro,Santiago de Querétaro,20.574076,-100.408704
Huevo,Paquete C/30 Blanco,Tehuacán,Huevo,Basicos,80,13/05/2026,Bodega Aurrera,Supermercado / Tienda de Autoservicio,Bodega Aurrera Sucursal la Viga,Calz. de la Viga 136 Esq. del Taller. Col. Lorenzo Boturini. Cp. 15820,Ciudad de México,Venustiano Carranza,19.414749,-99.127874
Huevo,Paquete C/30 Blanco,Tehuacán,Huevo,Basicos,93,07/05/2026,La Comer,Supermercado / Tienda de Autoservicio,Lacomer Sucursal Queretaro Estadio,Luis M. Vega y Monroy 1300. Esq.cimataRío . Col. CimataRío. Cp. 76090,Querétaro,Santiago de Querétaro,20.577804,-100.373626
Insecticida Aerosol,Bote 305 Gr./400 Ml. Base de Agua,Raid. Casa y Jardin,Detergentes y Productos Similares,Basicos,92,01/05/2026,Superissste,Supermercado / Tienda de Autoservicio,Superissste Sucursal 022,Av. del Taller y Retorno No. 38 Dentro del Retorno 38. Col. Jardín Balbuena. Cp. 15900,Ciudad de México,Venustiano Carranza,19.412842,-99.105666
Insecticida Aerosol,Bote 338 Gr./400 Ml.,Raid. Max,Detergentes y Productos Similares,Basicos,110,15/05/2026,Bodega Aurrera,Supermercado / Tienda de Autoservicio,Bodega Aurrera Sucursal Centro Constituyentes,Constituyentes Oriente 334. Entre Pasteur y Manuel Ponce. Col. MercuRío. Cp. 76040,Querétaro,Santiago de Querétaro,20.586349,-100.382801
Insecticida Aerosol,Bote 351 Gr./460 Ml. o 305 Gr./400 Ml. Base Agua,Baygon. Casa y Jardin,Detergentes y Productos Similares,Basicos,75,13/05/2026,Chedraui,Supermercado / Tienda de Autoservicio,Chedraui Sucursal Anfora,Anfora 71. Esq. Eje 1 Norte. Col. Madero. Cp. 15320,Ciudad de México,Venustiano Carranza,19.437353,-99.110088
Jabón de Pasta,Barra 200 Gr. (blanco),Zote,Detergentes y Productos Similares,Basicos,11.5,08/05/2026,Bodega Aurrera,Supermercado / Tienda de Autoservicio,Bodega Aurrera Sucursal Centro Constituyentes,Constituyentes Oriente 334. Entre Pasteur y Manuel Ponce. Col. MercuRío. Cp. 76040,Querétaro,Santiago de Querétaro,20.586349,-100.382801
Jabón de Pasta,Barra 200 Gr. (blanco),Zote,Detergentes y Productos Similares,Basicos,12.5,01/05/2026,Superissste,Supermercado / Tienda de Autoservicio,Superissste Sucursal 011,Calle Peluqueros No. 310 Esquina Calle Tizayuca. Col. Michoacána. Cp. 15240,Ciudad de México,Venustiano Carranza,19.446139,-99.113372
Jabón de Pasta,Barra 200 Gr. (blanco),Zote,Detergentes y Productos Similares,Basicos,12.5,01/05/2026,Superissste,Supermercado / Tienda de Autoservicio,Superissste Sucursal 022,Av. del Taller y Retorno No. 38 Dentro del Retorno 38. Col. Jardín Balbuena. Cp. 15900,Ciudad de México,Venustiano Carranza,19.412842,-99.105666
Jabón de Pasta,Barra 200 Gr. (blanco),Zote,Detergentes y Productos Similares,Basicos,12.5,08/05/2026,Superissste,Supermercado / Tienda de Autoservicio,Superissste Sucursal 011,Calle Peluqueros No. 310 Esquina Calle Tizayuca. Col. Michoacána. Cp. 15240,Ciudad de México,Venustiano Carranza,19.446139,-99.113372
Jabón de Pasta,Barra 200 Gr. (blanco),Zote,Detergentes y Productos Similares,Basicos,12.5,08/05/2026,Superissste,Supermercado / Tienda de Autoservicio,Superissste Sucursal 022,Av. del Taller y Retorno No. 38 Dentro del Retorno 38. Col. Jardín Balbuena. Cp. 15900,Ciudad de México,Venustiano Carranza,19.412842,-99.105666
Jabón de Pasta,Barra 200 Gr. (blanco),Zote,Detergentes y Productos Similares,Basicos,12.5,15/05/2026,Superissste,Supermercado / Tienda de Autoservicio,Superissste Sucursal 011,Calle Peluqueros No. 310 Esquina Calle Tizayuca. Col. Michoacána. Cp. 15240,Ciudad de México,Venustiano Carranza,19.446139,-99.113372
Jabón de Pasta,Barra 200 Gr. (blanco),Zote,Detergentes y Productos Similares,Basicos,12.5,15/05/2026,Superissste,Supermercado / Tienda de Autoservicio,Superissste Sucursal 022,Av. del Taller y Retorno No. 38 Dentro del Retorno 38. Col. Jardín Balbuena. Cp. 15900,Ciudad de México,Venustiano Carranza,19.412842,-99.105666
Jabón de Pasta,Barra 200 Gr. (blanco),Zote,Detergentes y Productos Similares,Basicos,14,07/05/2026,Bodega Aurrera,Supermercado / Tienda de Autoservicio,Bodega Aurrera Sucursal la Viga,Calz. de la Viga 136 Esq. del Taller. Col. Lorenzo Boturini. Cp. 15820,Ciudad de México,Venustiano Carranza,19.414749,-99.127874
Jabón de Pasta,Barra 200 Gr. (blanco),Zote,Detergentes y Productos Similares,Basicos,14,13/05/2026,Bodega Aurrera,Supermercado / Tienda de Autoservicio,Bodega Aurrera Sucursal la Viga,Calz. de la Viga 136 Esq. del Taller. Col. Lorenzo Boturini. Cp. 15820,Ciudad de México,Venustiano Carranza,19.414749,-99.127874
Jabón de Pasta,Barra 200 Gr. (blanco),Zote,Detergentes y Productos Similares,Basicos,14,13/05/2026,Chedraui,Supermercado / Tienda de Autoservicio,Chedraui Sucursal Anfora,Anfora 71. Esq. Eje 1 Norte. Col. Madero. Cp. 15320,Ciudad de México,Venustiano Carranza,19.437353,-99.110088
Jabón de Pasta,Barra 200 Gr. (blanco),Zote,Detergentes y Productos Similares,Basicos,14,15/05/2026,Bodega Aurrera,Supermercado / Tienda de Autoservicio,Bodega Aurrera Sucursal Centro Constituyentes,Constituyentes Oriente 334. Entre Pasteur y Manuel Ponce. Col. MercuRío. Cp. 76040,Querétaro,Santiago de Querétaro,20.586349,-100.382801
Jabón de Pasta,Barra 200 Gr. (blanco),Zote,Detergentes y Productos Similares,Basicos,14.5,07/05/2026,Wal-mart,Supermercado / Tienda de Autoservicio,Walmart Sucursal Balbuena,Fray Servando Teresa de Mier 881. Entre Fernando Iglesia Calderon y Genaro Garcia. Col. Jardín Balbuena. Cp. 15900,Ciudad de México,Venustiano Carranza,19.418067,-99.105639
Jabón de Pasta,Barra 200 Gr. (blanco),Zote,Detergentes y Productos Similares,Basicos,14.5,12/05/2026,Wal-mart,Supermercado / Tienda de Autoservicio,Walmart Sucursal Unidad Plaza de Toros,Autopista Querétaro Celaya 5501. Int. del Centro Comercial Plaza Esfera. Col. el Jacal. Cp. 76187,Querétaro,Santiago de Querétaro,20.574076,-100.408704
Jabón de Pasta,Barra 200 Gr. (blanco),Zote,Detergentes y Productos Similares,Basicos,14.5,13/05/2026,Wal-mart,Supermercado / Tienda de Autoservicio,Walmart Sucursal Aeropuerto,Calz. Ignacio Zaragoza 58. Esq. Blvd. Puerto Aereo. Col. Federal. Cp. 15700,Ciudad de México,Venustiano Carranza,19.41926,-99.094521
Jabón de Pasta,Barra 200 Gr. (blanco),Zote,Detergentes y Productos Similares,Basicos,14.5,13/05/2026,Wal-mart,Supermercado / Tienda de Autoservicio,Walmart Sucursal Balbuena,Fray Servando Teresa de Mier 881. Entre Fernando Iglesia Calderon y Genaro Garcia. Col. Jardín Balbuena. Cp. 15900,Ciudad de México,Venustiano Carranza,19.418067,-99.105639
Jabón de Pasta,Barra 300 Gr. con Envoltura. (rosa),Chedraui,Detergentes y Productos Similares,Basicos,15,13/05/2026,Chedraui,Supermercado / Tienda de Autoservicio,Chedraui Sucursal Anfora,Anfora 71. Esq. Eje 1 Norte. Col. Madero. Cp. 15320,Ciudad de México,Venustiano Carranza,19.437353,-99.110088
Jabón de Pasta,Barra 400 Gr. con Envoltura,Roma,Detergentes y Productos Similares,Basicos,23.5,01/05/2026,Superissste,Supermercado / Tienda de Autoservicio,Superissste Sucursal 011,Calle Peluqueros No. 310 Esquina Calle Tizayuca. Col. Michoacána. Cp. 15240,Ciudad de México,Venustiano Carranza,19.446139,-99.113372
Jabón de Pasta,Barra 400 Gr. con Envoltura,Roma,Detergentes y Productos Similares,Basicos,23.5,01/05/2026,Superissste,Supermercado / Tienda de Autoservicio,Superissste Sucursal 022,Av. del Taller y Retorno No. 38 Dentro del Retorno 38. Col. Jardín Balbuena. Cp. 15900,Ciudad de México,Venustiano Carranza,19.412842,-99.105666
Jabón de Pasta,Barra 400 Gr. con Envoltura,Roma,Detergentes y Productos Similares,Basicos,23.5,08/05/2026,Superissste,Supermercado / Tienda de Autoservicio,Superissste Sucursal 011,Calle Peluqueros No. 310 Esquina Calle Tizayuca. Col. Michoacána. Cp. 15240,Ciudad de México,Venustiano Carranza,19.446139,-99.113372
Jabón de Pasta,Barra 400 Gr. con Envoltura,Roma,Detergentes y Productos Similares,Basicos,23.5,08/05/2026,Superissste,Supermercado / Tienda de Autoservicio,Superissste Sucursal 022,Av. del Taller y Retorno No. 38 Dentro del Retorno 38. Col. Jardín Balbuena. Cp. 15900,Ciudad de México,Venustiano Carranza,19.412842,-99.105666
Jabón de Pasta,Barra 400 Gr. con Envoltura,Roma,Detergentes y Productos Similares,Basicos,23.5,15/05/2026,Superissste,Supermercado / Tienda de Autoservicio,Superissste Sucursal 011,Calle Peluqueros No. 310 Esquina Calle Tizayuca. Col. Michoacána. Cp. 15240,Ciudad de México,Venustiano Carranza,19.446139,-99.113372
Jabón de Pasta,Barra 400 Gr. con Envoltura,Roma,Detergentes y Productos Similares,Basicos,23.5,15/05/2026,Superissste,Supermercado / Tienda de Autoservicio,Superissste Sucursal 022,Av. del Taller y Retorno No. 38 Dentro del Retorno 38. Col. Jardín Balbuena. Cp. 15900,Ciudad de México,Venustiano Carranza,19.412842,-99.105666
Jabón de Pasta,Barra 400 Gr. con Envoltura,Roma,Detergentes y Productos Similares,Basicos,24.5,08/05/2026,Bodega Aurrera,Supermercado / Tienda de Autoservicio,Bodega Aurrera Sucursal Centro Constituyentes,Constituyentes Oriente 334. Entre Pasteur y Manuel Ponce. Col. MercuRío. Cp. 76040,Querétaro,Santiago de Querétaro,20.586349,-100.382801
Jabón de Pasta,Barra 400 Gr. con Envoltura,Roma,Detergentes y Productos Similares,Basicos,24.5,15/05/2026,Bodega Aurrera,Supermercado / Tienda de Autoservicio,Bodega Aurrera Sucursal Centro Constituyentes,Constituyentes Oriente 334. Entre Pasteur y Manuel Ponce. Col. MercuRío. Cp. 76040,Querétaro,Santiago de Querétaro,20.586349,-100.382801
Jabón de Pasta,Barra 400 Gr. con Envoltura,Roma,Detergentes y Productos Similares,Basicos,27,07/05/2026,La Comer,Supermercado / Tienda de Autoservicio,Lacomer Sucursal Queretaro Estadio,Luis M. Vega y Monroy 1300. Esq.cimataRío . Col. CimataRío. Cp. 76090,Querétaro,Santiago de Querétaro,20.577804,-100.373626
Jabón de Pasta,Barra 400 Gr. con Envoltura,Roma,Detergentes y Productos Similares,Basicos,27,14/05/2026,La Comer,Supermercado / Tienda de Autoservicio,Lacomer Sucursal Queretaro Estadio,Luis M. Vega y Monroy 1300. Esq.cimataRío . Col. CimataRío. Cp. 76090,Querétaro,Santiago de Querétaro,20.577804,-100.373626
Jabón de Pasta,Barra 400 Gr. con Envoltura,Roma,Detergentes y Productos Similares,Basicos,28,07/05/2026,Bodega Aurrera,Supermercado / Tienda de Autoservicio,Bodega Aurrera Sucursal la Viga,Calz. de la Viga 136 Esq. del Taller. Col. Lorenzo Boturini. Cp. 15820,Ciudad de México,Venustiano Carranza,19.414749,-99.127874
Jabón de Pasta,Barra 400 Gr. con Envoltura,Roma,Detergentes y Productos Similares,Basicos,28,13/05/2026,Bodega Aurrera,Supermercado / Tienda de Autoservicio,Bodega Aurrera Sucursal la Viga,Calz. de la Viga 136 Esq. del Taller. Col. Lorenzo Boturini. Cp. 15820,Ciudad de México,Venustiano Carranza,19.414749,-99.127874
Jabón de Pasta,Barra 400 Gr. con Envoltura,Roma,Detergentes y Productos Similares,Basicos,28,13/05/2026,Chedraui,Supermercado / Tienda de Autoservicio,Chedraui Sucursal Anfora,Anfora 71. Esq. Eje 1 Norte. Col. Madero. Cp. 15320,Ciudad de México,Venustiano Carranza,19.437353,-99.110088
Jabón de Pasta,Barra 400 Gr. con Envoltura,Roma,Detergentes y Productos Similares,Basicos,29.9,13/05/2026,Hipermercado Soriana,Supermercado / Tienda de Autoservicio,Soriana Hiper Sucursal Consulado (418),Río Consulado 2355. Esq. Carlos Marx. Col. Simon Bolivar. Cp. 15410,Ciudad de México,Venustiano Carranza,19.449572,-99.100376
Jabón de Pasta,Barra 400 Gr. con Envoltura,Roma,Detergentes y Productos Similares,Basicos,30,12/05/2026,Wal-mart,Supermercado / Tienda de Autoservicio,Walmart Sucursal Unidad Plaza de Toros,Autopista Querétaro Celaya 5501. Int. del Centro Comercial Plaza Esfera. Col. el Jacal. Cp. 76187,Querétaro,Santiago de Querétaro,20.574076,-100.408704
Jabón de Pasta,Barra 400 Gr. con Envoltura,Roma,Detergentes y Productos Similares,Basicos,30,13/05/2026,Wal-mart,Supermercado / Tienda de Autoservicio,Walmart Sucursal Aeropuerto,Calz. Ignacio Zaragoza 58. Esq. Blvd. Puerto Aereo. Col. Federal. Cp. 15700,Ciudad de México,Venustiano Carranza,19.41926,-99.094521
Jabón de Pasta,Barra 400 Gr. con Envoltura,Roma,Detergentes y Productos Similares,Basicos,30,13/05/2026,Wal-mart,Supermercado / Tienda de Autoservicio,Walmart Sucursal Balbuena,Fray Servando Teresa de Mier 881. Entre Fernando Iglesia Calderon y Genaro Garcia. Col. Jardín Balbuena. Cp. 15900,Ciudad de México,Venustiano Carranza,19.418067,-99.105639
Jabón de Pasta,Barra 400 Gr. con Envoltura. (amarillo),Tepeyac,Detergentes y Productos Similares,Basicos,23.9,01/05/2026,Superissste,Supermercado / Tienda de Autoservicio,Superissste Sucursal 011,Calle Peluqueros No. 310 Esquina Calle Tizayuca. Col. Michoacána. Cp. 15240,Ciudad de México,Venustiano Carranza,19.446139,-99.113372
Jabón de Pasta,Barra 400 Gr. con Envoltura. (amarillo),Tepeyac,Detergentes y Productos Similares,Basicos,23.9,01/05/2026,Superissste,Supermercado / Tienda de Autoservicio,Superissste Sucursal 022,Av. del Taller y Retorno No. 38 Dentro del Retorno 38. Col. Jardín Balbuena. Cp. 15900,Ciudad de México,Venustiano Carranza,19.412842,-99.105666
Jabón de Pasta,Barra 400 Gr. con Envoltura. (amarillo),Tepeyac,Detergentes y Productos Similares,Basicos,23.9,08/05/2026,Superissste,Supermercado / Tienda de Autoservicio,Superissste Sucursal 011,Calle Peluqueros No. 310 Esquina Calle Tizayuca. Col. Michoacána. Cp. 15240,Ciudad de México,Venustiano Carranza,19.446139,-99.113372
Jabón de Pasta,Barra 400 Gr. con Envoltura. (amarillo),Tepeyac,Detergentes y Productos Similares,Basicos,23.9,08/05/2026,Superissste,Supermercado / Tienda de Autoservicio,Superissste Sucursal 022,Av. del Taller y Retorno No. 38 Dentro del Retorno 38. Col. Jardín Balbuena. Cp. 15900,Ciudad de México,Venustiano Carranza,19.412842,-99.105666
Jabón de Pasta,Barra 400 Gr. con Envoltura. (amarillo),Tepeyac,Detergentes y Productos Similares,Basicos,23.9,15/05/2026,Superissste,Supermercado / Tienda de Autoservicio,Superissste Sucursal 011,Calle Peluqueros No. 310 Esquina Calle Tizayuca. Col. Michoacána. Cp. 15240,Ciudad de México,Venustiano Carranza,19.446139,-99.113372
Jabón de Pasta,Barra 400 Gr. con Envoltura. (amarillo),Tepeyac,Detergentes y Productos Similares,Basicos,23.9,15/05/2026,Superissste,Supermercado / Tienda de Autoservicio,Superissste Sucursal 022,Av. del Taller y Retorno No. 38 Dentro del Retorno 38. Col. Jardín Balbuena. Cp. 15900,Ciudad de México,Venustiano Carranza,19.412842,-99.105666
Jabón de Pasta,Barra 400 Gr. con Envoltura. (amarillo),Tepeyac,Detergentes y Productos Similares,Basicos,25,13/05/2026,Chedraui,Supermercado / Tienda de Autoservicio,Chedraui Sucursal Anfora,Anfora 71. Esq. Eje 1 Norte. Col. Madero. Cp. 15320,Ciudad de México,Venustiano Carranza,19.437353,-99.110088
Jabón de Pasta,Barra 400 Gr. con Envoltura. (amarillo),Tepeyac,Detergentes y Productos Similares,Basicos,29,08/05/2026,Bodega Aurrera,Supermercado / Tienda de Autoservicio,Bodega Aurrera Sucursal Centro Constituyentes,Constituyentes Oriente 334. Entre Pasteur y Manuel Ponce. Col. MercuRío. Cp. 76040,Querétaro,Santiago de Querétaro,20.586349,-100.382801
Jabón de Pasta,Barra 400 Gr. con Envoltura. (amarillo),Tepeyac,Detergentes y Productos Similares,Basicos,29,15/05/2026,Bodega Aurrera,Supermercado / Tienda de Autoservicio,Bodega Aurrera Sucursal Centro Constituyentes,Constituyentes Oriente 334. Entre Pasteur y Manuel Ponce. Col. MercuRío. Cp. 76040,Querétaro,Santiago de Querétaro,20.586349,-100.382801
Jabón de Pasta,Barra 400 Gr. con Envoltura. (amarillo),Tepeyac,Detergentes y Productos Similares,Basicos,30,07/05/2026,Wal-mart,Supermercado / Tienda de Autoservicio,Walmart Sucursal Balbuena,Fray Servando Teresa de Mier 881. Entre Fernando Iglesia Calderon y Genaro Garcia. Col. Jardín Balbuena. Cp. 15900,Ciudad de México,Venustiano Carranza,19.418067,-99.105639
Jabón de Pasta,Barra 400 Gr. con Envoltura. (amarillo),Tepeyac,Detergentes y Productos Similares,Basicos,30,12/05/2026,Wal-mart,Supermercado / Tienda de Autoservicio,Walmart Sucursal Unidad Plaza de Toros,Autopista Querétaro Celaya 5501. Int. del Centro Comercial Plaza Esfera. Col. el Jacal. Cp. 76187,Querétaro,Santiago de Querétaro,20.574076,-100.408704
Jabón de Pasta,Barra 400 Gr. con Envoltura. (amarillo),Tepeyac,Detergentes y Productos Similares,Basicos,30,13/05/2026,Wal-mart,Supermercado / Tienda de Autoservicio,Walmart Sucursal Aeropuerto,Calz. Ignacio Zaragoza 58. Esq. Blvd. Puerto Aereo. Col. Federal. Cp. 15700,Ciudad de México,Venustiano Carranza,19.41926,-99.094521
Jabón de Pasta,Barra 400 Gr. con Envoltura. (amarillo),Tepeyac,Detergentes y Productos Similares,Basicos,30,13/05/2026,Wal-mart,Supermercado / Tienda de Autoservicio,Walmart Sucursal Balbuena,Fray Servando Teresa de Mier 881. Entre Fernando Iglesia Calderon y Genaro Garcia. Col. Jardín Balbuena. Cp. 15900,Ciudad de México,Venustiano Carranza,19.418067,-99.105639
Jabón de Pasta,Barra 400 Gr. con Envoltura. (rosa),Zote,Detergentes y Productos Similares,Basicos,27,07/05/2026,Bodega Aurrera,Supermercado / Tienda de Autoservicio,Bodega Aurrera Sucursal la Viga,Calz. de la Viga 136 Esq. del Taller. Col. Lorenzo Boturini. Cp. 15820,Ciudad de México,Venustiano Carranza,19.414749,-99.127874
Jabón de Pasta,Barra 400 Gr. con Envoltura. (rosa),Zote,Detergentes y Productos Similares,Basicos,27,08/05/2026,Bodega Aurrera,Supermercado / Tienda de Autoservicio,Bodega Aurrera Sucursal Centro Constituyentes,Constituyentes Oriente 334. Entre Pasteur y Manuel Ponce. Col. MercuRío. Cp. 76040,Querétaro,Santiago de Querétaro,20.586349,-100.382801
Jabón de Pasta,Barra 400 Gr. con Envoltura. (rosa),Zote,Detergentes y Productos Similares,Basicos,27,13/05/2026,Bodega Aurrera,Supermercado / Tienda de Autoservicio,Bodega Aurrera Sucursal la Viga,Calz. de la Viga 136 Esq. del Taller. Col. Lorenzo Boturini. Cp. 15820,Ciudad de México,Venustiano Carranza,19.414749,-99.127874
Jabón de Pasta,Barra 400 Gr. con Envoltura. (rosa),Zote,Detergentes y Productos Similares,Basicos,27,13/05/2026,Chedraui,Supermercado / Tienda de Autoservicio,Chedraui Sucursal Anfora,Anfora 71. Esq. Eje 1 Norte. Col. Madero. Cp. 15320,Ciudad de México,Venustiano Carranza,19.437353,-99.110088
Jabón de Pasta,Barra 400 Gr. con Envoltura. (rosa),Zote,Detergentes y Productos Similares,Basicos,27,15/05/2026,Bodega Aurrera,Supermercado / Tienda de Autoservicio,Bodega Aurrera Sucursal Centro Constituyentes,Constituyentes Oriente 334. Entre Pasteur y Manuel Ponce. Col. MercuRío. Cp. 76040,Querétaro,Santiago de Querétaro,20.586349,-100.382801
Jabón de Pasta,Barra 400 Gr. con Envoltura. (rosa),Zote,Detergentes y Productos Similares,Basicos,27.5,07/05/2026,La Comer,Supermercado / Tienda de Autoservicio,Lacomer Sucursal Queretaro Estadio,Luis M. Vega y Monroy 1300. Esq.cimataRío . Col. CimataRío. Cp. 76090,Querétaro,Santiago de Querétaro,20.577804,-100.373626
Jabón de Pasta,Barra 400 Gr. con Envoltura. (rosa),Zote,Detergentes y Productos Similares,Basicos,27.5,14/05/2026,La Comer,Supermercado / Tienda de Autoservicio,Lacomer Sucursal Queretaro Estadio,Luis M. Vega y Monroy 1300. Esq.cimataRío . Col. CimataRío. Cp. 76090,Querétaro,Santiago de Querétaro,20.577804,-100.373626
Jabón de Pasta,Barra 400 Gr. con Envoltura. (rosa),Zote,Detergentes y Productos Similares,Basicos,27.9,13/05/2026,Hipermercado Soriana,Supermercado / Tienda de Autoservicio,Soriana Hiper Sucursal Consulado (418),Río Consulado 2355. Esq. Carlos Marx. Col. Simon Bolivar. Cp. 15410,Ciudad de México,Venustiano Carranza,19.449572,-99.100376
Jabón de Pasta,Barra 400 Gr. con Envoltura. (rosa),Zote,Detergentes y Productos Similares,Basicos,28,07/05/2026,Wal-mart,Supermercado / Tienda de Autoservicio,Walmart Sucursal Balbuena,Fray Servando Teresa de Mier 881. Entre Fernando Iglesia Calderon y Genaro Garcia. Col. Jardín Balbuena. Cp. 15900,Ciudad de México,Venustiano Carranza,19.418067,-99.105639
Jabón de Pasta,Barra 400 Gr. con Envoltura. (rosa),Zote,Detergentes y Productos Similares,Basicos,28,12/05/2026,Wal-mart,Supermercado / Tienda de Autoservicio,Walmart Sucursal Unidad Plaza de Toros,Autopista Querétaro Celaya 5501. Int. del Centro Comercial Plaza Esfera. Col. el Jacal. Cp. 76187,Querétaro,Santiago de Querétaro,20.574076,-100.408704
Jabón de Pasta,Barra 400 Gr. con Envoltura. (rosa),Zote,Detergentes y Productos Similares,Basicos,28,13/05/2026,Wal-mart,Supermercado / Tienda de Autoservicio,Walmart Sucursal Aeropuerto,Calz. Ignacio Zaragoza 58. Esq. Blvd. Puerto Aereo. Col. Federal. Cp. 15700,Ciudad de México,Venustiano Carranza,19.41926,-99.094521
Jabón de Pasta,Barra 400 Gr. con Envoltura. (rosa),Zote,Detergentes y Productos Similares,Basicos,28,13/05/2026,Wal-mart,Supermercado / Tienda de Autoservicio,Walmart Sucursal Balbuena,Fray Servando Teresa de Mier 881. Entre Fernando Iglesia Calderon y Genaro Garcia. Col. Jardín Balbuena. Cp. 15900,Ciudad de México,Venustiano Carranza,19.418067,-99.105639
Jabón de Pasta,Barra 400 Gr. con Envoltura. Frescura Agradable,Carisma,Detergentes y Productos Similares,Basicos,21,13/05/2026,Chedraui,Supermercado / Tienda de Autoservicio,Chedraui Sucursal Anfora,Anfora 71. Esq. Eje 1 Norte. Col. Madero. Cp. 15320,Ciudad de México,Venustiano Carranza,19.437353,-99.110088
Jabón de Pasta,Barra 400 Gr. con Envoltura. Frescura Agradable,Carisma,Detergentes y Productos Similares,Basicos,24,01/05/2026,Superissste,Supermercado / Tienda de Autoservicio,Superissste Sucursal 011,Calle Peluqueros No. 310 Esquina Calle Tizayuca. Col. Michoacána. Cp. 15240,Ciudad de México,Venustiano Carranza,19.446139,-99.113372
Jabón de Pasta,Barra 400 Gr. con Envoltura. Frescura Agradable,Carisma,Detergentes y Productos Similares,Basicos,24,01/05/2026,Superissste,Supermercado / Tienda de Autoservicio,Superissste Sucursal 022,Av. del Taller y Retorno No. 38 Dentro del Retorno 38. Col. Jardín Balbuena. Cp. 15900,Ciudad de México,Venustiano Carranza,19.412842,-99.105666
Jabón de Pasta,Barra 400 Gr. con Envoltura. Frescura Agradable,Carisma,Detergentes y Productos Similares,Basicos,24,08/05/2026,Superissste,Supermercado / Tienda de Autoservicio,Superissste Sucursal 011,Calle Peluqueros No. 310 Esquina Calle Tizayuca. Col. Michoacána. Cp. 15240,Ciudad de México,Venustiano Carranza,19.446139,-99.113372
Jabón de Pasta,Barra 400 Gr. con Envoltura. Frescura Agradable,Carisma,Detergentes y Productos Similares,Basicos,24,08/05/2026,Superissste,Supermercado / Tienda de Autoservicio,Superissste Sucursal 022,Av. del Taller y Retorno No. 38 Dentro del Retorno 38. Col. Jardín Balbuena. Cp. 15900,Ciudad de México,Venustiano Carranza,19.412842,-99.105666
Jabón de Pasta,Barra 400 Gr. con Envoltura. Frescura Agradable,Carisma,Detergentes y Productos Similares,Basicos,24,15/05/2026,Superissste,Supermercado / Tienda de Autoservicio,Superissste Sucursal 011,Calle Peluqueros No. 310 Esquina Calle Tizayuca. Col. Michoacána. Cp. 15240,Ciudad de México,Venustiano Carranza,19.446139,-99.113372
Jabón de Pasta,Barra 400 Gr. con Envoltura. Frescura Agradable,Carisma,Detergentes y Productos Similares,Basicos,24,15/05/2026,Superissste,Supermercado / Tienda de Autoservicio,Superissste Sucursal 022,Av. del Taller y Retorno No. 38 Dentro del Retorno 38. Col. Jardín Balbuena. Cp. 15900,Ciudad de México,Venustiano Carranza,19.412842,-99.105666
Jabón de Pasta,Barra 400 Gr. con Envoltura. Frescura Agradable,Carisma,Detergentes y Productos Similares,Basicos,26.5,07/05/2026,La Comer,Supermercado / Tienda de Autoservicio,Lacomer Sucursal Queretaro Estadio,Luis M. Vega y Monroy 1300. Esq.cimataRío . Col. CimataRío. Cp. 76090,Querétaro,Santiago de Querétaro,20.577804,-100.373626
Jabón de Pasta,Barra 400 Gr. con Envoltura. Frescura Agradable,Carisma,Detergentes y Productos Similares,Basicos,26.5,14/05/2026,La Comer,Supermercado / Tienda de Autoservicio,Lacomer Sucursal Queretaro Estadio,Luis M. Vega y Monroy 1300. Esq.cimataRío . Col. CimataRío. Cp. 76090,Querétaro,Santiago de Querétaro,20.577804,-100.373626
Jabón de Pasta,Barra 400 Gr. con Envoltura. Frescura Agradable,Carisma,Detergentes y Productos Similares,Basicos,30,07/05/2026,Bodega Aurrera,Supermercado / Tienda de Autoservicio,Bodega Aurrera Sucursal la Viga,Calz. de la Viga 136 Esq. del Taller. Col. Lorenzo Boturini. Cp. 15820,Ciudad de México,Venustiano Carranza,19.414749,-99.127874
Jabón de Pasta,Barra 400 Gr. con Envoltura. Frescura Agradable,Carisma,Detergentes y Productos Similares,Basicos,30,13/05/2026,Bodega Aurrera,Supermercado / Tienda de Autoservicio,Bodega Aurrera Sucursal la Viga,Calz. de la Viga 136 Esq. del Taller. Col. Lorenzo Boturini. Cp. 15820,Ciudad de México,Venustiano Carranza,19.414749,-99.127874
Jabón de Pasta,Barra 400 Gr. con Envoltura. Frescura Agradable,Carisma,Detergentes y Productos Similares,Basicos,31,07/05/2026,Wal-mart,Supermercado / Tienda de Autoservicio,Walmart Sucursal Balbuena,Fray Servando Teresa de Mier 881. Entre Fernando Iglesia Calderon y Genaro Garcia. Col. Jardín Balbuena. Cp. 15900,Ciudad de México,Venustiano Carranza,19.418067,-99.105639
Jabón de Pasta,Barra 400 Gr. con Envoltura. Frescura Agradable,Carisma,Detergentes y Productos Similares,Basicos,31,12/05/2026,Wal-mart,Supermercado / Tienda de Autoservicio,Walmart Sucursal Unidad Plaza de Toros,Autopista Querétaro Celaya 5501. Int. del Centro Comercial Plaza Esfera. Col. el Jacal. Cp. 76187,Querétaro,Santiago de Querétaro,20.574076,-100.408704
Jabón de Pasta,Barra 400 Gr. con Envoltura. Frescura Agradable,Carisma,Detergentes y Productos Similares,Basicos,31,13/05/2026,Wal-mart,Supermercado / Tienda de Autoservicio,Walmart Sucursal Aeropuerto,Calz. Ignacio Zaragoza 58. Esq. Blvd. Puerto Aereo. Col. Federal. Cp. 15700,Ciudad de México,Venustiano Carranza,19.41926,-99.094521
Jabón de Pasta,Barra 400 Gr. con Envoltura. Frescura Agradable,Carisma,Detergentes y Productos Similares,Basicos,31,13/05/2026,Wal-mart,Supermercado / Tienda de Autoservicio,Walmart Sucursal Balbuena,Fray Servando Teresa de Mier 881. Entre Fernando Iglesia Calderon y Genaro Garcia. Col. Jardín Balbuena. Cp. 15900,Ciudad de México,Venustiano Carranza,19.418067,-99.105639
Jabón de Pasta,Barra 400 Gr. con Envoltura. Lavanderia,Lirio,Detergentes y Productos Similares,Basicos,22,13/05/2026,Chedraui,Supermercado / Tienda de Autoservicio,Chedraui Sucursal Anfora,Anfora 71. Esq. Eje 1 Norte. Col. Madero. Cp. 15320,Ciudad de México,Venustiano Carranza,19.437353,-99.110088
Jabón de Pasta,Barra 400 Gr. con Envoltura. Lavanderia,Lirio,Detergentes y Productos Similares,Basicos,23,01/05/2026,Superissste,Supermercado / Tienda de Autoservicio,Superissste Sucursal 011,Calle Peluqueros No. 310 Esquina Calle Tizayuca. Col. Michoacána. Cp. 15240,Ciudad de México,Venustiano Carranza,19.446139,-99.113372
Jabón de Pasta,Barra 400 Gr. con Envoltura. Lavanderia,Lirio,Detergentes y Productos Similares,Basicos,23,01/05/2026,Superissste,Supermercado / Tienda de Autoservicio,Superissste Sucursal 022,Av. del Taller y Retorno No. 38 Dentro del Retorno 38. Col. Jardín Balbuena. Cp. 15900,Ciudad de México,Venustiano Carranza,19.412842,-99.105666
Jabón de Pasta,Barra 400 Gr. con Envoltura. Lavanderia,Lirio,Detergentes y Productos Similares,Basicos,23,08/05/2026,Superissste,Supermercado / Tienda de Autoservicio,Superissste Sucursal 011,Calle Peluqueros No. 310 Esquina Calle Tizayuca. Col. Michoacána. Cp. 15240,Ciudad de México,Venustiano Carranza,19.446139,-99.113372
Jabón de Pasta,Barra 400 Gr. con Envoltura. Lavanderia,Lirio,Detergentes y Productos Similares,Basicos,23,08/05/2026,Superissste,Supermercado / Tienda de Autoservicio,Superissste Sucursal 022,Av. del Taller y Retorno No. 38 Dentro del Retorno 38. Col. Jardín Balbuena. Cp. 15900,Ciudad de México,Venustiano Carranza,19.412842,-99.105666
Jabón de Pasta,Barra 400 Gr. con Envoltura. Lavanderia,Lirio,Detergentes y Productos Similares,Basicos,23,15/05/2026,Superissste,Supermercado / Tienda de Autoservicio,Superissste Sucursal 011,Calle Peluqueros No. 310 Esquina Calle Tizayuca. Col. Michoacána. Cp. 15240,Ciudad de México,Venustiano Carranza,19.446139,-99.113372
Jabón de Pasta,Barra 400 Gr. con Envoltura. Lavanderia,Lirio,Detergentes y Productos Similares,Basicos,23,15/05/2026,Superissste,Supermercado / Tienda de Autoservicio,Superissste Sucursal 022,Av. del Taller y Retorno No. 38 Dentro del Retorno 38. Col. Jardín Balbuena. Cp. 15900,Ciudad de México,Venustiano Carranza,19.412842,-99.105666
Jabón de Pasta,Barra 400 Gr. con Envoltura. Lavanderia,Lirio,Detergentes y Productos Similares,Basicos,26.5,13/05/2026,Hipermercado Soriana,Supermercado / Tienda de Autoservicio,Soriana Hiper Sucursal Consulado (418),Río Consulado 2355. Esq. Carlos Marx. Col. Simon Bolivar. Cp. 15410,Ciudad de México,Venustiano Carranza,19.449572,-99.100376
Jabón de Tocador,Barra 120 Gr. Dermolimpiador,Palmolive. Neutro Balance,Arts. para el Cuidado Personal,Basicos,33,07/05/2026,Wal-mart,Supermercado / Tienda de Autoservicio,Walmart Sucursal Unidad Plaza de Toros,Autopista Querétaro Celaya 5501. Int. del Centro Comercial Plaza Esfera. Col. el Jacal. Cp. 76187,Querétaro,Santiago de Querétaro,20.574076,-100.408704
Jabón de Tocador,Barra 135 Gr. Coco,Fresh-co,Arts. para el Cuidado Personal,Pacic,9,06/05/2026,Chedraui,Supermercado / Tienda de Autoservicio,Chedraui Sucursal Centro Sur,Blvd. Bernardo Quintana 502. Carr. con Direccion a Centro Civico. Col. Centro Sur. Cp. 76087,Querétaro,Santiago de Querétaro,20.569354,-100.358831
Jabón de Tocador,Barra 150 Gr. Antibacterial. (rosa),Escudo,Arts. para el Cuidado Personal,Basicos,12.5,15/05/2026,Superissste,Supermercado / Tienda de Autoservicio,Superissste Sucursal 011,Calle Peluqueros No. 310 Esquina Calle Tizayuca. Col. Michoacána. Cp. 15240,Ciudad de México,Venustiano Carranza,19.446139,-99.113372
Jabón de Tocador,Barra 150 Gr. Antibacterial. (rosa),Escudo,Arts. para el Cuidado Personal,Basicos,18.5,13/05/2026,Chedraui,Supermercado / Tienda de Autoservicio,Chedraui Sucursal Anfora,Anfora 71. Esq. Eje 1 Norte. Col. Madero. Cp. 15320,Ciudad de México,Venustiano Carranza,19.437353,-99.110088
Jabón de Tocador,Caja C/barra 200 Gr. Neutro,Grisi,Arts. para el Cuidado Personal,Basicos,30,08/05/2026,Bodega Aurrera,Supermercado / Tienda de Autoservicio,Bodega Aurrera Sucursal Centro Constituyentes,Constituyentes Oriente 334. Entre Pasteur y Manuel Ponce. Col. MercuRío. Cp. 76040,Querétaro,Santiago de Querétaro,20.586349,-100.382801
Jabón de Tocador,Caja C/barra 200 Gr. Neutro,Grisi,Arts. para el Cuidado Personal,Basicos,37,07/05/2026,Wal-mart,Supermercado / Tienda de Autoservicio,Walmart Sucursal Balbuena,Fray Servando Teresa de Mier 881. Entre Fernando Iglesia Calderon y Genaro Garcia. Col. Jardín Balbuena. Cp. 15900,Ciudad de México,Venustiano Carranza,19.418067,-99.105639
Jamón,1 Kg. Granel. de Pavo. Virginia,Fud,Carnes Frías Secas y Embutidos,Basicos,202.5,06/05/2026,Chedraui,Supermercado / Tienda de Autoservicio,Chedraui Sucursal Centro Sur,Blvd. Bernardo Quintana 502. Carr. con Direccion a Centro Civico. Col. Centro Sur. Cp. 76087,Querétaro,Santiago de Querétaro,20.569354,-100.358831
Jamón,1 Kg. Granel. de Pierna,San Rafael. Real,Carnes Frías Secas y Embutidos,Basicos,360,07/05/2026,Wal-mart,Supermercado / Tienda de Autoservicio,Walmart Sucursal Balbuena,Fray Servando Teresa de Mier 881. Entre Fernando Iglesia Calderon y Genaro Garcia. Col. Jardín Balbuena. Cp. 15900,Ciudad de México,Venustiano Carranza,19.418067,-99.105639
Jamón,1 Kg. Granel. de Pierna. York,Fud,Carnes Frías Secas y Embutidos,Basicos,310,07/05/2026,Wal-mart,Supermercado / Tienda de Autoservicio,Walmart Sucursal Balbuena,Fray Servando Teresa de Mier 881. Entre Fernando Iglesia Calderon y Genaro Garcia. Col. Jardín Balbuena. Cp. 15900,Ciudad de México,Venustiano Carranza,19.418067,-99.105639
Jamón,Paquete 250 Gr. de Pavo. Virginia,Zwan. Premium,Carnes Frías Secas y Embutidos,Basicos,55,13/05/2026,Wal-mart,Supermercado / Tienda de Autoservicio,Walmart Sucursal Balbuena,Fray Servando Teresa de Mier 881. Entre Fernando Iglesia Calderon y Genaro Garcia. Col. Jardín Balbuena. Cp. 15900,Ciudad de México,Venustiano Carranza,19.418067,-99.105639
Jitomate,1 Kg. Granel. Bola/sinaloa o Tomate Bola,S/M,Hortalizas Frescas,Frutas y Legumbres,39.9,13/05/2026,Chedraui,Supermercado / Tienda de Autoservicio,Chedraui Sucursal Centro Sur,Blvd. Bernardo Quintana 502. Carr. con Direccion a Centro Civico. Col. Centro Sur. Cp. 76087,Querétaro,Santiago de Querétaro,20.569354,-100.358831
Jitomate,1 Kg. Granel. Bola/sinaloa o Tomate Bola,S/M,Hortalizas Frescas,Frutas y Legumbres,89,13/05/2026,Hipermercado Soriana,Supermercado / Tienda de Autoservicio,Soriana Hiper Sucursal Cimatario,Ctra. a Huimilpan 1001. Int. del Centro Comercial Plaza del Sol. Col. Plazas del Sol. Iii Sección. Cp. 76099,Querétaro,Santiago de Querétaro,20.563227,-100.375284
Jitomate,1 Kg. Granel. Bola/sinaloa o Tomate Bola,S/M,Hortalizas Frescas,Pacic,89,13/05/2026,Hipermercado Soriana,Supermercado / Tienda de Autoservicio,Soriana Hiper Sucursal Cimatario,Ctra. a Huimilpan 1001. Int. del Centro Comercial Plaza del Sol. Col. Plazas del Sol. Iii Sección. Cp. 76099,Querétaro,Santiago de Querétaro,20.563227,-100.375284
Jitomate,1 Kg. Granel. Saladette/huaje o Tomate Saladette/huaje,S/M,Hortalizas Frescas,Frutas y Legumbres,38,04/05/2026,Mercado Publico,Mercados,Mercado Lomas de Casablanca,Avenida 10. Esq. Calle 23. Col. Lomas de Casa Blanca. Cp. 76080,Querétaro,Santiago de Querétaro,20.603024,-100.396263
Jitomate,1 Kg. Granel. Saladette/huaje o Tomate Saladette/huaje,S/M,Hortalizas Frescas,Frutas y Legumbres,39.9,13/05/2026,Chedraui,Supermercado / Tienda de Autoservicio,Chedraui Sucursal Anfora,Anfora 71. Esq. Eje 1 Norte. Col. Madero. Cp. 15320,Ciudad de México,Venustiano Carranza,19.437353,-99.110088
Jitomate,1 Kg. Granel. Saladette/huaje o Tomate Saladette/huaje,S/M,Hortalizas Frescas,Frutas y Legumbres,39.9,13/05/2026,Chedraui,Supermercado / Tienda de Autoservicio,Chedraui Sucursal Centro Sur,Blvd. Bernardo Quintana 502. Carr. con Direccion a Centro Civico. Col. Centro Sur. Cp. 76087,Querétaro,Santiago de Querétaro,20.569354,-100.358831
Jitomate,1 Kg. Granel. Saladette/huaje o Tomate Saladette/huaje,S/M,Hortalizas Frescas,Frutas y Legumbres,39.9,13/05/2026,Hipermercado Soriana,Supermercado / Tienda de Autoservicio,Soriana Hiper Sucursal Cimatario,Ctra. a Huimilpan 1001. Int. del Centro Comercial Plaza del Sol. Col. Plazas del Sol. Iii Sección. Cp. 76099,Querétaro,Santiago de Querétaro,20.563227,-100.375284
Jitomate,1 Kg. Granel. Saladette/huaje o Tomate Saladette/huaje,S/M,Hortalizas Frescas,Frutas y Legumbres,45,07/05/2026,Bodega Aurrera,Supermercado / Tienda de Autoservicio,Bodega Aurrera Sucursal la Viga,Calz. de la Viga 136 Esq. del Taller. Col. Lorenzo Boturini. Cp. 15820,Ciudad de México,Venustiano Carranza,19.414749,-99.127874
Jitomate,1 Kg. Granel. Saladette/huaje o Tomate Saladette/huaje,S/M,Hortalizas Frescas,Frutas y Legumbres,45,13/05/2026,Bodega Aurrera,Supermercado / Tienda de Autoservicio,Bodega Aurrera Sucursal la Viga,Calz. de la Viga 136 Esq. del Taller. Col. Lorenzo Boturini. Cp. 15820,Ciudad de México,Venustiano Carranza,19.414749,-99.127874
Jitomate,1 Kg. Granel. Saladette/huaje o Tomate Saladette/huaje,S/M,Hortalizas Frescas,Frutas y Legumbres,45,14/05/2026,Mercado Publico,Mercados,Mercado Lomas de Casablanca,Avenida 10. Esq. Calle 23. Col. Lomas de Casa Blanca. Cp. 76080,Querétaro,Santiago de Querétaro,20.603024,-100.396263
Jitomate,1 Kg. Granel. Saladette/huaje o Tomate Saladette/huaje,S/M,Hortalizas Frescas,Frutas y Legumbres,45,15/05/2026,Bodega Aurrera,Supermercado / Tienda de Autoservicio,Bodega Aurrera Sucursal Centro Constituyentes,Constituyentes Oriente 334. Entre Pasteur y Manuel Ponce. Col. MercuRío. Cp. 76040,Querétaro,Santiago de Querétaro,20.586349,-100.382801
Jitomate,1 Kg. Granel. Saladette/huaje o Tomate Saladette/huaje,S/M,Hortalizas Frescas,Frutas y Legumbres,49,13/05/2026,Hipermercado Soriana,Supermercado / Tienda de Autoservicio,Soriana Hiper Sucursal Consulado (418),Río Consulado 2355. Esq. Carlos Marx. Col. Simon Bolivar. Cp. 15410,Ciudad de México,Venustiano Carranza,19.449572,-99.100376
Jitomate,1 Kg. Granel. Saladette/huaje o Tomate Saladette/huaje,S/M,Hortalizas Frescas,Frutas y Legumbres,49,14/05/2026,La Comer,Supermercado / Tienda de Autoservicio,Lacomer Sucursal Queretaro Estadio,Luis M. Vega y Monroy 1300. Esq.cimataRío . Col. CimataRío. Cp. 76090,Querétaro,Santiago de Querétaro,20.577804,-100.373626
Jitomate,1 Kg. Granel. Saladette/huaje o Tomate Saladette/huaje,S/M,Hortalizas Frescas,Frutas y Legumbres,49.5,06/05/2026,Chedraui,Supermercado / Tienda de Autoservicio,Chedraui Sucursal Centro Sur,Blvd. Bernardo Quintana 502. Carr. con Direccion a Centro Civico. Col. Centro Sur. Cp. 76087,Querétaro,Santiago de Querétaro,20.569354,-100.358831
Jitomate,1 Kg. Granel. Saladette/huaje o Tomate Saladette/huaje,S/M,Hortalizas Frescas,Frutas y Legumbres,50,13/05/2026,Mercado Publico,Mercados,Mercado Romero Rubio,Cairo S/n. Esq. Persia. Col. Romero Rubio. Cp. 15400,Ciudad de México,Venustiano Carranza,19.388643,-99.066708
Jitomate,1 Kg. Granel. Saladette/huaje o Tomate Saladette/huaje,S/M,Hortalizas Frescas,Frutas y Legumbres,54.6,04/05/2026,Hipermercado Soriana,Supermercado / Tienda de Autoservicio,Soriana Hiper Sucursal Cimatario,Ctra. a Huimilpan 1001. Int. del Centro Comercial Plaza del Sol. Col. Plazas del Sol. Iii Sección. Cp. 76099,Querétaro,Santiago de Querétaro,20.563227,-100.375284
Jitomate,1 Kg. Granel. Saladette/huaje o Tomate Saladette/huaje,S/M,Hortalizas Frescas,Frutas y Legumbres,57,07/05/2026,Wal-mart,Supermercado / Tienda de Autoservicio,Walmart Sucursal Unidad Plaza de Toros,Autopista Querétaro Celaya 5501. Int. del Centro Comercial Plaza Esfera. Col. el Jacal. Cp. 76187,Querétaro,Santiago de Querétaro,20.574076,-100.408704
Jitomate,1 Kg. Granel. Saladette/huaje o Tomate Saladette/huaje,S/M,Hortalizas Frescas,Frutas y Legumbres,59,07/05/2026,Wal-mart,Supermercado / Tienda de Autoservicio,Walmart Sucursal Balbuena,Fray Servando Teresa de Mier 881. Entre Fernando Iglesia Calderon y Genaro Garcia. Col. Jardín Balbuena. Cp. 15900,Ciudad de México,Venustiano Carranza,19.418067,-99.105639
Jitomate,1 Kg. Granel. Saladette/huaje o Tomate Saladette/huaje,S/M,Hortalizas Frescas,Frutas y Legumbres,59,08/05/2026,Bodega Aurrera,Supermercado / Tienda de Autoservicio,Bodega Aurrera Sucursal Centro Constituyentes,Constituyentes Oriente 334. Entre Pasteur y Manuel Ponce. Col. MercuRío. Cp. 76040,Querétaro,Santiago de Querétaro,20.586349,-100.382801
Jitomate,1 Kg. Granel. Saladette/huaje o Tomate Saladette/huaje,S/M,Hortalizas Frescas,Frutas y Legumbres,59,12/05/2026,Wal-mart,Supermercado / Tienda de Autoservicio,Walmart Sucursal Unidad Plaza de Toros,Autopista Querétaro Celaya 5501. Int. del Centro Comercial Plaza Esfera. Col. el Jacal. Cp. 76187,Querétaro,Santiago de Querétaro,20.574076,-100.408704
Jitomate,1 Kg. Granel. Saladette/huaje o Tomate Saladette/huaje,S/M,Hortalizas Frescas,Frutas y Legumbres,59,13/05/2026,Wal-mart,Supermercado / Tienda de Autoservicio,Walmart Sucursal Aeropuerto,Calz. Ignacio Zaragoza 58. Esq. Blvd. Puerto Aereo. Col. Federal. Cp. 15700,Ciudad de México,Venustiano Carranza,19.41926,-99.094521
Jitomate,1 Kg. Granel. Saladette/huaje o Tomate Saladette/huaje,S/M,Hortalizas Frescas,Frutas y Legumbres,59,13/05/2026,Wal-mart,Supermercado / Tienda de Autoservicio,Walmart Sucursal Balbuena,Fray Servando Teresa de Mier 881. Entre Fernando Iglesia Calderon y Genaro Garcia. Col. Jardín Balbuena. Cp. 15900,Ciudad de México,Venustiano Carranza,19.418067,-99.105639
Jitomate,1 Kg. Granel. Saladette/huaje o Tomate Saladette/huaje,S/M,Hortalizas Frescas,Frutas y Legumbres,59.9,07/05/2026,La Comer,Supermercado / Tienda de Autoservicio,Lacomer Sucursal Queretaro Estadio,Luis M. Vega y Monroy 1300. Esq.cimataRío . Col. CimataRío. Cp. 76090,Querétaro,Santiago de Querétaro,20.577804,-100.373626
Jitomate,1 Kg. Granel. Saladette/huaje o Tomate Saladette/huaje,S/M,Hortalizas Frescas,Pacic,39.9,13/05/2026,Chedraui,Supermercado / Tienda de Autoservicio,Chedraui Sucursal Anfora,Anfora 71. Esq. Eje 1 Norte. Col. Madero. Cp. 15320,Ciudad de México,Venustiano Carranza,19.437353,-99.110088
Jitomate,1 Kg. Granel. Saladette/huaje o Tomate Saladette/huaje,S/M,Hortalizas Frescas,Pacic,39.9,13/05/2026,Chedraui,Supermercado / Tienda de Autoservicio,Chedraui Sucursal Centro Sur,Blvd. Bernardo Quintana 502. Carr. con Direccion a Centro Civico. Col. Centro Sur. Cp. 76087,Querétaro,Santiago de Querétaro,20.569354,-100.358831
Jitomate,1 Kg. Granel. Saladette/huaje o Tomate Saladette/huaje,S/M,Hortalizas Frescas,Pacic,39.9,13/05/2026,Hipermercado Soriana,Supermercado / Tienda de Autoservicio,Soriana Hiper Sucursal Cimatario,Ctra. a Huimilpan 1001. Int. del Centro Comercial Plaza del Sol. Col. Plazas del Sol. Iii Sección. Cp. 76099,Querétaro,Santiago de Querétaro,20.563227,-100.375284
Jitomate,1 Kg. Granel. Saladette/huaje o Tomate Saladette/huaje,S/M,Hortalizas Frescas,Pacic,45,07/05/2026,Bodega Aurrera,Supermercado / Tienda de Autoservicio,Bodega Aurrera Sucursal la Viga,Calz. de la Viga 136 Esq. del Taller. Col. Lorenzo Boturini. Cp. 15820,Ciudad de México,Venustiano Carranza,19.414749,-99.127874
Jitomate,1 Kg. Granel. Saladette/huaje o Tomate Saladette/huaje,S/M,Hortalizas Frescas,Pacic,45,13/05/2026,Bodega Aurrera,Supermercado / Tienda de Autoservicio,Bodega Aurrera Sucursal la Viga,Calz. de la Viga 136 Esq. del Taller. Col. Lorenzo Boturini. Cp. 15820,Ciudad de México,Venustiano Carranza,19.414749,-99.127874
Jitomate,1 Kg. Granel. Saladette/huaje o Tomate Saladette/huaje,S/M,Hortalizas Frescas,Pacic,45,15/05/2026,Bodega Aurrera,Supermercado / Tienda de Autoservicio,Bodega Aurrera Sucursal Centro Constituyentes,Constituyentes Oriente 334. Entre Pasteur y Manuel Ponce. Col. MercuRío. Cp. 76040,Querétaro,Santiago de Querétaro,20.586349,-100.382801
Jitomate,1 Kg. Granel. Saladette/huaje o Tomate Saladette/huaje,S/M,Hortalizas Frescas,Pacic,49,13/05/2026,Hipermercado Soriana,Supermercado / Tienda de Autoservicio,Soriana Hiper Sucursal Consulado (418),Río Consulado 2355. Esq. Carlos Marx. Col. Simon Bolivar. Cp. 15410,Ciudad de México,Venustiano Carranza,19.449572,-99.100376
Jitomate,1 Kg. Granel. Saladette/huaje o Tomate Saladette/huaje,S/M,Hortalizas Frescas,Pacic,49,14/05/2026,La Comer,Supermercado / Tienda de Autoservicio,Lacomer Sucursal Queretaro Estadio,Luis M. Vega y Monroy 1300. Esq.cimataRío . Col. CimataRío. Cp. 76090,Querétaro,Santiago de Querétaro,20.577804,-100.373626
Jitomate,1 Kg. Granel. Saladette/huaje o Tomate Saladette/huaje,S/M,Hortalizas Frescas,Pacic,49.5,06/05/2026,Chedraui,Supermercado / Tienda de Autoservicio,Chedraui Sucursal Centro Sur,Blvd. Bernardo Quintana 502. Carr. con Direccion a Centro Civico. Col. Centro Sur. Cp. 76087,Querétaro,Santiago de Querétaro,20.569354,-100.358831
Jitomate,1 Kg. Granel. Saladette/huaje o Tomate Saladette/huaje,S/M,Hortalizas Frescas,Pacic,54.6,04/05/2026,Hipermercado Soriana,Supermercado / Tienda de Autoservicio,Soriana Hiper Sucursal Cimatario,Ctra. a Huimilpan 1001. Int. del Centro Comercial Plaza del Sol. Col. Plazas del Sol. Iii Sección. Cp. 76099,Querétaro,Santiago de Querétaro,20.563227,-100.375284
Jitomate,1 Kg. Granel. Saladette/huaje o Tomate Saladette/huaje,S/M,Hortalizas Frescas,Pacic,57,07/05/2026,Wal-mart,Supermercado / Tienda de Autoservicio,Walmart Sucursal Unidad Plaza de Toros,Autopista Querétaro Celaya 5501. Int. del Centro Comercial Plaza Esfera. Col. el Jacal. Cp. 76187,Querétaro,Santiago de Querétaro,20.574076,-100.408704
Jitomate,1 Kg. Granel. Saladette/huaje o Tomate Saladette/huaje,S/M,Hortalizas Frescas,Pacic,59,08/05/2026,Bodega Aurrera,Supermercado / Tienda de Autoservicio,Bodega Aurrera Sucursal Centro Constituyentes,Constituyentes Oriente 334. Entre Pasteur y Manuel Ponce. Col. MercuRío. Cp. 76040,Querétaro,Santiago de Querétaro,20.586349,-100.382801
Jitomate,1 Kg. Granel. Saladette/huaje o Tomate Saladette/huaje,S/M,Hortalizas Frescas,Pacic,59,12/05/2026,Wal-mart,Supermercado / Tienda de Autoservicio,Walmart Sucursal Unidad Plaza de Toros,Autopista Querétaro Celaya 5501. Int. del Centro Comercial Plaza Esfera. Col. el Jacal. Cp. 76187,Querétaro,Santiago de Querétaro,20.574076,-100.408704
Jitomate,1 Kg. Granel. Saladette/huaje o Tomate Saladette/huaje,S/M,Hortalizas Frescas,Pacic,59,13/05/2026,Wal-mart,Supermercado / Tienda de Autoservicio,Walmart Sucursal Aeropuerto,Calz. Ignacio Zaragoza 58. Esq. Blvd. Puerto Aereo. Col. Federal. Cp. 15700,Ciudad de México,Venustiano Carranza,19.41926,-99.094521
Jitomate,1 Kg. Granel. Saladette/huaje o Tomate Saladette/huaje,S/M,Hortalizas Frescas,Pacic,59,13/05/2026,Wal-mart,Supermercado / Tienda de Autoservicio,Walmart Sucursal Balbuena,Fray Servando Teresa de Mier 881. Entre Fernando Iglesia Calderon y Genaro Garcia. Col. Jardín Balbuena. Cp. 15900,Ciudad de México,Venustiano Carranza,19.418067,-99.105639
Jitomate,1 Kg. Granel. Saladette/huaje o Tomate Saladette/huaje,S/M,Hortalizas Frescas,Pacic,59.9,07/05/2026,La Comer,Supermercado / Tienda de Autoservicio,Lacomer Sucursal Queretaro Estadio,Luis M. Vega y Monroy 1300. Esq.cimataRío . Col. CimataRío. Cp. 76090,Querétaro,Santiago de Querétaro,20.577804,-100.373626
Jugo de Fruta,Caja 946 Ml. Soya y Mango,Ades,Refrescos Envasados,Basicos,30,07/05/2026,Wal-mart,Supermercado / Tienda de Autoservicio,Walmart Sucursal Balbuena,Fray Servando Teresa de Mier 881. Entre Fernando Iglesia Calderon y Genaro Garcia. Col. Jardín Balbuena. Cp. 15900,Ciudad de México,Venustiano Carranza,19.418067,-99.105639
Ketoconazol,Caja con Tubo con 40 Gr. Crema 2%,S/M,Medicamentos,Medicamentos,102,12/05/2026,Farmacias del Ahorro,Farmacias,Farmacias del Ahorro Sucursal Queretaro,Constituyentes Pte. 46. Entre Fernando de Tapia y Melchor Ocampo. Col. Centro. Cp. 76000,Querétaro,Santiago de Querétaro,20.584013,-100.394346
Kiwi,1 Kg. Granel,S/M,Frutas Frescas,Frutas y Legumbres,98,06/05/2026,Chedraui,Supermercado / Tienda de Autoservicio,Chedraui Sucursal Centro Sur,Blvd. Bernardo Quintana 502. Carr. con Direccion a Centro Civico. Col. Centro Sur. Cp. 76087,Querétaro,Santiago de Querétaro,20.569354,-100.358831
Lancetas,Caja con 100 Piezas,Benesta,Arts. para el Cuidado Personal,Medicamentos,121.9,14/05/2026,Benavides,Farmacias,Farmacia Benavides Sucursal Isla de Montecristo,Av. del Parque 401. Esq. Calle Isla de Montecristo. Col. Lindavista. Cp. 76070,Querétaro,Santiago de Querétaro,20.568451,-100.380021
Lantus. Insulina Glargina,Caja con 1 Frasco Ámpula con 10 Ml. de Solución Inyectable 100 Ui/3.64 Mg.,S/M,Medicamentos,Medicamentos,2361,12/05/2026,Farmacias del Ahorro,Farmacias,Farmacias del Ahorro Sucursal Queretaro,Constituyentes Pte. 46. Entre Fernando de Tapia y Melchor Ocampo. Col. Centro. Cp. 76000,Querétaro,Santiago de Querétaro,20.584013,-100.394346
Lavadoras,8 Mwtw 2224 Mpm1. 22 Kg. Agitador. Centrifugado. Color Blanco,Whirlpool,Aparatos Eléctricos,Electrodomesticos,10799,14/05/2026,Elektra,Tienda de Electrodomésticos,Elektra Sucursal Mega Cimatario (4118),Av. del Parque 403. Int. Plaza Mega CimataRío. Col. Plazas del Sol. Cp. 76099,Querétaro,Santiago de Querétaro,20.567243,-100.378772
Lavadoras,Wd 20 T 6000 Gw o Wd 20 T 6000 Gw/ax. 20 Kg. Tambor. Centrifugado y Secado. Color Blanco,Samsung,Aparatos Eléctricos,Electrodomesticos,18499,04/05/2026,Coppel,Tienda de Electrodomésticos,Coppel Sucursal Cimatario (233),Del Parque 1001. Int. del Centro Comercial Plaza del Sol. Col. Plazas del Sol. Iii Sección. Cp. 76099,Querétaro,Santiago de Querétaro,20.564142,-100.374792
Leche Pasteurizada,Caja 1 Lt. Parcialmente Descremada. Baja en Grasa. Light,Lala,Leche Fresca,Basicos,31.5,08/05/2026,Superissste,Supermercado / Tienda de Autoservicio,Superissste Sucursal 022,Av. del Taller y Retorno No. 38 Dentro del Retorno 38. Col. Jardín Balbuena. Cp. 15900,Ciudad de México,Venustiano Carranza,19.412842,-99.105666
Leche Ultrapasteurizada,Bolsa 1 Lt. Entera,Valley Foods,Leche Procesada,Pacic,14.9,04/05/2026,Hipermercado Soriana,Supermercado / Tienda de Autoservicio,Soriana Hiper Sucursal Cimatario,Ctra. a Huimilpan 1001. Int. del Centro Comercial Plaza del Sol. Col. Plazas del Sol. Iii Sección. Cp. 76099,Querétaro,Santiago de Querétaro,20.563227,-100.375284
Leche Ultrapasteurizada,Bolsa 1 Lt. Entera,Valley Foods,Leche Procesada,Pacic,14.9,13/05/2026,Hipermercado Soriana,Supermercado / Tienda de Autoservicio,Soriana Hiper Sucursal Consulado (418),Río Consulado 2355. Esq. Carlos Marx. Col. Simon Bolivar. Cp. 15410,Ciudad de México,Venustiano Carranza,19.449572,-99.100376
Leche Ultrapasteurizada,Caja 1 Lt. Entera,Araceli,Leche Procesada,Pacic,28,07/05/2026,Wal-mart,Supermercado / Tienda de Autoservicio,Walmart Sucursal Unidad Plaza de Toros,Autopista Querétaro Celaya 5501. Int. del Centro Comercial Plaza Esfera. Col. el Jacal. Cp. 76187,Querétaro,Santiago de Querétaro,20.574076,-100.408704
Leche Ultrapasteurizada,Caja 1 Lt. Entera,Araceli,Leche Procesada,Pacic,28,12/05/2026,Wal-mart,Supermercado / Tienda de Autoservicio,Walmart Sucursal Unidad Plaza de Toros,Autopista Querétaro Celaya 5501. Int. del Centro Comercial Plaza Esfera. Col. el Jacal. Cp. 76187,Querétaro,Santiago de Querétaro,20.574076,-100.408704
Leche Ultrapasteurizada,Caja 1 Lt. Entera,Araceli,Leche Procesada,Pacic,30,08/05/2026,Bodega Aurrera,Supermercado / Tienda de Autoservicio,Bodega Aurrera Sucursal Centro Constituyentes,Constituyentes Oriente 334. Entre Pasteur y Manuel Ponce. Col. MercuRío. Cp. 76040,Querétaro,Santiago de Querétaro,20.586349,-100.382801
Leche Ultrapasteurizada,Caja 1 Lt. Entera,Araceli,Leche Procesada,Pacic,30,15/05/2026,Bodega Aurrera,Supermercado / Tienda de Autoservicio,Bodega Aurrera Sucursal Centro Constituyentes,Constituyentes Oriente 334. Entre Pasteur y Manuel Ponce. Col. MercuRío. Cp. 76040,Querétaro,Santiago de Querétaro,20.586349,-100.382801
Leche Ultrapasteurizada,Caja 1 Lt. Entera,Lala,Leche Procesada,Basicos,30,07/05/2026,Bodega Aurrera,Supermercado / Tienda de Autoservicio,Bodega Aurrera Sucursal la Viga,Calz. de la Viga 136 Esq. del Taller. Col. Lorenzo Boturini. Cp. 15820,Ciudad de México,Venustiano Carranza,19.414749,-99.127874
Leche Ultrapasteurizada,Caja 1 Lt. Entera,Lala,Leche Procesada,Basicos,30,07/05/2026,Wal-mart,Supermercado / Tienda de Autoservicio,Walmart Sucursal Balbuena,Fray Servando Teresa de Mier 881. Entre Fernando Iglesia Calderon y Genaro Garcia. Col. Jardín Balbuena. Cp. 15900,Ciudad de México,Venustiano Carranza,19.418067,-99.105639
Leche Ultrapasteurizada,Caja 1 Lt. Entera,Lala,Leche Procesada,Basicos,30,07/05/2026,Wal-mart,Supermercado / Tienda de Autoservicio,Walmart Sucursal Unidad Plaza de Toros,Autopista Querétaro Celaya 5501. Int. del Centro Comercial Plaza Esfera. Col. el Jacal. Cp. 76187,Querétaro,Santiago de Querétaro,20.574076,-100.408704
Leche Ultrapasteurizada,Caja 1 Lt. Entera,Lala,Leche Procesada,Basicos,30,08/05/2026,Bodega Aurrera,Supermercado / Tienda de Autoservicio,Bodega Aurrera Sucursal Centro Constituyentes,Constituyentes Oriente 334. Entre Pasteur y Manuel Ponce. Col. MercuRío. Cp. 76040,Querétaro,Santiago de Querétaro,20.586349,-100.382801
Leche Ultrapasteurizada,Caja 1 Lt. Entera,Lala,Leche Procesada,Basicos,30,12/05/2026,Wal-mart,Supermercado / Tienda de Autoservicio,Walmart Sucursal Unidad Plaza de Toros,Autopista Querétaro Celaya 5501. Int. del Centro Comercial Plaza Esfera. Col. el Jacal. Cp. 76187,Querétaro,Santiago de Querétaro,20.574076,-100.408704
Leche Ultrapasteurizada,Caja 1 Lt. Entera,Lala,Leche Procesada,Basicos,30,13/05/2026,Chedraui,Supermercado / Tienda de Autoservicio,Chedraui Sucursal Centro Sur,Blvd. Bernardo Quintana 502. Carr. con Direccion a Centro Civico. Col. Centro Sur. Cp. 76087,Querétaro,Santiago de Querétaro,20.569354,-100.358831
Leche Ultrapasteurizada,Caja 1 Lt. Entera,Lala,Leche Procesada,Basicos,30,13/05/2026,Wal-mart,Supermercado / Tienda de Autoservicio,Walmart Sucursal Aeropuerto,Calz. Ignacio Zaragoza 58. Esq. Blvd. Puerto Aereo. Col. Federal. Cp. 15700,Ciudad de México,Venustiano Carranza,19.41926,-99.094521
Leche Ultrapasteurizada,Caja 1 Lt. Entera,Lala,Leche Procesada,Basicos,30,13/05/2026,Wal-mart,Supermercado / Tienda de Autoservicio,Walmart Sucursal Balbuena,Fray Servando Teresa de Mier 881. Entre Fernando Iglesia Calderon y Genaro Garcia. Col. Jardín Balbuena. Cp. 15900,Ciudad de México,Venustiano Carranza,19.418067,-99.105639
Leche Ultrapasteurizada,Caja 1 Lt. Entera,Lala,Leche Procesada,Basicos,30,15/05/2026,Bodega Aurrera,Supermercado / Tienda de Autoservicio,Bodega Aurrera Sucursal Centro Constituyentes,Constituyentes Oriente 334. Entre Pasteur y Manuel Ponce. Col. MercuRío. Cp. 76040,Querétaro,Santiago de Querétaro,20.586349,-100.382801
Leche Ultrapasteurizada,Caja 1 Lt. Entera,Lala,Leche Procesada,Basicos,31.9,04/05/2026,Hipermercado Soriana,Supermercado / Tienda de Autoservicio,Soriana Hiper Sucursal Cimatario,Ctra. a Huimilpan 1001. Int. del Centro Comercial Plaza del Sol. Col. Plazas del Sol. Iii Sección. Cp. 76099,Querétaro,Santiago de Querétaro,20.563227,-100.375284
Leche Ultrapasteurizada,Caja 1 Lt. Entera,Lala,Leche Procesada,Basicos,31.9,13/05/2026,Hipermercado Soriana,Supermercado / Tienda de Autoservicio,Soriana Hiper Sucursal Cimatario,Ctra. a Huimilpan 1001. Int. del Centro Comercial Plaza del Sol. Col. Plazas del Sol. Iii Sección. Cp. 76099,Querétaro,Santiago de Querétaro,20.563227,-100.375284
Leche Ultrapasteurizada,Caja 1 Lt. Entera,Lala,Leche Procesada,Basicos,32,07/05/2026,La Comer,Supermercado / Tienda de Autoservicio,Lacomer Sucursal Queretaro Estadio,Luis M. Vega y Monroy 1300. Esq.cimataRío . Col. CimataRío. Cp. 76090,Querétaro,Santiago de Querétaro,20.577804,-100.373626
Leche Ultrapasteurizada,Caja 1 Lt. Entera,Lala,Leche Procesada,Basicos,32.9,13/05/2026,Hipermercado Soriana,Supermercado / Tienda de Autoservicio,Soriana Hiper Sucursal Consulado (418),Río Consulado 2355. Esq. Carlos Marx. Col. Simon Bolivar. Cp. 15410,Ciudad de México,Venustiano Carranza,19.449572,-99.100376
Leche Ultrapasteurizada,Caja 1 Lt. Entera,Lala,Leche Procesada,Basicos,33,14/05/2026,La Comer,Supermercado / Tienda de Autoservicio,Lacomer Sucursal Queretaro Estadio,Luis M. Vega y Monroy 1300. Esq.cimataRío . Col. CimataRío. Cp. 76090,Querétaro,Santiago de Querétaro,20.577804,-100.373626
Leche Ultrapasteurizada,Caja 1 Lt. Entera,Lala,Leche Procesada,Basicos,34.5,01/05/2026,Superissste,Supermercado / Tienda de Autoservicio,Superissste Sucursal 011,Calle Peluqueros No. 310 Esquina Calle Tizayuca. Col. Michoacána. Cp. 15240,Ciudad de México,Venustiano Carranza,19.446139,-99.113372
Leche Ultrapasteurizada,Caja 1 Lt. Entera,Lala,Leche Procesada,Basicos,34.5,01/05/2026,Superissste,Supermercado / Tienda de Autoservicio,Superissste Sucursal 022,Av. del Taller y Retorno No. 38 Dentro del Retorno 38. Col. Jardín Balbuena. Cp. 15900,Ciudad de México,Venustiano Carranza,19.412842,-99.105666
Leche Ultrapasteurizada,Caja 1 Lt. Entera,Lala,Leche Procesada,Basicos,34.5,08/05/2026,Superissste,Supermercado / Tienda de Autoservicio,Superissste Sucursal 011,Calle Peluqueros No. 310 Esquina Calle Tizayuca. Col. Michoacána. Cp. 15240,Ciudad de México,Venustiano Carranza,19.446139,-99.113372
Leche Ultrapasteurizada,Caja 1 Lt. Entera,Lala,Leche Procesada,Basicos,34.5,08/05/2026,Superissste,Supermercado / Tienda de Autoservicio,Superissste Sucursal 022,Av. del Taller y Retorno No. 38 Dentro del Retorno 38. Col. Jardín Balbuena. Cp. 15900,Ciudad de México,Venustiano Carranza,19.412842,-99.105666
Leche Ultrapasteurizada,Caja 1 Lt. Entera,Lala,Leche Procesada,Basicos,34.5,15/05/2026,Superissste,Supermercado / Tienda de Autoservicio,Superissste Sucursal 011,Calle Peluqueros No. 310 Esquina Calle Tizayuca. Col. Michoacána. Cp. 15240,Ciudad de México,Venustiano Carranza,19.446139,-99.113372
Leche Ultrapasteurizada,Caja 1 Lt. Entera,Lala,Leche Procesada,Basicos,34.5,15/05/2026,Superissste,Supermercado / Tienda de Autoservicio,Superissste Sucursal 022,Av. del Taller y Retorno No. 38 Dentro del Retorno 38. Col. Jardín Balbuena. Cp. 15900,Ciudad de México,Venustiano Carranza,19.412842,-99.105666
Leche Ultrapasteurizada,Caja 1 Lt. Entera,Lala,Leche Procesada,Basicos,38,13/05/2026,Chedraui,Supermercado / Tienda de Autoservicio,Chedraui Sucursal Anfora,Anfora 71. Esq. Eje 1 Norte. Col. Madero. Cp. 15320,Ciudad de México,Venustiano Carranza,19.437353,-99.110088
Leche Ultrapasteurizada,Caja 1 Lt. Entera,Lala,Leche Procesada,Basicos,39,12/05/2026,Oxxo,Tienda de Conveniencia,Oxxo Sucursal Corregidora 50 Cr,Circuito Moises Solana No. 128. Esq. Gertrudis Bocanegra. Col. Burocratas. Cp. 76070,Querétaro,Santiago de Querétaro,20.57462,-100.384232
Leche Ultrapasteurizada,Caja 1 Lt. Entera,Lala,Leche Procesada,Pacic,30,13/05/2026,Chedraui,Supermercado / Tienda de Autoservicio,Chedraui Sucursal Centro Sur,Blvd. Bernardo Quintana 502. Carr. con Direccion a Centro Civico. Col. Centro Sur. Cp. 76087,Querétaro,Santiago de Querétaro,20.569354,-100.358831
Leche Ultrapasteurizada,Caja 1 Lt. Entera,Lala,Leche Procesada,Pacic,38,13/05/2026,Chedraui,Supermercado / Tienda de Autoservicio,Chedraui Sucursal Anfora,Anfora 71. Esq. Eje 1 Norte. Col. Madero. Cp. 15320,Ciudad de México,Venustiano Carranza,19.437353,-99.110088
Leche Ultrapasteurizada,Caja 1 Lt. Entera,San Marcos,Leche Procesada,Basicos,29.5,13/05/2026,Chedraui,Supermercado / Tienda de Autoservicio,Chedraui Sucursal Anfora,Anfora 71. Esq. Eje 1 Norte. Col. Madero. Cp. 15320,Ciudad de México,Venustiano Carranza,19.437353,-99.110088
Leche Ultrapasteurizada,Caja 1 Lt. Entera,San Marcos,Leche Procesada,Basicos,34,07/05/2026,Bodega Aurrera,Supermercado / Tienda de Autoservicio,Bodega Aurrera Sucursal la Viga,Calz. de la Viga 136 Esq. del Taller. Col. Lorenzo Boturini. Cp. 15820,Ciudad de México,Venustiano Carranza,19.414749,-99.127874
Leche Ultrapasteurizada,Caja 1 Lt. Entera,San Marcos,Leche Procesada,Basicos,34,07/05/2026,Wal-mart,Supermercado / Tienda de Autoservicio,Walmart Sucursal Unidad Plaza de Toros,Autopista Querétaro Celaya 5501. Int. del Centro Comercial Plaza Esfera. Col. el Jacal. Cp. 76187,Querétaro,Santiago de Querétaro,20.574076,-100.408704
Leche Ultrapasteurizada,Caja 1 Lt. Entera,San Marcos,Leche Procesada,Basicos,34,12/05/2026,Wal-mart,Supermercado / Tienda de Autoservicio,Walmart Sucursal Unidad Plaza de Toros,Autopista Querétaro Celaya 5501. Int. del Centro Comercial Plaza Esfera. Col. el Jacal. Cp. 76187,Querétaro,Santiago de Querétaro,20.574076,-100.408704
Leche Ultrapasteurizada,Caja 1 Lt. Entera,San Marcos,Leche Procesada,Basicos,34,13/05/2026,Bodega Aurrera,Supermercado / Tienda de Autoservicio,Bodega Aurrera Sucursal la Viga,Calz. de la Viga 136 Esq. del Taller. Col. Lorenzo Boturini. Cp. 15820,Ciudad de México,Venustiano Carranza,19.414749,-99.127874
Leche Ultrapasteurizada,Caja 1 Lt. Entera,San Marcos,Leche Procesada,Basicos,35,06/05/2026,Chedraui,Supermercado / Tienda de Autoservicio,Chedraui Sucursal Centro Sur,Blvd. Bernardo Quintana 502. Carr. con Direccion a Centro Civico. Col. Centro Sur. Cp. 76087,Querétaro,Santiago de Querétaro,20.569354,-100.358831
Leche Ultrapasteurizada,Caja 1 Lt. Entera,San Marcos,Leche Procesada,Basicos,35,07/05/2026,La Comer,Supermercado / Tienda de Autoservicio,Lacomer Sucursal Queretaro Estadio,Luis M. Vega y Monroy 1300. Esq.cimataRío . Col. CimataRío. Cp. 76090,Querétaro,Santiago de Querétaro,20.577804,-100.373626
Leche Ultrapasteurizada,Caja 1 Lt. Entera,San Marcos,Leche Procesada,Basicos,35,13/05/2026,Chedraui,Supermercado / Tienda de Autoservicio,Chedraui Sucursal Centro Sur,Blvd. Bernardo Quintana 502. Carr. con Direccion a Centro Civico. Col. Centro Sur. Cp. 76087,Querétaro,Santiago de Querétaro,20.569354,-100.358831
Leche Ultrapasteurizada,Caja 1 Lt. Entera,San Marcos,Leche Procesada,Basicos,35,14/05/2026,La Comer,Supermercado / Tienda de Autoservicio,Lacomer Sucursal Queretaro Estadio,Luis M. Vega y Monroy 1300. Esq.cimataRío . Col. CimataRío. Cp. 76090,Querétaro,Santiago de Querétaro,20.577804,-100.373626
Leche Ultrapasteurizada,Caja 1 Lt. Entera,San Marcos,Leche Procesada,Basicos,36.5,04/05/2026,Hipermercado Soriana,Supermercado / Tienda de Autoservicio,Soriana Hiper Sucursal Cimatario,Ctra. a Huimilpan 1001. Int. del Centro Comercial Plaza del Sol. Col. Plazas del Sol. Iii Sección. Cp. 76099,Querétaro,Santiago de Querétaro,20.563227,-100.375284
Leche Ultrapasteurizada,Caja 1 Lt. Entera,San Marcos,Leche Procesada,Basicos,36.5,13/05/2026,Hipermercado Soriana,Supermercado / Tienda de Autoservicio,Soriana Hiper Sucursal Consulado (418),Río Consulado 2355. Esq. Carlos Marx. Col. Simon Bolivar. Cp. 15410,Ciudad de México,Venustiano Carranza,19.449572,-99.100376
Leche Ultrapasteurizada,Caja 1 Lt. Entera,San Marcos,Leche Procesada,Pacic,34,07/05/2026,Bodega Aurrera,Supermercado / Tienda de Autoservicio,Bodega Aurrera Sucursal la Viga,Calz. de la Viga 136 Esq. del Taller. Col. Lorenzo Boturini. Cp. 15820,Ciudad de México,Venustiano Carranza,19.414749,-99.127874
Leche Ultrapasteurizada,Caja 1 Lt. Entera,San Marcos,Leche Procesada,Pacic,34,07/05/2026,Wal-mart,Supermercado / Tienda de Autoservicio,Walmart Sucursal Unidad Plaza de Toros,Autopista Querétaro Celaya 5501. Int. del Centro Comercial Plaza Esfera. Col. el Jacal. Cp. 76187,Querétaro,Santiago de Querétaro,20.574076,-100.408704
Leche Ultrapasteurizada,Caja 1 Lt. Entera,San Marcos,Leche Procesada,Pacic,34,12/05/2026,Wal-mart,Supermercado / Tienda de Autoservicio,Walmart Sucursal Unidad Plaza de Toros,Autopista Querétaro Celaya 5501. Int. del Centro Comercial Plaza Esfera. Col. el Jacal. Cp. 76187,Querétaro,Santiago de Querétaro,20.574076,-100.408704
Leche Ultrapasteurizada,Caja 1 Lt. Entera,San Marcos,Leche Procesada,Pacic,34,13/05/2026,Bodega Aurrera,Supermercado / Tienda de Autoservicio,Bodega Aurrera Sucursal la Viga,Calz. de la Viga 136 Esq. del Taller. Col. Lorenzo Boturini. Cp. 15820,Ciudad de México,Venustiano Carranza,19.414749,-99.127874
Leche Ultrapasteurizada,Caja 1 Lt. Entera,Santa Clara,Leche Procesada,Basicos,30,07/05/2026,Bodega Aurrera,Supermercado / Tienda de Autoservicio,Bodega Aurrera Sucursal la Viga,Calz. de la Viga 136 Esq. del Taller. Col. Lorenzo Boturini. Cp. 15820,Ciudad de México,Venustiano Carranza,19.414749,-99.127874
Leche Ultrapasteurizada,Caja 1 Lt. Entera,Santa Clara,Leche Procesada,Basicos,30,15/05/2026,Bodega Aurrera,Supermercado / Tienda de Autoservicio,Bodega Aurrera Sucursal Centro Constituyentes,Constituyentes Oriente 334. Entre Pasteur y Manuel Ponce. Col. MercuRío. Cp. 76040,Querétaro,Santiago de Querétaro,20.586349,-100.382801
Leche Ultrapasteurizada,Caja 1 Lt. Entera,Santa Clara,Leche Procesada,Basicos,30.5,13/05/2026,Chedraui,Supermercado / Tienda de Autoservicio,Chedraui Sucursal Anfora,Anfora 71. Esq. Eje 1 Norte. Col. Madero. Cp. 15320,Ciudad de México,Venustiano Carranza,19.437353,-99.110088
Leche Ultrapasteurizada,Caja 1 Lt. Entera,Santa Clara,Leche Procesada,Basicos,31,13/05/2026,Bodega Aurrera,Supermercado / Tienda de Autoservicio,Bodega Aurrera Sucursal la Viga,Calz. de la Viga 136 Esq. del Taller. Col. Lorenzo Boturini. Cp. 15820,Ciudad de México,Venustiano Carranza,19.414749,-99.127874
Leche Ultrapasteurizada,Caja 1 Lt. Entera,Santa Clara,Leche Procesada,Basicos,35,01/05/2026,Superissste,Supermercado / Tienda de Autoservicio,Superissste Sucursal 011,Calle Peluqueros No. 310 Esquina Calle Tizayuca. Col. Michoacána. Cp. 15240,Ciudad de México,Venustiano Carranza,19.446139,-99.113372
Leche Ultrapasteurizada,Caja 1 Lt. Entera,Santa Clara,Leche Procesada,Basicos,35,01/05/2026,Superissste,Supermercado / Tienda de Autoservicio,Superissste Sucursal 022,Av. del Taller y Retorno No. 38 Dentro del Retorno 38. Col. Jardín Balbuena. Cp. 15900,Ciudad de México,Venustiano Carranza,19.412842,-99.105666
Leche Ultrapasteurizada,Caja 1 Lt. Entera,Santa Clara,Leche Procesada,Basicos,35,08/05/2026,Bodega Aurrera,Supermercado / Tienda de Autoservicio,Bodega Aurrera Sucursal Centro Constituyentes,Constituyentes Oriente 334. Entre Pasteur y Manuel Ponce. Col. MercuRío. Cp. 76040,Querétaro,Santiago de Querétaro,20.586349,-100.382801
Leche Ultrapasteurizada,Caja 1 Lt. Entera,Santa Clara,Leche Procesada,Basicos,35,08/05/2026,Superissste,Supermercado / Tienda de Autoservicio,Superissste Sucursal 011,Calle Peluqueros No. 310 Esquina Calle Tizayuca. Col. Michoacána. Cp. 15240,Ciudad de México,Venustiano Carranza,19.446139,-99.113372
Leche Ultrapasteurizada,Caja 1 Lt. Entera,Santa Clara,Leche Procesada,Basicos,35,08/05/2026,Superissste,Supermercado / Tienda de Autoservicio,Superissste Sucursal 022,Av. del Taller y Retorno No. 38 Dentro del Retorno 38. Col. Jardín Balbuena. Cp. 15900,Ciudad de México,Venustiano Carranza,19.412842,-99.105666
Leche Ultrapasteurizada,Caja 1 Lt. Entera,Santa Clara,Leche Procesada,Basicos,35,15/05/2026,Superissste,Supermercado / Tienda de Autoservicio,Superissste Sucursal 011,Calle Peluqueros No. 310 Esquina Calle Tizayuca. Col. Michoacána. Cp. 15240,Ciudad de México,Venustiano Carranza,19.446139,-99.113372
Leche Ultrapasteurizada,Caja 1 Lt. Entera,Santa Clara,Leche Procesada,Basicos,35,15/05/2026,Superissste,Supermercado / Tienda de Autoservicio,Superissste Sucursal 022,Av. del Taller y Retorno No. 38 Dentro del Retorno 38. Col. Jardín Balbuena. Cp. 15900,Ciudad de México,Venustiano Carranza,19.412842,-99.105666
Leche Ultrapasteurizada,Caja 1 Lt. Entera,Santa Clara,Leche Procesada,Basicos,36.9,04/05/2026,Hipermercado Soriana,Supermercado / Tienda de Autoservicio,Soriana Hiper Sucursal Cimatario,Ctra. a Huimilpan 1001. Int. del Centro Comercial Plaza del Sol. Col. Plazas del Sol. Iii Sección. Cp. 76099,Querétaro,Santiago de Querétaro,20.563227,-100.375284
Leche Ultrapasteurizada,Caja 1 Lt. Entera,Santa Clara,Leche Procesada,Basicos,36.9,13/05/2026,Hipermercado Soriana,Supermercado / Tienda de Autoservicio,Soriana Hiper Sucursal Cimatario,Ctra. a Huimilpan 1001. Int. del Centro Comercial Plaza del Sol. Col. Plazas del Sol. Iii Sección. Cp. 76099,Querétaro,Santiago de Querétaro,20.563227,-100.375284
Leche Ultrapasteurizada,Caja 1 Lt. Entera,Santa Clara,Leche Procesada,Basicos,36.9,13/05/2026,Hipermercado Soriana,Supermercado / Tienda de Autoservicio,Soriana Hiper Sucursal Consulado (418),Río Consulado 2355. Esq. Carlos Marx. Col. Simon Bolivar. Cp. 15410,Ciudad de México,Venustiano Carranza,19.449572,-99.100376
Leche Ultrapasteurizada,Caja 1 Lt. Entera,Santa Clara,Leche Procesada,Basicos,37,06/05/2026,Chedraui,Supermercado / Tienda de Autoservicio,Chedraui Sucursal Centro Sur,Blvd. Bernardo Quintana 502. Carr. con Direccion a Centro Civico. Col. Centro Sur. Cp. 76087,Querétaro,Santiago de Querétaro,20.569354,-100.358831
Leche Ultrapasteurizada,Caja 1 Lt. Entera,Santa Clara,Leche Procesada,Basicos,37,07/05/2026,Wal-mart,Supermercado / Tienda de Autoservicio,Walmart Sucursal Balbuena,Fray Servando Teresa de Mier 881. Entre Fernando Iglesia Calderon y Genaro Garcia. Col. Jardín Balbuena. Cp. 15900,Ciudad de México,Venustiano Carranza,19.418067,-99.105639
Leche Ultrapasteurizada,Caja 1 Lt. Entera,Santa Clara,Leche Procesada,Basicos,37,07/05/2026,Wal-mart,Supermercado / Tienda de Autoservicio,Walmart Sucursal Unidad Plaza de Toros,Autopista Querétaro Celaya 5501. Int. del Centro Comercial Plaza Esfera. Col. el Jacal. Cp. 76187,Querétaro,Santiago de Querétaro,20.574076,-100.408704
Leche Ultrapasteurizada,Caja 1 Lt. Entera,Santa Clara,Leche Procesada,Basicos,37,12/05/2026,Oxxo,Tienda de Conveniencia,Oxxo Sucursal Corregidora 50 Cr,Circuito Moises Solana No. 128. Esq. Gertrudis Bocanegra. Col. Burocratas. Cp. 76070,Querétaro,Santiago de Querétaro,20.57462,-100.384232
Leche Ultrapasteurizada,Caja 1 Lt. Entera,Santa Clara,Leche Procesada,Basicos,37,12/05/2026,Wal-mart,Supermercado / Tienda de Autoservicio,Walmart Sucursal Unidad Plaza de Toros,Autopista Querétaro Celaya 5501. Int. del Centro Comercial Plaza Esfera. Col. el Jacal. Cp. 76187,Querétaro,Santiago de Querétaro,20.574076,-100.408704
Leche Ultrapasteurizada,Caja 1 Lt. Entera,Santa Clara,Leche Procesada,Basicos,37,13/05/2026,Chedraui,Supermercado / Tienda de Autoservicio,Chedraui Sucursal Centro Sur,Blvd. Bernardo Quintana 502. Carr. con Direccion a Centro Civico. Col. Centro Sur. Cp. 76087,Querétaro,Santiago de Querétaro,20.569354,-100.358831
Leche Ultrapasteurizada,Caja 1 Lt. Entera,Santa Clara,Leche Procesada,Basicos,37,13/05/2026,Wal-mart,Supermercado / Tienda de Autoservicio,Walmart Sucursal Aeropuerto,Calz. Ignacio Zaragoza 58. Esq. Blvd. Puerto Aereo. Col. Federal. Cp. 15700,Ciudad de México,Venustiano Carranza,19.41926,-99.094521
Leche Ultrapasteurizada,Caja 1 Lt. Entera,Santa Clara,Leche Procesada,Basicos,37,13/05/2026,Wal-mart,Supermercado / Tienda de Autoservicio,Walmart Sucursal Balbuena,Fray Servando Teresa de Mier 881. Entre Fernando Iglesia Calderon y Genaro Garcia. Col. Jardín Balbuena. Cp. 15900,Ciudad de México,Venustiano Carranza,19.418067,-99.105639
Leche Ultrapasteurizada,Caja 1 Lt. Entera,Santa Clara,Leche Procesada,Basicos,37.5,14/05/2026,La Comer,Supermercado / Tienda de Autoservicio,Lacomer Sucursal Queretaro Estadio,Luis M. Vega y Monroy 1300. Esq.cimataRío . Col. CimataRío. Cp. 76090,Querétaro,Santiago de Querétaro,20.577804,-100.373626
Leche Ultrapasteurizada,Caja 1 Lt. Entera,Santa Clara,Leche Procesada,Basicos,38,07/05/2026,La Comer,Supermercado / Tienda de Autoservicio,Lacomer Sucursal Queretaro Estadio,Luis M. Vega y Monroy 1300. Esq.cimataRío . Col. CimataRío. Cp. 76090,Querétaro,Santiago de Querétaro,20.577804,-100.373626
Leche Ultrapasteurizada,Caja 1 Lt. Entera,Santa Clara,Leche Procesada,Pacic,30,07/05/2026,Bodega Aurrera,Supermercado / Tienda de Autoservicio,Bodega Aurrera Sucursal la Viga,Calz. de la Viga 136 Esq. del Taller. Col. Lorenzo Boturini. Cp. 15820,Ciudad de México,Venustiano Carranza,19.414749,-99.127874
Leche Ultrapasteurizada,Caja 1 Lt. Entera,Santa Clara,Leche Procesada,Pacic,30,15/05/2026,Bodega Aurrera,Supermercado / Tienda de Autoservicio,Bodega Aurrera Sucursal Centro Constituyentes,Constituyentes Oriente 334. Entre Pasteur y Manuel Ponce. Col. MercuRío. Cp. 76040,Querétaro,Santiago de Querétaro,20.586349,-100.382801
Leche Ultrapasteurizada,Caja 1 Lt. Entera,Santa Clara,Leche Procesada,Pacic,31,13/05/2026,Bodega Aurrera,Supermercado / Tienda de Autoservicio,Bodega Aurrera Sucursal la Viga,Calz. de la Viga 136 Esq. del Taller. Col. Lorenzo Boturini. Cp. 15820,Ciudad de México,Venustiano Carranza,19.414749,-99.127874
Leche Ultrapasteurizada,Caja 1 Lt. Entera,Santa Clara,Leche Procesada,Pacic,35,08/05/2026,Bodega Aurrera,Supermercado / Tienda de Autoservicio,Bodega Aurrera Sucursal Centro Constituyentes,Constituyentes Oriente 334. Entre Pasteur y Manuel Ponce. Col. MercuRío. Cp. 76040,Querétaro,Santiago de Querétaro,20.586349,-100.382801
Leche Ultrapasteurizada,Caja 1 Lt. Entera,Santa Clara,Leche Procesada,Pacic,37,07/05/2026,Wal-mart,Supermercado / Tienda de Autoservicio,Walmart Sucursal Balbuena,Fray Servando Teresa de Mier 881. Entre Fernando Iglesia Calderon y Genaro Garcia. Col. Jardín Balbuena. Cp. 15900,Ciudad de México,Venustiano Carranza,19.418067,-99.105639
Leche Ultrapasteurizada,Caja 1 Lt. Entera,Santa Clara,Leche Procesada,Pacic,37,07/05/2026,Wal-mart,Supermercado / Tienda de Autoservicio,Walmart Sucursal Unidad Plaza de Toros,Autopista Querétaro Celaya 5501. Int. del Centro Comercial Plaza Esfera. Col. el Jacal. Cp. 76187,Querétaro,Santiago de Querétaro,20.574076,-100.408704
Leche Ultrapasteurizada,Caja 1 Lt. Entera,Santa Clara,Leche Procesada,Pacic,37,12/05/2026,Wal-mart,Supermercado / Tienda de Autoservicio,Walmart Sucursal Unidad Plaza de Toros,Autopista Querétaro Celaya 5501. Int. del Centro Comercial Plaza Esfera. Col. el Jacal. Cp. 76187,Querétaro,Santiago de Querétaro,20.574076,-100.408704
Leche Ultrapasteurizada,Caja 1 Lt. Entera,Santa Clara,Leche Procesada,Pacic,37,13/05/2026,Wal-mart,Supermercado / Tienda de Autoservicio,Walmart Sucursal Aeropuerto,Calz. Ignacio Zaragoza 58. Esq. Blvd. Puerto Aereo. Col. Federal. Cp. 15700,Ciudad de México,Venustiano Carranza,19.41926,-99.094521
Leche Ultrapasteurizada,Caja 1 Lt. Entera,Santa Clara,Leche Procesada,Pacic,37,13/05/2026,Wal-mart,Supermercado / Tienda de Autoservicio,Walmart Sucursal Balbuena,Fray Servando Teresa de Mier 881. Entre Fernando Iglesia Calderon y Genaro Garcia. Col. Jardín Balbuena. Cp. 15900,Ciudad de México,Venustiano Carranza,19.418067,-99.105639
Leche Ultrapasteurizada,Caja 1 Lt. Entera,Selecto Brand,Leche Procesada,Pacic,18,06/05/2026,Chedraui,Supermercado / Tienda de Autoservicio,Chedraui Sucursal Centro Sur,Blvd. Bernardo Quintana 502. Carr. con Direccion a Centro Civico. Col. Centro Sur. Cp. 76087,Querétaro,Santiago de Querétaro,20.569354,-100.358831
Leche Ultrapasteurizada,Caja 1 Lt. Entera,Selecto Brand,Leche Procesada,Pacic,18,13/05/2026,Chedraui,Supermercado / Tienda de Autoservicio,Chedraui Sucursal Anfora,Anfora 71. Esq. Eje 1 Norte. Col. Madero. Cp. 15320,Ciudad de México,Venustiano Carranza,19.437353,-99.110088
Leche Ultrapasteurizada,Caja 1 Lt. Light,Santa Clara,Leche Procesada,Basicos,35,07/05/2026,Bodega Aurrera,Supermercado / Tienda de Autoservicio,Bodega Aurrera Sucursal la Viga,Calz. de la Viga 136 Esq. del Taller. Col. Lorenzo Boturini. Cp. 15820,Ciudad de México,Venustiano Carranza,19.414749,-99.127874
Leche Ultrapasteurizada,Caja 1 Lt. Light,Santa Clara,Leche Procesada,Basicos,35,08/05/2026,Bodega Aurrera,Supermercado / Tienda de Autoservicio,Bodega Aurrera Sucursal Centro Constituyentes,Constituyentes Oriente 334. Entre Pasteur y Manuel Ponce. Col. MercuRío. Cp. 76040,Querétaro,Santiago de Querétaro,20.586349,-100.382801
Leche Ultrapasteurizada,Caja 1 Lt. Light,Santa Clara,Leche Procesada,Basicos,35,13/05/2026,Bodega Aurrera,Supermercado / Tienda de Autoservicio,Bodega Aurrera Sucursal la Viga,Calz. de la Viga 136 Esq. del Taller. Col. Lorenzo Boturini. Cp. 15820,Ciudad de México,Venustiano Carranza,19.414749,-99.127874
Leche Ultrapasteurizada,Caja 1 Lt. Light,Santa Clara,Leche Procesada,Basicos,35,15/05/2026,Bodega Aurrera,Supermercado / Tienda de Autoservicio,Bodega Aurrera Sucursal Centro Constituyentes,Constituyentes Oriente 334. Entre Pasteur y Manuel Ponce. Col. MercuRío. Cp. 76040,Querétaro,Santiago de Querétaro,20.586349,-100.382801
Leche Ultrapasteurizada,Caja 1 Lt. Light,Santa Clara,Leche Procesada,Basicos,36.5,01/05/2026,Superissste,Supermercado / Tienda de Autoservicio,Superissste Sucursal 011,Calle Peluqueros No. 310 Esquina Calle Tizayuca. Col. Michoacána. Cp. 15240,Ciudad de México,Venustiano Carranza,19.446139,-99.113372
Leche Ultrapasteurizada,Caja 1 Lt. Light,Santa Clara,Leche Procesada,Basicos,36.5,01/05/2026,Superissste,Supermercado / Tienda de Autoservicio,Superissste Sucursal 022,Av. del Taller y Retorno No. 38 Dentro del Retorno 38. Col. Jardín Balbuena. Cp. 15900,Ciudad de México,Venustiano Carranza,19.412842,-99.105666
Leche Ultrapasteurizada,Caja 1 Lt. Light,Santa Clara,Leche Procesada,Basicos,36.5,08/05/2026,Superissste,Supermercado / Tienda de Autoservicio,Superissste Sucursal 011,Calle Peluqueros No. 310 Esquina Calle Tizayuca. Col. Michoacána. Cp. 15240,Ciudad de México,Venustiano Carranza,19.446139,-99.113372
Leche Ultrapasteurizada,Caja 1 Lt. Light,Santa Clara,Leche Procesada,Basicos,36.5,08/05/2026,Superissste,Supermercado / Tienda de Autoservicio,Superissste Sucursal 022,Av. del Taller y Retorno No. 38 Dentro del Retorno 38. Col. Jardín Balbuena. Cp. 15900,Ciudad de México,Venustiano Carranza,19.412842,-99.105666
Leche Ultrapasteurizada,Caja 1 Lt. Light,Santa Clara,Leche Procesada,Basicos,36.5,15/05/2026,Superissste,Supermercado / Tienda de Autoservicio,Superissste Sucursal 011,Calle Peluqueros No. 310 Esquina Calle Tizayuca. Col. Michoacána. Cp. 15240,Ciudad de México,Venustiano Carranza,19.446139,-99.113372
Leche Ultrapasteurizada,Caja 1 Lt. Light,Santa Clara,Leche Procesada,Basicos,36.5,15/05/2026,Superissste,Supermercado / Tienda de Autoservicio,Superissste Sucursal 022,Av. del Taller y Retorno No. 38 Dentro del Retorno 38. Col. Jardín Balbuena. Cp. 15900,Ciudad de México,Venustiano Carranza,19.412842,-99.105666
Leche Ultrapasteurizada,Caja 1 Lt. Light,Santa Clara,Leche Procesada,Basicos,37,06/05/2026,Chedraui,Supermercado / Tienda de Autoservicio,Chedraui Sucursal Centro Sur,Blvd. Bernardo Quintana 502. Carr. con Direccion a Centro Civico. Col. Centro Sur. Cp. 76087,Querétaro,Santiago de Querétaro,20.569354,-100.358831
Leche Ultrapasteurizada,Caja 1 Lt. Light,Santa Clara,Leche Procesada,Basicos,37,07/05/2026,Wal-mart,Supermercado / Tienda de Autoservicio,Walmart Sucursal Balbuena,Fray Servando Teresa de Mier 881. Entre Fernando Iglesia Calderon y Genaro Garcia. Col. Jardín Balbuena. Cp. 15900,Ciudad de México,Venustiano Carranza,19.418067,-99.105639
Leche Ultrapasteurizada,Caja 1 Lt. Light,Santa Clara,Leche Procesada,Basicos,37,07/05/2026,Wal-mart,Supermercado / Tienda de Autoservicio,Walmart Sucursal Unidad Plaza de Toros,Autopista Querétaro Celaya 5501. Int. del Centro Comercial Plaza Esfera. Col. el Jacal. Cp. 76187,Querétaro,Santiago de Querétaro,20.574076,-100.408704
Leche Ultrapasteurizada,Caja 1 Lt. Light,Santa Clara,Leche Procesada,Basicos,37,12/05/2026,Wal-mart,Supermercado / Tienda de Autoservicio,Walmart Sucursal Unidad Plaza de Toros,Autopista Querétaro Celaya 5501. Int. del Centro Comercial Plaza Esfera. Col. el Jacal. Cp. 76187,Querétaro,Santiago de Querétaro,20.574076,-100.408704
Leche Ultrapasteurizada,Caja 1 Lt. Light,Santa Clara,Leche Procesada,Basicos,37,13/05/2026,Chedraui,Supermercado / Tienda de Autoservicio,Chedraui Sucursal Centro Sur,Blvd. Bernardo Quintana 502. Carr. con Direccion a Centro Civico. Col. Centro Sur. Cp. 76087,Querétaro,Santiago de Querétaro,20.569354,-100.358831
Leche Ultrapasteurizada,Caja 1 Lt. Light,Santa Clara,Leche Procesada,Basicos,37,13/05/2026,Wal-mart,Supermercado / Tienda de Autoservicio,Walmart Sucursal Aeropuerto,Calz. Ignacio Zaragoza 58. Esq. Blvd. Puerto Aereo. Col. Federal. Cp. 15700,Ciudad de México,Venustiano Carranza,19.41926,-99.094521
Leche Ultrapasteurizada,Caja 1 Lt. Light,Santa Clara,Leche Procesada,Basicos,37,13/05/2026,Wal-mart,Supermercado / Tienda de Autoservicio,Walmart Sucursal Balbuena,Fray Servando Teresa de Mier 881. Entre Fernando Iglesia Calderon y Genaro Garcia. Col. Jardín Balbuena. Cp. 15900,Ciudad de México,Venustiano Carranza,19.418067,-99.105639
Leche Ultrapasteurizada,Caja 1 Lt. Light,Santa Clara,Leche Procesada,Basicos,37.5,14/05/2026,La Comer,Supermercado / Tienda de Autoservicio,Lacomer Sucursal Queretaro Estadio,Luis M. Vega y Monroy 1300. Esq.cimataRío . Col. CimataRío. Cp. 76090,Querétaro,Santiago de Querétaro,20.577804,-100.373626
Leche Ultrapasteurizada,Caja 1 Lt. Light,Santa Clara,Leche Procesada,Basicos,38,07/05/2026,La Comer,Supermercado / Tienda de Autoservicio,Lacomer Sucursal Queretaro Estadio,Luis M. Vega y Monroy 1300. Esq.cimataRío . Col. CimataRío. Cp. 76090,Querétaro,Santiago de Querétaro,20.577804,-100.373626
Leche Ultrapasteurizada,Caja 1 Lt. Light,Santa Clara,Leche Procesada,Basicos,38.5,04/05/2026,Hipermercado Soriana,Supermercado / Tienda de Autoservicio,Soriana Hiper Sucursal Cimatario,Ctra. a Huimilpan 1001. Int. del Centro Comercial Plaza del Sol. Col. Plazas del Sol. Iii Sección. Cp. 76099,Querétaro,Santiago de Querétaro,20.563227,-100.375284
Leche Ultrapasteurizada,Caja 1 Lt. Light,Santa Clara,Leche Procesada,Basicos,38.5,13/05/2026,Hipermercado Soriana,Supermercado / Tienda de Autoservicio,Soriana Hiper Sucursal Cimatario,Ctra. a Huimilpan 1001. Int. del Centro Comercial Plaza del Sol. Col. Plazas del Sol. Iii Sección. Cp. 76099,Querétaro,Santiago de Querétaro,20.563227,-100.375284
Leche Ultrapasteurizada,Caja 1 Lt. Light,Santa Clara,Leche Procesada,Basicos,38.5,13/05/2026,Hipermercado Soriana,Supermercado / Tienda de Autoservicio,Soriana Hiper Sucursal Consulado (418),Río Consulado 2355. Esq. Carlos Marx. Col. Simon Bolivar. Cp. 15410,Ciudad de México,Venustiano Carranza,19.449572,-99.100376
Leche Ultrapasteurizada,Caja 1 Lt. Parcialmente Descremada. Azul,Alpura. Clásica,Leche Procesada,Basicos,27,13/05/2026,Bodega Aurrera,Supermercado / Tienda de Autoservicio,Bodega Aurrera Sucursal la Viga,Calz. de la Viga 136 Esq. del Taller. Col. Lorenzo Boturini. Cp. 15820,Ciudad de México,Venustiano Carranza,19.414749,-99.127874
Leche Ultrapasteurizada,Caja 1 Lt. Parcialmente Descremada. Azul,Alpura. Clásica,Leche Procesada,Basicos,27,15/05/2026,Bodega Aurrera,Supermercado / Tienda de Autoservicio,Bodega Aurrera Sucursal Centro Constituyentes,Constituyentes Oriente 334. Entre Pasteur y Manuel Ponce. Col. MercuRío. Cp. 76040,Querétaro,Santiago de Querétaro,20.586349,-100.382801
Leche Ultrapasteurizada,Caja 1 Lt. Parcialmente Descremada. Azul,Alpura. Clásica,Leche Procesada,Basicos,30,01/05/2026,Superissste,Supermercado / Tienda de Autoservicio,Superissste Sucursal 011,Calle Peluqueros No. 310 Esquina Calle Tizayuca. Col. Michoacána. Cp. 15240,Ciudad de México,Venustiano Carranza,19.446139,-99.113372
Leche Ultrapasteurizada,Caja 1 Lt. Parcialmente Descremada. Azul,Alpura. Clásica,Leche Procesada,Basicos,30,01/05/2026,Superissste,Supermercado / Tienda de Autoservicio,Superissste Sucursal 022,Av. del Taller y Retorno No. 38 Dentro del Retorno 38. Col. Jardín Balbuena. Cp. 15900,Ciudad de México,Venustiano Carranza,19.412842,-99.105666
Leche Ultrapasteurizada,Caja 1 Lt. Parcialmente Descremada. Azul,Alpura. Clásica,Leche Procesada,Basicos,30,07/05/2026,Bodega Aurrera,Supermercado / Tienda de Autoservicio,Bodega Aurrera Sucursal la Viga,Calz. de la Viga 136 Esq. del Taller. Col. Lorenzo Boturini. Cp. 15820,Ciudad de México,Venustiano Carranza,19.414749,-99.127874
Leche Ultrapasteurizada,Caja 1 Lt. Parcialmente Descremada. Azul,Alpura. Clásica,Leche Procesada,Basicos,30,08/05/2026,Bodega Aurrera,Supermercado / Tienda de Autoservicio,Bodega Aurrera Sucursal Centro Constituyentes,Constituyentes Oriente 334. Entre Pasteur y Manuel Ponce. Col. MercuRío. Cp. 76040,Querétaro,Santiago de Querétaro,20.586349,-100.382801
Leche Ultrapasteurizada,Caja 1 Lt. Parcialmente Descremada. Azul,Alpura. Clásica,Leche Procesada,Basicos,30,08/05/2026,Superissste,Supermercado / Tienda de Autoservicio,Superissste Sucursal 011,Calle Peluqueros No. 310 Esquina Calle Tizayuca. Col. Michoacána. Cp. 15240,Ciudad de México,Venustiano Carranza,19.446139,-99.113372
Leche Ultrapasteurizada,Caja 1 Lt. Parcialmente Descremada. Azul,Alpura. Clásica,Leche Procesada,Basicos,30,08/05/2026,Superissste,Supermercado / Tienda de Autoservicio,Superissste Sucursal 022,Av. del Taller y Retorno No. 38 Dentro del Retorno 38. Col. Jardín Balbuena. Cp. 15900,Ciudad de México,Venustiano Carranza,19.412842,-99.105666
Leche Ultrapasteurizada,Caja 1 Lt. Parcialmente Descremada. Azul,Alpura. Clásica,Leche Procesada,Basicos,30,13/05/2026,Chedraui,Supermercado / Tienda de Autoservicio,Chedraui Sucursal Anfora,Anfora 71. Esq. Eje 1 Norte. Col. Madero. Cp. 15320,Ciudad de México,Venustiano Carranza,19.437353,-99.110088
Leche Ultrapasteurizada,Caja 1 Lt. Parcialmente Descremada. Azul,Alpura. Clásica,Leche Procesada,Basicos,30,15/05/2026,Superissste,Supermercado / Tienda de Autoservicio,Superissste Sucursal 011,Calle Peluqueros No. 310 Esquina Calle Tizayuca. Col. Michoacána. Cp. 15240,Ciudad de México,Venustiano Carranza,19.446139,-99.113372
Leche Ultrapasteurizada,Caja 1 Lt. Parcialmente Descremada. Azul,Alpura. Clásica,Leche Procesada,Basicos,30,15/05/2026,Superissste,Supermercado / Tienda de Autoservicio,Superissste Sucursal 022,Av. del Taller y Retorno No. 38 Dentro del Retorno 38. Col. Jardín Balbuena. Cp. 15900,Ciudad de México,Venustiano Carranza,19.412842,-99.105666
Leche Ultrapasteurizada,Caja 1 Lt. Parcialmente Descremada. Azul,Alpura. Clásica,Leche Procesada,Basicos,36,06/05/2026,Chedraui,Supermercado / Tienda de Autoservicio,Chedraui Sucursal Centro Sur,Blvd. Bernardo Quintana 502. Carr. con Direccion a Centro Civico. Col. Centro Sur. Cp. 76087,Querétaro,Santiago de Querétaro,20.569354,-100.358831
Leche Ultrapasteurizada,Caja 1 Lt. Parcialmente Descremada. Azul,Alpura. Clásica,Leche Procesada,Basicos,36,07/05/2026,Wal-mart,Supermercado / Tienda de Autoservicio,Walmart Sucursal Balbuena,Fray Servando Teresa de Mier 881. Entre Fernando Iglesia Calderon y Genaro Garcia. Col. Jardín Balbuena. Cp. 15900,Ciudad de México,Venustiano Carranza,19.418067,-99.105639
Leche Ultrapasteurizada,Caja 1 Lt. Parcialmente Descremada. Azul,Alpura. Clásica,Leche Procesada,Basicos,36,07/05/2026,Wal-mart,Supermercado / Tienda de Autoservicio,Walmart Sucursal Unidad Plaza de Toros,Autopista Querétaro Celaya 5501. Int. del Centro Comercial Plaza Esfera. Col. el Jacal. Cp. 76187,Querétaro,Santiago de Querétaro,20.574076,-100.408704
Leche Ultrapasteurizada,Caja 1 Lt. Parcialmente Descremada. Azul,Alpura. Clásica,Leche Procesada,Basicos,36,12/05/2026,Wal-mart,Supermercado / Tienda de Autoservicio,Walmart Sucursal Unidad Plaza de Toros,Autopista Querétaro Celaya 5501. Int. del Centro Comercial Plaza Esfera. Col. el Jacal. Cp. 76187,Querétaro,Santiago de Querétaro,20.574076,-100.408704
Leche Ultrapasteurizada,Caja 1 Lt. Parcialmente Descremada. Azul,Alpura. Clásica,Leche Procesada,Basicos,36,13/05/2026,Chedraui,Supermercado / Tienda de Autoservicio,Chedraui Sucursal Centro Sur,Blvd. Bernardo Quintana 502. Carr. con Direccion a Centro Civico. Col. Centro Sur. Cp. 76087,Querétaro,Santiago de Querétaro,20.569354,-100.358831
Leche Ultrapasteurizada,Caja 1 Lt. Parcialmente Descremada. Azul,Alpura. Clásica,Leche Procesada,Basicos,36,13/05/2026,Wal-mart,Supermercado / Tienda de Autoservicio,Walmart Sucursal Aeropuerto,Calz. Ignacio Zaragoza 58. Esq. Blvd. Puerto Aereo. Col. Federal. Cp. 15700,Ciudad de México,Venustiano Carranza,19.41926,-99.094521
Leche Ultrapasteurizada,Caja 1 Lt. Parcialmente Descremada. Azul,Alpura. Clásica,Leche Procesada,Basicos,36,13/05/2026,Wal-mart,Supermercado / Tienda de Autoservicio,Walmart Sucursal Balbuena,Fray Servando Teresa de Mier 881. Entre Fernando Iglesia Calderon y Genaro Garcia. Col. Jardín Balbuena. Cp. 15900,Ciudad de México,Venustiano Carranza,19.418067,-99.105639
Leche Ultrapasteurizada,Caja 1 Lt. Parcialmente Descremada. Azul,Alpura. Clásica,Leche Procesada,Basicos,37,07/05/2026,La Comer,Supermercado / Tienda de Autoservicio,Lacomer Sucursal Queretaro Estadio,Luis M. Vega y Monroy 1300. Esq.cimataRío . Col. CimataRío. Cp. 76090,Querétaro,Santiago de Querétaro,20.577804,-100.373626
Leche Ultrapasteurizada,Caja 1 Lt. Parcialmente Descremada. Azul,Alpura. Clásica,Leche Procesada,Basicos,37,14/05/2026,La Comer,Supermercado / Tienda de Autoservicio,Lacomer Sucursal Queretaro Estadio,Luis M. Vega y Monroy 1300. Esq.cimataRío . Col. CimataRío. Cp. 76090,Querétaro,Santiago de Querétaro,20.577804,-100.373626
Leche Ultrapasteurizada,Caja 1 Lt. Parcialmente Descremada. Azul,Alpura. Clásica,Leche Procesada,Basicos,37.5,04/05/2026,Hipermercado Soriana,Supermercado / Tienda de Autoservicio,Soriana Hiper Sucursal Cimatario,Ctra. a Huimilpan 1001. Int. del Centro Comercial Plaza del Sol. Col. Plazas del Sol. Iii Sección. Cp. 76099,Querétaro,Santiago de Querétaro,20.563227,-100.375284
Leche Ultrapasteurizada,Caja 1 Lt. Parcialmente Descremada. Azul,Alpura. Clásica,Leche Procesada,Basicos,37.5,13/05/2026,Hipermercado Soriana,Supermercado / Tienda de Autoservicio,Soriana Hiper Sucursal Cimatario,Ctra. a Huimilpan 1001. Int. del Centro Comercial Plaza del Sol. Col. Plazas del Sol. Iii Sección. Cp. 76099,Querétaro,Santiago de Querétaro,20.563227,-100.375284
Leche Ultrapasteurizada,Caja 1 Lt. Parcialmente Descremada. Azul,Alpura. Clásica,Leche Procesada,Basicos,37.5,13/05/2026,Hipermercado Soriana,Supermercado / Tienda de Autoservicio,Soriana Hiper Sucursal Consulado (418),Río Consulado 2355. Esq. Carlos Marx. Col. Simon Bolivar. Cp. 15410,Ciudad de México,Venustiano Carranza,19.449572,-99.100376
Leche Ultrapasteurizada,Caja 1 Lt. Parcialmente Descremada. Azul,Alpura. Clásica,Leche Procesada,Basicos,37.9,12/05/2026,Oxxo,Tienda de Conveniencia,Oxxo Sucursal Corregidora 50 Cr,Circuito Moises Solana No. 128. Esq. Gertrudis Bocanegra. Col. Burocratas. Cp. 76070,Querétaro,Santiago de Querétaro,20.57462,-100.384232
Leche Ultrapasteurizada,Caja 1 Lt. Parcialmente Descremada. Light,Alpura,Leche Procesada,Basicos,30,01/05/2026,Superissste,Supermercado / Tienda de Autoservicio,Superissste Sucursal 011,Calle Peluqueros No. 310 Esquina Calle Tizayuca. Col. Michoacána. Cp. 15240,Ciudad de México,Venustiano Carranza,19.446139,-99.113372
Leche Ultrapasteurizada,Caja 1 Lt. Parcialmente Descremada. Light,Alpura,Leche Procesada,Basicos,30,01/05/2026,Superissste,Supermercado / Tienda de Autoservicio,Superissste Sucursal 022,Av. del Taller y Retorno No. 38 Dentro del Retorno 38. Col. Jardín Balbuena. Cp. 15900,Ciudad de México,Venustiano Carranza,19.412842,-99.105666
Leche Ultrapasteurizada,Caja 1 Lt. Parcialmente Descremada. Light,Alpura,Leche Procesada,Basicos,30,07/05/2026,Bodega Aurrera,Supermercado / Tienda de Autoservicio,Bodega Aurrera Sucursal la Viga,Calz. de la Viga 136 Esq. del Taller. Col. Lorenzo Boturini. Cp. 15820,Ciudad de México,Venustiano Carranza,19.414749,-99.127874
Leche Ultrapasteurizada,Caja 1 Lt. Parcialmente Descremada. Light,Alpura,Leche Procesada,Basicos,30,08/05/2026,Bodega Aurrera,Supermercado / Tienda de Autoservicio,Bodega Aurrera Sucursal Centro Constituyentes,Constituyentes Oriente 334. Entre Pasteur y Manuel Ponce. Col. MercuRío. Cp. 76040,Querétaro,Santiago de Querétaro,20.586349,-100.382801
Leche Ultrapasteurizada,Caja 1 Lt. Parcialmente Descremada. Light,Alpura,Leche Procesada,Basicos,30,08/05/2026,Superissste,Supermercado / Tienda de Autoservicio,Superissste Sucursal 011,Calle Peluqueros No. 310 Esquina Calle Tizayuca. Col. Michoacána. Cp. 15240,Ciudad de México,Venustiano Carranza,19.446139,-99.113372
Leche Ultrapasteurizada,Caja 1 Lt. Parcialmente Descremada. Light,Alpura,Leche Procesada,Basicos,30,08/05/2026,Superissste,Supermercado / Tienda de Autoservicio,Superissste Sucursal 022,Av. del Taller y Retorno No. 38 Dentro del Retorno 38. Col. Jardín Balbuena. Cp. 15900,Ciudad de México,Venustiano Carranza,19.412842,-99.105666
Leche Ultrapasteurizada,Caja 1 Lt. Parcialmente Descremada. Light,Alpura,Leche Procesada,Basicos,30,13/05/2026,Bodega Aurrera,Supermercado / Tienda de Autoservicio,Bodega Aurrera Sucursal la Viga,Calz. de la Viga 136 Esq. del Taller. Col. Lorenzo Boturini. Cp. 15820,Ciudad de México,Venustiano Carranza,19.414749,-99.127874
Leche Ultrapasteurizada,Caja 1 Lt. Parcialmente Descremada. Light,Alpura,Leche Procesada,Basicos,30,13/05/2026,Chedraui,Supermercado / Tienda de Autoservicio,Chedraui Sucursal Anfora,Anfora 71. Esq. Eje 1 Norte. Col. Madero. Cp. 15320,Ciudad de México,Venustiano Carranza,19.437353,-99.110088
Leche Ultrapasteurizada,Caja 1 Lt. Parcialmente Descremada. Light,Alpura,Leche Procesada,Basicos,30,15/05/2026,Superissste,Supermercado / Tienda de Autoservicio,Superissste Sucursal 011,Calle Peluqueros No. 310 Esquina Calle Tizayuca. Col. Michoacána. Cp. 15240,Ciudad de México,Venustiano Carranza,19.446139,-99.113372
Leche Ultrapasteurizada,Caja 1 Lt. Parcialmente Descremada. Light,Alpura,Leche Procesada,Basicos,30,15/05/2026,Superissste,Supermercado / Tienda de Autoservicio,Superissste Sucursal 022,Av. del Taller y Retorno No. 38 Dentro del Retorno 38. Col. Jardín Balbuena. Cp. 15900,Ciudad de México,Venustiano Carranza,19.412842,-99.105666
Leche Ultrapasteurizada,Caja 1 Lt. Parcialmente Descremada. Light,Alpura,Leche Procesada,Basicos,32.5,04/05/2026,Hipermercado Soriana,Supermercado / Tienda de Autoservicio,Soriana Hiper Sucursal Cimatario,Ctra. a Huimilpan 1001. Int. del Centro Comercial Plaza del Sol. Col. Plazas del Sol. Iii Sección. Cp. 76099,Querétaro,Santiago de Querétaro,20.563227,-100.375284
Leche Ultrapasteurizada,Caja 1 Lt. Parcialmente Descremada. Light,Alpura,Leche Procesada,Basicos,36,06/05/2026,Chedraui,Supermercado / Tienda de Autoservicio,Chedraui Sucursal Centro Sur,Blvd. Bernardo Quintana 502. Carr. con Direccion a Centro Civico. Col. Centro Sur. Cp. 76087,Querétaro,Santiago de Querétaro,20.569354,-100.358831
Leche Ultrapasteurizada,Caja 1 Lt. Parcialmente Descremada. Light,Alpura,Leche Procesada,Basicos,36,07/05/2026,Wal-mart,Supermercado / Tienda de Autoservicio,Walmart Sucursal Balbuena,Fray Servando Teresa de Mier 881. Entre Fernando Iglesia Calderon y Genaro Garcia. Col. Jardín Balbuena. Cp. 15900,Ciudad de México,Venustiano Carranza,19.418067,-99.105639
Leche Ultrapasteurizada,Caja 1 Lt. Parcialmente Descremada. Light,Alpura,Leche Procesada,Basicos,36,07/05/2026,Wal-mart,Supermercado / Tienda de Autoservicio,Walmart Sucursal Unidad Plaza de Toros,Autopista Querétaro Celaya 5501. Int. del Centro Comercial Plaza Esfera. Col. el Jacal. Cp. 76187,Querétaro,Santiago de Querétaro,20.574076,-100.408704
Leche Ultrapasteurizada,Caja 1 Lt. Parcialmente Descremada. Light,Alpura,Leche Procesada,Basicos,36,12/05/2026,Wal-mart,Supermercado / Tienda de Autoservicio,Walmart Sucursal Unidad Plaza de Toros,Autopista Querétaro Celaya 5501. Int. del Centro Comercial Plaza Esfera. Col. el Jacal. Cp. 76187,Querétaro,Santiago de Querétaro,20.574076,-100.408704
Leche Ultrapasteurizada,Caja 1 Lt. Parcialmente Descremada. Light,Alpura,Leche Procesada,Basicos,36,13/05/2026,Chedraui,Supermercado / Tienda de Autoservicio,Chedraui Sucursal Centro Sur,Blvd. Bernardo Quintana 502. Carr. con Direccion a Centro Civico. Col. Centro Sur. Cp. 76087,Querétaro,Santiago de Querétaro,20.569354,-100.358831
Leche Ultrapasteurizada,Caja 1 Lt. Parcialmente Descremada. Light,Alpura,Leche Procesada,Basicos,36,13/05/2026,Wal-mart,Supermercado / Tienda de Autoservicio,Walmart Sucursal Aeropuerto,Calz. Ignacio Zaragoza 58. Esq. Blvd. Puerto Aereo. Col. Federal. Cp. 15700,Ciudad de México,Venustiano Carranza,19.41926,-99.094521
Leche Ultrapasteurizada,Caja 1 Lt. Parcialmente Descremada. Light,Alpura,Leche Procesada,Basicos,36,13/05/2026,Wal-mart,Supermercado / Tienda de Autoservicio,Walmart Sucursal Balbuena,Fray Servando Teresa de Mier 881. Entre Fernando Iglesia Calderon y Genaro Garcia. Col. Jardín Balbuena. Cp. 15900,Ciudad de México,Venustiano Carranza,19.418067,-99.105639
Leche Ultrapasteurizada,Caja 1 Lt. Parcialmente Descremada. Light,Alpura,Leche Procesada,Basicos,36.9,13/05/2026,Hipermercado Soriana,Supermercado / Tienda de Autoservicio,Soriana Hiper Sucursal Cimatario,Ctra. a Huimilpan 1001. Int. del Centro Comercial Plaza del Sol. Col. Plazas del Sol. Iii Sección. Cp. 76099,Querétaro,Santiago de Querétaro,20.563227,-100.375284
Leche Ultrapasteurizada,Caja 1 Lt. Parcialmente Descremada. Light,Alpura,Leche Procesada,Basicos,37,07/05/2026,La Comer,Supermercado / Tienda de Autoservicio,Lacomer Sucursal Queretaro Estadio,Luis M. Vega y Monroy 1300. Esq.cimataRío . Col. CimataRío. Cp. 76090,Querétaro,Santiago de Querétaro,20.577804,-100.373626
Leche Ultrapasteurizada,Caja 1 Lt. Parcialmente Descremada. Light,Alpura,Leche Procesada,Basicos,37,14/05/2026,La Comer,Supermercado / Tienda de Autoservicio,Lacomer Sucursal Queretaro Estadio,Luis M. Vega y Monroy 1300. Esq.cimataRío . Col. CimataRío. Cp. 76090,Querétaro,Santiago de Querétaro,20.577804,-100.373626
Leche Ultrapasteurizada,Caja 1 Lt. Parcialmente Descremada. Light,Alpura,Leche Procesada,Basicos,37.5,13/05/2026,Hipermercado Soriana,Supermercado / Tienda de Autoservicio,Soriana Hiper Sucursal Consulado (418),Río Consulado 2355. Esq. Carlos Marx. Col. Simon Bolivar. Cp. 15410,Ciudad de México,Venustiano Carranza,19.449572,-99.100376
Leche Ultrapasteurizada,Caja 1 Lt. Parcialmente Descremada. Light. Baja en Grasa,Lala,Leche Procesada,Basicos,30,07/05/2026,Bodega Aurrera,Supermercado / Tienda de Autoservicio,Bodega Aurrera Sucursal la Viga,Calz. de la Viga 136 Esq. del Taller. Col. Lorenzo Boturini. Cp. 15820,Ciudad de México,Venustiano Carranza,19.414749,-99.127874
Leche Ultrapasteurizada,Caja 1 Lt. Parcialmente Descremada. Light. Baja en Grasa,Lala,Leche Procesada,Basicos,30,07/05/2026,Wal-mart,Supermercado / Tienda de Autoservicio,Walmart Sucursal Balbuena,Fray Servando Teresa de Mier 881. Entre Fernando Iglesia Calderon y Genaro Garcia. Col. Jardín Balbuena. Cp. 15900,Ciudad de México,Venustiano Carranza,19.418067,-99.105639
Leche Ultrapasteurizada,Caja 1 Lt. Parcialmente Descremada. Light. Baja en Grasa,Lala,Leche Procesada,Basicos,30,07/05/2026,Wal-mart,Supermercado / Tienda de Autoservicio,Walmart Sucursal Unidad Plaza de Toros,Autopista Querétaro Celaya 5501. Int. del Centro Comercial Plaza Esfera. Col. el Jacal. Cp. 76187,Querétaro,Santiago de Querétaro,20.574076,-100.408704
Leche Ultrapasteurizada,Caja 1 Lt. Parcialmente Descremada. Light. Baja en Grasa,Lala,Leche Procesada,Basicos,30,12/05/2026,Wal-mart,Supermercado / Tienda de Autoservicio,Walmart Sucursal Unidad Plaza de Toros,Autopista Querétaro Celaya 5501. Int. del Centro Comercial Plaza Esfera. Col. el Jacal. Cp. 76187,Querétaro,Santiago de Querétaro,20.574076,-100.408704
Leche Ultrapasteurizada,Caja 1 Lt. Parcialmente Descremada. Light. Baja en Grasa,Lala,Leche Procesada,Basicos,30,13/05/2026,Chedraui,Supermercado / Tienda de Autoservicio,Chedraui Sucursal Centro Sur,Blvd. Bernardo Quintana 502. Carr. con Direccion a Centro Civico. Col. Centro Sur. Cp. 76087,Querétaro,Santiago de Querétaro,20.569354,-100.358831
Leche Ultrapasteurizada,Caja 1 Lt. Parcialmente Descremada. Light. Baja en Grasa,Lala,Leche Procesada,Basicos,30,13/05/2026,Wal-mart,Supermercado / Tienda de Autoservicio,Walmart Sucursal Aeropuerto,Calz. Ignacio Zaragoza 58. Esq. Blvd. Puerto Aereo. Col. Federal. Cp. 15700,Ciudad de México,Venustiano Carranza,19.41926,-99.094521
Leche Ultrapasteurizada,Caja 1 Lt. Parcialmente Descremada. Light. Baja en Grasa,Lala,Leche Procesada,Basicos,30,13/05/2026,Wal-mart,Supermercado / Tienda de Autoservicio,Walmart Sucursal Balbuena,Fray Servando Teresa de Mier 881. Entre Fernando Iglesia Calderon y Genaro Garcia. Col. Jardín Balbuena. Cp. 15900,Ciudad de México,Venustiano Carranza,19.418067,-99.105639
Leche Ultrapasteurizada,Caja 1 Lt. Parcialmente Descremada. Light. Baja en Grasa,Lala,Leche Procesada,Basicos,30.77,06/05/2026,Chedraui,Supermercado / Tienda de Autoservicio,Chedraui Sucursal Centro Sur,Blvd. Bernardo Quintana 502. Carr. con Direccion a Centro Civico. Col. Centro Sur. Cp. 76087,Querétaro,Santiago de Querétaro,20.569354,-100.358831
Leche Ultrapasteurizada,Caja 1 Lt. Parcialmente Descremada. Light. Baja en Grasa,Lala,Leche Procesada,Basicos,31.9,13/05/2026,Hipermercado Soriana,Supermercado / Tienda de Autoservicio,Soriana Hiper Sucursal Consulado (418),Río Consulado 2355. Esq. Carlos Marx. Col. Simon Bolivar. Cp. 15410,Ciudad de México,Venustiano Carranza,19.449572,-99.100376
Leche Ultrapasteurizada,Caja 1 Lt. Parcialmente Descremada. Light. Baja en Grasa,Lala,Leche Procesada,Basicos,32,07/05/2026,La Comer,Supermercado / Tienda de Autoservicio,Lacomer Sucursal Queretaro Estadio,Luis M. Vega y Monroy 1300. Esq.cimataRío . Col. CimataRío. Cp. 76090,Querétaro,Santiago de Querétaro,20.577804,-100.373626
Leche Ultrapasteurizada,Caja 1 Lt. Parcialmente Descremada. Light. Baja en Grasa,Lala,Leche Procesada,Basicos,32.5,13/05/2026,Chedraui,Supermercado / Tienda de Autoservicio,Chedraui Sucursal Anfora,Anfora 71. Esq. Eje 1 Norte. Col. Madero. Cp. 15320,Ciudad de México,Venustiano Carranza,19.437353,-99.110088
Leche Ultrapasteurizada,Caja 1 Lt. Parcialmente Descremada. Light. Baja en Grasa,Lala,Leche Procesada,Basicos,33,14/05/2026,La Comer,Supermercado / Tienda de Autoservicio,Lacomer Sucursal Queretaro Estadio,Luis M. Vega y Monroy 1300. Esq.cimataRío . Col. CimataRío. Cp. 76090,Querétaro,Santiago de Querétaro,20.577804,-100.373626
Leche Ultrapasteurizada,Caja 1 Lt. Parcialmente Descremada. Light. Baja en Grasa,Lala,Leche Procesada,Basicos,35,01/05/2026,Superissste,Supermercado / Tienda de Autoservicio,Superissste Sucursal 011,Calle Peluqueros No. 310 Esquina Calle Tizayuca. Col. Michoacána. Cp. 15240,Ciudad de México,Venustiano Carranza,19.446139,-99.113372
Leche Ultrapasteurizada,Caja 1 Lt. Parcialmente Descremada. Light. Baja en Grasa,Lala,Leche Procesada,Basicos,35,01/05/2026,Superissste,Supermercado / Tienda de Autoservicio,Superissste Sucursal 022,Av. del Taller y Retorno No. 38 Dentro del Retorno 38. Col. Jardín Balbuena. Cp. 15900,Ciudad de México,Venustiano Carranza,19.412842,-99.105666
Leche Ultrapasteurizada,Caja 1 Lt. Parcialmente Descremada. Light. Baja en Grasa,Lala,Leche Procesada,Basicos,35,08/05/2026,Superissste,Supermercado / Tienda de Autoservicio,Superissste Sucursal 011,Calle Peluqueros No. 310 Esquina Calle Tizayuca. Col. Michoacána. Cp. 15240,Ciudad de México,Venustiano Carranza,19.446139,-99.113372
Leche Ultrapasteurizada,Caja 1 Lt. Parcialmente Descremada. Light. Baja en Grasa,Lala,Leche Procesada,Basicos,35,08/05/2026,Superissste,Supermercado / Tienda de Autoservicio,Superissste Sucursal 022,Av. del Taller y Retorno No. 38 Dentro del Retorno 38. Col. Jardín Balbuena. Cp. 15900,Ciudad de México,Venustiano Carranza,19.412842,-99.105666
Leche Ultrapasteurizada,Caja 1 Lt. Parcialmente Descremada. Light. Baja en Grasa,Lala,Leche Procesada,Basicos,35,15/05/2026,Superissste,Supermercado / Tienda de Autoservicio,Superissste Sucursal 011,Calle Peluqueros No. 310 Esquina Calle Tizayuca. Col. Michoacána. Cp. 15240,Ciudad de México,Venustiano Carranza,19.446139,-99.113372
Leche Ultrapasteurizada,Caja 1 Lt. Parcialmente Descremada. Light. Baja en Grasa,Lala,Leche Procesada,Basicos,35,15/05/2026,Superissste,Supermercado / Tienda de Autoservicio,Superissste Sucursal 022,Av. del Taller y Retorno No. 38 Dentro del Retorno 38. Col. Jardín Balbuena. Cp. 15900,Ciudad de México,Venustiano Carranza,19.412842,-99.105666
Leche Ultrapasteurizada,Caja 1 Lt. Parcialmente Descremada. Light. Baja en Grasa,Lala,Leche Procesada,Basicos,36,08/05/2026,Bodega Aurrera,Supermercado / Tienda de Autoservicio,Bodega Aurrera Sucursal Centro Constituyentes,Constituyentes Oriente 334. Entre Pasteur y Manuel Ponce. Col. MercuRío. Cp. 76040,Querétaro,Santiago de Querétaro,20.586349,-100.382801
Leche Ultrapasteurizada,Caja 1 Lt. Parcialmente Descremada. Light. Baja en Grasa,Lala,Leche Procesada,Basicos,36,15/05/2026,Bodega Aurrera,Supermercado / Tienda de Autoservicio,Bodega Aurrera Sucursal Centro Constituyentes,Constituyentes Oriente 334. Entre Pasteur y Manuel Ponce. Col. MercuRío. Cp. 76040,Querétaro,Santiago de Querétaro,20.586349,-100.382801
Leche Ultrapasteurizada,Caja 1 Lt. Parcialmente Descremada. Light. Baja en Grasa,Lala,Leche Procesada,Basicos,38.5,04/05/2026,Hipermercado Soriana,Supermercado / Tienda de Autoservicio,Soriana Hiper Sucursal Cimatario,Ctra. a Huimilpan 1001. Int. del Centro Comercial Plaza del Sol. Col. Plazas del Sol. Iii Sección. Cp. 76099,Querétaro,Santiago de Querétaro,20.563227,-100.375284
Leche Ultrapasteurizada,Caja 1 Lt. Parcialmente Descremada. Light. Baja en Grasa,Lala,Leche Procesada,Basicos,38.5,13/05/2026,Hipermercado Soriana,Supermercado / Tienda de Autoservicio,Soriana Hiper Sucursal Cimatario,Ctra. a Huimilpan 1001. Int. del Centro Comercial Plaza del Sol. Col. Plazas del Sol. Iii Sección. Cp. 76099,Querétaro,Santiago de Querétaro,20.563227,-100.375284
Leche Ultrapasteurizada,Caja 1 Lt. Parcialmente Descremada. Light. Baja en Grasa,Lala,Leche Procesada,Basicos,39,12/05/2026,Oxxo,Tienda de Conveniencia,Oxxo Sucursal Corregidora 50 Cr,Circuito Moises Solana No. 128. Esq. Gertrudis Bocanegra. Col. Burocratas. Cp. 76070,Querétaro,Santiago de Querétaro,20.57462,-100.384232
Leche Ultrapasteurizada,Caja 1 Lt. Parcialmente Descremada. Semi,Alpura,Leche Procesada,Basicos,30,01/05/2026,Superissste,Supermercado / Tienda de Autoservicio,Superissste Sucursal 011,Calle Peluqueros No. 310 Esquina Calle Tizayuca. Col. Michoacána. Cp. 15240,Ciudad de México,Venustiano Carranza,19.446139,-99.113372
Leche Ultrapasteurizada,Caja 1 Lt. Parcialmente Descremada. Semi,Alpura,Leche Procesada,Basicos,30,01/05/2026,Superissste,Supermercado / Tienda de Autoservicio,Superissste Sucursal 022,Av. del Taller y Retorno No. 38 Dentro del Retorno 38. Col. Jardín Balbuena. Cp. 15900,Ciudad de México,Venustiano Carranza,19.412842,-99.105666
Leche Ultrapasteurizada,Caja 1 Lt. Parcialmente Descremada. Semi,Alpura,Leche Procesada,Basicos,30,07/05/2026,Bodega Aurrera,Supermercado / Tienda de Autoservicio,Bodega Aurrera Sucursal la Viga,Calz. de la Viga 136 Esq. del Taller. Col. Lorenzo Boturini. Cp. 15820,Ciudad de México,Venustiano Carranza,19.414749,-99.127874
Leche Ultrapasteurizada,Caja 1 Lt. Parcialmente Descremada. Semi,Alpura,Leche Procesada,Basicos,30,08/05/2026,Bodega Aurrera,Supermercado / Tienda de Autoservicio,Bodega Aurrera Sucursal Centro Constituyentes,Constituyentes Oriente 334. Entre Pasteur y Manuel Ponce. Col. MercuRío. Cp. 76040,Querétaro,Santiago de Querétaro,20.586349,-100.382801
Leche Ultrapasteurizada,Caja 1 Lt. Parcialmente Descremada. Semi,Alpura,Leche Procesada,Basicos,30,08/05/2026,Superissste,Supermercado / Tienda de Autoservicio,Superissste Sucursal 011,Calle Peluqueros No. 310 Esquina Calle Tizayuca. Col. Michoacána. Cp. 15240,Ciudad de México,Venustiano Carranza,19.446139,-99.113372
Leche Ultrapasteurizada,Caja 1 Lt. Parcialmente Descremada. Semi,Alpura,Leche Procesada,Basicos,30,08/05/2026,Superissste,Supermercado / Tienda de Autoservicio,Superissste Sucursal 022,Av. del Taller y Retorno No. 38 Dentro del Retorno 38. Col. Jardín Balbuena. Cp. 15900,Ciudad de México,Venustiano Carranza,19.412842,-99.105666
Leche Ultrapasteurizada,Caja 1 Lt. Parcialmente Descremada. Semi,Alpura,Leche Procesada,Basicos,30,13/05/2026,Bodega Aurrera,Supermercado / Tienda de Autoservicio,Bodega Aurrera Sucursal la Viga,Calz. de la Viga 136 Esq. del Taller. Col. Lorenzo Boturini. Cp. 15820,Ciudad de México,Venustiano Carranza,19.414749,-99.127874
Leche Ultrapasteurizada,Caja 1 Lt. Parcialmente Descremada. Semi,Alpura,Leche Procesada,Basicos,30,13/05/2026,Chedraui,Supermercado / Tienda de Autoservicio,Chedraui Sucursal Anfora,Anfora 71. Esq. Eje 1 Norte. Col. Madero. Cp. 15320,Ciudad de México,Venustiano Carranza,19.437353,-99.110088
Leche Ultrapasteurizada,Caja 1 Lt. Parcialmente Descremada. Semi,Alpura,Leche Procesada,Basicos,30,15/05/2026,Bodega Aurrera,Supermercado / Tienda de Autoservicio,Bodega Aurrera Sucursal Centro Constituyentes,Constituyentes Oriente 334. Entre Pasteur y Manuel Ponce. Col. MercuRío. Cp. 76040,Querétaro,Santiago de Querétaro,20.586349,-100.382801
Leche Ultrapasteurizada,Caja 1 Lt. Parcialmente Descremada. Semi,Alpura,Leche Procesada,Basicos,30,15/05/2026,Superissste,Supermercado / Tienda de Autoservicio,Superissste Sucursal 011,Calle Peluqueros No. 310 Esquina Calle Tizayuca. Col. Michoacána. Cp. 15240,Ciudad de México,Venustiano Carranza,19.446139,-99.113372
Leche Ultrapasteurizada,Caja 1 Lt. Parcialmente Descremada. Semi,Alpura,Leche Procesada,Basicos,30,15/05/2026,Superissste,Supermercado / Tienda de Autoservicio,Superissste Sucursal 022,Av. del Taller y Retorno No. 38 Dentro del Retorno 38. Col. Jardín Balbuena. Cp. 15900,Ciudad de México,Venustiano Carranza,19.412842,-99.105666
Leche Ultrapasteurizada,Caja 1 Lt. Parcialmente Descremada. Semi,Alpura,Leche Procesada,Basicos,31.5,13/05/2026,Hipermercado Soriana,Supermercado / Tienda de Autoservicio,Soriana Hiper Sucursal Consulado (418),Río Consulado 2355. Esq. Carlos Marx. Col. Simon Bolivar. Cp. 15410,Ciudad de México,Venustiano Carranza,19.449572,-99.100376
Leche Ultrapasteurizada,Caja 1 Lt. Parcialmente Descremada. Semi,Alpura,Leche Procesada,Basicos,36,06/05/2026,Chedraui,Supermercado / Tienda de Autoservicio,Chedraui Sucursal Centro Sur,Blvd. Bernardo Quintana 502. Carr. con Direccion a Centro Civico. Col. Centro Sur. Cp. 76087,Querétaro,Santiago de Querétaro,20.569354,-100.358831
Leche Ultrapasteurizada,Caja 1 Lt. Parcialmente Descremada. Semi,Alpura,Leche Procesada,Basicos,36,07/05/2026,Wal-mart,Supermercado / Tienda de Autoservicio,Walmart Sucursal Balbuena,Fray Servando Teresa de Mier 881. Entre Fernando Iglesia Calderon y Genaro Garcia. Col. Jardín Balbuena. Cp. 15900,Ciudad de México,Venustiano Carranza,19.418067,-99.105639
Leche Ultrapasteurizada,Caja 1 Lt. Parcialmente Descremada. Semi,Alpura,Leche Procesada,Basicos,36,07/05/2026,Wal-mart,Supermercado / Tienda de Autoservicio,Walmart Sucursal Unidad Plaza de Toros,Autopista Querétaro Celaya 5501. Int. del Centro Comercial Plaza Esfera. Col. el Jacal. Cp. 76187,Querétaro,Santiago de Querétaro,20.574076,-100.408704
Leche Ultrapasteurizada,Caja 1 Lt. Parcialmente Descremada. Semi,Alpura,Leche Procesada,Basicos,36,12/05/2026,Wal-mart,Supermercado / Tienda de Autoservicio,Walmart Sucursal Unidad Plaza de Toros,Autopista Querétaro Celaya 5501. Int. del Centro Comercial Plaza Esfera. Col. el Jacal. Cp. 76187,Querétaro,Santiago de Querétaro,20.574076,-100.408704
Leche Ultrapasteurizada,Caja 1 Lt. Parcialmente Descremada. Semi,Alpura,Leche Procesada,Basicos,36,13/05/2026,Wal-mart,Supermercado / Tienda de Autoservicio,Walmart Sucursal Aeropuerto,Calz. Ignacio Zaragoza 58. Esq. Blvd. Puerto Aereo. Col. Federal. Cp. 15700,Ciudad de México,Venustiano Carranza,19.41926,-99.094521
Leche Ultrapasteurizada,Caja 1 Lt. Parcialmente Descremada. Semi,Alpura,Leche Procesada,Basicos,36,13/05/2026,Wal-mart,Supermercado / Tienda de Autoservicio,Walmart Sucursal Balbuena,Fray Servando Teresa de Mier 881. Entre Fernando Iglesia Calderon y Genaro Garcia. Col. Jardín Balbuena. Cp. 15900,Ciudad de México,Venustiano Carranza,19.418067,-99.105639
Leche Ultrapasteurizada,Caja 1 Lt. Parcialmente Descremada. Semi,Alpura,Leche Procesada,Basicos,36.5,04/05/2026,Hipermercado Soriana,Supermercado / Tienda de Autoservicio,Soriana Hiper Sucursal Cimatario,Ctra. a Huimilpan 1001. Int. del Centro Comercial Plaza del Sol. Col. Plazas del Sol. Iii Sección. Cp. 76099,Querétaro,Santiago de Querétaro,20.563227,-100.375284
Leche Ultrapasteurizada,Caja 1 Lt. Parcialmente Descremada. Semi,Alpura,Leche Procesada,Basicos,36.5,13/05/2026,Hipermercado Soriana,Supermercado / Tienda de Autoservicio,Soriana Hiper Sucursal Cimatario,Ctra. a Huimilpan 1001. Int. del Centro Comercial Plaza del Sol. Col. Plazas del Sol. Iii Sección. Cp. 76099,Querétaro,Santiago de Querétaro,20.563227,-100.375284
Leche Ultrapasteurizada,Caja 1 Lt. Parcialmente Descremada. Semi,Alpura,Leche Procesada,Basicos,37,07/05/2026,La Comer,Supermercado / Tienda de Autoservicio,Lacomer Sucursal Queretaro Estadio,Luis M. Vega y Monroy 1300. Esq.cimataRío . Col. CimataRío. Cp. 76090,Querétaro,Santiago de Querétaro,20.577804,-100.373626
Leche Ultrapasteurizada,Caja 1 Lt. Parcialmente Descremada. Semi,Alpura,Leche Procesada,Basicos,37,14/05/2026,La Comer,Supermercado / Tienda de Autoservicio,Lacomer Sucursal Queretaro Estadio,Luis M. Vega y Monroy 1300. Esq.cimataRío . Col. CimataRío. Cp. 76090,Querétaro,Santiago de Querétaro,20.577804,-100.373626
Leche Ultrapasteurizada,Caja 1 Lt. Parcialmente Descremada. Semi,Alpura,Leche Procesada,Basicos,39,13/05/2026,Chedraui,Supermercado / Tienda de Autoservicio,Chedraui Sucursal Centro Sur,Blvd. Bernardo Quintana 502. Carr. con Direccion a Centro Civico. Col. Centro Sur. Cp. 76087,Querétaro,Santiago de Querétaro,20.569354,-100.358831
Leche Ultrapasteurizada,Caja 1 Lt. Semidescremada,San Marcos,Leche Procesada,Basicos,34,07/05/2026,Bodega Aurrera,Supermercado / Tienda de Autoservicio,Bodega Aurrera Sucursal la Viga,Calz. de la Viga 136 Esq. del Taller. Col. Lorenzo Boturini. Cp. 15820,Ciudad de México,Venustiano Carranza,19.414749,-99.127874
Leche Ultrapasteurizada,Caja 1 Lt. Semidescremada,San Marcos,Leche Procesada,Basicos,34,07/05/2026,Wal-mart,Supermercado / Tienda de Autoservicio,Walmart Sucursal Unidad Plaza de Toros,Autopista Querétaro Celaya 5501. Int. del Centro Comercial Plaza Esfera. Col. el Jacal. Cp. 76187,Querétaro,Santiago de Querétaro,20.574076,-100.408704
Leche Ultrapasteurizada,Caja 1 Lt. Semidescremada,San Marcos,Leche Procesada,Basicos,34,12/05/2026,Wal-mart,Supermercado / Tienda de Autoservicio,Walmart Sucursal Unidad Plaza de Toros,Autopista Querétaro Celaya 5501. Int. del Centro Comercial Plaza Esfera. Col. el Jacal. Cp. 76187,Querétaro,Santiago de Querétaro,20.574076,-100.408704
Leche Ultrapasteurizada,Caja 1 Lt. Semidescremada,San Marcos,Leche Procesada,Basicos,34,13/05/2026,Bodega Aurrera,Supermercado / Tienda de Autoservicio,Bodega Aurrera Sucursal la Viga,Calz. de la Viga 136 Esq. del Taller. Col. Lorenzo Boturini. Cp. 15820,Ciudad de México,Venustiano Carranza,19.414749,-99.127874
Leche Ultrapasteurizada,Caja 1 Lt. Semidescremada,San Marcos,Leche Procesada,Basicos,34,13/05/2026,Chedraui,Supermercado / Tienda de Autoservicio,Chedraui Sucursal Anfora,Anfora 71. Esq. Eje 1 Norte. Col. Madero. Cp. 15320,Ciudad de México,Venustiano Carranza,19.437353,-99.110088
Leche Ultrapasteurizada,Caja 1 Lt. Semidescremada,San Marcos,Leche Procesada,Basicos,35,07/05/2026,La Comer,Supermercado / Tienda de Autoservicio,Lacomer Sucursal Queretaro Estadio,Luis M. Vega y Monroy 1300. Esq.cimataRío . Col. CimataRío. Cp. 76090,Querétaro,Santiago de Querétaro,20.577804,-100.373626
Leche Ultrapasteurizada,Caja 1 Lt. Semidescremada,San Marcos,Leche Procesada,Basicos,35,14/05/2026,La Comer,Supermercado / Tienda de Autoservicio,Lacomer Sucursal Queretaro Estadio,Luis M. Vega y Monroy 1300. Esq.cimataRío . Col. CimataRío. Cp. 76090,Querétaro,Santiago de Querétaro,20.577804,-100.373626
Leche Ultrapasteurizada,Caja 1 Lt. Semidescremada,San Marcos,Leche Procesada,Basicos,35.9,04/05/2026,Hipermercado Soriana,Supermercado / Tienda de Autoservicio,Soriana Hiper Sucursal Cimatario,Ctra. a Huimilpan 1001. Int. del Centro Comercial Plaza del Sol. Col. Plazas del Sol. Iii Sección. Cp. 76099,Querétaro,Santiago de Querétaro,20.563227,-100.375284
Leche Ultrapasteurizada,Caja 1 Lt. Semidescremada,San Marcos,Leche Procesada,Basicos,35.9,13/05/2026,Hipermercado Soriana,Supermercado / Tienda de Autoservicio,Soriana Hiper Sucursal Consulado (418),Río Consulado 2355. Esq. Carlos Marx. Col. Simon Bolivar. Cp. 15410,Ciudad de México,Venustiano Carranza,19.449572,-99.100376
Leche Ultrapasteurizada,Caja 1 Lt. Semidescremada. Reducida en Grasa,Lala,Leche Procesada,Basicos,30,06/05/2026,Chedraui,Supermercado / Tienda de Autoservicio,Chedraui Sucursal Centro Sur,Blvd. Bernardo Quintana 502. Carr. con Direccion a Centro Civico. Col. Centro Sur. Cp. 76087,Querétaro,Santiago de Querétaro,20.569354,-100.358831
Leche Ultrapasteurizada,Caja 1 Lt. Semidescremada. Reducida en Grasa,Lala,Leche Procesada,Basicos,30,07/05/2026,Bodega Aurrera,Supermercado / Tienda de Autoservicio,Bodega Aurrera Sucursal la Viga,Calz. de la Viga 136 Esq. del Taller. Col. Lorenzo Boturini. Cp. 15820,Ciudad de México,Venustiano Carranza,19.414749,-99.127874
Leche Ultrapasteurizada,Caja 1 Lt. Semidescremada. Reducida en Grasa,Lala,Leche Procesada,Basicos,30,07/05/2026,Wal-mart,Supermercado / Tienda de Autoservicio,Walmart Sucursal Balbuena,Fray Servando Teresa de Mier 881. Entre Fernando Iglesia Calderon y Genaro Garcia. Col. Jardín Balbuena. Cp. 15900,Ciudad de México,Venustiano Carranza,19.418067,-99.105639
Leche Ultrapasteurizada,Caja 1 Lt. Semidescremada. Reducida en Grasa,Lala,Leche Procesada,Basicos,30,07/05/2026,Wal-mart,Supermercado / Tienda de Autoservicio,Walmart Sucursal Unidad Plaza de Toros,Autopista Querétaro Celaya 5501. Int. del Centro Comercial Plaza Esfera. Col. el Jacal. Cp. 76187,Querétaro,Santiago de Querétaro,20.574076,-100.408704
Leche Ultrapasteurizada,Caja 1 Lt. Semidescremada. Reducida en Grasa,Lala,Leche Procesada,Basicos,30,08/05/2026,Bodega Aurrera,Supermercado / Tienda de Autoservicio,Bodega Aurrera Sucursal Centro Constituyentes,Constituyentes Oriente 334. Entre Pasteur y Manuel Ponce. Col. MercuRío. Cp. 76040,Querétaro,Santiago de Querétaro,20.586349,-100.382801
Leche Ultrapasteurizada,Caja 1 Lt. Semidescremada. Reducida en Grasa,Lala,Leche Procesada,Basicos,30,12/05/2026,Wal-mart,Supermercado / Tienda de Autoservicio,Walmart Sucursal Unidad Plaza de Toros,Autopista Querétaro Celaya 5501. Int. del Centro Comercial Plaza Esfera. Col. el Jacal. Cp. 76187,Querétaro,Santiago de Querétaro,20.574076,-100.408704
Leche Ultrapasteurizada,Caja 1 Lt. Semidescremada. Reducida en Grasa,Lala,Leche Procesada,Basicos,30,13/05/2026,Chedraui,Supermercado / Tienda de Autoservicio,Chedraui Sucursal Anfora,Anfora 71. Esq. Eje 1 Norte. Col. Madero. Cp. 15320,Ciudad de México,Venustiano Carranza,19.437353,-99.110088
Leche Ultrapasteurizada,Caja 1 Lt. Semidescremada. Reducida en Grasa,Lala,Leche Procesada,Basicos,30,13/05/2026,Chedraui,Supermercado / Tienda de Autoservicio,Chedraui Sucursal Centro Sur,Blvd. Bernardo Quintana 502. Carr. con Direccion a Centro Civico. Col. Centro Sur. Cp. 76087,Querétaro,Santiago de Querétaro,20.569354,-100.358831
Leche Ultrapasteurizada,Caja 1 Lt. Semidescremada. Reducida en Grasa,Lala,Leche Procesada,Basicos,30,13/05/2026,Wal-mart,Supermercado / Tienda de Autoservicio,Walmart Sucursal Aeropuerto,Calz. Ignacio Zaragoza 58. Esq. Blvd. Puerto Aereo. Col. Federal. Cp. 15700,Ciudad de México,Venustiano Carranza,19.41926,-99.094521
Leche Ultrapasteurizada,Caja 1 Lt. Semidescremada. Reducida en Grasa,Lala,Leche Procesada,Basicos,30,13/05/2026,Wal-mart,Supermercado / Tienda de Autoservicio,Walmart Sucursal Balbuena,Fray Servando Teresa de Mier 881. Entre Fernando Iglesia Calderon y Genaro Garcia. Col. Jardín Balbuena. Cp. 15900,Ciudad de México,Venustiano Carranza,19.418067,-99.105639
Leche Ultrapasteurizada,Caja 1 Lt. Semidescremada. Reducida en Grasa,Lala,Leche Procesada,Basicos,30,15/05/2026,Bodega Aurrera,Supermercado / Tienda de Autoservicio,Bodega Aurrera Sucursal Centro Constituyentes,Constituyentes Oriente 334. Entre Pasteur y Manuel Ponce. Col. MercuRío. Cp. 76040,Querétaro,Santiago de Querétaro,20.586349,-100.382801
Leche Ultrapasteurizada,Caja 1 Lt. Semidescremada. Reducida en Grasa,Lala,Leche Procesada,Basicos,35,01/05/2026,Superissste,Supermercado / Tienda de Autoservicio,Superissste Sucursal 011,Calle Peluqueros No. 310 Esquina Calle Tizayuca. Col. Michoacána. Cp. 15240,Ciudad de México,Venustiano Carranza,19.446139,-99.113372
Leche Ultrapasteurizada,Caja 1 Lt. Semidescremada. Reducida en Grasa,Lala,Leche Procesada,Basicos,35,01/05/2026,Superissste,Supermercado / Tienda de Autoservicio,Superissste Sucursal 022,Av. del Taller y Retorno No. 38 Dentro del Retorno 38. Col. Jardín Balbuena. Cp. 15900,Ciudad de México,Venustiano Carranza,19.412842,-99.105666
Leche Ultrapasteurizada,Caja 1 Lt. Semidescremada. Reducida en Grasa,Lala,Leche Procesada,Basicos,35,08/05/2026,Superissste,Supermercado / Tienda de Autoservicio,Superissste Sucursal 011,Calle Peluqueros No. 310 Esquina Calle Tizayuca. Col. Michoacána. Cp. 15240,Ciudad de México,Venustiano Carranza,19.446139,-99.113372
Leche Ultrapasteurizada,Caja 1 Lt. Semidescremada. Reducida en Grasa,Lala,Leche Procesada,Basicos,35,08/05/2026,Superissste,Supermercado / Tienda de Autoservicio,Superissste Sucursal 022,Av. del Taller y Retorno No. 38 Dentro del Retorno 38. Col. Jardín Balbuena. Cp. 15900,Ciudad de México,Venustiano Carranza,19.412842,-99.105666
Leche Ultrapasteurizada,Caja 1 Lt. Semidescremada. Reducida en Grasa,Lala,Leche Procesada,Basicos,35,15/05/2026,Superissste,Supermercado / Tienda de Autoservicio,Superissste Sucursal 011,Calle Peluqueros No. 310 Esquina Calle Tizayuca. Col. Michoacána. Cp. 15240,Ciudad de México,Venustiano Carranza,19.446139,-99.113372
Leche Ultrapasteurizada,Caja 1 Lt. Semidescremada. Reducida en Grasa,Lala,Leche Procesada,Basicos,35,15/05/2026,Superissste,Supermercado / Tienda de Autoservicio,Superissste Sucursal 022,Av. del Taller y Retorno No. 38 Dentro del Retorno 38. Col. Jardín Balbuena. Cp. 15900,Ciudad de México,Venustiano Carranza,19.412842,-99.105666
Leche Ultrapasteurizada,Caja 1 Lt. Semidescremada. Reducida en Grasa,Lala,Leche Procesada,Basicos,37.5,04/05/2026,Hipermercado Soriana,Supermercado / Tienda de Autoservicio,Soriana Hiper Sucursal Cimatario,Ctra. a Huimilpan 1001. Int. del Centro Comercial Plaza del Sol. Col. Plazas del Sol. Iii Sección. Cp. 76099,Querétaro,Santiago de Querétaro,20.563227,-100.375284
Leche Ultrapasteurizada,Caja 1 Lt. Semidescremada. Reducida en Grasa,Lala,Leche Procesada,Basicos,37.5,13/05/2026,Hipermercado Soriana,Supermercado / Tienda de Autoservicio,Soriana Hiper Sucursal Cimatario,Ctra. a Huimilpan 1001. Int. del Centro Comercial Plaza del Sol. Col. Plazas del Sol. Iii Sección. Cp. 76099,Querétaro,Santiago de Querétaro,20.563227,-100.375284
Leche Ultrapasteurizada,Caja 1 Lt. Semidescremada. Reducida en Grasa,Lala,Leche Procesada,Basicos,37.5,13/05/2026,Hipermercado Soriana,Supermercado / Tienda de Autoservicio,Soriana Hiper Sucursal Consulado (418),Río Consulado 2355. Esq. Carlos Marx. Col. Simon Bolivar. Cp. 15410,Ciudad de México,Venustiano Carranza,19.449572,-99.100376
Leche Ultrapasteurizada,Caja 200 Ml. Parcialmente Descremada,Alpura. Clásica,Leche Procesada,Basicos,10.1,04/05/2026,Hipermercado Soriana,Supermercado / Tienda de Autoservicio,Soriana Hiper Sucursal Cimatario,Ctra. a Huimilpan 1001. Int. del Centro Comercial Plaza del Sol. Col. Plazas del Sol. Iii Sección. Cp. 76099,Querétaro,Santiago de Querétaro,20.563227,-100.375284
Leche Ultrapasteurizada,Caja 200 Ml. Parcialmente Descremada,Alpura. Clásica,Leche Procesada,Basicos,10.1,13/05/2026,Hipermercado Soriana,Supermercado / Tienda de Autoservicio,Soriana Hiper Sucursal Cimatario,Ctra. a Huimilpan 1001. Int. del Centro Comercial Plaza del Sol. Col. Plazas del Sol. Iii Sección. Cp. 76099,Querétaro,Santiago de Querétaro,20.563227,-100.375284
Leche Ultrapasteurizada,Caja 200 Ml. Parcialmente Descremada,Alpura. Clásica,Leche Procesada,Basicos,10.4,14/05/2026,La Comer,Supermercado / Tienda de Autoservicio,Lacomer Sucursal Queretaro Estadio,Luis M. Vega y Monroy 1300. Esq.cimataRío . Col. CimataRío. Cp. 76090,Querétaro,Santiago de Querétaro,20.577804,-100.373626
Leche Ultrapasteurizada,Caja 200 Ml. Parcialmente Descremada,Alpura. Clásica,Leche Procesada,Basicos,10.5,13/05/2026,Hipermercado Soriana,Supermercado / Tienda de Autoservicio,Soriana Hiper Sucursal Consulado (418),Río Consulado 2355. Esq. Carlos Marx. Col. Simon Bolivar. Cp. 15410,Ciudad de México,Venustiano Carranza,19.449572,-99.100376
Leche Ultrapasteurizada,Caja 200 Ml. Parcialmente Descremada,Alpura. Clásica,Leche Procesada,Basicos,8,01/05/2026,Superissste,Supermercado / Tienda de Autoservicio,Superissste Sucursal 011,Calle Peluqueros No. 310 Esquina Calle Tizayuca. Col. Michoacána. Cp. 15240,Ciudad de México,Venustiano Carranza,19.446139,-99.113372
Leche Ultrapasteurizada,Caja 200 Ml. Parcialmente Descremada,Alpura. Clásica,Leche Procesada,Basicos,8,01/05/2026,Superissste,Supermercado / Tienda de Autoservicio,Superissste Sucursal 022,Av. del Taller y Retorno No. 38 Dentro del Retorno 38. Col. Jardín Balbuena. Cp. 15900,Ciudad de México,Venustiano Carranza,19.412842,-99.105666
Leche Ultrapasteurizada,Caja 200 Ml. Parcialmente Descremada,Alpura. Clásica,Leche Procesada,Basicos,8,08/05/2026,Superissste,Supermercado / Tienda de Autoservicio,Superissste Sucursal 011,Calle Peluqueros No. 310 Esquina Calle Tizayuca. Col. Michoacána. Cp. 15240,Ciudad de México,Venustiano Carranza,19.446139,-99.113372
Leche Ultrapasteurizada,Caja 200 Ml. Parcialmente Descremada,Alpura. Clásica,Leche Procesada,Basicos,8,08/05/2026,Superissste,Supermercado / Tienda de Autoservicio,Superissste Sucursal 022,Av. del Taller y Retorno No. 38 Dentro del Retorno 38. Col. Jardín Balbuena. Cp. 15900,Ciudad de México,Venustiano Carranza,19.412842,-99.105666
Leche Ultrapasteurizada,Caja 200 Ml. Parcialmente Descremada,Alpura. Clásica,Leche Procesada,Basicos,8,15/05/2026,Superissste,Supermercado / Tienda de Autoservicio,Superissste Sucursal 011,Calle Peluqueros No. 310 Esquina Calle Tizayuca. Col. Michoacána. Cp. 15240,Ciudad de México,Venustiano Carranza,19.446139,-99.113372
Leche Ultrapasteurizada,Caja 200 Ml. Parcialmente Descremada,Alpura. Clásica,Leche Procesada,Basicos,8,15/05/2026,Superissste,Supermercado / Tienda de Autoservicio,Superissste Sucursal 022,Av. del Taller y Retorno No. 38 Dentro del Retorno 38. Col. Jardín Balbuena. Cp. 15900,Ciudad de México,Venustiano Carranza,19.412842,-99.105666
Leche Ultrapasteurizada,Caja 200 Ml. Parcialmente Descremada,Alpura. Clásica,Leche Procesada,Basicos,9,07/05/2026,Bodega Aurrera,Supermercado / Tienda de Autoservicio,Bodega Aurrera Sucursal la Viga,Calz. de la Viga 136 Esq. del Taller. Col. Lorenzo Boturini. Cp. 15820,Ciudad de México,Venustiano Carranza,19.414749,-99.127874
Leche Ultrapasteurizada,Caja 200 Ml. Parcialmente Descremada,Alpura. Clásica,Leche Procesada,Basicos,9,08/05/2026,Bodega Aurrera,Supermercado / Tienda de Autoservicio,Bodega Aurrera Sucursal Centro Constituyentes,Constituyentes Oriente 334. Entre Pasteur y Manuel Ponce. Col. MercuRío. Cp. 76040,Querétaro,Santiago de Querétaro,20.586349,-100.382801
Leche Ultrapasteurizada,Caja 200 Ml. Parcialmente Descremada,Alpura. Clásica,Leche Procesada,Basicos,9,13/05/2026,Bodega Aurrera,Supermercado / Tienda de Autoservicio,Bodega Aurrera Sucursal la Viga,Calz. de la Viga 136 Esq. del Taller. Col. Lorenzo Boturini. Cp. 15820,Ciudad de México,Venustiano Carranza,19.414749,-99.127874
Leche Ultrapasteurizada,Caja 200 Ml. Parcialmente Descremada,Alpura. Clásica,Leche Procesada,Basicos,9,13/05/2026,Chedraui,Supermercado / Tienda de Autoservicio,Chedraui Sucursal Anfora,Anfora 71. Esq. Eje 1 Norte. Col. Madero. Cp. 15320,Ciudad de México,Venustiano Carranza,19.437353,-99.110088
Leche Ultrapasteurizada,Caja 200 Ml. Parcialmente Descremada,Alpura. Clásica,Leche Procesada,Basicos,9,15/05/2026,Bodega Aurrera,Supermercado / Tienda de Autoservicio,Bodega Aurrera Sucursal Centro Constituyentes,Constituyentes Oriente 334. Entre Pasteur y Manuel Ponce. Col. MercuRío. Cp. 76040,Querétaro,Santiago de Querétaro,20.586349,-100.382801
Leche Ultrapasteurizada,Caja 200 Ml. Parcialmente Descremada,Alpura. Clásica,Leche Procesada,Basicos,9.5,06/05/2026,Chedraui,Supermercado / Tienda de Autoservicio,Chedraui Sucursal Centro Sur,Blvd. Bernardo Quintana 502. Carr. con Direccion a Centro Civico. Col. Centro Sur. Cp. 76087,Querétaro,Santiago de Querétaro,20.569354,-100.358831
Leche Ultrapasteurizada,Caja 200 Ml. Parcialmente Descremada,Alpura. Clásica,Leche Procesada,Basicos,9.5,07/05/2026,La Comer,Supermercado / Tienda de Autoservicio,Lacomer Sucursal Queretaro Estadio,Luis M. Vega y Monroy 1300. Esq.cimataRío . Col. CimataRío. Cp. 76090,Querétaro,Santiago de Querétaro,20.577804,-100.373626
Leche Ultrapasteurizada,Caja 200 Ml. Parcialmente Descremada,Alpura. Clásica,Leche Procesada,Basicos,9.5,07/05/2026,Wal-mart,Supermercado / Tienda de Autoservicio,Walmart Sucursal Balbuena,Fray Servando Teresa de Mier 881. Entre Fernando Iglesia Calderon y Genaro Garcia. Col. Jardín Balbuena. Cp. 15900,Ciudad de México,Venustiano Carranza,19.418067,-99.105639
Leche Ultrapasteurizada,Caja 200 Ml. Parcialmente Descremada,Alpura. Clásica,Leche Procesada,Basicos,9.5,07/05/2026,Wal-mart,Supermercado / Tienda de Autoservicio,Walmart Sucursal Unidad Plaza de Toros,Autopista Querétaro Celaya 5501. Int. del Centro Comercial Plaza Esfera. Col. el Jacal. Cp. 76187,Querétaro,Santiago de Querétaro,20.574076,-100.408704
Leche Ultrapasteurizada,Caja 200 Ml. Parcialmente Descremada,Alpura. Clásica,Leche Procesada,Basicos,9.5,12/05/2026,Wal-mart,Supermercado / Tienda de Autoservicio,Walmart Sucursal Unidad Plaza de Toros,Autopista Querétaro Celaya 5501. Int. del Centro Comercial Plaza Esfera. Col. el Jacal. Cp. 76187,Querétaro,Santiago de Querétaro,20.574076,-100.408704
Leche Ultrapasteurizada,Caja 200 Ml. Parcialmente Descremada,Alpura. Clásica,Leche Procesada,Basicos,9.5,13/05/2026,Chedraui,Supermercado / Tienda de Autoservicio,Chedraui Sucursal Centro Sur,Blvd. Bernardo Quintana 502. Carr. con Direccion a Centro Civico. Col. Centro Sur. Cp. 76087,Querétaro,Santiago de Querétaro,20.569354,-100.358831
Leche Ultrapasteurizada,Caja 200 Ml. Parcialmente Descremada,Alpura. Clásica,Leche Procesada,Basicos,9.5,13/05/2026,Wal-mart,Supermercado / Tienda de Autoservicio,Walmart Sucursal Balbuena,Fray Servando Teresa de Mier 881. Entre Fernando Iglesia Calderon y Genaro Garcia. Col. Jardín Balbuena. Cp. 15900,Ciudad de México,Venustiano Carranza,19.418067,-99.105639
Leche Ultrapasteurizada,Caja 200 Ml. Semidescremada. Chocopower. Sabor Chocolate,Alpura. Vaquitas,Leche Procesada,Basicos,10,01/05/2026,Superissste,Supermercado / Tienda de Autoservicio,Superissste Sucursal 011,Calle Peluqueros No. 310 Esquina Calle Tizayuca. Col. Michoacána. Cp. 15240,Ciudad de México,Venustiano Carranza,19.446139,-99.113372
Leche Ultrapasteurizada,Caja 200 Ml. Semidescremada. Chocopower. Sabor Chocolate,Alpura. Vaquitas,Leche Procesada,Basicos,10,01/05/2026,Superissste,Supermercado / Tienda de Autoservicio,Superissste Sucursal 022,Av. del Taller y Retorno No. 38 Dentro del Retorno 38. Col. Jardín Balbuena. Cp. 15900,Ciudad de México,Venustiano Carranza,19.412842,-99.105666
Leche Ultrapasteurizada,Caja 200 Ml. Semidescremada. Chocopower. Sabor Chocolate,Alpura. Vaquitas,Leche Procesada,Basicos,10,08/05/2026,Superissste,Supermercado / Tienda de Autoservicio,Superissste Sucursal 011,Calle Peluqueros No. 310 Esquina Calle Tizayuca. Col. Michoacána. Cp. 15240,Ciudad de México,Venustiano Carranza,19.446139,-99.113372
Leche Ultrapasteurizada,Caja 200 Ml. Semidescremada. Chocopower. Sabor Chocolate,Alpura. Vaquitas,Leche Procesada,Basicos,10,08/05/2026,Superissste,Supermercado / Tienda de Autoservicio,Superissste Sucursal 022,Av. del Taller y Retorno No. 38 Dentro del Retorno 38. Col. Jardín Balbuena. Cp. 15900,Ciudad de México,Venustiano Carranza,19.412842,-99.105666
Leche Ultrapasteurizada,Caja 200 Ml. Semidescremada. Chocopower. Sabor Chocolate,Alpura. Vaquitas,Leche Procesada,Basicos,10,15/05/2026,Superissste,Supermercado / Tienda de Autoservicio,Superissste Sucursal 011,Calle Peluqueros No. 310 Esquina Calle Tizayuca. Col. Michoacána. Cp. 15240,Ciudad de México,Venustiano Carranza,19.446139,-99.113372
Leche Ultrapasteurizada,Caja 200 Ml. Semidescremada. Chocopower. Sabor Chocolate,Alpura. Vaquitas,Leche Procesada,Basicos,10,15/05/2026,Superissste,Supermercado / Tienda de Autoservicio,Superissste Sucursal 022,Av. del Taller y Retorno No. 38 Dentro del Retorno 38. Col. Jardín Balbuena. Cp. 15900,Ciudad de México,Venustiano Carranza,19.412842,-99.105666
Leche Ultrapasteurizada,Caja 200 Ml. Semidescremada. Chocopower. Sabor Chocolate,Alpura. Vaquitas,Leche Procesada,Basicos,10.3,04/05/2026,Hipermercado Soriana,Supermercado / Tienda de Autoservicio,Soriana Hiper Sucursal Cimatario,Ctra. a Huimilpan 1001. Int. del Centro Comercial Plaza del Sol. Col. Plazas del Sol. Iii Sección. Cp. 76099,Querétaro,Santiago de Querétaro,20.563227,-100.375284
Leche Ultrapasteurizada,Caja 200 Ml. Semidescremada. Chocopower. Sabor Chocolate,Alpura. Vaquitas,Leche Procesada,Basicos,10.5,13/05/2026,Chedraui,Supermercado / Tienda de Autoservicio,Chedraui Sucursal Anfora,Anfora 71. Esq. Eje 1 Norte. Col. Madero. Cp. 15320,Ciudad de México,Venustiano Carranza,19.437353,-99.110088
Leche Ultrapasteurizada,Caja 200 Ml. Semidescremada. Chocopower. Sabor Chocolate,Alpura. Vaquitas,Leche Procesada,Basicos,10.7,07/05/2026,La Comer,Supermercado / Tienda de Autoservicio,Lacomer Sucursal Queretaro Estadio,Luis M. Vega y Monroy 1300. Esq.cimataRío . Col. CimataRío. Cp. 76090,Querétaro,Santiago de Querétaro,20.577804,-100.373626
Leche Ultrapasteurizada,Caja 200 Ml. Semidescremada. Chocopower. Sabor Chocolate,Alpura. Vaquitas,Leche Procesada,Basicos,10.7,14/05/2026,La Comer,Supermercado / Tienda de Autoservicio,Lacomer Sucursal Queretaro Estadio,Luis M. Vega y Monroy 1300. Esq.cimataRío . Col. CimataRío. Cp. 76090,Querétaro,Santiago de Querétaro,20.577804,-100.373626
Leche Ultrapasteurizada,Caja 200 Ml. Semidescremada. Chocopower. Sabor Chocolate,Alpura. Vaquitas,Leche Procesada,Basicos,11.7,13/05/2026,Hipermercado Soriana,Supermercado / Tienda de Autoservicio,Soriana Hiper Sucursal Cimatario,Ctra. a Huimilpan 1001. Int. del Centro Comercial Plaza del Sol. Col. Plazas del Sol. Iii Sección. Cp. 76099,Querétaro,Santiago de Querétaro,20.563227,-100.375284
Leche Ultrapasteurizada,Caja 200 Ml. Semidescremada. Chocopower. Sabor Chocolate,Alpura. Vaquitas,Leche Procesada,Basicos,9,06/05/2026,Chedraui,Supermercado / Tienda de Autoservicio,Chedraui Sucursal Centro Sur,Blvd. Bernardo Quintana 502. Carr. con Direccion a Centro Civico. Col. Centro Sur. Cp. 76087,Querétaro,Santiago de Querétaro,20.569354,-100.358831
Leche Ultrapasteurizada,Caja 200 Ml. Semidescremada. Chocopower. Sabor Chocolate,Alpura. Vaquitas,Leche Procesada,Basicos,9,13/05/2026,Chedraui,Supermercado / Tienda de Autoservicio,Chedraui Sucursal Centro Sur,Blvd. Bernardo Quintana 502. Carr. con Direccion a Centro Civico. Col. Centro Sur. Cp. 76087,Querétaro,Santiago de Querétaro,20.569354,-100.358831
Leche Ultrapasteurizada,Envase o Caja 1 Lt. Entera,Aguascalientes,Leche Procesada,Pacic,20,07/05/2026,La Comer,Supermercado / Tienda de Autoservicio,Lacomer Sucursal Queretaro Estadio,Luis M. Vega y Monroy 1300. Esq.cimataRío . Col. CimataRío. Cp. 76090,Querétaro,Santiago de Querétaro,20.577804,-100.373626
Leche Ultrapasteurizada,Envase o Caja 1 Lt. Entera,Aguascalientes,Leche Procesada,Pacic,20,14/05/2026,La Comer,Supermercado / Tienda de Autoservicio,Lacomer Sucursal Queretaro Estadio,Luis M. Vega y Monroy 1300. Esq.cimataRío . Col. CimataRío. Cp. 76090,Querétaro,Santiago de Querétaro,20.577804,-100.373626
Leche Ultrapasteurizada,Envase o Caja 1 Lt. Entera,Great Value,Leche Procesada,Pacic,19,07/05/2026,Bodega Aurrera,Supermercado / Tienda de Autoservicio,Bodega Aurrera Sucursal la Viga,Calz. de la Viga 136 Esq. del Taller. Col. Lorenzo Boturini. Cp. 15820,Ciudad de México,Venustiano Carranza,19.414749,-99.127874
Leche Ultrapasteurizada,Envase o Caja 1 Lt. Entera,Great Value,Leche Procesada,Pacic,19,13/05/2026,Bodega Aurrera,Supermercado / Tienda de Autoservicio,Bodega Aurrera Sucursal la Viga,Calz. de la Viga 136 Esq. del Taller. Col. Lorenzo Boturini. Cp. 15820,Ciudad de México,Venustiano Carranza,19.414749,-99.127874
Leche Ultrapasteurizada,Envase o Caja 1 Lt. Entera,Great Value,Leche Procesada,Pacic,23,07/05/2026,Wal-mart,Supermercado / Tienda de Autoservicio,Walmart Sucursal Balbuena,Fray Servando Teresa de Mier 881. Entre Fernando Iglesia Calderon y Genaro Garcia. Col. Jardín Balbuena. Cp. 15900,Ciudad de México,Venustiano Carranza,19.418067,-99.105639
Leche Ultrapasteurizada,Envase o Caja 1 Lt. Entera,Great Value,Leche Procesada,Pacic,23,07/05/2026,Wal-mart,Supermercado / Tienda de Autoservicio,Walmart Sucursal Unidad Plaza de Toros,Autopista Querétaro Celaya 5501. Int. del Centro Comercial Plaza Esfera. Col. el Jacal. Cp. 76187,Querétaro,Santiago de Querétaro,20.574076,-100.408704
Leche Ultrapasteurizada,Envase o Caja 1 Lt. Entera,Great Value,Leche Procesada,Pacic,23,12/05/2026,Wal-mart,Supermercado / Tienda de Autoservicio,Walmart Sucursal Unidad Plaza de Toros,Autopista Querétaro Celaya 5501. Int. del Centro Comercial Plaza Esfera. Col. el Jacal. Cp. 76187,Querétaro,Santiago de Querétaro,20.574076,-100.408704
Leche Ultrapasteurizada,Envase o Caja 1 Lt. Entera,Great Value,Leche Procesada,Pacic,23,13/05/2026,Wal-mart,Supermercado / Tienda de Autoservicio,Walmart Sucursal Aeropuerto,Calz. Ignacio Zaragoza 58. Esq. Blvd. Puerto Aereo. Col. Federal. Cp. 15700,Ciudad de México,Venustiano Carranza,19.41926,-99.094521
Leche Ultrapasteurizada,Envase o Caja 1 Lt. Entera,Great Value,Leche Procesada,Pacic,23,13/05/2026,Wal-mart,Supermercado / Tienda de Autoservicio,Walmart Sucursal Balbuena,Fray Servando Teresa de Mier 881. Entre Fernando Iglesia Calderon y Genaro Garcia. Col. Jardín Balbuena. Cp. 15900,Ciudad de México,Venustiano Carranza,19.418067,-99.105639
Leche Ultrapasteurizada,Envase o Caja 1 Lt. Entera,Valley Foods,Leche Procesada,Pacic,20,04/05/2026,Hipermercado Soriana,Supermercado / Tienda de Autoservicio,Soriana Hiper Sucursal Cimatario,Ctra. a Huimilpan 1001. Int. del Centro Comercial Plaza del Sol. Col. Plazas del Sol. Iii Sección. Cp. 76099,Querétaro,Santiago de Querétaro,20.563227,-100.375284
Leche Ultrapasteurizada,Envase o Caja 1 Lt. Entera,Valley Foods,Leche Procesada,Pacic,24.9,13/05/2026,Hipermercado Soriana,Supermercado / Tienda de Autoservicio,Soriana Hiper Sucursal Cimatario,Ctra. a Huimilpan 1001. Int. del Centro Comercial Plaza del Sol. Col. Plazas del Sol. Iii Sección. Cp. 76099,Querétaro,Santiago de Querétaro,20.563227,-100.375284
Leche Ultrapasteurizada,Envase o Caja 1 Lt. Entera,Valley Foods,Leche Procesada,Pacic,24.9,13/05/2026,Hipermercado Soriana,Supermercado / Tienda de Autoservicio,Soriana Hiper Sucursal Consulado (418),Río Consulado 2355. Esq. Carlos Marx. Col. Simon Bolivar. Cp. 15410,Ciudad de México,Venustiano Carranza,19.449572,-99.100376
Leche en Polvo,Lata 1.4 Kg. (alimento para Niños...),Nido. Kinder,Leche Procesada,Basicos,269,15/05/2026,Superissste,Supermercado / Tienda de Autoservicio,Superissste Sucursal 022,Av. del Taller y Retorno No. 38 Dentro del Retorno 38. Col. Jardín Balbuena. Cp. 15900,Ciudad de México,Venustiano Carranza,19.412842,-99.105666
Lechuga,Pieza. Orejona o Larga,S/M,Hortalizas Frescas,Frutas y Legumbres,26.8,04/05/2026,Hipermercado Soriana,Supermercado / Tienda de Autoservicio,Soriana Hiper Sucursal Cimatario,Ctra. a Huimilpan 1001. Int. del Centro Comercial Plaza del Sol. Col. Plazas del Sol. Iii Sección. Cp. 76099,Querétaro,Santiago de Querétaro,20.563227,-100.375284
Lenteja,Bolsa 500 Gr.,Verde Valle,Legumbres Secas,Basicos,28.9,08/05/2026,Superissste,Supermercado / Tienda de Autoservicio,Superissste Sucursal 022,Av. del Taller y Retorno No. 38 Dentro del Retorno 38. Col. Jardín Balbuena. Cp. 15900,Ciudad de México,Venustiano Carranza,19.412842,-99.105666
Levitra,Caja con 4 Tabletas de 10 Mg.,S/M,Medicamentos,Medicamentos,1011,14/05/2026,Benavides,Farmacias,Farmacia Benavides Sucursal Isla de Montecristo,Av. del Parque 401. Esq. Calle Isla de Montecristo. Col. Lindavista. Cp. 76070,Querétaro,Santiago de Querétaro,20.568451,-100.380021
Levitra,Caja con 4 Tabletas de 20 Mg.,S/M,Medicamentos,Medicamentos,1779,13/05/2026,Hipermercado Soriana,Supermercado / Tienda de Autoservicio,Soriana Hiper Sucursal Cimatario,Ctra. a Huimilpan 1001. Int. del Centro Comercial Plaza del Sol. Col. Plazas del Sol. Iii Sección. Cp. 76099,Querétaro,Santiago de Querétaro,20.563227,-100.375284
Lexapro,Caja con 14 Tabletas de 10 Mg.,S/M,Medicamentos,Medicamentos,929,12/05/2026,Farmacias del Ahorro,Farmacias,Farmacias del Ahorro Sucursal Queretaro,Constituyentes Pte. 46. Entre Fernando de Tapia y Melchor Ocampo. Col. Centro. Cp. 76000,Querétaro,Santiago de Querétaro,20.584013,-100.394346
Licuadoras,Blstxpg-bw o Blstxpg-bw-013. Velocidades 3+2 Pulso. Base Metal. Vaso Vidrio. Color Gris,Oster,Aparatos Eléctricos,Electrodomesticos,1990,07/05/2026,Wal-mart,Supermercado / Tienda de Autoservicio,Walmart Sucursal Balbuena,Fray Servando Teresa de Mier 881. Entre Fernando Iglesia Calderon y Genaro Garcia. Col. Jardín Balbuena. Cp. 15900,Ciudad de México,Venustiano Carranza,19.418067,-99.105639
Limpiador Líquido P/piso,Botella 1 Lt. Multiusos. Lavanda,Flash,Detergentes y Productos Similares,Basicos,19,12/05/2026,Oxxo,Tienda de Conveniencia,Oxxo Sucursal Corregidora 50 Cr,Circuito Moises Solana No. 128. Esq. Gertrudis Bocanegra. Col. Burocratas. Cp. 76070,Querétaro,Santiago de Querétaro,20.57462,-100.384232
Limpiador Líquido P/piso,Botella 900 Ml. Multiusos. Flores de Primavera,Poett,Detergentes y Productos Similares,Basicos,21,07/05/2026,La Comer,Supermercado / Tienda de Autoservicio,Lacomer Sucursal Queretaro Estadio,Luis M. Vega y Monroy 1300. Esq.cimataRío . Col. CimataRío. Cp. 76090,Querétaro,Santiago de Querétaro,20.577804,-100.373626
Limón,1 Kg. Granel. Agrio Sin Semilla o Persa,S/M,Frutas Frescas,Frutas y Legumbres,28.9,04/05/2026,Hipermercado Soriana,Supermercado / Tienda de Autoservicio,Soriana Hiper Sucursal Cimatario,Ctra. a Huimilpan 1001. Int. del Centro Comercial Plaza del Sol. Col. Plazas del Sol. Iii Sección. Cp. 76099,Querétaro,Santiago de Querétaro,20.563227,-100.375284
Limón,1 Kg. Granel. Agrio Sin Semilla o Persa,S/M,Frutas Frescas,Frutas y Legumbres,32.9,07/05/2026,La Comer,Supermercado / Tienda de Autoservicio,Lacomer Sucursal Queretaro Estadio,Luis M. Vega y Monroy 1300. Esq.cimataRío . Col. CimataRío. Cp. 76090,Querétaro,Santiago de Querétaro,20.577804,-100.373626
Limón,1 Kg. Granel. Agrio Sin Semilla o Persa,S/M,Frutas Frescas,Frutas y Legumbres,32.9,14/05/2026,La Comer,Supermercado / Tienda de Autoservicio,Lacomer Sucursal Queretaro Estadio,Luis M. Vega y Monroy 1300. Esq.cimataRío . Col. CimataRío. Cp. 76090,Querétaro,Santiago de Querétaro,20.577804,-100.373626
Limón,1 Kg. Granel. Agrio Sin Semilla o Persa,S/M,Frutas Frescas,Frutas y Legumbres,39.9,13/05/2026,Chedraui,Supermercado / Tienda de Autoservicio,Chedraui Sucursal Anfora,Anfora 71. Esq. Eje 1 Norte. Col. Madero. Cp. 15320,Ciudad de México,Venustiano Carranza,19.437353,-99.110088
Limón,1 Kg. Granel. Agrio Sin Semilla o Persa,S/M,Frutas Frescas,Frutas y Legumbres,39.9,13/05/2026,Chedraui,Supermercado / Tienda de Autoservicio,Chedraui Sucursal Centro Sur,Blvd. Bernardo Quintana 502. Carr. con Direccion a Centro Civico. Col. Centro Sur. Cp. 76087,Querétaro,Santiago de Querétaro,20.569354,-100.358831
Limón,1 Kg. Granel. Agrio Sin Semilla o Persa,S/M,Frutas Frescas,Frutas y Legumbres,39.9,13/05/2026,Hipermercado Soriana,Supermercado / Tienda de Autoservicio,Soriana Hiper Sucursal Cimatario,Ctra. a Huimilpan 1001. Int. del Centro Comercial Plaza del Sol. Col. Plazas del Sol. Iii Sección. Cp. 76099,Querétaro,Santiago de Querétaro,20.563227,-100.375284
Limón,1 Kg. Granel. Agrio Sin Semilla o Persa,S/M,Frutas Frescas,Frutas y Legumbres,39.9,13/05/2026,Hipermercado Soriana,Supermercado / Tienda de Autoservicio,Soriana Hiper Sucursal Consulado (418),Río Consulado 2355. Esq. Carlos Marx. Col. Simon Bolivar. Cp. 15410,Ciudad de México,Venustiano Carranza,19.449572,-99.100376
Limón,1 Kg. Granel. Agrio Sin Semilla o Persa,S/M,Frutas Frescas,Frutas y Legumbres,40,07/05/2026,Bodega Aurrera,Supermercado / Tienda de Autoservicio,Bodega Aurrera Sucursal la Viga,Calz. de la Viga 136 Esq. del Taller. Col. Lorenzo Boturini. Cp. 15820,Ciudad de México,Venustiano Carranza,19.414749,-99.127874
Limón,1 Kg. Granel. Agrio Sin Semilla o Persa,S/M,Frutas Frescas,Frutas y Legumbres,40,08/05/2026,Bodega Aurrera,Supermercado / Tienda de Autoservicio,Bodega Aurrera Sucursal Centro Constituyentes,Constituyentes Oriente 334. Entre Pasteur y Manuel Ponce. Col. MercuRío. Cp. 76040,Querétaro,Santiago de Querétaro,20.586349,-100.382801
Limón,1 Kg. Granel. Agrio Sin Semilla o Persa,S/M,Frutas Frescas,Frutas y Legumbres,40,15/05/2026,Bodega Aurrera,Supermercado / Tienda de Autoservicio,Bodega Aurrera Sucursal Centro Constituyentes,Constituyentes Oriente 334. Entre Pasteur y Manuel Ponce. Col. MercuRío. Cp. 76040,Querétaro,Santiago de Querétaro,20.586349,-100.382801
Limón,1 Kg. Granel. Agrio Sin Semilla o Persa,S/M,Frutas Frescas,Frutas y Legumbres,42.5,06/05/2026,Chedraui,Supermercado / Tienda de Autoservicio,Chedraui Sucursal Centro Sur,Blvd. Bernardo Quintana 502. Carr. con Direccion a Centro Civico. Col. Centro Sur. Cp. 76087,Querétaro,Santiago de Querétaro,20.569354,-100.358831
Limón,1 Kg. Granel. Agrio Sin Semilla o Persa,S/M,Frutas Frescas,Frutas y Legumbres,45,07/05/2026,Wal-mart,Supermercado / Tienda de Autoservicio,Walmart Sucursal Unidad Plaza de Toros,Autopista Querétaro Celaya 5501. Int. del Centro Comercial Plaza Esfera. Col. el Jacal. Cp. 76187,Querétaro,Santiago de Querétaro,20.574076,-100.408704
Limón,1 Kg. Granel. Agrio Sin Semilla o Persa,S/M,Frutas Frescas,Frutas y Legumbres,45,13/05/2026,Wal-mart,Supermercado / Tienda de Autoservicio,Walmart Sucursal Aeropuerto,Calz. Ignacio Zaragoza 58. Esq. Blvd. Puerto Aereo. Col. Federal. Cp. 15700,Ciudad de México,Venustiano Carranza,19.41926,-99.094521
Limón,1 Kg. Granel. Agrio Sin Semilla o Persa,S/M,Frutas Frescas,Frutas y Legumbres,45,13/05/2026,Wal-mart,Supermercado / Tienda de Autoservicio,Walmart Sucursal Balbuena,Fray Servando Teresa de Mier 881. Entre Fernando Iglesia Calderon y Genaro Garcia. Col. Jardín Balbuena. Cp. 15900,Ciudad de México,Venustiano Carranza,19.418067,-99.105639
Limón,1 Kg. Granel. Agrio Sin Semilla o Persa,S/M,Frutas Frescas,Pacic,28.9,04/05/2026,Hipermercado Soriana,Supermercado / Tienda de Autoservicio,Soriana Hiper Sucursal Cimatario,Ctra. a Huimilpan 1001. Int. del Centro Comercial Plaza del Sol. Col. Plazas del Sol. Iii Sección. Cp. 76099,Querétaro,Santiago de Querétaro,20.563227,-100.375284
Limón,1 Kg. Granel. Agrio Sin Semilla o Persa,S/M,Frutas Frescas,Pacic,32.9,07/05/2026,La Comer,Supermercado / Tienda de Autoservicio,Lacomer Sucursal Queretaro Estadio,Luis M. Vega y Monroy 1300. Esq.cimataRío . Col. CimataRío. Cp. 76090,Querétaro,Santiago de Querétaro,20.577804,-100.373626
Limón,1 Kg. Granel. Agrio Sin Semilla o Persa,S/M,Frutas Frescas,Pacic,32.9,14/05/2026,La Comer,Supermercado / Tienda de Autoservicio,Lacomer Sucursal Queretaro Estadio,Luis M. Vega y Monroy 1300. Esq.cimataRío . Col. CimataRío. Cp. 76090,Querétaro,Santiago de Querétaro,20.577804,-100.373626
Limón,1 Kg. Granel. Agrio Sin Semilla o Persa,S/M,Frutas Frescas,Pacic,39.9,13/05/2026,Chedraui,Supermercado / Tienda de Autoservicio,Chedraui Sucursal Anfora,Anfora 71. Esq. Eje 1 Norte. Col. Madero. Cp. 15320,Ciudad de México,Venustiano Carranza,19.437353,-99.110088
Limón,1 Kg. Granel. Agrio Sin Semilla o Persa,S/M,Frutas Frescas,Pacic,39.9,13/05/2026,Chedraui,Supermercado / Tienda de Autoservicio,Chedraui Sucursal Centro Sur,Blvd. Bernardo Quintana 502. Carr. con Direccion a Centro Civico. Col. Centro Sur. Cp. 76087,Querétaro,Santiago de Querétaro,20.569354,-100.358831
Limón,1 Kg. Granel. Agrio Sin Semilla o Persa,S/M,Frutas Frescas,Pacic,39.9,13/05/2026,Hipermercado Soriana,Supermercado / Tienda de Autoservicio,Soriana Hiper Sucursal Cimatario,Ctra. a Huimilpan 1001. Int. del Centro Comercial Plaza del Sol. Col. Plazas del Sol. Iii Sección. Cp. 76099,Querétaro,Santiago de Querétaro,20.563227,-100.375284
Limón,1 Kg. Granel. Agrio Sin Semilla o Persa,S/M,Frutas Frescas,Pacic,39.9,13/05/2026,Hipermercado Soriana,Supermercado / Tienda de Autoservicio,Soriana Hiper Sucursal Consulado (418),Río Consulado 2355. Esq. Carlos Marx. Col. Simon Bolivar. Cp. 15410,Ciudad de México,Venustiano Carranza,19.449572,-99.100376
Limón,1 Kg. Granel. Agrio Sin Semilla o Persa,S/M,Frutas Frescas,Pacic,40,07/05/2026,Bodega Aurrera,Supermercado / Tienda de Autoservicio,Bodega Aurrera Sucursal la Viga,Calz. de la Viga 136 Esq. del Taller. Col. Lorenzo Boturini. Cp. 15820,Ciudad de México,Venustiano Carranza,19.414749,-99.127874
Limón,1 Kg. Granel. Agrio Sin Semilla o Persa,S/M,Frutas Frescas,Pacic,40,08/05/2026,Bodega Aurrera,Supermercado / Tienda de Autoservicio,Bodega Aurrera Sucursal Centro Constituyentes,Constituyentes Oriente 334. Entre Pasteur y Manuel Ponce. Col. MercuRío. Cp. 76040,Querétaro,Santiago de Querétaro,20.586349,-100.382801
Limón,1 Kg. Granel. Agrio Sin Semilla o Persa,S/M,Frutas Frescas,Pacic,40,15/05/2026,Bodega Aurrera,Supermercado / Tienda de Autoservicio,Bodega Aurrera Sucursal Centro Constituyentes,Constituyentes Oriente 334. Entre Pasteur y Manuel Ponce. Col. MercuRío. Cp. 76040,Querétaro,Santiago de Querétaro,20.586349,-100.382801
Limón,1 Kg. Granel. Agrio Sin Semilla o Persa,S/M,Frutas Frescas,Pacic,42.5,06/05/2026,Chedraui,Supermercado / Tienda de Autoservicio,Chedraui Sucursal Centro Sur,Blvd. Bernardo Quintana 502. Carr. con Direccion a Centro Civico. Col. Centro Sur. Cp. 76087,Querétaro,Santiago de Querétaro,20.569354,-100.358831
Limón,1 Kg. Granel. Agrio Sin Semilla o Persa,S/M,Frutas Frescas,Pacic,45,07/05/2026,Wal-mart,Supermercado / Tienda de Autoservicio,Walmart Sucursal Unidad Plaza de Toros,Autopista Querétaro Celaya 5501. Int. del Centro Comercial Plaza Esfera. Col. el Jacal. Cp. 76187,Querétaro,Santiago de Querétaro,20.574076,-100.408704
Limón,1 Kg. Granel. Agrio Sin Semilla o Persa,S/M,Frutas Frescas,Pacic,45,12/05/2026,Wal-mart,Supermercado / Tienda de Autoservicio,Walmart Sucursal Unidad Plaza de Toros,Autopista Querétaro Celaya 5501. Int. del Centro Comercial Plaza Esfera. Col. el Jacal. Cp. 76187,Querétaro,Santiago de Querétaro,20.574076,-100.408704
Limón,1 Kg. Granel. Agrio Sin Semilla o Persa,S/M,Frutas Frescas,Pacic,45,13/05/2026,Wal-mart,Supermercado / Tienda de Autoservicio,Walmart Sucursal Aeropuerto,Calz. Ignacio Zaragoza 58. Esq. Blvd. Puerto Aereo. Col. Federal. Cp. 15700,Ciudad de México,Venustiano Carranza,19.41926,-99.094521
Limón,1 Kg. Granel. Agrio Sin Semilla o Persa,S/M,Frutas Frescas,Pacic,45,13/05/2026,Wal-mart,Supermercado / Tienda de Autoservicio,Walmart Sucursal Balbuena,Fray Servando Teresa de Mier 881. Entre Fernando Iglesia Calderon y Genaro Garcia. Col. Jardín Balbuena. Cp. 15900,Ciudad de México,Venustiano Carranza,19.418067,-99.105639
Limón,1 Kg. Granel. Agrio con Semilla o Colima,S/M,Frutas Frescas,Frutas y Legumbres,16,14/05/2026,Mercado Publico,Mercados,Mercado Lomas de Casablanca,Avenida 10. Esq. Calle 23. Col. Lomas de Casa Blanca. Cp. 76080,Querétaro,Santiago de Querétaro,20.603024,-100.396263
Limón,1 Kg. Granel. Agrio con Semilla o Colima,S/M,Frutas Frescas,Frutas y Legumbres,20,06/05/2026,Chedraui,Supermercado / Tienda de Autoservicio,Chedraui Sucursal Centro Sur,Blvd. Bernardo Quintana 502. Carr. con Direccion a Centro Civico. Col. Centro Sur. Cp. 76087,Querétaro,Santiago de Querétaro,20.569354,-100.358831
Limón,1 Kg. Granel. Agrio con Semilla o Colima,S/M,Frutas Frescas,Frutas y Legumbres,20,13/05/2026,Chedraui,Supermercado / Tienda de Autoservicio,Chedraui Sucursal Anfora,Anfora 71. Esq. Eje 1 Norte. Col. Madero. Cp. 15320,Ciudad de México,Venustiano Carranza,19.437353,-99.110088
Limón,1 Kg. Granel. Agrio con Semilla o Colima,S/M,Frutas Frescas,Frutas y Legumbres,20,13/05/2026,Chedraui,Supermercado / Tienda de Autoservicio,Chedraui Sucursal Centro Sur,Blvd. Bernardo Quintana 502. Carr. con Direccion a Centro Civico. Col. Centro Sur. Cp. 76087,Querétaro,Santiago de Querétaro,20.569354,-100.358831
Limón,1 Kg. Granel. Agrio con Semilla o Colima,S/M,Frutas Frescas,Frutas y Legumbres,24,13/05/2026,Hipermercado Soriana,Supermercado / Tienda de Autoservicio,Soriana Hiper Sucursal Cimatario,Ctra. a Huimilpan 1001. Int. del Centro Comercial Plaza del Sol. Col. Plazas del Sol. Iii Sección. Cp. 76099,Querétaro,Santiago de Querétaro,20.563227,-100.375284
Limón,1 Kg. Granel. Agrio con Semilla o Colima,S/M,Frutas Frescas,Frutas y Legumbres,24,13/05/2026,Hipermercado Soriana,Supermercado / Tienda de Autoservicio,Soriana Hiper Sucursal Consulado (418),Río Consulado 2355. Esq. Carlos Marx. Col. Simon Bolivar. Cp. 15410,Ciudad de México,Venustiano Carranza,19.449572,-99.100376
Limón,1 Kg. Granel. Agrio con Semilla o Colima,S/M,Frutas Frescas,Frutas y Legumbres,28,13/05/2026,Mercado Publico,Mercados,Mercado Romero Rubio,Cairo S/n. Esq. Persia. Col. Romero Rubio. Cp. 15400,Ciudad de México,Venustiano Carranza,19.388643,-99.066708
Limón,1 Kg. Granel. Agrio con Semilla o Colima,S/M,Frutas Frescas,Frutas y Legumbres,30,01/05/2026,Superissste,Supermercado / Tienda de Autoservicio,Superissste Sucursal 011,Calle Peluqueros No. 310 Esquina Calle Tizayuca. Col. Michoacána. Cp. 15240,Ciudad de México,Venustiano Carranza,19.446139,-99.113372
Limón,1 Kg. Granel. Agrio con Semilla o Colima,S/M,Frutas Frescas,Frutas y Legumbres,30,01/05/2026,Superissste,Supermercado / Tienda de Autoservicio,Superissste Sucursal 022,Av. del Taller y Retorno No. 38 Dentro del Retorno 38. Col. Jardín Balbuena. Cp. 15900,Ciudad de México,Venustiano Carranza,19.412842,-99.105666
Limón,1 Kg. Granel. Agrio con Semilla o Colima,S/M,Frutas Frescas,Frutas y Legumbres,30,08/05/2026,Superissste,Supermercado / Tienda de Autoservicio,Superissste Sucursal 011,Calle Peluqueros No. 310 Esquina Calle Tizayuca. Col. Michoacána. Cp. 15240,Ciudad de México,Venustiano Carranza,19.446139,-99.113372
Limón,1 Kg. Granel. Agrio con Semilla o Colima,S/M,Frutas Frescas,Frutas y Legumbres,30,08/05/2026,Superissste,Supermercado / Tienda de Autoservicio,Superissste Sucursal 022,Av. del Taller y Retorno No. 38 Dentro del Retorno 38. Col. Jardín Balbuena. Cp. 15900,Ciudad de México,Venustiano Carranza,19.412842,-99.105666
Limón,1 Kg. Granel. Agrio con Semilla o Colima,S/M,Frutas Frescas,Frutas y Legumbres,30,13/05/2026,Bodega Aurrera,Supermercado / Tienda de Autoservicio,Bodega Aurrera Sucursal la Viga,Calz. de la Viga 136 Esq. del Taller. Col. Lorenzo Boturini. Cp. 15820,Ciudad de México,Venustiano Carranza,19.414749,-99.127874
Limón,1 Kg. Granel. Agrio con Semilla o Colima,S/M,Frutas Frescas,Frutas y Legumbres,30,15/05/2026,Superissste,Supermercado / Tienda de Autoservicio,Superissste Sucursal 011,Calle Peluqueros No. 310 Esquina Calle Tizayuca. Col. Michoacána. Cp. 15240,Ciudad de México,Venustiano Carranza,19.446139,-99.113372
Limón,1 Kg. Granel. Agrio con Semilla o Colima,S/M,Frutas Frescas,Frutas y Legumbres,30,15/05/2026,Superissste,Supermercado / Tienda de Autoservicio,Superissste Sucursal 022,Av. del Taller y Retorno No. 38 Dentro del Retorno 38. Col. Jardín Balbuena. Cp. 15900,Ciudad de México,Venustiano Carranza,19.412842,-99.105666
Limón,1 Kg. Granel. Agrio con Semilla o Colima,S/M,Frutas Frescas,Frutas y Legumbres,31.8,04/05/2026,Hipermercado Soriana,Supermercado / Tienda de Autoservicio,Soriana Hiper Sucursal Cimatario,Ctra. a Huimilpan 1001. Int. del Centro Comercial Plaza del Sol. Col. Plazas del Sol. Iii Sección. Cp. 76099,Querétaro,Santiago de Querétaro,20.563227,-100.375284
Limón,1 Kg. Granel. Agrio con Semilla o Colima,S/M,Frutas Frescas,Frutas y Legumbres,35,07/05/2026,Bodega Aurrera,Supermercado / Tienda de Autoservicio,Bodega Aurrera Sucursal la Viga,Calz. de la Viga 136 Esq. del Taller. Col. Lorenzo Boturini. Cp. 15820,Ciudad de México,Venustiano Carranza,19.414749,-99.127874
Limón,1 Kg. Granel. Agrio con Semilla o Colima,S/M,Frutas Frescas,Frutas y Legumbres,35,08/05/2026,Bodega Aurrera,Supermercado / Tienda de Autoservicio,Bodega Aurrera Sucursal Centro Constituyentes,Constituyentes Oriente 334. Entre Pasteur y Manuel Ponce. Col. MercuRío. Cp. 76040,Querétaro,Santiago de Querétaro,20.586349,-100.382801
Limón,1 Kg. Granel. Agrio con Semilla o Colima,S/M,Frutas Frescas,Frutas y Legumbres,35,15/05/2026,Bodega Aurrera,Supermercado / Tienda de Autoservicio,Bodega Aurrera Sucursal Centro Constituyentes,Constituyentes Oriente 334. Entre Pasteur y Manuel Ponce. Col. MercuRío. Cp. 76040,Querétaro,Santiago de Querétaro,20.586349,-100.382801
Limón,1 Kg. Granel. Agrio con Semilla o Colima,S/M,Frutas Frescas,Frutas y Legumbres,40,07/05/2026,Wal-mart,Supermercado / Tienda de Autoservicio,Walmart Sucursal Balbuena,Fray Servando Teresa de Mier 881. Entre Fernando Iglesia Calderon y Genaro Garcia. Col. Jardín Balbuena. Cp. 15900,Ciudad de México,Venustiano Carranza,19.418067,-99.105639
Limón,1 Kg. Granel. Agrio con Semilla o Colima,S/M,Frutas Frescas,Frutas y Legumbres,40,07/05/2026,Wal-mart,Supermercado / Tienda de Autoservicio,Walmart Sucursal Unidad Plaza de Toros,Autopista Querétaro Celaya 5501. Int. del Centro Comercial Plaza Esfera. Col. el Jacal. Cp. 76187,Querétaro,Santiago de Querétaro,20.574076,-100.408704
Limón,1 Kg. Granel. Agrio con Semilla o Colima,S/M,Frutas Frescas,Frutas y Legumbres,40,12/05/2026,Wal-mart,Supermercado / Tienda de Autoservicio,Walmart Sucursal Unidad Plaza de Toros,Autopista Querétaro Celaya 5501. Int. del Centro Comercial Plaza Esfera. Col. el Jacal. Cp. 76187,Querétaro,Santiago de Querétaro,20.574076,-100.408704
Limón,1 Kg. Granel. Agrio con Semilla o Colima,S/M,Frutas Frescas,Frutas y Legumbres,40,13/05/2026,Wal-mart,Supermercado / Tienda de Autoservicio,Walmart Sucursal Aeropuerto,Calz. Ignacio Zaragoza 58. Esq. Blvd. Puerto Aereo. Col. Federal. Cp. 15700,Ciudad de México,Venustiano Carranza,19.41926,-99.094521
Limón,1 Kg. Granel. Agrio con Semilla o Colima,S/M,Frutas Frescas,Frutas y Legumbres,40,13/05/2026,Wal-mart,Supermercado / Tienda de Autoservicio,Walmart Sucursal Balbuena,Fray Servando Teresa de Mier 881. Entre Fernando Iglesia Calderon y Genaro Garcia. Col. Jardín Balbuena. Cp. 15900,Ciudad de México,Venustiano Carranza,19.418067,-99.105639
Limón,1 Kg. Granel. Agrio con Semilla o Colima,S/M,Frutas Frescas,Frutas y Legumbres,49.9,14/05/2026,La Comer,Supermercado / Tienda de Autoservicio,Lacomer Sucursal Queretaro Estadio,Luis M. Vega y Monroy 1300. Esq.cimataRío . Col. CimataRío. Cp. 76090,Querétaro,Santiago de Querétaro,20.577804,-100.373626
Limón,1 Kg. Granel. Agrio con Semilla o Colima,S/M,Frutas Frescas,Pacic,20,06/05/2026,Chedraui,Supermercado / Tienda de Autoservicio,Chedraui Sucursal Centro Sur,Blvd. Bernardo Quintana 502. Carr. con Direccion a Centro Civico. Col. Centro Sur. Cp. 76087,Querétaro,Santiago de Querétaro,20.569354,-100.358831
Limón,1 Kg. Granel. Agrio con Semilla o Colima,S/M,Frutas Frescas,Pacic,20,13/05/2026,Chedraui,Supermercado / Tienda de Autoservicio,Chedraui Sucursal Anfora,Anfora 71. Esq. Eje 1 Norte. Col. Madero. Cp. 15320,Ciudad de México,Venustiano Carranza,19.437353,-99.110088
Limón,1 Kg. Granel. Agrio con Semilla o Colima,S/M,Frutas Frescas,Pacic,20,13/05/2026,Chedraui,Supermercado / Tienda de Autoservicio,Chedraui Sucursal Centro Sur,Blvd. Bernardo Quintana 502. Carr. con Direccion a Centro Civico. Col. Centro Sur. Cp. 76087,Querétaro,Santiago de Querétaro,20.569354,-100.358831
Limón,1 Kg. Granel. Agrio con Semilla o Colima,S/M,Frutas Frescas,Pacic,24,13/05/2026,Hipermercado Soriana,Supermercado / Tienda de Autoservicio,Soriana Hiper Sucursal Cimatario,Ctra. a Huimilpan 1001. Int. del Centro Comercial Plaza del Sol. Col. Plazas del Sol. Iii Sección. Cp. 76099,Querétaro,Santiago de Querétaro,20.563227,-100.375284
Limón,1 Kg. Granel. Agrio con Semilla o Colima,S/M,Frutas Frescas,Pacic,24,13/05/2026,Hipermercado Soriana,Supermercado / Tienda de Autoservicio,Soriana Hiper Sucursal Consulado (418),Río Consulado 2355. Esq. Carlos Marx. Col. Simon Bolivar. Cp. 15410,Ciudad de México,Venustiano Carranza,19.449572,-99.100376
Limón,1 Kg. Granel. Agrio con Semilla o Colima,S/M,Frutas Frescas,Pacic,30,13/05/2026,Bodega Aurrera,Supermercado / Tienda de Autoservicio,Bodega Aurrera Sucursal la Viga,Calz. de la Viga 136 Esq. del Taller. Col. Lorenzo Boturini. Cp. 15820,Ciudad de México,Venustiano Carranza,19.414749,-99.127874
Limón,1 Kg. Granel. Agrio con Semilla o Colima,S/M,Frutas Frescas,Pacic,31.8,04/05/2026,Hipermercado Soriana,Supermercado / Tienda de Autoservicio,Soriana Hiper Sucursal Cimatario,Ctra. a Huimilpan 1001. Int. del Centro Comercial Plaza del Sol. Col. Plazas del Sol. Iii Sección. Cp. 76099,Querétaro,Santiago de Querétaro,20.563227,-100.375284
Limón,1 Kg. Granel. Agrio con Semilla o Colima,S/M,Frutas Frescas,Pacic,35,07/05/2026,Bodega Aurrera,Supermercado / Tienda de Autoservicio,Bodega Aurrera Sucursal la Viga,Calz. de la Viga 136 Esq. del Taller. Col. Lorenzo Boturini. Cp. 15820,Ciudad de México,Venustiano Carranza,19.414749,-99.127874
Limón,1 Kg. Granel. Agrio con Semilla o Colima,S/M,Frutas Frescas,Pacic,35,08/05/2026,Bodega Aurrera,Supermercado / Tienda de Autoservicio,Bodega Aurrera Sucursal Centro Constituyentes,Constituyentes Oriente 334. Entre Pasteur y Manuel Ponce. Col. MercuRío. Cp. 76040,Querétaro,Santiago de Querétaro,20.586349,-100.382801
Limón,1 Kg. Granel. Agrio con Semilla o Colima,S/M,Frutas Frescas,Pacic,35,15/05/2026,Bodega Aurrera,Supermercado / Tienda de Autoservicio,Bodega Aurrera Sucursal Centro Constituyentes,Constituyentes Oriente 334. Entre Pasteur y Manuel Ponce. Col. MercuRío. Cp. 76040,Querétaro,Santiago de Querétaro,20.586349,-100.382801
Limón,1 Kg. Granel. Agrio con Semilla o Colima,S/M,Frutas Frescas,Pacic,40,07/05/2026,Wal-mart,Supermercado / Tienda de Autoservicio,Walmart Sucursal Balbuena,Fray Servando Teresa de Mier 881. Entre Fernando Iglesia Calderon y Genaro Garcia. Col. Jardín Balbuena. Cp. 15900,Ciudad de México,Venustiano Carranza,19.418067,-99.105639
Limón,1 Kg. Granel. Agrio con Semilla o Colima,S/M,Frutas Frescas,Pacic,40,07/05/2026,Wal-mart,Supermercado / Tienda de Autoservicio,Walmart Sucursal Unidad Plaza de Toros,Autopista Querétaro Celaya 5501. Int. del Centro Comercial Plaza Esfera. Col. el Jacal. Cp. 76187,Querétaro,Santiago de Querétaro,20.574076,-100.408704
Limón,1 Kg. Granel. Agrio con Semilla o Colima,S/M,Frutas Frescas,Pacic,40,12/05/2026,Wal-mart,Supermercado / Tienda de Autoservicio,Walmart Sucursal Unidad Plaza de Toros,Autopista Querétaro Celaya 5501. Int. del Centro Comercial Plaza Esfera. Col. el Jacal. Cp. 76187,Querétaro,Santiago de Querétaro,20.574076,-100.408704
Limón,1 Kg. Granel. Agrio con Semilla o Colima,S/M,Frutas Frescas,Pacic,40,13/05/2026,Wal-mart,Supermercado / Tienda de Autoservicio,Walmart Sucursal Aeropuerto,Calz. Ignacio Zaragoza 58. Esq. Blvd. Puerto Aereo. Col. Federal. Cp. 15700,Ciudad de México,Venustiano Carranza,19.41926,-99.094521
Limón,1 Kg. Granel. Agrio con Semilla o Colima,S/M,Frutas Frescas,Pacic,40,13/05/2026,Wal-mart,Supermercado / Tienda de Autoservicio,Walmart Sucursal Balbuena,Fray Servando Teresa de Mier 881. Entre Fernando Iglesia Calderon y Genaro Garcia. Col. Jardín Balbuena. Cp. 15900,Ciudad de México,Venustiano Carranza,19.418067,-99.105639
Livial,Caja con 30 Tabletas de 2.5 Mg.,S/M,Medicamentos,Medicamentos,1148,13/05/2026,Wal-mart,Supermercado / Tienda de Autoservicio,Walmart Sucursal Aeropuerto,Calz. Ignacio Zaragoza 58. Esq. Blvd. Puerto Aereo. Col. Federal. Cp. 15700,Ciudad de México,Venustiano Carranza,19.41926,-99.094521
Losec A-20,Caja con 14 Cápsulas de 20 Mg.,S/M,Medicamentos,Medicamentos,97.9,13/05/2026,Hipermercado Soriana,Supermercado / Tienda de Autoservicio,Soriana Hiper Sucursal Cimatario,Ctra. a Huimilpan 1001. Int. del Centro Comercial Plaza del Sol. Col. Plazas del Sol. Iii Sección. Cp. 76099,Querétaro,Santiago de Querétaro,20.563227,-100.375284
Lyrica,Caja con 28 Cápsulas de 150 Mg.,S/M,Medicamentos,Medicamentos,1491,14/05/2026,Benavides,Farmacias,Farmacia Benavides Sucursal Isla de Montecristo,Av. del Parque 401. Esq. Calle Isla de Montecristo. Col. Lindavista. Cp. 76070,Querétaro,Santiago de Querétaro,20.568451,-100.380021
Mango,1 Kg. Granel. Ataulfo,S/M,Frutas Frescas,Frutas y Legumbres,46.5,04/05/2026,Hipermercado Soriana,Supermercado / Tienda de Autoservicio,Soriana Hiper Sucursal Cimatario,Ctra. a Huimilpan 1001. Int. del Centro Comercial Plaza del Sol. Col. Plazas del Sol. Iii Sección. Cp. 76099,Querétaro,Santiago de Querétaro,20.563227,-100.375284
Mantequilla,Barra 220 Gr. Sin Sal,Alpura,Derivados de Leche,Basicos,46,15/05/2026,Bodega Aurrera,Supermercado / Tienda de Autoservicio,Bodega Aurrera Sucursal Centro Constituyentes,Constituyentes Oriente 334. Entre Pasteur y Manuel Ponce. Col. MercuRío. Cp. 76040,Querétaro,Santiago de Querétaro,20.586349,-100.382801
Mantequilla,Barra 90 Gr. Sin Sal,Alpura,Derivados de Leche,Basicos,20,13/05/2026,Chedraui,Supermercado / Tienda de Autoservicio,Chedraui Sucursal Anfora,Anfora 71. Esq. Eje 1 Norte. Col. Madero. Cp. 15320,Ciudad de México,Venustiano Carranza,19.437353,-99.110088
Mantequilla,Barra 90 Gr. Sin Sal,Alpura,Derivados de Leche,Basicos,25.9,08/05/2026,Superissste,Supermercado / Tienda de Autoservicio,Superissste Sucursal 011,Calle Peluqueros No. 310 Esquina Calle Tizayuca. Col. Michoacána. Cp. 15240,Ciudad de México,Venustiano Carranza,19.446139,-99.113372
Mantequilla,Barra 90 Gr. Sin Sal,Chipilo,Derivados de Leche,Basicos,22,13/05/2026,Chedraui,Supermercado / Tienda de Autoservicio,Chedraui Sucursal Anfora,Anfora 71. Esq. Eje 1 Norte. Col. Madero. Cp. 15320,Ciudad de México,Venustiano Carranza,19.437353,-99.110088
Manzana,1 Kg. Granel. Gala,S/M,Frutas Frescas,Pacic,59,13/05/2026,Wal-mart,Supermercado / Tienda de Autoservicio,Walmart Sucursal Aeropuerto,Calz. Ignacio Zaragoza 58. Esq. Blvd. Puerto Aereo. Col. Federal. Cp. 15700,Ciudad de México,Venustiano Carranza,19.41926,-99.094521
Manzana,1 Kg. Granel. Golden,S/M,Frutas Frescas,Frutas y Legumbres,51.5,13/05/2026,Hipermercado Soriana,Supermercado / Tienda de Autoservicio,Soriana Hiper Sucursal Consulado (418),Río Consulado 2355. Esq. Carlos Marx. Col. Simon Bolivar. Cp. 15410,Ciudad de México,Venustiano Carranza,19.449572,-99.100376
Manzana,1 Kg. Granel. Granny Smith,S/M,Frutas Frescas,Frutas y Legumbres,54.8,04/05/2026,Hipermercado Soriana,Supermercado / Tienda de Autoservicio,Soriana Hiper Sucursal Cimatario,Ctra. a Huimilpan 1001. Int. del Centro Comercial Plaza del Sol. Col. Plazas del Sol. Iii Sección. Cp. 76099,Querétaro,Santiago de Querétaro,20.563227,-100.375284
Manzana,1 Kg. Granel. Red Delicious/roja/roja Mediana/roja Americana,S/M,Frutas Frescas,Pacic,34.5,13/05/2026,Hipermercado Soriana,Supermercado / Tienda de Autoservicio,Soriana Hiper Sucursal Cimatario,Ctra. a Huimilpan 1001. Int. del Centro Comercial Plaza del Sol. Col. Plazas del Sol. Iii Sección. Cp. 76099,Querétaro,Santiago de Querétaro,20.563227,-100.375284
Manzana,1 Kg. Granel. Red Delicious/roja/roja Mediana/roja Americana,S/M,Frutas Frescas,Pacic,35.9,14/05/2026,La Comer,Supermercado / Tienda de Autoservicio,Lacomer Sucursal Queretaro Estadio,Luis M. Vega y Monroy 1300. Esq.cimataRío . Col. CimataRío. Cp. 76090,Querétaro,Santiago de Querétaro,20.577804,-100.373626
Margarina,Barra 90 Gr. Sin Sal,Lala. 4 en 1,Aceites y Grasas Veg. Comestibles,Basicos,15.9,08/05/2026,Superissste,Supermercado / Tienda de Autoservicio,Superissste Sucursal 022,Av. del Taller y Retorno No. 38 Dentro del Retorno 38. Col. Jardín Balbuena. Cp. 15900,Ciudad de México,Venustiano Carranza,19.412842,-99.105666
Margarina,Barra 90 Gr. Sin Sal,Lala. 4 en 1,Aceites y Grasas Veg. Comestibles,Basicos,15.9,15/05/2026,Superissste,Supermercado / Tienda de Autoservicio,Superissste Sucursal 022,Av. del Taller y Retorno No. 38 Dentro del Retorno 38. Col. Jardín Balbuena. Cp. 15900,Ciudad de México,Venustiano Carranza,19.412842,-99.105666
Margarina,Barra 90 Gr. Sin Sal,Lala. 4 en 1,Aceites y Grasas Veg. Comestibles,Basicos,16,15/05/2026,Bodega Aurrera,Supermercado / Tienda de Autoservicio,Bodega Aurrera Sucursal Centro Constituyentes,Constituyentes Oriente 334. Entre Pasteur y Manuel Ponce. Col. MercuRío. Cp. 76040,Querétaro,Santiago de Querétaro,20.586349,-100.382801
Mayonesa,Frasco 425 Gr. Aderezo con Jugo de Limones,Mc Cormick. Light,Condimentos,Basicos,46,08/05/2026,Bodega Aurrera,Supermercado / Tienda de Autoservicio,Bodega Aurrera Sucursal Centro Constituyentes,Constituyentes Oriente 334. Entre Pasteur y Manuel Ponce. Col. MercuRío. Cp. 76040,Querétaro,Santiago de Querétaro,20.586349,-100.382801
Mayonesa,Frasco 425 Gr. Aderezo con Jugo de Limones,Mc Cormick. Light,Condimentos,Basicos,51.5,08/05/2026,Superissste,Supermercado / Tienda de Autoservicio,Superissste Sucursal 022,Av. del Taller y Retorno No. 38 Dentro del Retorno 38. Col. Jardín Balbuena. Cp. 15900,Ciudad de México,Venustiano Carranza,19.412842,-99.105666
Maíz Palomero,Bolsa 500 Gr.,Verde Valle,Legumbres Secas,Basicos,25,08/05/2026,Bodega Aurrera,Supermercado / Tienda de Autoservicio,Bodega Aurrera Sucursal Centro Constituyentes,Constituyentes Oriente 334. Entre Pasteur y Manuel Ponce. Col. MercuRío. Cp. 76040,Querétaro,Santiago de Querétaro,20.586349,-100.382801
Maíz Palomero,Bolsa 500 Gr.,Verde Valle,Legumbres Secas,Basicos,27.9,13/05/2026,Hipermercado Soriana,Supermercado / Tienda de Autoservicio,Soriana Hiper Sucursal Consulado (418),Río Consulado 2355. Esq. Carlos Marx. Col. Simon Bolivar. Cp. 15410,Ciudad de México,Venustiano Carranza,19.449572,-99.100376
Mermelada,Frasco 470 Gr. Fresa,Clemente Jacques,Frutas y Legumbres Procesadas,Basicos,43,13/05/2026,Chedraui,Supermercado / Tienda de Autoservicio,Chedraui Sucursal Anfora,Anfora 71. Esq. Eje 1 Norte. Col. Madero. Cp. 15320,Ciudad de México,Venustiano Carranza,19.437353,-99.110088
Meticorten,Caja con 30 Tabletas de 5 Mg.,S/M,Medicamentos,Medicamentos,550,13/05/2026,Chedraui,Supermercado / Tienda de Autoservicio,Chedraui Sucursal Centro Sur,Blvd. Bernardo Quintana 502. Carr. con Direccion a Centro Civico. Col. Centro Sur. Cp. 76087,Querétaro,Santiago de Querétaro,20.569354,-100.358831
Mezcla California,Bolsa 500 Gr. Hortalizas Congeladas,La Huerta,Frutas y Legumbres Procesadas,Basicos,42,08/05/2026,Superissste,Supermercado / Tienda de Autoservicio,Superissste Sucursal 022,Av. del Taller y Retorno No. 38 Dentro del Retorno 38. Col. Jardín Balbuena. Cp. 15900,Ciudad de México,Venustiano Carranza,19.412842,-99.105666
Micardis,Caja con 14 Tabletas de 40 Mg.,S/M,Medicamentos,Medicamentos,916.3,14/05/2026,La Comer,Supermercado / Tienda de Autoservicio,Lacomer Sucursal Queretaro Estadio,Luis M. Vega y Monroy 1300. Esq.cimataRío . Col. CimataRío. Cp. 76090,Querétaro,Santiago de Querétaro,20.577804,-100.373626
Micardis,Caja con 28 Tabletas de 80 Mg.,S/M,Medicamentos,Medicamentos,1565,13/05/2026,Chedraui,Supermercado / Tienda de Autoservicio,Chedraui Sucursal Centro Sur,Blvd. Bernardo Quintana 502. Carr. con Direccion a Centro Civico. Col. Centro Sur. Cp. 76087,Querétaro,Santiago de Querétaro,20.569354,-100.358831
Miconazol,Caja con Tubo con 20 Gr. Crema,S/M,Medicamentos,Medicamentos,27,13/05/2026,Wal-mart,Supermercado / Tienda de Autoservicio,Walmart Sucursal Aeropuerto,Calz. Ignacio Zaragoza 58. Esq. Blvd. Puerto Aereo. Col. Federal. Cp. 15700,Ciudad de México,Venustiano Carranza,19.41926,-99.094521
Mortadela,1 Kg. Granel,Kir,Carnes Frías Secas y Embutidos,Basicos,116,07/05/2026,Wal-mart,Supermercado / Tienda de Autoservicio,Walmart Sucursal Balbuena,Fray Servando Teresa de Mier 881. Entre Fernando Iglesia Calderon y Genaro Garcia. Col. Jardín Balbuena. Cp. 15900,Ciudad de México,Venustiano Carranza,19.418067,-99.105639
Mostaza,Frasco 250 Gr.,Mc Cormick,Condimentos,Basicos,21.5,13/05/2026,Bodega Aurrera,Supermercado / Tienda de Autoservicio,Bodega Aurrera Sucursal la Viga,Calz. de la Viga 136 Esq. del Taller. Col. Lorenzo Boturini. Cp. 15820,Ciudad de México,Venustiano Carranza,19.414749,-99.127874
"Naproxeno Sodico, Paracetamol",Caja con Frasco con 15 Tabletas de 275 Mg./300 Mg.,S/M,Medicamentos,Medicamentos,69,14/05/2026,Benavides,Farmacias,Farmacia Benavides Sucursal Isla de Montecristo,Av. del Parque 401. Esq. Calle Isla de Montecristo. Col. Lindavista. Cp. 76070,Querétaro,Santiago de Querétaro,20.568451,-100.380021
Nebulizador,De Compresor. Modelo Ne-c801 la. Caja 1 Pieza,Omron,Arts. para el Cuidado Personal,Medicamentos,1499,14/05/2026,Benavides,Farmacias,Farmacia Benavides Sucursal Isla de Montecristo,Av. del Parque 401. Esq. Calle Isla de Montecristo. Col. Lindavista. Cp. 76070,Querétaro,Santiago de Querétaro,20.568451,-100.380021
Nebulizador,De Compresor. Modelo P-103. Caja 1 Pieza,Nebucor,Arts. para el Cuidado Personal,Medicamentos,848,12/05/2026,Wal-mart,Supermercado / Tienda de Autoservicio,Walmart Sucursal Unidad Plaza de Toros,Autopista Querétaro Celaya 5501. Int. del Centro Comercial Plaza Esfera. Col. el Jacal. Cp. 76187,Querétaro,Santiago de Querétaro,20.574076,-100.408704
Nebulizador,De Compresor. Modelo P-103. Caja 1 Pieza,Nebucor,Arts. para el Cuidado Personal,Medicamentos,935,04/05/2026,Hipermercado Soriana,Supermercado / Tienda de Autoservicio,Soriana Hiper Sucursal Cimatario,Ctra. a Huimilpan 1001. Int. del Centro Comercial Plaza del Sol. Col. Plazas del Sol. Iii Sección. Cp. 76099,Querétaro,Santiago de Querétaro,20.563227,-100.375284
Neo Melubrina,Caja con 10 Tabletas de 500 Mg.,S/M,Medicamentos,Medicamentos,94,13/05/2026,Chedraui,Supermercado / Tienda de Autoservicio,Chedraui Sucursal Centro Sur,Blvd. Bernardo Quintana 502. Carr. con Direccion a Centro Civico. Col. Centro Sur. Cp. 76087,Querétaro,Santiago de Querétaro,20.569354,-100.358831
Neuralin,Caja con Una Ampolleta No. 1 y Una Ampolleta No. 2,S/M,Medicamentos,Medicamentos,151,13/05/2026,Chedraui,Supermercado / Tienda de Autoservicio,Chedraui Sucursal Centro Sur,Blvd. Bernardo Quintana 502. Carr. con Direccion a Centro Civico. Col. Centro Sur. Cp. 76087,Querétaro,Santiago de Querétaro,20.569354,-100.358831
Nexium-mups,Caja con 14 Tabletas de 40 Mg.,S/M,Medicamentos,Medicamentos,927,15/05/2026,Bodega Aurrera,Supermercado / Tienda de Autoservicio,Bodega Aurrera Sucursal Centro Constituyentes,Constituyentes Oriente 334. Entre Pasteur y Manuel Ponce. Col. MercuRío. Cp. 76040,Querétaro,Santiago de Querétaro,20.586349,-100.382801
Nopal,1 Kg. Granel. Sin Espinas,S/M,Hortalizas Frescas,Frutas y Legumbres,42.9,07/05/2026,Wal-mart,Supermercado / Tienda de Autoservicio,Walmart Sucursal Balbuena,Fray Servando Teresa de Mier 881. Entre Fernando Iglesia Calderon y Genaro Garcia. Col. Jardín Balbuena. Cp. 15900,Ciudad de México,Venustiano Carranza,19.418067,-99.105639
Novotiral,Caja con 50 Tabletas de 100 Mcg./20 Mcg.,S/M,Medicamentos,Medicamentos,800,13/05/2026,Chedraui,Supermercado / Tienda de Autoservicio,Chedraui Sucursal Centro Sur,Blvd. Bernardo Quintana 502. Carr. con Direccion a Centro Civico. Col. Centro Sur. Cp. 76087,Querétaro,Santiago de Querétaro,20.569354,-100.358831
Oroxadin,Caja con 30 Cápsulas de 100 Mg.,S/M,Medicamentos,Medicamentos,1744,13/05/2026,Sanborn S Hnos.,Farmacias,Sanborns Sucursal los Arquitos,Constituyentes Oriente 172. Esq. de los Arquitos. Col. los Arquitos. Cp. 76050,Querétaro,Santiago de Querétaro,20.588117,-100.36869
Pan Dulce,Dona Cubierta de Chocolate. Pieza de 68 a 82 Gr. (12 Cm. de Diámetro Aprox.),S/M,Pan,Basicos,11,12/05/2026,Wal-mart,Supermercado / Tienda de Autoservicio,Walmart Sucursal Unidad Plaza de Toros,Autopista Querétaro Celaya 5501. Int. del Centro Comercial Plaza Esfera. Col. el Jacal. Cp. 76187,Querétaro,Santiago de Querétaro,20.574076,-100.408704
Pan de Caja,Paquete 612 Gr. Rebanado Natural,Bimbo,Pan,Pacic,62.5,04/05/2026,Hipermercado Soriana,Supermercado / Tienda de Autoservicio,Soriana Hiper Sucursal Cimatario,Ctra. a Huimilpan 1001. Int. del Centro Comercial Plaza del Sol. Col. Plazas del Sol. Iii Sección. Cp. 76099,Querétaro,Santiago de Querétaro,20.563227,-100.375284
Pan de Caja,Paquete Grande 620 Gr. Rebanado Blanco,Bimbo,Pan,Basicos,54,08/05/2026,Bodega Aurrera,Supermercado / Tienda de Autoservicio,Bodega Aurrera Sucursal Centro Constituyentes,Constituyentes Oriente 334. Entre Pasteur y Manuel Ponce. Col. MercuRío. Cp. 76040,Querétaro,Santiago de Querétaro,20.586349,-100.382801
Pan de Caja,Paquete Grande 620 Gr. Rebanado Blanco,Bimbo,Pan,Pacic,42,01/05/2026,Superissste,Supermercado / Tienda de Autoservicio,Superissste Sucursal 011,Calle Peluqueros No. 310 Esquina Calle Tizayuca. Col. Michoacána. Cp. 15240,Ciudad de México,Venustiano Carranza,19.446139,-99.113372
Pan de Caja,Paquete Grande 620 Gr. Rebanado Integral,Bimbo,Pan,Basicos,49.5,01/05/2026,Superissste,Supermercado / Tienda de Autoservicio,Superissste Sucursal 011,Calle Peluqueros No. 310 Esquina Calle Tizayuca. Col. Michoacána. Cp. 15240,Ciudad de México,Venustiano Carranza,19.446139,-99.113372
Pan de Caja,Paquete Grande 680 Gr. Rebanado Integral. con Masa Madre,Oroweat. Granos Enteros,Pan,Basicos,83,08/05/2026,Bodega Aurrera,Supermercado / Tienda de Autoservicio,Bodega Aurrera Sucursal Centro Constituyentes,Constituyentes Oriente 334. Entre Pasteur y Manuel Ponce. Col. MercuRío. Cp. 76040,Querétaro,Santiago de Querétaro,20.586349,-100.382801
Pan de Caja,Paquete Grande 680 Gr. Rebanado Integral. con Masa Madre,Oroweat. Granos Enteros,Pan,Basicos,93,07/05/2026,Wal-mart,Supermercado / Tienda de Autoservicio,Walmart Sucursal Unidad Plaza de Toros,Autopista Querétaro Celaya 5501. Int. del Centro Comercial Plaza Esfera. Col. el Jacal. Cp. 76187,Querétaro,Santiago de Querétaro,20.574076,-100.408704
Pantiprotectores,Bolsa 28 Piezas. Diarios Multiestilos. Ultradelgado,Saba,Arts. para el Cuidado Personal,Basicos,32,13/05/2026,Wal-mart,Supermercado / Tienda de Autoservicio,Walmart Sucursal Aeropuerto,Calz. Ignacio Zaragoza 58. Esq. Blvd. Puerto Aereo. Col. Federal. Cp. 15700,Ciudad de México,Venustiano Carranza,19.41926,-99.094521
Pantoprazol,Caja con 14 Tabletas o Grageas de 40 Mg.,S/M,Medicamentos,Medicamentos,129,13/05/2026,Wal-mart,Supermercado / Tienda de Autoservicio,Walmart Sucursal Aeropuerto,Calz. Ignacio Zaragoza 58. Esq. Blvd. Puerto Aereo. Col. Federal. Cp. 15700,Ciudad de México,Venustiano Carranza,19.41926,-99.094521
Papa,1 Kg. Granel. Alfa/blanca,S/M,Hortalizas Frescas,Frutas y Legumbres,23.9,01/05/2026,Superissste,Supermercado / Tienda de Autoservicio,Superissste Sucursal 011,Calle Peluqueros No. 310 Esquina Calle Tizayuca. Col. Michoacána. Cp. 15240,Ciudad de México,Venustiano Carranza,19.446139,-99.113372
Papa,1 Kg. Granel. Alfa/blanca,S/M,Hortalizas Frescas,Frutas y Legumbres,23.9,01/05/2026,Superissste,Supermercado / Tienda de Autoservicio,Superissste Sucursal 022,Av. del Taller y Retorno No. 38 Dentro del Retorno 38. Col. Jardín Balbuena. Cp. 15900,Ciudad de México,Venustiano Carranza,19.412842,-99.105666
Papa,1 Kg. Granel. Alfa/blanca,S/M,Hortalizas Frescas,Frutas y Legumbres,23.9,08/05/2026,Superissste,Supermercado / Tienda de Autoservicio,Superissste Sucursal 011,Calle Peluqueros No. 310 Esquina Calle Tizayuca. Col. Michoacána. Cp. 15240,Ciudad de México,Venustiano Carranza,19.446139,-99.113372
Papa,1 Kg. Granel. Alfa/blanca,S/M,Hortalizas Frescas,Frutas y Legumbres,23.9,08/05/2026,Superissste,Supermercado / Tienda de Autoservicio,Superissste Sucursal 022,Av. del Taller y Retorno No. 38 Dentro del Retorno 38. Col. Jardín Balbuena. Cp. 15900,Ciudad de México,Venustiano Carranza,19.412842,-99.105666
Papa,1 Kg. Granel. Alfa/blanca,S/M,Hortalizas Frescas,Frutas y Legumbres,23.9,15/05/2026,Superissste,Supermercado / Tienda de Autoservicio,Superissste Sucursal 011,Calle Peluqueros No. 310 Esquina Calle Tizayuca. Col. Michoacána. Cp. 15240,Ciudad de México,Venustiano Carranza,19.446139,-99.113372
Papa,1 Kg. Granel. Alfa/blanca,S/M,Hortalizas Frescas,Frutas y Legumbres,23.9,15/05/2026,Superissste,Supermercado / Tienda de Autoservicio,Superissste Sucursal 022,Av. del Taller y Retorno No. 38 Dentro del Retorno 38. Col. Jardín Balbuena. Cp. 15900,Ciudad de México,Venustiano Carranza,19.412842,-99.105666
Papa,1 Kg. Granel. Alfa/blanca,S/M,Hortalizas Frescas,Frutas y Legumbres,29.9,06/05/2026,Chedraui,Supermercado / Tienda de Autoservicio,Chedraui Sucursal Centro Sur,Blvd. Bernardo Quintana 502. Carr. con Direccion a Centro Civico. Col. Centro Sur. Cp. 76087,Querétaro,Santiago de Querétaro,20.569354,-100.358831
Papa,1 Kg. Granel. Alfa/blanca,S/M,Hortalizas Frescas,Frutas y Legumbres,35.9,04/05/2026,Hipermercado Soriana,Supermercado / Tienda de Autoservicio,Soriana Hiper Sucursal Cimatario,Ctra. a Huimilpan 1001. Int. del Centro Comercial Plaza del Sol. Col. Plazas del Sol. Iii Sección. Cp. 76099,Querétaro,Santiago de Querétaro,20.563227,-100.375284
Papa,1 Kg. Granel. Alfa/blanca,S/M,Hortalizas Frescas,Frutas y Legumbres,35.9,13/05/2026,Hipermercado Soriana,Supermercado / Tienda de Autoservicio,Soriana Hiper Sucursal Cimatario,Ctra. a Huimilpan 1001. Int. del Centro Comercial Plaza del Sol. Col. Plazas del Sol. Iii Sección. Cp. 76099,Querétaro,Santiago de Querétaro,20.563227,-100.375284
Papa,1 Kg. Granel. Alfa/blanca,S/M,Hortalizas Frescas,Frutas y Legumbres,35.9,13/05/2026,Hipermercado Soriana,Supermercado / Tienda de Autoservicio,Soriana Hiper Sucursal Consulado (418),Río Consulado 2355. Esq. Carlos Marx. Col. Simon Bolivar. Cp. 15410,Ciudad de México,Venustiano Carranza,19.449572,-99.100376
Papa,1 Kg. Granel. Alfa/blanca,S/M,Hortalizas Frescas,Frutas y Legumbres,36,04/05/2026,Mercado Publico,Mercados,Mercado Lomas de Casablanca,Avenida 10. Esq. Calle 23. Col. Lomas de Casa Blanca. Cp. 76080,Querétaro,Santiago de Querétaro,20.603024,-100.396263
Papa,1 Kg. Granel. Alfa/blanca,S/M,Hortalizas Frescas,Frutas y Legumbres,36,13/05/2026,Mercado Publico,Mercados,Mercado Romero Rubio,Cairo S/n. Esq. Persia. Col. Romero Rubio. Cp. 15400,Ciudad de México,Venustiano Carranza,19.388643,-99.066708
Papa,1 Kg. Granel. Alfa/blanca,S/M,Hortalizas Frescas,Frutas y Legumbres,38,13/05/2026,Chedraui,Supermercado / Tienda de Autoservicio,Chedraui Sucursal Anfora,Anfora 71. Esq. Eje 1 Norte. Col. Madero. Cp. 15320,Ciudad de México,Venustiano Carranza,19.437353,-99.110088
Papa,1 Kg. Granel. Alfa/blanca,S/M,Hortalizas Frescas,Frutas y Legumbres,38,13/05/2026,Chedraui,Supermercado / Tienda de Autoservicio,Chedraui Sucursal Centro Sur,Blvd. Bernardo Quintana 502. Carr. con Direccion a Centro Civico. Col. Centro Sur. Cp. 76087,Querétaro,Santiago de Querétaro,20.569354,-100.358831
Papa,1 Kg. Granel. Alfa/blanca,S/M,Hortalizas Frescas,Frutas y Legumbres,41.9,07/05/2026,La Comer,Supermercado / Tienda de Autoservicio,Lacomer Sucursal Queretaro Estadio,Luis M. Vega y Monroy 1300. Esq.cimataRío . Col. CimataRío. Cp. 76090,Querétaro,Santiago de Querétaro,20.577804,-100.373626
Papa,1 Kg. Granel. Alfa/blanca,S/M,Hortalizas Frescas,Frutas y Legumbres,42,14/05/2026,Mercado Publico,Mercados,Mercado Lomas de Casablanca,Avenida 10. Esq. Calle 23. Col. Lomas de Casa Blanca. Cp. 76080,Querétaro,Santiago de Querétaro,20.603024,-100.396263
Papa,1 Kg. Granel. Alfa/blanca,S/M,Hortalizas Frescas,Frutas y Legumbres,42.9,14/05/2026,La Comer,Supermercado / Tienda de Autoservicio,Lacomer Sucursal Queretaro Estadio,Luis M. Vega y Monroy 1300. Esq.cimataRío . Col. CimataRío. Cp. 76090,Querétaro,Santiago de Querétaro,20.577804,-100.373626
Papa,1 Kg. Granel. Alfa/blanca,S/M,Hortalizas Frescas,Frutas y Legumbres,58.9,07/05/2026,Bodega Aurrera,Supermercado / Tienda de Autoservicio,Bodega Aurrera Sucursal la Viga,Calz. de la Viga 136 Esq. del Taller. Col. Lorenzo Boturini. Cp. 15820,Ciudad de México,Venustiano Carranza,19.414749,-99.127874
Papa,1 Kg. Granel. Alfa/blanca,S/M,Hortalizas Frescas,Frutas y Legumbres,68,08/05/2026,Bodega Aurrera,Supermercado / Tienda de Autoservicio,Bodega Aurrera Sucursal Centro Constituyentes,Constituyentes Oriente 334. Entre Pasteur y Manuel Ponce. Col. MercuRío. Cp. 76040,Querétaro,Santiago de Querétaro,20.586349,-100.382801
Papa,1 Kg. Granel. Alfa/blanca,S/M,Hortalizas Frescas,Frutas y Legumbres,68,15/05/2026,Bodega Aurrera,Supermercado / Tienda de Autoservicio,Bodega Aurrera Sucursal Centro Constituyentes,Constituyentes Oriente 334. Entre Pasteur y Manuel Ponce. Col. MercuRío. Cp. 76040,Querétaro,Santiago de Querétaro,20.586349,-100.382801
Papa,1 Kg. Granel. Alfa/blanca,S/M,Hortalizas Frescas,Frutas y Legumbres,69,07/05/2026,Wal-mart,Supermercado / Tienda de Autoservicio,Walmart Sucursal Unidad Plaza de Toros,Autopista Querétaro Celaya 5501. Int. del Centro Comercial Plaza Esfera. Col. el Jacal. Cp. 76187,Querétaro,Santiago de Querétaro,20.574076,-100.408704
Papa,1 Kg. Granel. Alfa/blanca,S/M,Hortalizas Frescas,Frutas y Legumbres,69,12/05/2026,Wal-mart,Supermercado / Tienda de Autoservicio,Walmart Sucursal Unidad Plaza de Toros,Autopista Querétaro Celaya 5501. Int. del Centro Comercial Plaza Esfera. Col. el Jacal. Cp. 76187,Querétaro,Santiago de Querétaro,20.574076,-100.408704
Papa,1 Kg. Granel. Alfa/blanca,S/M,Hortalizas Frescas,Frutas y Legumbres,69,13/05/2026,Wal-mart,Supermercado / Tienda de Autoservicio,Walmart Sucursal Aeropuerto,Calz. Ignacio Zaragoza 58. Esq. Blvd. Puerto Aereo. Col. Federal. Cp. 15700,Ciudad de México,Venustiano Carranza,19.41926,-99.094521
Papa,1 Kg. Granel. Alfa/blanca,S/M,Hortalizas Frescas,Frutas y Legumbres,69,13/05/2026,Wal-mart,Supermercado / Tienda de Autoservicio,Walmart Sucursal Balbuena,Fray Servando Teresa de Mier 881. Entre Fernando Iglesia Calderon y Genaro Garcia. Col. Jardín Balbuena. Cp. 15900,Ciudad de México,Venustiano Carranza,19.418067,-99.105639
Papa,1 Kg. Granel. Alfa/blanca,S/M,Hortalizas Frescas,Pacic,29.9,06/05/2026,Chedraui,Supermercado / Tienda de Autoservicio,Chedraui Sucursal Centro Sur,Blvd. Bernardo Quintana 502. Carr. con Direccion a Centro Civico. Col. Centro Sur. Cp. 76087,Querétaro,Santiago de Querétaro,20.569354,-100.358831
Papa,1 Kg. Granel. Alfa/blanca,S/M,Hortalizas Frescas,Pacic,35.9,04/05/2026,Hipermercado Soriana,Supermercado / Tienda de Autoservicio,Soriana Hiper Sucursal Cimatario,Ctra. a Huimilpan 1001. Int. del Centro Comercial Plaza del Sol. Col. Plazas del Sol. Iii Sección. Cp. 76099,Querétaro,Santiago de Querétaro,20.563227,-100.375284
Papa,1 Kg. Granel. Alfa/blanca,S/M,Hortalizas Frescas,Pacic,35.9,13/05/2026,Hipermercado Soriana,Supermercado / Tienda de Autoservicio,Soriana Hiper Sucursal Cimatario,Ctra. a Huimilpan 1001. Int. del Centro Comercial Plaza del Sol. Col. Plazas del Sol. Iii Sección. Cp. 76099,Querétaro,Santiago de Querétaro,20.563227,-100.375284
Papa,1 Kg. Granel. Alfa/blanca,S/M,Hortalizas Frescas,Pacic,35.9,13/05/2026,Hipermercado Soriana,Supermercado / Tienda de Autoservicio,Soriana Hiper Sucursal Consulado (418),Río Consulado 2355. Esq. Carlos Marx. Col. Simon Bolivar. Cp. 15410,Ciudad de México,Venustiano Carranza,19.449572,-99.100376
Papa,1 Kg. Granel. Alfa/blanca,S/M,Hortalizas Frescas,Pacic,38,13/05/2026,Chedraui,Supermercado / Tienda de Autoservicio,Chedraui Sucursal Anfora,Anfora 71. Esq. Eje 1 Norte. Col. Madero. Cp. 15320,Ciudad de México,Venustiano Carranza,19.437353,-99.110088
Papa,1 Kg. Granel. Alfa/blanca,S/M,Hortalizas Frescas,Pacic,38,13/05/2026,Chedraui,Supermercado / Tienda de Autoservicio,Chedraui Sucursal Centro Sur,Blvd. Bernardo Quintana 502. Carr. con Direccion a Centro Civico. Col. Centro Sur. Cp. 76087,Querétaro,Santiago de Querétaro,20.569354,-100.358831
Papa,1 Kg. Granel. Alfa/blanca,S/M,Hortalizas Frescas,Pacic,41.9,07/05/2026,La Comer,Supermercado / Tienda de Autoservicio,Lacomer Sucursal Queretaro Estadio,Luis M. Vega y Monroy 1300. Esq.cimataRío . Col. CimataRío. Cp. 76090,Querétaro,Santiago de Querétaro,20.577804,-100.373626
Papa,1 Kg. Granel. Alfa/blanca,S/M,Hortalizas Frescas,Pacic,42.9,14/05/2026,La Comer,Supermercado / Tienda de Autoservicio,Lacomer Sucursal Queretaro Estadio,Luis M. Vega y Monroy 1300. Esq.cimataRío . Col. CimataRío. Cp. 76090,Querétaro,Santiago de Querétaro,20.577804,-100.373626
Papa,1 Kg. Granel. Alfa/blanca,S/M,Hortalizas Frescas,Pacic,58.9,07/05/2026,Bodega Aurrera,Supermercado / Tienda de Autoservicio,Bodega Aurrera Sucursal la Viga,Calz. de la Viga 136 Esq. del Taller. Col. Lorenzo Boturini. Cp. 15820,Ciudad de México,Venustiano Carranza,19.414749,-99.127874
Papa,1 Kg. Granel. Alfa/blanca,S/M,Hortalizas Frescas,Pacic,68,08/05/2026,Bodega Aurrera,Supermercado / Tienda de Autoservicio,Bodega Aurrera Sucursal Centro Constituyentes,Constituyentes Oriente 334. Entre Pasteur y Manuel Ponce. Col. MercuRío. Cp. 76040,Querétaro,Santiago de Querétaro,20.586349,-100.382801
Papa,1 Kg. Granel. Alfa/blanca,S/M,Hortalizas Frescas,Pacic,68,15/05/2026,Bodega Aurrera,Supermercado / Tienda de Autoservicio,Bodega Aurrera Sucursal Centro Constituyentes,Constituyentes Oriente 334. Entre Pasteur y Manuel Ponce. Col. MercuRío. Cp. 76040,Querétaro,Santiago de Querétaro,20.586349,-100.382801
Papa,1 Kg. Granel. Alfa/blanca,S/M,Hortalizas Frescas,Pacic,69,07/05/2026,Wal-mart,Supermercado / Tienda de Autoservicio,Walmart Sucursal Unidad Plaza de Toros,Autopista Querétaro Celaya 5501. Int. del Centro Comercial Plaza Esfera. Col. el Jacal. Cp. 76187,Querétaro,Santiago de Querétaro,20.574076,-100.408704
Papa,1 Kg. Granel. Alfa/blanca,S/M,Hortalizas Frescas,Pacic,69,12/05/2026,Wal-mart,Supermercado / Tienda de Autoservicio,Walmart Sucursal Unidad Plaza de Toros,Autopista Querétaro Celaya 5501. Int. del Centro Comercial Plaza Esfera. Col. el Jacal. Cp. 76187,Querétaro,Santiago de Querétaro,20.574076,-100.408704
Papa,1 Kg. Granel. Alfa/blanca,S/M,Hortalizas Frescas,Pacic,69,13/05/2026,Wal-mart,Supermercado / Tienda de Autoservicio,Walmart Sucursal Aeropuerto,Calz. Ignacio Zaragoza 58. Esq. Blvd. Puerto Aereo. Col. Federal. Cp. 15700,Ciudad de México,Venustiano Carranza,19.41926,-99.094521
Papa,1 Kg. Granel. Alfa/blanca,S/M,Hortalizas Frescas,Pacic,69,13/05/2026,Wal-mart,Supermercado / Tienda de Autoservicio,Walmart Sucursal Balbuena,Fray Servando Teresa de Mier 881. Entre Fernando Iglesia Calderon y Genaro Garcia. Col. Jardín Balbuena. Cp. 15900,Ciudad de México,Venustiano Carranza,19.418067,-99.105639
Papa,1 Kg. Granel. Alfa/blanca. en Malla,S/M,Hortalizas Frescas,Pacic,34,13/05/2026,Bodega Aurrera,Supermercado / Tienda de Autoservicio,Bodega Aurrera Sucursal la Viga,Calz. de la Viga 136 Esq. del Taller. Col. Lorenzo Boturini. Cp. 15820,Ciudad de México,Venustiano Carranza,19.414749,-99.127874
Papa,1 Kg. Granel. Alfa/blanca. en Malla,S/M,Hortalizas Frescas,Pacic,40,07/05/2026,Wal-mart,Supermercado / Tienda de Autoservicio,Walmart Sucursal Balbuena,Fray Servando Teresa de Mier 881. Entre Fernando Iglesia Calderon y Genaro Garcia. Col. Jardín Balbuena. Cp. 15900,Ciudad de México,Venustiano Carranza,19.418067,-99.105639
Papa,1 Kg. Granel. Alfa/blanca. en Malla,S/M,Hortalizas Frescas,Pacic,40,07/05/2026,Wal-mart,Supermercado / Tienda de Autoservicio,Walmart Sucursal Unidad Plaza de Toros,Autopista Querétaro Celaya 5501. Int. del Centro Comercial Plaza Esfera. Col. el Jacal. Cp. 76187,Querétaro,Santiago de Querétaro,20.574076,-100.408704
Papa,1 Kg. Granel. Alfa/blanca. en Malla,S/M,Hortalizas Frescas,Pacic,40,08/05/2026,Bodega Aurrera,Supermercado / Tienda de Autoservicio,Bodega Aurrera Sucursal Centro Constituyentes,Constituyentes Oriente 334. Entre Pasteur y Manuel Ponce. Col. MercuRío. Cp. 76040,Querétaro,Santiago de Querétaro,20.586349,-100.382801
Papa,1 Kg. Granel. Alfa/blanca. en Malla,S/M,Hortalizas Frescas,Pacic,40,12/05/2026,Wal-mart,Supermercado / Tienda de Autoservicio,Walmart Sucursal Unidad Plaza de Toros,Autopista Querétaro Celaya 5501. Int. del Centro Comercial Plaza Esfera. Col. el Jacal. Cp. 76187,Querétaro,Santiago de Querétaro,20.574076,-100.408704
Papa,1 Kg. Granel. Alfa/blanca. en Malla,S/M,Hortalizas Frescas,Pacic,44,13/05/2026,Wal-mart,Supermercado / Tienda de Autoservicio,Walmart Sucursal Aeropuerto,Calz. Ignacio Zaragoza 58. Esq. Blvd. Puerto Aereo. Col. Federal. Cp. 15700,Ciudad de México,Venustiano Carranza,19.41926,-99.094521
Papa,1 Kg. Granel. Alfa/blanca. en Malla,S/M,Hortalizas Frescas,Pacic,44,13/05/2026,Wal-mart,Supermercado / Tienda de Autoservicio,Walmart Sucursal Balbuena,Fray Servando Teresa de Mier 881. Entre Fernando Iglesia Calderon y Genaro Garcia. Col. Jardín Balbuena. Cp. 15900,Ciudad de México,Venustiano Carranza,19.418067,-99.105639
Papa,1 Kg. Granel. Alfa/blanca. en Malla,S/M,Hortalizas Frescas,Pacic,44,15/05/2026,Bodega Aurrera,Supermercado / Tienda de Autoservicio,Bodega Aurrera Sucursal Centro Constituyentes,Constituyentes Oriente 334. Entre Pasteur y Manuel Ponce. Col. MercuRío. Cp. 76040,Querétaro,Santiago de Querétaro,20.586349,-100.382801
Papas Fritas y Similares,Bolsa 160 Gr. Chip's. Papas Fritas. Sabor Sal,Barcel,Chocolates y Golosinas,Basicos,60,13/05/2026,Bodega Aurrera,Supermercado / Tienda de Autoservicio,Bodega Aurrera Sucursal la Viga,Calz. de la Viga 136 Esq. del Taller. Col. Lorenzo Boturini. Cp. 15820,Ciudad de México,Venustiano Carranza,19.414749,-99.127874
Papas Fritas y Similares,Bolsa 160 Gr. Papas Fritas. con Sal. Original,Sabritas,Chocolates y Golosinas,Basicos,55,08/05/2026,Superissste,Supermercado / Tienda de Autoservicio,Superissste Sucursal 011,Calle Peluqueros No. 310 Esquina Calle Tizayuca. Col. Michoacána. Cp. 15240,Ciudad de México,Venustiano Carranza,19.446139,-99.113372
Papas Fritas y Similares,Bolsa 225 Gr. Rancheritos,Sabritas,Chocolates y Golosinas,Basicos,61,07/05/2026,Wal-mart,Supermercado / Tienda de Autoservicio,Walmart Sucursal Balbuena,Fray Servando Teresa de Mier 881. Entre Fernando Iglesia Calderon y Genaro Garcia. Col. Jardín Balbuena. Cp. 15900,Ciudad de México,Venustiano Carranza,19.418067,-99.105639
Papas Fritas y Similares,Bolsa 225 Gr. Rancheritos,Sabritas,Chocolates y Golosinas,Basicos,61,13/05/2026,Wal-mart,Supermercado / Tienda de Autoservicio,Walmart Sucursal Aeropuerto,Calz. Ignacio Zaragoza 58. Esq. Blvd. Puerto Aereo. Col. Federal. Cp. 15700,Ciudad de México,Venustiano Carranza,19.41926,-99.094521
Papas Fritas y Similares,Bolsa 400 Gr. Tostitos. Nachos,Sabritas,Chocolates y Golosinas,Basicos,52,13/05/2026,Chedraui,Supermercado / Tienda de Autoservicio,Chedraui Sucursal Anfora,Anfora 71. Esq. Eje 1 Norte. Col. Madero. Cp. 15320,Ciudad de México,Venustiano Carranza,19.437353,-99.110088
Papaya,1 Kg. Granel. Maradol,S/M,Frutas Frescas,Frutas y Legumbres,41.9,13/05/2026,Bodega Aurrera,Supermercado / Tienda de Autoservicio,Bodega Aurrera Sucursal la Viga,Calz. de la Viga 136 Esq. del Taller. Col. Lorenzo Boturini. Cp. 15820,Ciudad de México,Venustiano Carranza,19.414749,-99.127874
Papel Higiénico,Paquete 12 Rollos. 200 Hojas Dobles,Suavel,Arts. de Papel P/higiene Personal,Basicos,67.9,13/05/2026,Hipermercado Soriana,Supermercado / Tienda de Autoservicio,Soriana Hiper Sucursal Consulado (418),Río Consulado 2355. Esq. Carlos Marx. Col. Simon Bolivar. Cp. 15410,Ciudad de México,Venustiano Carranza,19.449572,-99.100376
Papel Higiénico,Paquete 12 Rollos. 320 Hojas Dobles,Elite. Ultra Suave,Arts. de Papel P/higiene Personal,Basicos,114,07/05/2026,La Comer,Supermercado / Tienda de Autoservicio,Lacomer Sucursal Queretaro Estadio,Luis M. Vega y Monroy 1300. Esq.cimataRío . Col. CimataRío. Cp. 76090,Querétaro,Santiago de Querétaro,20.577804,-100.373626
Papel Higiénico,Paquete 12 Rollos. 320 Hojas Dobles,Elite. Ultra Suave,Arts. de Papel P/higiene Personal,Basicos,120,13/05/2026,Chedraui,Supermercado / Tienda de Autoservicio,Chedraui Sucursal Anfora,Anfora 71. Esq. Eje 1 Norte. Col. Madero. Cp. 15320,Ciudad de México,Venustiano Carranza,19.437353,-99.110088
Papel Higiénico,Paquete 12 Rollos. 320 Hojas Dobles,Elite. Ultra Suave,Arts. de Papel P/higiene Personal,Basicos,127,13/05/2026,Hipermercado Soriana,Supermercado / Tienda de Autoservicio,Soriana Hiper Sucursal Consulado (418),Río Consulado 2355. Esq. Carlos Marx. Col. Simon Bolivar. Cp. 15410,Ciudad de México,Venustiano Carranza,19.449572,-99.100376
Papel Higiénico,Paquete 12 Rollos. 320 Hojas Dobles,Pétalo. Rendimax,Arts. de Papel P/higiene Personal,Basicos,109,13/05/2026,Chedraui,Supermercado / Tienda de Autoservicio,Chedraui Sucursal Anfora,Anfora 71. Esq. Eje 1 Norte. Col. Madero. Cp. 15320,Ciudad de México,Venustiano Carranza,19.437353,-99.110088
Papel Higiénico,Paquete 12 Rollos. 320 Hojas Dobles,Pétalo. Rendimax,Arts. de Papel P/higiene Personal,Basicos,127,13/05/2026,Hipermercado Soriana,Supermercado / Tienda de Autoservicio,Soriana Hiper Sucursal Consulado (418),Río Consulado 2355. Esq. Carlos Marx. Col. Simon Bolivar. Cp. 15410,Ciudad de México,Venustiano Carranza,19.449572,-99.100376
Papel Higiénico,Paquete 12 Rollos. 320 Hojas Dobles,Pétalo. Rendimax,Arts. de Papel P/higiene Personal,Basicos,75,01/05/2026,Superissste,Supermercado / Tienda de Autoservicio,Superissste Sucursal 011,Calle Peluqueros No. 310 Esquina Calle Tizayuca. Col. Michoacána. Cp. 15240,Ciudad de México,Venustiano Carranza,19.446139,-99.113372
Papel Higiénico,Paquete 12 Rollos. 320 Hojas Dobles,Pétalo. Rendimax,Arts. de Papel P/higiene Personal,Basicos,75,01/05/2026,Superissste,Supermercado / Tienda de Autoservicio,Superissste Sucursal 022,Av. del Taller y Retorno No. 38 Dentro del Retorno 38. Col. Jardín Balbuena. Cp. 15900,Ciudad de México,Venustiano Carranza,19.412842,-99.105666
Papel Higiénico,Paquete 12 Rollos. 320 Hojas Dobles,Pétalo. Rendimax,Arts. de Papel P/higiene Personal,Basicos,75,08/05/2026,Superissste,Supermercado / Tienda de Autoservicio,Superissste Sucursal 011,Calle Peluqueros No. 310 Esquina Calle Tizayuca. Col. Michoacána. Cp. 15240,Ciudad de México,Venustiano Carranza,19.446139,-99.113372
Papel Higiénico,Paquete 12 Rollos. 320 Hojas Dobles,Pétalo. Rendimax,Arts. de Papel P/higiene Personal,Basicos,75,08/05/2026,Superissste,Supermercado / Tienda de Autoservicio,Superissste Sucursal 022,Av. del Taller y Retorno No. 38 Dentro del Retorno 38. Col. Jardín Balbuena. Cp. 15900,Ciudad de México,Venustiano Carranza,19.412842,-99.105666
Papel Higiénico,Paquete 12 Rollos. 320 Hojas Dobles,Pétalo. Rendimax,Arts. de Papel P/higiene Personal,Basicos,75,15/05/2026,Superissste,Supermercado / Tienda de Autoservicio,Superissste Sucursal 011,Calle Peluqueros No. 310 Esquina Calle Tizayuca. Col. Michoacána. Cp. 15240,Ciudad de México,Venustiano Carranza,19.446139,-99.113372
Papel Higiénico,Paquete 12 Rollos. 320 Hojas Dobles,Pétalo. Rendimax,Arts. de Papel P/higiene Personal,Basicos,75,15/05/2026,Superissste,Supermercado / Tienda de Autoservicio,Superissste Sucursal 022,Av. del Taller y Retorno No. 38 Dentro del Retorno 38. Col. Jardín Balbuena. Cp. 15900,Ciudad de México,Venustiano Carranza,19.412842,-99.105666
Papel Higiénico,Paquete 16 Rollos. 200 Hojas Dobles,Suavel,Arts. de Papel P/higiene Personal,Basicos,64.9,13/05/2026,Chedraui,Supermercado / Tienda de Autoservicio,Chedraui Sucursal Anfora,Anfora 71. Esq. Eje 1 Norte. Col. Madero. Cp. 15320,Ciudad de México,Venustiano Carranza,19.437353,-99.110088
Papel Higiénico,Paquete 16 Rollos. 200 Hojas Dobles,Suavel,Arts. de Papel P/higiene Personal,Basicos,82.5,13/05/2026,Hipermercado Soriana,Supermercado / Tienda de Autoservicio,Soriana Hiper Sucursal Consulado (418),Río Consulado 2355. Esq. Carlos Marx. Col. Simon Bolivar. Cp. 15410,Ciudad de México,Venustiano Carranza,19.449572,-99.100376
Papel Higiénico,Paquete 18 Rollos. Hoja Doble,Elite. Premium Soft Xl,Arts. de Papel P/higiene Personal,Basicos,119,13/05/2026,Chedraui,Supermercado / Tienda de Autoservicio,Chedraui Sucursal Anfora,Anfora 71. Esq. Eje 1 Norte. Col. Madero. Cp. 15320,Ciudad de México,Venustiano Carranza,19.437353,-99.110088
Papel Higiénico,Paquete 24 Rollos. 200 Hojas Dobles,Kleenex. Cottonelle. Soft,Arts. de Papel P/higiene Personal,Basicos,173,07/05/2026,La Comer,Supermercado / Tienda de Autoservicio,Lacomer Sucursal Queretaro Estadio,Luis M. Vega y Monroy 1300. Esq.cimataRío . Col. CimataRío. Cp. 76090,Querétaro,Santiago de Querétaro,20.577804,-100.373626
Papel Higiénico,Paquete 24 Rollos. 200 Hojas Dobles,Kleenex. Cottonelle. Soft,Arts. de Papel P/higiene Personal,Basicos,202,13/05/2026,Chedraui,Supermercado / Tienda de Autoservicio,Chedraui Sucursal Anfora,Anfora 71. Esq. Eje 1 Norte. Col. Madero. Cp. 15320,Ciudad de México,Venustiano Carranza,19.437353,-99.110088
Papel Higiénico,Paquete 24 Rollos. 200 Hojas Dobles,Kleenex. Cottonelle. Soft,Arts. de Papel P/higiene Personal,Basicos,203,14/05/2026,La Comer,Supermercado / Tienda de Autoservicio,Lacomer Sucursal Queretaro Estadio,Luis M. Vega y Monroy 1300. Esq.cimataRío . Col. CimataRío. Cp. 76090,Querétaro,Santiago de Querétaro,20.577804,-100.373626
Papel Higiénico,Paquete 24 Rollos. 200 Hojas Dobles,Kleenex. Cottonelle. Soft,Arts. de Papel P/higiene Personal,Basicos,205,07/05/2026,Wal-mart,Supermercado / Tienda de Autoservicio,Walmart Sucursal Balbuena,Fray Servando Teresa de Mier 881. Entre Fernando Iglesia Calderon y Genaro Garcia. Col. Jardín Balbuena. Cp. 15900,Ciudad de México,Venustiano Carranza,19.418067,-99.105639
Papel Higiénico,Paquete 24 Rollos. 200 Hojas Dobles,Kleenex. Cottonelle. Soft,Arts. de Papel P/higiene Personal,Basicos,205,07/05/2026,Wal-mart,Supermercado / Tienda de Autoservicio,Walmart Sucursal Unidad Plaza de Toros,Autopista Querétaro Celaya 5501. Int. del Centro Comercial Plaza Esfera. Col. el Jacal. Cp. 76187,Querétaro,Santiago de Querétaro,20.574076,-100.408704
Papel Higiénico,Paquete 24 Rollos. 200 Hojas Dobles,Kleenex. Cottonelle. Soft,Arts. de Papel P/higiene Personal,Basicos,205,13/05/2026,Hipermercado Soriana,Supermercado / Tienda de Autoservicio,Soriana Hiper Sucursal Consulado (418),Río Consulado 2355. Esq. Carlos Marx. Col. Simon Bolivar. Cp. 15410,Ciudad de México,Venustiano Carranza,19.449572,-99.100376
Papel Higiénico,Paquete 24 Rollos. 200 Hojas Dobles,Kleenex. Cottonelle. Soft,Arts. de Papel P/higiene Personal,Basicos,205,13/05/2026,Wal-mart,Supermercado / Tienda de Autoservicio,Walmart Sucursal Aeropuerto,Calz. Ignacio Zaragoza 58. Esq. Blvd. Puerto Aereo. Col. Federal. Cp. 15700,Ciudad de México,Venustiano Carranza,19.41926,-99.094521
Papel Higiénico,Paquete 24 Rollos. 200 Hojas Dobles,Kleenex. Cottonelle. Soft,Arts. de Papel P/higiene Personal,Basicos,205,13/05/2026,Wal-mart,Supermercado / Tienda de Autoservicio,Walmart Sucursal Balbuena,Fray Servando Teresa de Mier 881. Entre Fernando Iglesia Calderon y Genaro Garcia. Col. Jardín Balbuena. Cp. 15900,Ciudad de México,Venustiano Carranza,19.418067,-99.105639
Papel Higiénico,Paquete 24 Rollos. 300 Hojas Dobles,Suavel,Arts. de Papel P/higiene Personal,Basicos,177,13/05/2026,Chedraui,Supermercado / Tienda de Autoservicio,Chedraui Sucursal Anfora,Anfora 71. Esq. Eje 1 Norte. Col. Madero. Cp. 15320,Ciudad de México,Venustiano Carranza,19.437353,-99.110088
Papel Higiénico,Paquete 32 Rollos. 200 Hojas Dobles,Suavel,Arts. de Papel P/higiene Personal,Basicos,125,01/05/2026,Superissste,Supermercado / Tienda de Autoservicio,Superissste Sucursal 011,Calle Peluqueros No. 310 Esquina Calle Tizayuca. Col. Michoacána. Cp. 15240,Ciudad de México,Venustiano Carranza,19.446139,-99.113372
Papel Higiénico,Paquete 32 Rollos. 200 Hojas Dobles,Suavel,Arts. de Papel P/higiene Personal,Basicos,125,01/05/2026,Superissste,Supermercado / Tienda de Autoservicio,Superissste Sucursal 022,Av. del Taller y Retorno No. 38 Dentro del Retorno 38. Col. Jardín Balbuena. Cp. 15900,Ciudad de México,Venustiano Carranza,19.412842,-99.105666
Papel Higiénico,Paquete 32 Rollos. 200 Hojas Dobles,Suavel,Arts. de Papel P/higiene Personal,Basicos,125,08/05/2026,Superissste,Supermercado / Tienda de Autoservicio,Superissste Sucursal 011,Calle Peluqueros No. 310 Esquina Calle Tizayuca. Col. Michoacána. Cp. 15240,Ciudad de México,Venustiano Carranza,19.446139,-99.113372
Papel Higiénico,Paquete 32 Rollos. 200 Hojas Dobles,Suavel,Arts. de Papel P/higiene Personal,Basicos,125,08/05/2026,Superissste,Supermercado / Tienda de Autoservicio,Superissste Sucursal 022,Av. del Taller y Retorno No. 38 Dentro del Retorno 38. Col. Jardín Balbuena. Cp. 15900,Ciudad de México,Venustiano Carranza,19.412842,-99.105666
Papel Higiénico,Paquete 32 Rollos. 200 Hojas Dobles,Suavel,Arts. de Papel P/higiene Personal,Basicos,125,15/05/2026,Superissste,Supermercado / Tienda de Autoservicio,Superissste Sucursal 011,Calle Peluqueros No. 310 Esquina Calle Tizayuca. Col. Michoacána. Cp. 15240,Ciudad de México,Venustiano Carranza,19.446139,-99.113372
Papel Higiénico,Paquete 32 Rollos. 200 Hojas Dobles,Suavel,Arts. de Papel P/higiene Personal,Basicos,125,15/05/2026,Superissste,Supermercado / Tienda de Autoservicio,Superissste Sucursal 022,Av. del Taller y Retorno No. 38 Dentro del Retorno 38. Col. Jardín Balbuena. Cp. 15900,Ciudad de México,Venustiano Carranza,19.412842,-99.105666
Papel Higiénico,Paquete 32 Rollos. 200 Hojas Dobles,Suavel,Arts. de Papel P/higiene Personal,Basicos,129,07/05/2026,Bodega Aurrera,Supermercado / Tienda de Autoservicio,Bodega Aurrera Sucursal la Viga,Calz. de la Viga 136 Esq. del Taller. Col. Lorenzo Boturini. Cp. 15820,Ciudad de México,Venustiano Carranza,19.414749,-99.127874
Papel Higiénico,Paquete 32 Rollos. 200 Hojas Dobles,Suavel,Arts. de Papel P/higiene Personal,Basicos,129,08/05/2026,Bodega Aurrera,Supermercado / Tienda de Autoservicio,Bodega Aurrera Sucursal Centro Constituyentes,Constituyentes Oriente 334. Entre Pasteur y Manuel Ponce. Col. MercuRío. Cp. 76040,Querétaro,Santiago de Querétaro,20.586349,-100.382801
Papel Higiénico,Paquete 32 Rollos. 200 Hojas Dobles,Suavel,Arts. de Papel P/higiene Personal,Basicos,129,13/05/2026,Bodega Aurrera,Supermercado / Tienda de Autoservicio,Bodega Aurrera Sucursal la Viga,Calz. de la Viga 136 Esq. del Taller. Col. Lorenzo Boturini. Cp. 15820,Ciudad de México,Venustiano Carranza,19.414749,-99.127874
Papel Higiénico,Paquete 32 Rollos. 200 Hojas Dobles,Suavel,Arts. de Papel P/higiene Personal,Basicos,129,15/05/2026,Bodega Aurrera,Supermercado / Tienda de Autoservicio,Bodega Aurrera Sucursal Centro Constituyentes,Constituyentes Oriente 334. Entre Pasteur y Manuel Ponce. Col. MercuRío. Cp. 76040,Querétaro,Santiago de Querétaro,20.586349,-100.382801
Papel Higiénico,Paquete 32 Rollos. 200 Hojas Dobles,Suavel,Arts. de Papel P/higiene Personal,Basicos,130,07/05/2026,Wal-mart,Supermercado / Tienda de Autoservicio,Walmart Sucursal Balbuena,Fray Servando Teresa de Mier 881. Entre Fernando Iglesia Calderon y Genaro Garcia. Col. Jardín Balbuena. Cp. 15900,Ciudad de México,Venustiano Carranza,19.418067,-99.105639
Papel Higiénico,Paquete 32 Rollos. 200 Hojas Dobles,Suavel,Arts. de Papel P/higiene Personal,Basicos,130,13/05/2026,Chedraui,Supermercado / Tienda de Autoservicio,Chedraui Sucursal Centro Sur,Blvd. Bernardo Quintana 502. Carr. con Direccion a Centro Civico. Col. Centro Sur. Cp. 76087,Querétaro,Santiago de Querétaro,20.569354,-100.358831
Papel Higiénico,Paquete 32 Rollos. 200 Hojas Dobles,Suavel,Arts. de Papel P/higiene Personal,Basicos,130,13/05/2026,Wal-mart,Supermercado / Tienda de Autoservicio,Walmart Sucursal Balbuena,Fray Servando Teresa de Mier 881. Entre Fernando Iglesia Calderon y Genaro Garcia. Col. Jardín Balbuena. Cp. 15900,Ciudad de México,Venustiano Carranza,19.418067,-99.105639
Papel Higiénico,Paquete 32 Rollos. 200 Hojas Dobles,Suavel,Arts. de Papel P/higiene Personal,Basicos,159,13/05/2026,Hipermercado Soriana,Supermercado / Tienda de Autoservicio,Soriana Hiper Sucursal Consulado (418),Río Consulado 2355. Esq. Carlos Marx. Col. Simon Bolivar. Cp. 15410,Ciudad de México,Venustiano Carranza,19.449572,-99.100376
Papel Higiénico,Paquete 32 Rollos. 200 Hojas Dobles,Suavel,Arts. de Papel P/higiene Personal,Basicos,160,07/05/2026,Wal-mart,Supermercado / Tienda de Autoservicio,Walmart Sucursal Unidad Plaza de Toros,Autopista Querétaro Celaya 5501. Int. del Centro Comercial Plaza Esfera. Col. el Jacal. Cp. 76187,Querétaro,Santiago de Querétaro,20.574076,-100.408704
Papel Higiénico,Paquete 32 Rollos. 200 Hojas Dobles,Suavel,Arts. de Papel P/higiene Personal,Basicos,160,12/05/2026,Wal-mart,Supermercado / Tienda de Autoservicio,Walmart Sucursal Unidad Plaza de Toros,Autopista Querétaro Celaya 5501. Int. del Centro Comercial Plaza Esfera. Col. el Jacal. Cp. 76187,Querétaro,Santiago de Querétaro,20.574076,-100.408704
Papel Higiénico,Paquete 32 Rollos. 247 Hojas Dobles,Pétalo. Maxi Resist,Arts. de Papel P/higiene Personal,Basicos,203,07/05/2026,La Comer,Supermercado / Tienda de Autoservicio,Lacomer Sucursal Queretaro Estadio,Luis M. Vega y Monroy 1300. Esq.cimataRío . Col. CimataRío. Cp. 76090,Querétaro,Santiago de Querétaro,20.577804,-100.373626
Papel Higiénico,Paquete 4 Rollos. 185 Hojas Dobles,Iris. Bienestar,Arts. de Papel P/higiene Personal,Pacic,9,06/05/2026,Chedraui,Supermercado / Tienda de Autoservicio,Chedraui Sucursal Centro Sur,Blvd. Bernardo Quintana 502. Carr. con Direccion a Centro Civico. Col. Centro Sur. Cp. 76087,Querétaro,Santiago de Querétaro,20.569354,-100.358831
Papel Higiénico,Paquete 4 Rollos. 185 Hojas Dobles,Iris. Bienestar,Arts. de Papel P/higiene Personal,Pacic,9,13/05/2026,Chedraui,Supermercado / Tienda de Autoservicio,Chedraui Sucursal Anfora,Anfora 71. Esq. Eje 1 Norte. Col. Madero. Cp. 15320,Ciudad de México,Venustiano Carranza,19.437353,-99.110088
Papel Higiénico,Paquete 4 Rollos. 185 Hojas Dobles,Iris. Bienestar,Arts. de Papel P/higiene Personal,Pacic,9,13/05/2026,Chedraui,Supermercado / Tienda de Autoservicio,Chedraui Sucursal Centro Sur,Blvd. Bernardo Quintana 502. Carr. con Direccion a Centro Civico. Col. Centro Sur. Cp. 76087,Querétaro,Santiago de Querétaro,20.569354,-100.358831
Papel Higiénico,Paquete 4 Rollos. 185 Hojas Dobles,Precíssimo,Arts. de Papel P/higiene Personal,Pacic,15.5,04/05/2026,Hipermercado Soriana,Supermercado / Tienda de Autoservicio,Soriana Hiper Sucursal Cimatario,Ctra. a Huimilpan 1001. Int. del Centro Comercial Plaza del Sol. Col. Plazas del Sol. Iii Sección. Cp. 76099,Querétaro,Santiago de Querétaro,20.563227,-100.375284
Papel Higiénico,Paquete 4 Rollos. 185 Hojas Dobles,Precíssimo,Arts. de Papel P/higiene Personal,Pacic,15.5,13/05/2026,Hipermercado Soriana,Supermercado / Tienda de Autoservicio,Soriana Hiper Sucursal Cimatario,Ctra. a Huimilpan 1001. Int. del Centro Comercial Plaza del Sol. Col. Plazas del Sol. Iii Sección. Cp. 76099,Querétaro,Santiago de Querétaro,20.563227,-100.375284
Papel Higiénico,Paquete 4 Rollos. 185 Hojas Dobles,Precíssimo,Arts. de Papel P/higiene Personal,Pacic,15.5,13/05/2026,Hipermercado Soriana,Supermercado / Tienda de Autoservicio,Soriana Hiper Sucursal Consulado (418),Río Consulado 2355. Esq. Carlos Marx. Col. Simon Bolivar. Cp. 15410,Ciudad de México,Venustiano Carranza,19.449572,-99.100376
Papel Higiénico,Paquete 4 Rollos. 185 Hojas Dobles,Precíssimo. Eco,Arts. de Papel P/higiene Personal,Pacic,9.2,04/05/2026,Hipermercado Soriana,Supermercado / Tienda de Autoservicio,Soriana Hiper Sucursal Cimatario,Ctra. a Huimilpan 1001. Int. del Centro Comercial Plaza del Sol. Col. Plazas del Sol. Iii Sección. Cp. 76099,Querétaro,Santiago de Querétaro,20.563227,-100.375284
Papel Higiénico,Paquete 4 Rollos. 185 Hojas Dobles,Precíssimo. Eco,Arts. de Papel P/higiene Personal,Pacic,9.2,13/05/2026,Hipermercado Soriana,Supermercado / Tienda de Autoservicio,Soriana Hiper Sucursal Cimatario,Ctra. a Huimilpan 1001. Int. del Centro Comercial Plaza del Sol. Col. Plazas del Sol. Iii Sección. Cp. 76099,Querétaro,Santiago de Querétaro,20.563227,-100.375284
Papel Higiénico,Paquete 4 Rollos. 195 Hojas Dobles,Lys,Arts. de Papel P/higiene Personal,Pacic,9,07/05/2026,Bodega Aurrera,Supermercado / Tienda de Autoservicio,Bodega Aurrera Sucursal la Viga,Calz. de la Viga 136 Esq. del Taller. Col. Lorenzo Boturini. Cp. 15820,Ciudad de México,Venustiano Carranza,19.414749,-99.127874
Papel Higiénico,Paquete 4 Rollos. 195 Hojas Dobles,Lys,Arts. de Papel P/higiene Personal,Pacic,9,07/05/2026,Wal-mart,Supermercado / Tienda de Autoservicio,Walmart Sucursal Balbuena,Fray Servando Teresa de Mier 881. Entre Fernando Iglesia Calderon y Genaro Garcia. Col. Jardín Balbuena. Cp. 15900,Ciudad de México,Venustiano Carranza,19.418067,-99.105639
Papel Higiénico,Paquete 4 Rollos. 195 Hojas Dobles,Lys,Arts. de Papel P/higiene Personal,Pacic,9,07/05/2026,Wal-mart,Supermercado / Tienda de Autoservicio,Walmart Sucursal Unidad Plaza de Toros,Autopista Querétaro Celaya 5501. Int. del Centro Comercial Plaza Esfera. Col. el Jacal. Cp. 76187,Querétaro,Santiago de Querétaro,20.574076,-100.408704
Papel Higiénico,Paquete 4 Rollos. 195 Hojas Dobles,Lys,Arts. de Papel P/higiene Personal,Pacic,9,08/05/2026,Bodega Aurrera,Supermercado / Tienda de Autoservicio,Bodega Aurrera Sucursal Centro Constituyentes,Constituyentes Oriente 334. Entre Pasteur y Manuel Ponce. Col. MercuRío. Cp. 76040,Querétaro,Santiago de Querétaro,20.586349,-100.382801
Papel Higiénico,Paquete 4 Rollos. 195 Hojas Dobles,Lys,Arts. de Papel P/higiene Personal,Pacic,9,12/05/2026,Wal-mart,Supermercado / Tienda de Autoservicio,Walmart Sucursal Unidad Plaza de Toros,Autopista Querétaro Celaya 5501. Int. del Centro Comercial Plaza Esfera. Col. el Jacal. Cp. 76187,Querétaro,Santiago de Querétaro,20.574076,-100.408704
Papel Higiénico,Paquete 4 Rollos. 195 Hojas Dobles,Lys,Arts. de Papel P/higiene Personal,Pacic,9,13/05/2026,Bodega Aurrera,Supermercado / Tienda de Autoservicio,Bodega Aurrera Sucursal la Viga,Calz. de la Viga 136 Esq. del Taller. Col. Lorenzo Boturini. Cp. 15820,Ciudad de México,Venustiano Carranza,19.414749,-99.127874
Papel Higiénico,Paquete 4 Rollos. 195 Hojas Dobles,Lys,Arts. de Papel P/higiene Personal,Pacic,9,13/05/2026,Wal-mart,Supermercado / Tienda de Autoservicio,Walmart Sucursal Balbuena,Fray Servando Teresa de Mier 881. Entre Fernando Iglesia Calderon y Genaro Garcia. Col. Jardín Balbuena. Cp. 15900,Ciudad de México,Venustiano Carranza,19.418067,-99.105639
Papel Higiénico,Paquete 4 Rollos. 195 Hojas Dobles,Lys,Arts. de Papel P/higiene Personal,Pacic,9,15/05/2026,Bodega Aurrera,Supermercado / Tienda de Autoservicio,Bodega Aurrera Sucursal Centro Constituyentes,Constituyentes Oriente 334. Entre Pasteur y Manuel Ponce. Col. MercuRío. Cp. 76040,Querétaro,Santiago de Querétaro,20.586349,-100.382801
Papel Higiénico,Paquete 4 Rollos. 200 Hojas Dobles,Elite. Cuidado Clásico,Arts. de Papel P/higiene Personal,Basicos,10.6,07/05/2026,La Comer,Supermercado / Tienda de Autoservicio,Lacomer Sucursal Queretaro Estadio,Luis M. Vega y Monroy 1300. Esq.cimataRío . Col. CimataRío. Cp. 76090,Querétaro,Santiago de Querétaro,20.577804,-100.373626
Papel Higiénico,Paquete 4 Rollos. 200 Hojas Dobles,Elite. Cuidado Clásico,Arts. de Papel P/higiene Personal,Basicos,29.5,13/05/2026,Chedraui,Supermercado / Tienda de Autoservicio,Chedraui Sucursal Anfora,Anfora 71. Esq. Eje 1 Norte. Col. Madero. Cp. 15320,Ciudad de México,Venustiano Carranza,19.437353,-99.110088
Papel Higiénico,Paquete 4 Rollos. 200 Hojas Dobles,Elite. Cuidado Clásico,Arts. de Papel P/higiene Personal,Pacic,10.5,14/05/2026,La Comer,Supermercado / Tienda de Autoservicio,Lacomer Sucursal Queretaro Estadio,Luis M. Vega y Monroy 1300. Esq.cimataRío . Col. CimataRío. Cp. 76090,Querétaro,Santiago de Querétaro,20.577804,-100.373626
Papel Higiénico,Paquete 4 Rollos. 200 Hojas Dobles,Elite. Cuidado Clásico,Arts. de Papel P/higiene Personal,Pacic,29.5,13/05/2026,Chedraui,Supermercado / Tienda de Autoservicio,Chedraui Sucursal Anfora,Anfora 71. Esq. Eje 1 Norte. Col. Madero. Cp. 15320,Ciudad de México,Venustiano Carranza,19.437353,-99.110088
Papel Higiénico,Paquete 4 Rollos. 200 Hojas Dobles,Suavel. con Aroma,Arts. de Papel P/higiene Personal,Basicos,12.9,15/05/2026,Superissste,Supermercado / Tienda de Autoservicio,Superissste Sucursal 011,Calle Peluqueros No. 310 Esquina Calle Tizayuca. Col. Michoacána. Cp. 15240,Ciudad de México,Venustiano Carranza,19.446139,-99.113372
Papel Higiénico,Paquete 4 Rollos. 200 Hojas Dobles,Suavel. con Aroma,Arts. de Papel P/higiene Personal,Basicos,12.9,15/05/2026,Superissste,Supermercado / Tienda de Autoservicio,Superissste Sucursal 022,Av. del Taller y Retorno No. 38 Dentro del Retorno 38. Col. Jardín Balbuena. Cp. 15900,Ciudad de México,Venustiano Carranza,19.412842,-99.105666
Papel Higiénico,Paquete 4 Rollos. Xxl Hojas Dobles,Regio. Luxury,Arts. de Papel P/higiene Personal,Basicos,27,13/05/2026,Chedraui,Supermercado / Tienda de Autoservicio,Chedraui Sucursal Centro Sur,Blvd. Bernardo Quintana 502. Carr. con Direccion a Centro Civico. Col. Centro Sur. Cp. 76087,Querétaro,Santiago de Querétaro,20.569354,-100.358831
Papel Higiénico,Paquete 4 Rollos. Xxl Hojas Dobles,Regio. Luxury,Arts. de Papel P/higiene Personal,Basicos,28,07/05/2026,La Comer,Supermercado / Tienda de Autoservicio,Lacomer Sucursal Queretaro Estadio,Luis M. Vega y Monroy 1300. Esq.cimataRío . Col. CimataRío. Cp. 76090,Querétaro,Santiago de Querétaro,20.577804,-100.373626
Papel Higiénico,Paquete 4 Rollos. Xxl Hojas Dobles,Regio. Luxury,Arts. de Papel P/higiene Personal,Basicos,28,14/05/2026,La Comer,Supermercado / Tienda de Autoservicio,Lacomer Sucursal Queretaro Estadio,Luis M. Vega y Monroy 1300. Esq.cimataRío . Col. CimataRío. Cp. 76090,Querétaro,Santiago de Querétaro,20.577804,-100.373626
Papel Higiénico,Paquete 4 Rollos. Xxl Hojas Dobles,Regio. Luxury,Arts. de Papel P/higiene Personal,Basicos,35,01/05/2026,Superissste,Supermercado / Tienda de Autoservicio,Superissste Sucursal 011,Calle Peluqueros No. 310 Esquina Calle Tizayuca. Col. Michoacána. Cp. 15240,Ciudad de México,Venustiano Carranza,19.446139,-99.113372
Papel Higiénico,Paquete 4 Rollos. Xxl Hojas Dobles,Regio. Luxury,Arts. de Papel P/higiene Personal,Basicos,35,01/05/2026,Superissste,Supermercado / Tienda de Autoservicio,Superissste Sucursal 022,Av. del Taller y Retorno No. 38 Dentro del Retorno 38. Col. Jardín Balbuena. Cp. 15900,Ciudad de México,Venustiano Carranza,19.412842,-99.105666
Papel Higiénico,Paquete 4 Rollos. Xxl Hojas Dobles,Regio. Luxury,Arts. de Papel P/higiene Personal,Basicos,35,07/05/2026,Bodega Aurrera,Supermercado / Tienda de Autoservicio,Bodega Aurrera Sucursal la Viga,Calz. de la Viga 136 Esq. del Taller. Col. Lorenzo Boturini. Cp. 15820,Ciudad de México,Venustiano Carranza,19.414749,-99.127874
Papel Higiénico,Paquete 4 Rollos. Xxl Hojas Dobles,Regio. Luxury,Arts. de Papel P/higiene Personal,Basicos,35,08/05/2026,Superissste,Supermercado / Tienda de Autoservicio,Superissste Sucursal 011,Calle Peluqueros No. 310 Esquina Calle Tizayuca. Col. Michoacána. Cp. 15240,Ciudad de México,Venustiano Carranza,19.446139,-99.113372
Papel Higiénico,Paquete 4 Rollos. Xxl Hojas Dobles,Regio. Luxury,Arts. de Papel P/higiene Personal,Basicos,35,08/05/2026,Superissste,Supermercado / Tienda de Autoservicio,Superissste Sucursal 022,Av. del Taller y Retorno No. 38 Dentro del Retorno 38. Col. Jardín Balbuena. Cp. 15900,Ciudad de México,Venustiano Carranza,19.412842,-99.105666
Papel Higiénico,Paquete 4 Rollos. Xxl Hojas Dobles,Regio. Luxury,Arts. de Papel P/higiene Personal,Basicos,35,13/05/2026,Bodega Aurrera,Supermercado / Tienda de Autoservicio,Bodega Aurrera Sucursal la Viga,Calz. de la Viga 136 Esq. del Taller. Col. Lorenzo Boturini. Cp. 15820,Ciudad de México,Venustiano Carranza,19.414749,-99.127874
Papel Higiénico,Paquete 4 Rollos. Xxl Hojas Dobles,Regio. Luxury,Arts. de Papel P/higiene Personal,Basicos,35,13/05/2026,Chedraui,Supermercado / Tienda de Autoservicio,Chedraui Sucursal Anfora,Anfora 71. Esq. Eje 1 Norte. Col. Madero. Cp. 15320,Ciudad de México,Venustiano Carranza,19.437353,-99.110088
Papel Higiénico,Paquete 4 Rollos. Xxl Hojas Dobles,Regio. Luxury,Arts. de Papel P/higiene Personal,Basicos,35,13/05/2026,Wal-mart,Supermercado / Tienda de Autoservicio,Walmart Sucursal Aeropuerto,Calz. Ignacio Zaragoza 58. Esq. Blvd. Puerto Aereo. Col. Federal. Cp. 15700,Ciudad de México,Venustiano Carranza,19.41926,-99.094521
Papel Higiénico,Paquete 4 Rollos. Xxl Hojas Dobles,Regio. Luxury,Arts. de Papel P/higiene Personal,Basicos,35,13/05/2026,Wal-mart,Supermercado / Tienda de Autoservicio,Walmart Sucursal Balbuena,Fray Servando Teresa de Mier 881. Entre Fernando Iglesia Calderon y Genaro Garcia. Col. Jardín Balbuena. Cp. 15900,Ciudad de México,Venustiano Carranza,19.418067,-99.105639
Papel Higiénico,Paquete 4 Rollos. Xxl Hojas Dobles,Regio. Luxury,Arts. de Papel P/higiene Personal,Basicos,35,15/05/2026,Superissste,Supermercado / Tienda de Autoservicio,Superissste Sucursal 011,Calle Peluqueros No. 310 Esquina Calle Tizayuca. Col. Michoacána. Cp. 15240,Ciudad de México,Venustiano Carranza,19.446139,-99.113372
Papel Higiénico,Paquete 4 Rollos. Xxl Hojas Dobles,Regio. Luxury,Arts. de Papel P/higiene Personal,Basicos,35,15/05/2026,Superissste,Supermercado / Tienda de Autoservicio,Superissste Sucursal 022,Av. del Taller y Retorno No. 38 Dentro del Retorno 38. Col. Jardín Balbuena. Cp. 15900,Ciudad de México,Venustiano Carranza,19.412842,-99.105666
Papel Higiénico,Paquete 4 Rollos. Xxl Hojas Dobles,Regio. Luxury,Arts. de Papel P/higiene Personal,Basicos,40,08/05/2026,Bodega Aurrera,Supermercado / Tienda de Autoservicio,Bodega Aurrera Sucursal Centro Constituyentes,Constituyentes Oriente 334. Entre Pasteur y Manuel Ponce. Col. MercuRío. Cp. 76040,Querétaro,Santiago de Querétaro,20.586349,-100.382801
Papel Higiénico,Paquete 4 Rollos. Xxl Hojas Dobles,Regio. Luxury,Arts. de Papel P/higiene Personal,Basicos,40,15/05/2026,Bodega Aurrera,Supermercado / Tienda de Autoservicio,Bodega Aurrera Sucursal Centro Constituyentes,Constituyentes Oriente 334. Entre Pasteur y Manuel Ponce. Col. MercuRío. Cp. 76040,Querétaro,Santiago de Querétaro,20.586349,-100.382801
Papel Higiénico,Paquete 4 Rollos. Xxl Hojas Dobles,Regio. Luxury,Arts. de Papel P/higiene Personal,Basicos,41,07/05/2026,Wal-mart,Supermercado / Tienda de Autoservicio,Walmart Sucursal Unidad Plaza de Toros,Autopista Querétaro Celaya 5501. Int. del Centro Comercial Plaza Esfera. Col. el Jacal. Cp. 76187,Querétaro,Santiago de Querétaro,20.574076,-100.408704
Papel Higiénico,Paquete 4 Rollos. Xxl Hojas Dobles,Regio. Luxury,Arts. de Papel P/higiene Personal,Basicos,41,12/05/2026,Wal-mart,Supermercado / Tienda de Autoservicio,Walmart Sucursal Unidad Plaza de Toros,Autopista Querétaro Celaya 5501. Int. del Centro Comercial Plaza Esfera. Col. el Jacal. Cp. 76187,Querétaro,Santiago de Querétaro,20.574076,-100.408704
Papel Higiénico,Paquete 4 Rollos. Xxl Hojas Dobles,Regio. Luxury,Arts. de Papel P/higiene Personal,Basicos,42.5,13/05/2026,Hipermercado Soriana,Supermercado / Tienda de Autoservicio,Soriana Hiper Sucursal Consulado (418),Río Consulado 2355. Esq. Carlos Marx. Col. Simon Bolivar. Cp. 15410,Ciudad de México,Venustiano Carranza,19.449572,-99.100376
Papel Higiénico,Paquete 8 Rollos. 280 Hojas Dobles,Kleenex. Cottonelle. Soft,Arts. de Papel P/higiene Personal,Basicos,100,13/05/2026,Chedraui,Supermercado / Tienda de Autoservicio,Chedraui Sucursal Centro Sur,Blvd. Bernardo Quintana 502. Carr. con Direccion a Centro Civico. Col. Centro Sur. Cp. 76087,Querétaro,Santiago de Querétaro,20.569354,-100.358831
Papel Higiénico,Paquete 8 Rollos. 280 Hojas Dobles,Kleenex. Cottonelle. Soft,Arts. de Papel P/higiene Personal,Basicos,99,14/05/2026,La Comer,Supermercado / Tienda de Autoservicio,Lacomer Sucursal Queretaro Estadio,Luis M. Vega y Monroy 1300. Esq.cimataRío . Col. CimataRío. Cp. 76090,Querétaro,Santiago de Querétaro,20.577804,-100.373626
Paracetamol,Caja con 20 Tabletas de 500 Mg.,S/M,Medicamentos,Medicamentos,29.5,13/05/2026,Hipermercado Soriana,Supermercado / Tienda de Autoservicio,Soriana Hiper Sucursal Cimatario,Ctra. a Huimilpan 1001. Int. del Centro Comercial Plaza del Sol. Col. Plazas del Sol. Iii Sección. Cp. 76099,Querétaro,Santiago de Querétaro,20.563227,-100.375284
Pasta para Sopa,Paquete 180 Gr. Spaghetti,Chedraui,Galletas Pastas y Harinas de Trigo,Basicos,5.5,06/05/2026,Chedraui,Supermercado / Tienda de Autoservicio,Chedraui Sucursal Centro Sur,Blvd. Bernardo Quintana 502. Carr. con Direccion a Centro Civico. Col. Centro Sur. Cp. 76087,Querétaro,Santiago de Querétaro,20.569354,-100.358831
Pasta para Sopa,Paquete 180 Gr. Spaghetti,Chedraui,Galletas Pastas y Harinas de Trigo,Basicos,5.5,13/05/2026,Chedraui,Supermercado / Tienda de Autoservicio,Chedraui Sucursal Anfora,Anfora 71. Esq. Eje 1 Norte. Col. Madero. Cp. 15320,Ciudad de México,Venustiano Carranza,19.437353,-99.110088
Pasta para Sopa,Paquete 180 Gr. Spaghetti,Chedraui,Galletas Pastas y Harinas de Trigo,Basicos,5.5,13/05/2026,Chedraui,Supermercado / Tienda de Autoservicio,Chedraui Sucursal Centro Sur,Blvd. Bernardo Quintana 502. Carr. con Direccion a Centro Civico. Col. Centro Sur. Cp. 76087,Querétaro,Santiago de Querétaro,20.569354,-100.358831
Pasta para Sopa,Paquete 200 Gr. Codo,Precíssimo,Galletas Pastas y Harinas de Trigo,Pacic,4.5,04/05/2026,Hipermercado Soriana,Supermercado / Tienda de Autoservicio,Soriana Hiper Sucursal Cimatario,Ctra. a Huimilpan 1001. Int. del Centro Comercial Plaza del Sol. Col. Plazas del Sol. Iii Sección. Cp. 76099,Querétaro,Santiago de Querétaro,20.563227,-100.375284
Pasta para Sopa,Paquete 200 Gr. Codo,Precíssimo,Galletas Pastas y Harinas de Trigo,Pacic,4.5,13/05/2026,Hipermercado Soriana,Supermercado / Tienda de Autoservicio,Soriana Hiper Sucursal Consulado (418),Río Consulado 2355. Esq. Carlos Marx. Col. Simon Bolivar. Cp. 15410,Ciudad de México,Venustiano Carranza,19.449572,-99.100376
Pasta para Sopa,Paquete 200 Gr. Codo,Precíssimo,Galletas Pastas y Harinas de Trigo,Pacic,6.5,13/05/2026,Hipermercado Soriana,Supermercado / Tienda de Autoservicio,Soriana Hiper Sucursal Cimatario,Ctra. a Huimilpan 1001. Int. del Centro Comercial Plaza del Sol. Col. Plazas del Sol. Iii Sección. Cp. 76099,Querétaro,Santiago de Querétaro,20.563227,-100.375284
Pasta para Sopa,Paquete 200 Gr. Codo 2,La Perla,Galletas Pastas y Harinas de Trigo,Pacic,6,06/05/2026,Chedraui,Supermercado / Tienda de Autoservicio,Chedraui Sucursal Centro Sur,Blvd. Bernardo Quintana 502. Carr. con Direccion a Centro Civico. Col. Centro Sur. Cp. 76087,Querétaro,Santiago de Querétaro,20.569354,-100.358831
Pasta para Sopa,Paquete 200 Gr. Codo 2,La Perla,Galletas Pastas y Harinas de Trigo,Pacic,6,13/05/2026,Chedraui,Supermercado / Tienda de Autoservicio,Chedraui Sucursal Anfora,Anfora 71. Esq. Eje 1 Norte. Col. Madero. Cp. 15320,Ciudad de México,Venustiano Carranza,19.437353,-99.110088
Pasta para Sopa,Paquete 200 Gr. Codo Mediano,Precíssimo,Galletas Pastas y Harinas de Trigo,Pacic,4.5,04/05/2026,Hipermercado Soriana,Supermercado / Tienda de Autoservicio,Soriana Hiper Sucursal Cimatario,Ctra. a Huimilpan 1001. Int. del Centro Comercial Plaza del Sol. Col. Plazas del Sol. Iii Sección. Cp. 76099,Querétaro,Santiago de Querétaro,20.563227,-100.375284
Pasta para Sopa,Paquete 200 Gr. Codo Mediano,Precíssimo,Galletas Pastas y Harinas de Trigo,Pacic,6.5,13/05/2026,Hipermercado Soriana,Supermercado / Tienda de Autoservicio,Soriana Hiper Sucursal Cimatario,Ctra. a Huimilpan 1001. Int. del Centro Comercial Plaza del Sol. Col. Plazas del Sol. Iii Sección. Cp. 76099,Querétaro,Santiago de Querétaro,20.563227,-100.375284
Pasta para Sopa,Paquete 200 Gr. Estrella,Precíssimo,Galletas Pastas y Harinas de Trigo,Pacic,4.5,04/05/2026,Hipermercado Soriana,Supermercado / Tienda de Autoservicio,Soriana Hiper Sucursal Cimatario,Ctra. a Huimilpan 1001. Int. del Centro Comercial Plaza del Sol. Col. Plazas del Sol. Iii Sección. Cp. 76099,Querétaro,Santiago de Querétaro,20.563227,-100.375284
Pasta para Sopa,Paquete 200 Gr. Estrella,Precíssimo,Galletas Pastas y Harinas de Trigo,Pacic,4.5,13/05/2026,Hipermercado Soriana,Supermercado / Tienda de Autoservicio,Soriana Hiper Sucursal Consulado (418),Río Consulado 2355. Esq. Carlos Marx. Col. Simon Bolivar. Cp. 15410,Ciudad de México,Venustiano Carranza,19.449572,-99.100376
Pasta para Sopa,Paquete 200 Gr. Estrella,Precíssimo,Galletas Pastas y Harinas de Trigo,Pacic,6.5,13/05/2026,Hipermercado Soriana,Supermercado / Tienda de Autoservicio,Soriana Hiper Sucursal Cimatario,Ctra. a Huimilpan 1001. Int. del Centro Comercial Plaza del Sol. Col. Plazas del Sol. Iii Sección. Cp. 76099,Querétaro,Santiago de Querétaro,20.563227,-100.375284
Pasta para Sopa,Paquete 200 Gr. Fideo,Ke Precio,Galletas Pastas y Harinas de Trigo,Pacic,5.9,07/05/2026,La Comer,Supermercado / Tienda de Autoservicio,Lacomer Sucursal Queretaro Estadio,Luis M. Vega y Monroy 1300. Esq.cimataRío . Col. CimataRío. Cp. 76090,Querétaro,Santiago de Querétaro,20.577804,-100.373626
Pasta para Sopa,Paquete 200 Gr. Fideo,Ke Precio,Galletas Pastas y Harinas de Trigo,Pacic,5.9,14/05/2026,La Comer,Supermercado / Tienda de Autoservicio,Lacomer Sucursal Queretaro Estadio,Luis M. Vega y Monroy 1300. Esq.cimataRío . Col. CimataRío. Cp. 76090,Querétaro,Santiago de Querétaro,20.577804,-100.373626
Pasta para Sopa,Paquete 200 Gr. Fideo,Precíssimo,Galletas Pastas y Harinas de Trigo,Pacic,4.5,04/05/2026,Hipermercado Soriana,Supermercado / Tienda de Autoservicio,Soriana Hiper Sucursal Cimatario,Ctra. a Huimilpan 1001. Int. del Centro Comercial Plaza del Sol. Col. Plazas del Sol. Iii Sección. Cp. 76099,Querétaro,Santiago de Querétaro,20.563227,-100.375284
Pasta para Sopa,Paquete 200 Gr. Fideo,Precíssimo,Galletas Pastas y Harinas de Trigo,Pacic,4.5,13/05/2026,Hipermercado Soriana,Supermercado / Tienda de Autoservicio,Soriana Hiper Sucursal Consulado (418),Río Consulado 2355. Esq. Carlos Marx. Col. Simon Bolivar. Cp. 15410,Ciudad de México,Venustiano Carranza,19.449572,-99.100376
Pasta para Sopa,Paquete 200 Gr. Fideo,Precíssimo,Galletas Pastas y Harinas de Trigo,Pacic,6.5,13/05/2026,Hipermercado Soriana,Supermercado / Tienda de Autoservicio,Soriana Hiper Sucursal Cimatario,Ctra. a Huimilpan 1001. Int. del Centro Comercial Plaza del Sol. Col. Plazas del Sol. Iii Sección. Cp. 76099,Querétaro,Santiago de Querétaro,20.563227,-100.375284
Pasta para Sopa,Paquete 200 Gr. Fideo 2,La Moderna,Galletas Pastas y Harinas de Trigo,Basicos,13.5,13/05/2026,Wal-mart,Supermercado / Tienda de Autoservicio,Walmart Sucursal Aeropuerto,Calz. Ignacio Zaragoza 58. Esq. Blvd. Puerto Aereo. Col. Federal. Cp. 15700,Ciudad de México,Venustiano Carranza,19.41926,-99.094521
Pasta para Sopa,Paquete 200 Gr. Fideo Cortado No. 1,Italpasta,Galletas Pastas y Harinas de Trigo,Pacic,10,07/05/2026,Wal-mart,Supermercado / Tienda de Autoservicio,Walmart Sucursal Balbuena,Fray Servando Teresa de Mier 881. Entre Fernando Iglesia Calderon y Genaro Garcia. Col. Jardín Balbuena. Cp. 15900,Ciudad de México,Venustiano Carranza,19.418067,-99.105639
Pasta para Sopa,Paquete 200 Gr. Fideo Cortado No. 1,Italpasta,Galletas Pastas y Harinas de Trigo,Pacic,10,07/05/2026,Wal-mart,Supermercado / Tienda de Autoservicio,Walmart Sucursal Unidad Plaza de Toros,Autopista Querétaro Celaya 5501. Int. del Centro Comercial Plaza Esfera. Col. el Jacal. Cp. 76187,Querétaro,Santiago de Querétaro,20.574076,-100.408704
Pasta para Sopa,Paquete 200 Gr. Fideo Cortado No. 1,Italpasta,Galletas Pastas y Harinas de Trigo,Pacic,10,12/05/2026,Wal-mart,Supermercado / Tienda de Autoservicio,Walmart Sucursal Unidad Plaza de Toros,Autopista Querétaro Celaya 5501. Int. del Centro Comercial Plaza Esfera. Col. el Jacal. Cp. 76187,Querétaro,Santiago de Querétaro,20.574076,-100.408704
Pasta para Sopa,Paquete 200 Gr. Fideo Cortado No. 1,Italpasta,Galletas Pastas y Harinas de Trigo,Pacic,10,13/05/2026,Wal-mart,Supermercado / Tienda de Autoservicio,Walmart Sucursal Aeropuerto,Calz. Ignacio Zaragoza 58. Esq. Blvd. Puerto Aereo. Col. Federal. Cp. 15700,Ciudad de México,Venustiano Carranza,19.41926,-99.094521
Pasta para Sopa,Paquete 200 Gr. Fideo Cortado No. 1,Italpasta,Galletas Pastas y Harinas de Trigo,Pacic,10,13/05/2026,Wal-mart,Supermercado / Tienda de Autoservicio,Walmart Sucursal Balbuena,Fray Servando Teresa de Mier 881. Entre Fernando Iglesia Calderon y Genaro Garcia. Col. Jardín Balbuena. Cp. 15900,Ciudad de México,Venustiano Carranza,19.418067,-99.105639
Pasta para Sopa,Paquete 200 Gr. Fideo Cortado No. 1,Italpasta,Galletas Pastas y Harinas de Trigo,Pacic,9.5,07/05/2026,Bodega Aurrera,Supermercado / Tienda de Autoservicio,Bodega Aurrera Sucursal la Viga,Calz. de la Viga 136 Esq. del Taller. Col. Lorenzo Boturini. Cp. 15820,Ciudad de México,Venustiano Carranza,19.414749,-99.127874
Pasta para Sopa,Paquete 200 Gr. Fideo Cortado No. 1,Italpasta,Galletas Pastas y Harinas de Trigo,Pacic,9.5,08/05/2026,Bodega Aurrera,Supermercado / Tienda de Autoservicio,Bodega Aurrera Sucursal Centro Constituyentes,Constituyentes Oriente 334. Entre Pasteur y Manuel Ponce. Col. MercuRío. Cp. 76040,Querétaro,Santiago de Querétaro,20.586349,-100.382801
Pasta para Sopa,Paquete 200 Gr. Fideo Cortado No. 1,Italpasta,Galletas Pastas y Harinas de Trigo,Pacic,9.5,13/05/2026,Bodega Aurrera,Supermercado / Tienda de Autoservicio,Bodega Aurrera Sucursal la Viga,Calz. de la Viga 136 Esq. del Taller. Col. Lorenzo Boturini. Cp. 15820,Ciudad de México,Venustiano Carranza,19.414749,-99.127874
Pasta para Sopa,Paquete 200 Gr. Fideo Cortado No. 1,Italpasta,Galletas Pastas y Harinas de Trigo,Pacic,9.5,15/05/2026,Bodega Aurrera,Supermercado / Tienda de Autoservicio,Bodega Aurrera Sucursal Centro Constituyentes,Constituyentes Oriente 334. Entre Pasteur y Manuel Ponce. Col. MercuRío. Cp. 76040,Querétaro,Santiago de Querétaro,20.586349,-100.382801
Pasta para Sopa,Paquete 200 Gr. Fideo Mediano,Aurrera,Galletas Pastas y Harinas de Trigo,Pacic,5.5,08/05/2026,Bodega Aurrera,Supermercado / Tienda de Autoservicio,Bodega Aurrera Sucursal Centro Constituyentes,Constituyentes Oriente 334. Entre Pasteur y Manuel Ponce. Col. MercuRío. Cp. 76040,Querétaro,Santiago de Querétaro,20.586349,-100.382801
Pasta para Sopa,Paquete 200 Gr. Fideo Mediano,Aurrera,Galletas Pastas y Harinas de Trigo,Pacic,5.5,15/05/2026,Bodega Aurrera,Supermercado / Tienda de Autoservicio,Bodega Aurrera Sucursal Centro Constituyentes,Constituyentes Oriente 334. Entre Pasteur y Manuel Ponce. Col. MercuRío. Cp. 76040,Querétaro,Santiago de Querétaro,20.586349,-100.382801
Pasta para Sopa,Paquete 200 Gr. Fideo Mediano,Aurrera,Galletas Pastas y Harinas de Trigo,Pacic,6.5,07/05/2026,Wal-mart,Supermercado / Tienda de Autoservicio,Walmart Sucursal Unidad Plaza de Toros,Autopista Querétaro Celaya 5501. Int. del Centro Comercial Plaza Esfera. Col. el Jacal. Cp. 76187,Querétaro,Santiago de Querétaro,20.574076,-100.408704
Pasta para Sopa,Paquete 200 Gr. Fideo Mediano,Aurrera,Galletas Pastas y Harinas de Trigo,Pacic,6.5,12/05/2026,Wal-mart,Supermercado / Tienda de Autoservicio,Walmart Sucursal Unidad Plaza de Toros,Autopista Querétaro Celaya 5501. Int. del Centro Comercial Plaza Esfera. Col. el Jacal. Cp. 76187,Querétaro,Santiago de Querétaro,20.574076,-100.408704
Pasta para Sopa,Paquete 200 Gr. Fideo Mediano,Precíssimo,Galletas Pastas y Harinas de Trigo,Pacic,4.5,04/05/2026,Hipermercado Soriana,Supermercado / Tienda de Autoservicio,Soriana Hiper Sucursal Cimatario,Ctra. a Huimilpan 1001. Int. del Centro Comercial Plaza del Sol. Col. Plazas del Sol. Iii Sección. Cp. 76099,Querétaro,Santiago de Querétaro,20.563227,-100.375284
Pasta para Sopa,Paquete 200 Gr. Fideo Mediano,Precíssimo,Galletas Pastas y Harinas de Trigo,Pacic,4.5,13/05/2026,Hipermercado Soriana,Supermercado / Tienda de Autoservicio,Soriana Hiper Sucursal Consulado (418),Río Consulado 2355. Esq. Carlos Marx. Col. Simon Bolivar. Cp. 15410,Ciudad de México,Venustiano Carranza,19.449572,-99.100376
Pasta para Sopa,Paquete 200 Gr. Fideo Mediano,Precíssimo,Galletas Pastas y Harinas de Trigo,Pacic,6.5,13/05/2026,Hipermercado Soriana,Supermercado / Tienda de Autoservicio,Soriana Hiper Sucursal Cimatario,Ctra. a Huimilpan 1001. Int. del Centro Comercial Plaza del Sol. Col. Plazas del Sol. Iii Sección. Cp. 76099,Querétaro,Santiago de Querétaro,20.563227,-100.375284
Pasta para Sopa,Paquete 200 Gr. Fideo No. 2,Barilla,Galletas Pastas y Harinas de Trigo,Basicos,12.5,01/05/2026,Superissste,Supermercado / Tienda de Autoservicio,Superissste Sucursal 011,Calle Peluqueros No. 310 Esquina Calle Tizayuca. Col. Michoacána. Cp. 15240,Ciudad de México,Venustiano Carranza,19.446139,-99.113372
Pasta para Sopa,Paquete 200 Gr. Fideo No. 2,Barilla,Galletas Pastas y Harinas de Trigo,Basicos,12.5,01/05/2026,Superissste,Supermercado / Tienda de Autoservicio,Superissste Sucursal 022,Av. del Taller y Retorno No. 38 Dentro del Retorno 38. Col. Jardín Balbuena. Cp. 15900,Ciudad de México,Venustiano Carranza,19.412842,-99.105666
Pasta para Sopa,Paquete 200 Gr. Fideo No. 2,Barilla,Galletas Pastas y Harinas de Trigo,Basicos,12.5,08/05/2026,Superissste,Supermercado / Tienda de Autoservicio,Superissste Sucursal 011,Calle Peluqueros No. 310 Esquina Calle Tizayuca. Col. Michoacána. Cp. 15240,Ciudad de México,Venustiano Carranza,19.446139,-99.113372
Pasta para Sopa,Paquete 200 Gr. Fideo No. 2,Barilla,Galletas Pastas y Harinas de Trigo,Basicos,12.5,08/05/2026,Superissste,Supermercado / Tienda de Autoservicio,Superissste Sucursal 022,Av. del Taller y Retorno No. 38 Dentro del Retorno 38. Col. Jardín Balbuena. Cp. 15900,Ciudad de México,Venustiano Carranza,19.412842,-99.105666
Pasta para Sopa,Paquete 200 Gr. Fideo No. 2,Barilla,Galletas Pastas y Harinas de Trigo,Basicos,12.5,15/05/2026,Superissste,Supermercado / Tienda de Autoservicio,Superissste Sucursal 011,Calle Peluqueros No. 310 Esquina Calle Tizayuca. Col. Michoacána. Cp. 15240,Ciudad de México,Venustiano Carranza,19.446139,-99.113372
Pasta para Sopa,Paquete 200 Gr. Fideo No. 2,Barilla,Galletas Pastas y Harinas de Trigo,Basicos,12.5,15/05/2026,Superissste,Supermercado / Tienda de Autoservicio,Superissste Sucursal 022,Av. del Taller y Retorno No. 38 Dentro del Retorno 38. Col. Jardín Balbuena. Cp. 15900,Ciudad de México,Venustiano Carranza,19.412842,-99.105666
Pasta para Sopa,Paquete 200 Gr. Fideo No. 2,Barilla,Galletas Pastas y Harinas de Trigo,Basicos,13,13/05/2026,Chedraui,Supermercado / Tienda de Autoservicio,Chedraui Sucursal Anfora,Anfora 71. Esq. Eje 1 Norte. Col. Madero. Cp. 15320,Ciudad de México,Venustiano Carranza,19.437353,-99.110088
Pasta para Sopa,Paquete 200 Gr. Fideo No. 2,Barilla,Galletas Pastas y Harinas de Trigo,Basicos,13.3,14/05/2026,La Comer,Supermercado / Tienda de Autoservicio,Lacomer Sucursal Queretaro Estadio,Luis M. Vega y Monroy 1300. Esq.cimataRío . Col. CimataRío. Cp. 76090,Querétaro,Santiago de Querétaro,20.577804,-100.373626
Pasta para Sopa,Paquete 200 Gr. Fideo No. 2,Barilla,Galletas Pastas y Harinas de Trigo,Basicos,13.5,06/05/2026,Chedraui,Supermercado / Tienda de Autoservicio,Chedraui Sucursal Centro Sur,Blvd. Bernardo Quintana 502. Carr. con Direccion a Centro Civico. Col. Centro Sur. Cp. 76087,Querétaro,Santiago de Querétaro,20.569354,-100.358831
Pasta para Sopa,Paquete 200 Gr. Fideo No. 2,Barilla,Galletas Pastas y Harinas de Trigo,Basicos,13.5,07/05/2026,Wal-mart,Supermercado / Tienda de Autoservicio,Walmart Sucursal Balbuena,Fray Servando Teresa de Mier 881. Entre Fernando Iglesia Calderon y Genaro Garcia. Col. Jardín Balbuena. Cp. 15900,Ciudad de México,Venustiano Carranza,19.418067,-99.105639
Pasta para Sopa,Paquete 200 Gr. Fideo No. 2,Barilla,Galletas Pastas y Harinas de Trigo,Basicos,13.5,13/05/2026,Chedraui,Supermercado / Tienda de Autoservicio,Chedraui Sucursal Centro Sur,Blvd. Bernardo Quintana 502. Carr. con Direccion a Centro Civico. Col. Centro Sur. Cp. 76087,Querétaro,Santiago de Querétaro,20.569354,-100.358831
Pasta para Sopa,Paquete 200 Gr. Fideo No. 2,Barilla,Galletas Pastas y Harinas de Trigo,Basicos,13.9,04/05/2026,Hipermercado Soriana,Supermercado / Tienda de Autoservicio,Soriana Hiper Sucursal Cimatario,Ctra. a Huimilpan 1001. Int. del Centro Comercial Plaza del Sol. Col. Plazas del Sol. Iii Sección. Cp. 76099,Querétaro,Santiago de Querétaro,20.563227,-100.375284
Pasta para Sopa,Paquete 200 Gr. Fideo No. 2,Barilla,Galletas Pastas y Harinas de Trigo,Basicos,13.9,13/05/2026,Hipermercado Soriana,Supermercado / Tienda de Autoservicio,Soriana Hiper Sucursal Consulado (418),Río Consulado 2355. Esq. Carlos Marx. Col. Simon Bolivar. Cp. 15410,Ciudad de México,Venustiano Carranza,19.449572,-99.100376
Pasta para Sopa,Paquete 200 Gr. Lengua,Precíssimo,Galletas Pastas y Harinas de Trigo,Pacic,4.5,04/05/2026,Hipermercado Soriana,Supermercado / Tienda de Autoservicio,Soriana Hiper Sucursal Cimatario,Ctra. a Huimilpan 1001. Int. del Centro Comercial Plaza del Sol. Col. Plazas del Sol. Iii Sección. Cp. 76099,Querétaro,Santiago de Querétaro,20.563227,-100.375284
Pasta para Sopa,Paquete 200 Gr. Lengua,Precíssimo,Galletas Pastas y Harinas de Trigo,Pacic,6.5,13/05/2026,Hipermercado Soriana,Supermercado / Tienda de Autoservicio,Soriana Hiper Sucursal Cimatario,Ctra. a Huimilpan 1001. Int. del Centro Comercial Plaza del Sol. Col. Plazas del Sol. Iii Sección. Cp. 76099,Querétaro,Santiago de Querétaro,20.563227,-100.375284
Pasta para Sopa,Paquete 200 Gr. Lengüita,Barilla,Galletas Pastas y Harinas de Trigo,Basicos,12,07/05/2026,Bodega Aurrera,Supermercado / Tienda de Autoservicio,Bodega Aurrera Sucursal la Viga,Calz. de la Viga 136 Esq. del Taller. Col. Lorenzo Boturini. Cp. 15820,Ciudad de México,Venustiano Carranza,19.414749,-99.127874
Pasta para Sopa,Paquete 200 Gr. Lengüita,Barilla,Galletas Pastas y Harinas de Trigo,Basicos,12,08/05/2026,Bodega Aurrera,Supermercado / Tienda de Autoservicio,Bodega Aurrera Sucursal Centro Constituyentes,Constituyentes Oriente 334. Entre Pasteur y Manuel Ponce. Col. MercuRío. Cp. 76040,Querétaro,Santiago de Querétaro,20.586349,-100.382801
Pasta para Sopa,Paquete 200 Gr. Lengüita,Barilla,Galletas Pastas y Harinas de Trigo,Basicos,12,15/05/2026,Bodega Aurrera,Supermercado / Tienda de Autoservicio,Bodega Aurrera Sucursal Centro Constituyentes,Constituyentes Oriente 334. Entre Pasteur y Manuel Ponce. Col. MercuRío. Cp. 76040,Querétaro,Santiago de Querétaro,20.586349,-100.382801
Pasta para Sopa,Paquete 200 Gr. Lengüita,Barilla,Galletas Pastas y Harinas de Trigo,Basicos,13,13/05/2026,Chedraui,Supermercado / Tienda de Autoservicio,Chedraui Sucursal Anfora,Anfora 71. Esq. Eje 1 Norte. Col. Madero. Cp. 15320,Ciudad de México,Venustiano Carranza,19.437353,-99.110088
Pasta para Sopa,Paquete 200 Gr. Lengüita,Barilla,Galletas Pastas y Harinas de Trigo,Basicos,13.5,07/05/2026,Wal-mart,Supermercado / Tienda de Autoservicio,Walmart Sucursal Balbuena,Fray Servando Teresa de Mier 881. Entre Fernando Iglesia Calderon y Genaro Garcia. Col. Jardín Balbuena. Cp. 15900,Ciudad de México,Venustiano Carranza,19.418067,-99.105639
Pasta para Sopa,Paquete 200 Gr. Lengüita,Barilla,Galletas Pastas y Harinas de Trigo,Basicos,13.5,12/05/2026,Wal-mart,Supermercado / Tienda de Autoservicio,Walmart Sucursal Unidad Plaza de Toros,Autopista Querétaro Celaya 5501. Int. del Centro Comercial Plaza Esfera. Col. el Jacal. Cp. 76187,Querétaro,Santiago de Querétaro,20.574076,-100.408704
Pasta para Sopa,Paquete 200 Gr. Letra,Barilla,Galletas Pastas y Harinas de Trigo,Basicos,10.5,04/05/2026,Hipermercado Soriana,Supermercado / Tienda de Autoservicio,Soriana Hiper Sucursal Cimatario,Ctra. a Huimilpan 1001. Int. del Centro Comercial Plaza del Sol. Col. Plazas del Sol. Iii Sección. Cp. 76099,Querétaro,Santiago de Querétaro,20.563227,-100.375284
Pasta para Sopa,Paquete 200 Gr. Letra,Barilla,Galletas Pastas y Harinas de Trigo,Basicos,12.5,07/05/2026,La Comer,Supermercado / Tienda de Autoservicio,Lacomer Sucursal Queretaro Estadio,Luis M. Vega y Monroy 1300. Esq.cimataRío . Col. CimataRío. Cp. 76090,Querétaro,Santiago de Querétaro,20.577804,-100.373626
Pasta para Sopa,Paquete 200 Gr. Letra,Barilla,Galletas Pastas y Harinas de Trigo,Basicos,12.5,14/05/2026,La Comer,Supermercado / Tienda de Autoservicio,Lacomer Sucursal Queretaro Estadio,Luis M. Vega y Monroy 1300. Esq.cimataRío . Col. CimataRío. Cp. 76090,Querétaro,Santiago de Querétaro,20.577804,-100.373626
Pasta para Sopa,Paquete 200 Gr. Letra,Barilla,Galletas Pastas y Harinas de Trigo,Basicos,13,13/05/2026,Chedraui,Supermercado / Tienda de Autoservicio,Chedraui Sucursal Anfora,Anfora 71. Esq. Eje 1 Norte. Col. Madero. Cp. 15320,Ciudad de México,Venustiano Carranza,19.437353,-99.110088
Pasta para Sopa,Paquete 200 Gr. Letra,Barilla,Galletas Pastas y Harinas de Trigo,Basicos,13.5,13/05/2026,Chedraui,Supermercado / Tienda de Autoservicio,Chedraui Sucursal Centro Sur,Blvd. Bernardo Quintana 502. Carr. con Direccion a Centro Civico. Col. Centro Sur. Cp. 76087,Querétaro,Santiago de Querétaro,20.569354,-100.358831
Pasta para Sopa,Paquete 200 Gr. Letra,Barilla,Galletas Pastas y Harinas de Trigo,Basicos,13.9,13/05/2026,Hipermercado Soriana,Supermercado / Tienda de Autoservicio,Soriana Hiper Sucursal Cimatario,Ctra. a Huimilpan 1001. Int. del Centro Comercial Plaza del Sol. Col. Plazas del Sol. Iii Sección. Cp. 76099,Querétaro,Santiago de Querétaro,20.563227,-100.375284
Pasta para Sopa,Paquete 200 Gr. Letra,Barilla,Galletas Pastas y Harinas de Trigo,Basicos,13.9,13/05/2026,Hipermercado Soriana,Supermercado / Tienda de Autoservicio,Soriana Hiper Sucursal Consulado (418),Río Consulado 2355. Esq. Carlos Marx. Col. Simon Bolivar. Cp. 15410,Ciudad de México,Venustiano Carranza,19.449572,-99.100376
Pasta para Sopa,Paquete 200 Gr. Letras,Precíssimo,Galletas Pastas y Harinas de Trigo,Pacic,4.5,04/05/2026,Hipermercado Soriana,Supermercado / Tienda de Autoservicio,Soriana Hiper Sucursal Cimatario,Ctra. a Huimilpan 1001. Int. del Centro Comercial Plaza del Sol. Col. Plazas del Sol. Iii Sección. Cp. 76099,Querétaro,Santiago de Querétaro,20.563227,-100.375284
Pasta para Sopa,Paquete 200 Gr. Letras,Precíssimo,Galletas Pastas y Harinas de Trigo,Pacic,4.5,13/05/2026,Hipermercado Soriana,Supermercado / Tienda de Autoservicio,Soriana Hiper Sucursal Consulado (418),Río Consulado 2355. Esq. Carlos Marx. Col. Simon Bolivar. Cp. 15410,Ciudad de México,Venustiano Carranza,19.449572,-99.100376
Pasta para Sopa,Paquete 200 Gr. Letras,Precíssimo,Galletas Pastas y Harinas de Trigo,Pacic,6.5,13/05/2026,Hipermercado Soriana,Supermercado / Tienda de Autoservicio,Soriana Hiper Sucursal Cimatario,Ctra. a Huimilpan 1001. Int. del Centro Comercial Plaza del Sol. Col. Plazas del Sol. Iii Sección. Cp. 76099,Querétaro,Santiago de Querétaro,20.563227,-100.375284
Pasta para Sopa,Paquete 200 Gr. Munición,Precíssimo,Galletas Pastas y Harinas de Trigo,Pacic,4.5,04/05/2026,Hipermercado Soriana,Supermercado / Tienda de Autoservicio,Soriana Hiper Sucursal Cimatario,Ctra. a Huimilpan 1001. Int. del Centro Comercial Plaza del Sol. Col. Plazas del Sol. Iii Sección. Cp. 76099,Querétaro,Santiago de Querétaro,20.563227,-100.375284
Pasta para Sopa,Paquete 200 Gr. Munición,Precíssimo,Galletas Pastas y Harinas de Trigo,Pacic,6.5,13/05/2026,Hipermercado Soriana,Supermercado / Tienda de Autoservicio,Soriana Hiper Sucursal Cimatario,Ctra. a Huimilpan 1001. Int. del Centro Comercial Plaza del Sol. Col. Plazas del Sol. Iii Sección. Cp. 76099,Querétaro,Santiago de Querétaro,20.563227,-100.375284
Pasta para Sopa,Paquete 200 Gr. Pluma,Precíssimo,Galletas Pastas y Harinas de Trigo,Pacic,4.5,04/05/2026,Hipermercado Soriana,Supermercado / Tienda de Autoservicio,Soriana Hiper Sucursal Cimatario,Ctra. a Huimilpan 1001. Int. del Centro Comercial Plaza del Sol. Col. Plazas del Sol. Iii Sección. Cp. 76099,Querétaro,Santiago de Querétaro,20.563227,-100.375284
Pasta para Sopa,Paquete 200 Gr. Pluma,Precíssimo,Galletas Pastas y Harinas de Trigo,Pacic,4.5,13/05/2026,Hipermercado Soriana,Supermercado / Tienda de Autoservicio,Soriana Hiper Sucursal Consulado (418),Río Consulado 2355. Esq. Carlos Marx. Col. Simon Bolivar. Cp. 15410,Ciudad de México,Venustiano Carranza,19.449572,-99.100376
Pasta para Sopa,Paquete 200 Gr. Pluma,Precíssimo,Galletas Pastas y Harinas de Trigo,Pacic,6.5,13/05/2026,Hipermercado Soriana,Supermercado / Tienda de Autoservicio,Soriana Hiper Sucursal Cimatario,Ctra. a Huimilpan 1001. Int. del Centro Comercial Plaza del Sol. Col. Plazas del Sol. Iii Sección. Cp. 76099,Querétaro,Santiago de Querétaro,20.563227,-100.375284
Pasta para Sopa,Paquete 200 Gr. Spaghetti,La Moderna,Galletas Pastas y Harinas de Trigo,Basicos,10,01/05/2026,Superissste,Supermercado / Tienda de Autoservicio,Superissste Sucursal 011,Calle Peluqueros No. 310 Esquina Calle Tizayuca. Col. Michoacána. Cp. 15240,Ciudad de México,Venustiano Carranza,19.446139,-99.113372
Pasta para Sopa,Paquete 200 Gr. Spaghetti,La Moderna,Galletas Pastas y Harinas de Trigo,Basicos,10,01/05/2026,Superissste,Supermercado / Tienda de Autoservicio,Superissste Sucursal 022,Av. del Taller y Retorno No. 38 Dentro del Retorno 38. Col. Jardín Balbuena. Cp. 15900,Ciudad de México,Venustiano Carranza,19.412842,-99.105666
Pasta para Sopa,Paquete 200 Gr. Spaghetti,La Moderna,Galletas Pastas y Harinas de Trigo,Basicos,10,08/05/2026,Superissste,Supermercado / Tienda de Autoservicio,Superissste Sucursal 011,Calle Peluqueros No. 310 Esquina Calle Tizayuca. Col. Michoacána. Cp. 15240,Ciudad de México,Venustiano Carranza,19.446139,-99.113372
Pasta para Sopa,Paquete 200 Gr. Spaghetti,La Moderna,Galletas Pastas y Harinas de Trigo,Basicos,10,08/05/2026,Superissste,Supermercado / Tienda de Autoservicio,Superissste Sucursal 022,Av. del Taller y Retorno No. 38 Dentro del Retorno 38. Col. Jardín Balbuena. Cp. 15900,Ciudad de México,Venustiano Carranza,19.412842,-99.105666
Pasta para Sopa,Paquete 200 Gr. Spaghetti,La Moderna,Galletas Pastas y Harinas de Trigo,Basicos,10,15/05/2026,Superissste,Supermercado / Tienda de Autoservicio,Superissste Sucursal 011,Calle Peluqueros No. 310 Esquina Calle Tizayuca. Col. Michoacána. Cp. 15240,Ciudad de México,Venustiano Carranza,19.446139,-99.113372
Pasta para Sopa,Paquete 200 Gr. Spaghetti,La Moderna,Galletas Pastas y Harinas de Trigo,Basicos,10,15/05/2026,Superissste,Supermercado / Tienda de Autoservicio,Superissste Sucursal 022,Av. del Taller y Retorno No. 38 Dentro del Retorno 38. Col. Jardín Balbuena. Cp. 15900,Ciudad de México,Venustiano Carranza,19.412842,-99.105666
Pasta para Sopa,Paquete 200 Gr. Spaghetti,La Moderna,Galletas Pastas y Harinas de Trigo,Basicos,13.5,07/05/2026,Wal-mart,Supermercado / Tienda de Autoservicio,Walmart Sucursal Balbuena,Fray Servando Teresa de Mier 881. Entre Fernando Iglesia Calderon y Genaro Garcia. Col. Jardín Balbuena. Cp. 15900,Ciudad de México,Venustiano Carranza,19.418067,-99.105639
Pasta para Sopa,Paquete 200 Gr. Spaghetti,La Moderna,Galletas Pastas y Harinas de Trigo,Basicos,13.5,13/05/2026,Wal-mart,Supermercado / Tienda de Autoservicio,Walmart Sucursal Aeropuerto,Calz. Ignacio Zaragoza 58. Esq. Blvd. Puerto Aereo. Col. Federal. Cp. 15700,Ciudad de México,Venustiano Carranza,19.41926,-99.094521
Pasta para Sopa,Paquete 200 Gr. Spaghetti,La Moderna,Galletas Pastas y Harinas de Trigo,Basicos,8.5,07/05/2026,Bodega Aurrera,Supermercado / Tienda de Autoservicio,Bodega Aurrera Sucursal la Viga,Calz. de la Viga 136 Esq. del Taller. Col. Lorenzo Boturini. Cp. 15820,Ciudad de México,Venustiano Carranza,19.414749,-99.127874
Pasta para Sopa,Paquete 200 Gr. Spaghetti,La Moderna,Galletas Pastas y Harinas de Trigo,Basicos,9.5,12/05/2026,Oxxo,Tienda de Conveniencia,Oxxo Sucursal Corregidora 50 Cr,Circuito Moises Solana No. 128. Esq. Gertrudis Bocanegra. Col. Burocratas. Cp. 76070,Querétaro,Santiago de Querétaro,20.57462,-100.384232
Pasta para Sopa,Paquete 200 Gr. Spaghetti,La Perla,Galletas Pastas y Harinas de Trigo,Basicos,6,06/05/2026,Chedraui,Supermercado / Tienda de Autoservicio,Chedraui Sucursal Centro Sur,Blvd. Bernardo Quintana 502. Carr. con Direccion a Centro Civico. Col. Centro Sur. Cp. 76087,Querétaro,Santiago de Querétaro,20.569354,-100.358831
Pasta para Sopa,Paquete 200 Gr. Spaghetti,La Perla,Galletas Pastas y Harinas de Trigo,Basicos,6,13/05/2026,Chedraui,Supermercado / Tienda de Autoservicio,Chedraui Sucursal Anfora,Anfora 71. Esq. Eje 1 Norte. Col. Madero. Cp. 15320,Ciudad de México,Venustiano Carranza,19.437353,-99.110088
Pasta para Sopa,Paquete 200 Gr. Spaghetti,La Perla,Galletas Pastas y Harinas de Trigo,Basicos,6,13/05/2026,Chedraui,Supermercado / Tienda de Autoservicio,Chedraui Sucursal Centro Sur,Blvd. Bernardo Quintana 502. Carr. con Direccion a Centro Civico. Col. Centro Sur. Cp. 76087,Querétaro,Santiago de Querétaro,20.569354,-100.358831
Pasta para Sopa,Paquete 200 Gr. Spaghetti,La Perla,Galletas Pastas y Harinas de Trigo,Pacic,6,06/05/2026,Chedraui,Supermercado / Tienda de Autoservicio,Chedraui Sucursal Centro Sur,Blvd. Bernardo Quintana 502. Carr. con Direccion a Centro Civico. Col. Centro Sur. Cp. 76087,Querétaro,Santiago de Querétaro,20.569354,-100.358831
Pasta para Sopa,Paquete 200 Gr. Spaghetti,La Perla,Galletas Pastas y Harinas de Trigo,Pacic,6,13/05/2026,Chedraui,Supermercado / Tienda de Autoservicio,Chedraui Sucursal Centro Sur,Blvd. Bernardo Quintana 502. Carr. con Direccion a Centro Civico. Col. Centro Sur. Cp. 76087,Querétaro,Santiago de Querétaro,20.569354,-100.358831
Pasta para Sopa,Paquete 200 Gr. Spaghetti,Precíssimo,Galletas Pastas y Harinas de Trigo,Basicos,6.5,13/05/2026,Hipermercado Soriana,Supermercado / Tienda de Autoservicio,Soriana Hiper Sucursal Cimatario,Ctra. a Huimilpan 1001. Int. del Centro Comercial Plaza del Sol. Col. Plazas del Sol. Iii Sección. Cp. 76099,Querétaro,Santiago de Querétaro,20.563227,-100.375284
Pasta para Sopa,Paquete 200 Gr. Spaghetti,Precíssimo,Galletas Pastas y Harinas de Trigo,Pacic,4.5,04/05/2026,Hipermercado Soriana,Supermercado / Tienda de Autoservicio,Soriana Hiper Sucursal Cimatario,Ctra. a Huimilpan 1001. Int. del Centro Comercial Plaza del Sol. Col. Plazas del Sol. Iii Sección. Cp. 76099,Querétaro,Santiago de Querétaro,20.563227,-100.375284
Pasta para Sopa,Paquete 200 Gr. Spaghetti,Precíssimo,Galletas Pastas y Harinas de Trigo,Pacic,6.5,13/05/2026,Hipermercado Soriana,Supermercado / Tienda de Autoservicio,Soriana Hiper Sucursal Cimatario,Ctra. a Huimilpan 1001. Int. del Centro Comercial Plaza del Sol. Col. Plazas del Sol. Iii Sección. Cp. 76099,Querétaro,Santiago de Querétaro,20.563227,-100.375284
Pasta para Sopa,Paquete 200 Gr. Spaghetti No. 5,Barilla,Galletas Pastas y Harinas de Trigo,Basicos,10.5,13/05/2026,Bodega Aurrera,Supermercado / Tienda de Autoservicio,Bodega Aurrera Sucursal la Viga,Calz. de la Viga 136 Esq. del Taller. Col. Lorenzo Boturini. Cp. 15820,Ciudad de México,Venustiano Carranza,19.414749,-99.127874
Pasta para Sopa,Paquete 200 Gr. Spaghetti No. 5,Barilla,Galletas Pastas y Harinas de Trigo,Basicos,11,13/05/2026,Wal-mart,Supermercado / Tienda de Autoservicio,Walmart Sucursal Aeropuerto,Calz. Ignacio Zaragoza 58. Esq. Blvd. Puerto Aereo. Col. Federal. Cp. 15700,Ciudad de México,Venustiano Carranza,19.41926,-99.094521
Pasta para Sopa,Paquete 200 Gr. Spaghetti No. 5,Barilla,Galletas Pastas y Harinas de Trigo,Basicos,11,13/05/2026,Wal-mart,Supermercado / Tienda de Autoservicio,Walmart Sucursal Balbuena,Fray Servando Teresa de Mier 881. Entre Fernando Iglesia Calderon y Genaro Garcia. Col. Jardín Balbuena. Cp. 15900,Ciudad de México,Venustiano Carranza,19.418067,-99.105639
Pasta para Sopa,Paquete 200 Gr. Spaghetti No. 5,Barilla,Galletas Pastas y Harinas de Trigo,Basicos,12.5,01/05/2026,Superissste,Supermercado / Tienda de Autoservicio,Superissste Sucursal 011,Calle Peluqueros No. 310 Esquina Calle Tizayuca. Col. Michoacána. Cp. 15240,Ciudad de México,Venustiano Carranza,19.446139,-99.113372
Pasta para Sopa,Paquete 200 Gr. Spaghetti No. 5,Barilla,Galletas Pastas y Harinas de Trigo,Basicos,12.5,01/05/2026,Superissste,Supermercado / Tienda de Autoservicio,Superissste Sucursal 022,Av. del Taller y Retorno No. 38 Dentro del Retorno 38. Col. Jardín Balbuena. Cp. 15900,Ciudad de México,Venustiano Carranza,19.412842,-99.105666
Pasta para Sopa,Paquete 200 Gr. Spaghetti No. 5,Barilla,Galletas Pastas y Harinas de Trigo,Basicos,12.5,08/05/2026,Superissste,Supermercado / Tienda de Autoservicio,Superissste Sucursal 011,Calle Peluqueros No. 310 Esquina Calle Tizayuca. Col. Michoacána. Cp. 15240,Ciudad de México,Venustiano Carranza,19.446139,-99.113372
Pasta para Sopa,Paquete 200 Gr. Spaghetti No. 5,Barilla,Galletas Pastas y Harinas de Trigo,Basicos,12.5,08/05/2026,Superissste,Supermercado / Tienda de Autoservicio,Superissste Sucursal 022,Av. del Taller y Retorno No. 38 Dentro del Retorno 38. Col. Jardín Balbuena. Cp. 15900,Ciudad de México,Venustiano Carranza,19.412842,-99.105666
Pasta para Sopa,Paquete 200 Gr. Spaghetti No. 5,Barilla,Galletas Pastas y Harinas de Trigo,Basicos,12.5,15/05/2026,Superissste,Supermercado / Tienda de Autoservicio,Superissste Sucursal 011,Calle Peluqueros No. 310 Esquina Calle Tizayuca. Col. Michoacána. Cp. 15240,Ciudad de México,Venustiano Carranza,19.446139,-99.113372
Pasta para Sopa,Paquete 200 Gr. Spaghetti No. 5,Barilla,Galletas Pastas y Harinas de Trigo,Basicos,12.5,15/05/2026,Superissste,Supermercado / Tienda de Autoservicio,Superissste Sucursal 022,Av. del Taller y Retorno No. 38 Dentro del Retorno 38. Col. Jardín Balbuena. Cp. 15900,Ciudad de México,Venustiano Carranza,19.412842,-99.105666
Pasta para Sopa,Paquete 200 Gr. Spaghetti No. 5,Barilla,Galletas Pastas y Harinas de Trigo,Basicos,13,07/05/2026,Bodega Aurrera,Supermercado / Tienda de Autoservicio,Bodega Aurrera Sucursal la Viga,Calz. de la Viga 136 Esq. del Taller. Col. Lorenzo Boturini. Cp. 15820,Ciudad de México,Venustiano Carranza,19.414749,-99.127874
Pasta para Sopa,Paquete 200 Gr. Spaghetti No. 5,Barilla,Galletas Pastas y Harinas de Trigo,Basicos,13,08/05/2026,Bodega Aurrera,Supermercado / Tienda de Autoservicio,Bodega Aurrera Sucursal Centro Constituyentes,Constituyentes Oriente 334. Entre Pasteur y Manuel Ponce. Col. MercuRío. Cp. 76040,Querétaro,Santiago de Querétaro,20.586349,-100.382801
Pasta para Sopa,Paquete 200 Gr. Spaghetti No. 5,Barilla,Galletas Pastas y Harinas de Trigo,Basicos,13,13/05/2026,Chedraui,Supermercado / Tienda de Autoservicio,Chedraui Sucursal Anfora,Anfora 71. Esq. Eje 1 Norte. Col. Madero. Cp. 15320,Ciudad de México,Venustiano Carranza,19.437353,-99.110088
Pasta para Sopa,Paquete 200 Gr. Spaghetti No. 5,Barilla,Galletas Pastas y Harinas de Trigo,Basicos,13.3,14/05/2026,La Comer,Supermercado / Tienda de Autoservicio,Lacomer Sucursal Queretaro Estadio,Luis M. Vega y Monroy 1300. Esq.cimataRío . Col. CimataRío. Cp. 76090,Querétaro,Santiago de Querétaro,20.577804,-100.373626
Pasta para Sopa,Paquete 200 Gr. Spaghetti No. 5,Barilla,Galletas Pastas y Harinas de Trigo,Basicos,13.5,06/05/2026,Chedraui,Supermercado / Tienda de Autoservicio,Chedraui Sucursal Centro Sur,Blvd. Bernardo Quintana 502. Carr. con Direccion a Centro Civico. Col. Centro Sur. Cp. 76087,Querétaro,Santiago de Querétaro,20.569354,-100.358831
Pasta para Sopa,Paquete 200 Gr. Spaghetti No. 5,Barilla,Galletas Pastas y Harinas de Trigo,Basicos,13.5,07/05/2026,Wal-mart,Supermercado / Tienda de Autoservicio,Walmart Sucursal Balbuena,Fray Servando Teresa de Mier 881. Entre Fernando Iglesia Calderon y Genaro Garcia. Col. Jardín Balbuena. Cp. 15900,Ciudad de México,Venustiano Carranza,19.418067,-99.105639
Pasta para Sopa,Paquete 200 Gr. Spaghetti No. 5,Barilla,Galletas Pastas y Harinas de Trigo,Basicos,13.5,07/05/2026,Wal-mart,Supermercado / Tienda de Autoservicio,Walmart Sucursal Unidad Plaza de Toros,Autopista Querétaro Celaya 5501. Int. del Centro Comercial Plaza Esfera. Col. el Jacal. Cp. 76187,Querétaro,Santiago de Querétaro,20.574076,-100.408704
Pasta para Sopa,Paquete 200 Gr. Spaghetti No. 5,Barilla,Galletas Pastas y Harinas de Trigo,Basicos,13.5,13/05/2026,Chedraui,Supermercado / Tienda de Autoservicio,Chedraui Sucursal Centro Sur,Blvd. Bernardo Quintana 502. Carr. con Direccion a Centro Civico. Col. Centro Sur. Cp. 76087,Querétaro,Santiago de Querétaro,20.569354,-100.358831
Pasta para Sopa,Paquete 200 Gr. Spaghetti No. 5,Barilla,Galletas Pastas y Harinas de Trigo,Basicos,14,04/05/2026,Hipermercado Soriana,Supermercado / Tienda de Autoservicio,Soriana Hiper Sucursal Cimatario,Ctra. a Huimilpan 1001. Int. del Centro Comercial Plaza del Sol. Col. Plazas del Sol. Iii Sección. Cp. 76099,Querétaro,Santiago de Querétaro,20.563227,-100.375284
Pasta para Sopa,Paquete 200 Gr. Spaghetti No. 5,Barilla,Galletas Pastas y Harinas de Trigo,Basicos,14,13/05/2026,Hipermercado Soriana,Supermercado / Tienda de Autoservicio,Soriana Hiper Sucursal Cimatario,Ctra. a Huimilpan 1001. Int. del Centro Comercial Plaza del Sol. Col. Plazas del Sol. Iii Sección. Cp. 76099,Querétaro,Santiago de Querétaro,20.563227,-100.375284
Pasta para Sopa,Paquete 200 Gr. Spaghetti No. 5,Barilla,Galletas Pastas y Harinas de Trigo,Basicos,14,13/05/2026,Hipermercado Soriana,Supermercado / Tienda de Autoservicio,Soriana Hiper Sucursal Consulado (418),Río Consulado 2355. Esq. Carlos Marx. Col. Simon Bolivar. Cp. 15410,Ciudad de México,Venustiano Carranza,19.449572,-99.100376
Pasta para Sopa,Paquete 220 Gr. Fideo 2,La Moderna,Galletas Pastas y Harinas de Trigo,Basicos,11.7,14/05/2026,La Comer,Supermercado / Tienda de Autoservicio,Lacomer Sucursal Queretaro Estadio,Luis M. Vega y Monroy 1300. Esq.cimataRío . Col. CimataRío. Cp. 76090,Querétaro,Santiago de Querétaro,20.577804,-100.373626
Pasta para Sopa,Paquete 220 Gr. Fideo 2,La Moderna,Galletas Pastas y Harinas de Trigo,Basicos,12.5,04/05/2026,Hipermercado Soriana,Supermercado / Tienda de Autoservicio,Soriana Hiper Sucursal Cimatario,Ctra. a Huimilpan 1001. Int. del Centro Comercial Plaza del Sol. Col. Plazas del Sol. Iii Sección. Cp. 76099,Querétaro,Santiago de Querétaro,20.563227,-100.375284
Pasta para Sopa,Paquete 220 Gr. Fideo 2,La Moderna,Galletas Pastas y Harinas de Trigo,Basicos,12.5,06/05/2026,Chedraui,Supermercado / Tienda de Autoservicio,Chedraui Sucursal Centro Sur,Blvd. Bernardo Quintana 502. Carr. con Direccion a Centro Civico. Col. Centro Sur. Cp. 76087,Querétaro,Santiago de Querétaro,20.569354,-100.358831
Pasta para Sopa,Paquete 220 Gr. Fideo 2,La Moderna,Galletas Pastas y Harinas de Trigo,Basicos,12.5,07/05/2026,La Comer,Supermercado / Tienda de Autoservicio,Lacomer Sucursal Queretaro Estadio,Luis M. Vega y Monroy 1300. Esq.cimataRío . Col. CimataRío. Cp. 76090,Querétaro,Santiago de Querétaro,20.577804,-100.373626
Pasta para Sopa,Paquete 220 Gr. Fideo 2,La Moderna,Galletas Pastas y Harinas de Trigo,Basicos,12.5,13/05/2026,Chedraui,Supermercado / Tienda de Autoservicio,Chedraui Sucursal Anfora,Anfora 71. Esq. Eje 1 Norte. Col. Madero. Cp. 15320,Ciudad de México,Venustiano Carranza,19.437353,-99.110088
Pasta para Sopa,Paquete 220 Gr. Fideo 2,La Moderna,Galletas Pastas y Harinas de Trigo,Basicos,12.5,13/05/2026,Chedraui,Supermercado / Tienda de Autoservicio,Chedraui Sucursal Centro Sur,Blvd. Bernardo Quintana 502. Carr. con Direccion a Centro Civico. Col. Centro Sur. Cp. 76087,Querétaro,Santiago de Querétaro,20.569354,-100.358831
Pasta para Sopa,Paquete 220 Gr. Fideo 2,La Moderna,Galletas Pastas y Harinas de Trigo,Basicos,12.5,13/05/2026,Hipermercado Soriana,Supermercado / Tienda de Autoservicio,Soriana Hiper Sucursal Cimatario,Ctra. a Huimilpan 1001. Int. del Centro Comercial Plaza del Sol. Col. Plazas del Sol. Iii Sección. Cp. 76099,Querétaro,Santiago de Querétaro,20.563227,-100.375284
Pasta para Sopa,Paquete 220 Gr. Fideo 2,La Moderna,Galletas Pastas y Harinas de Trigo,Basicos,12.5,13/05/2026,Hipermercado Soriana,Supermercado / Tienda de Autoservicio,Soriana Hiper Sucursal Consulado (418),Río Consulado 2355. Esq. Carlos Marx. Col. Simon Bolivar. Cp. 15410,Ciudad de México,Venustiano Carranza,19.449572,-99.100376
Pasta para Sopa,Paquete 220 Gr. Moñito,La Moderna,Galletas Pastas y Harinas de Trigo,Basicos,11.7,14/05/2026,La Comer,Supermercado / Tienda de Autoservicio,Lacomer Sucursal Queretaro Estadio,Luis M. Vega y Monroy 1300. Esq.cimataRío . Col. CimataRío. Cp. 76090,Querétaro,Santiago de Querétaro,20.577804,-100.373626
Pasta para Sopa,Paquete 220 Gr. Moñito,La Moderna,Galletas Pastas y Harinas de Trigo,Basicos,12.5,04/05/2026,Hipermercado Soriana,Supermercado / Tienda de Autoservicio,Soriana Hiper Sucursal Cimatario,Ctra. a Huimilpan 1001. Int. del Centro Comercial Plaza del Sol. Col. Plazas del Sol. Iii Sección. Cp. 76099,Querétaro,Santiago de Querétaro,20.563227,-100.375284
Pasta para Sopa,Paquete 220 Gr. Moñito,La Moderna,Galletas Pastas y Harinas de Trigo,Basicos,12.5,06/05/2026,Chedraui,Supermercado / Tienda de Autoservicio,Chedraui Sucursal Centro Sur,Blvd. Bernardo Quintana 502. Carr. con Direccion a Centro Civico. Col. Centro Sur. Cp. 76087,Querétaro,Santiago de Querétaro,20.569354,-100.358831
Pasta para Sopa,Paquete 220 Gr. Moñito,La Moderna,Galletas Pastas y Harinas de Trigo,Basicos,12.5,07/05/2026,La Comer,Supermercado / Tienda de Autoservicio,Lacomer Sucursal Queretaro Estadio,Luis M. Vega y Monroy 1300. Esq.cimataRío . Col. CimataRío. Cp. 76090,Querétaro,Santiago de Querétaro,20.577804,-100.373626
Pasta para Sopa,Paquete 220 Gr. Moñito,La Moderna,Galletas Pastas y Harinas de Trigo,Basicos,12.5,13/05/2026,Chedraui,Supermercado / Tienda de Autoservicio,Chedraui Sucursal Anfora,Anfora 71. Esq. Eje 1 Norte. Col. Madero. Cp. 15320,Ciudad de México,Venustiano Carranza,19.437353,-99.110088
Pasta para Sopa,Paquete 220 Gr. Moñito,La Moderna,Galletas Pastas y Harinas de Trigo,Basicos,12.5,13/05/2026,Chedraui,Supermercado / Tienda de Autoservicio,Chedraui Sucursal Centro Sur,Blvd. Bernardo Quintana 502. Carr. con Direccion a Centro Civico. Col. Centro Sur. Cp. 76087,Querétaro,Santiago de Querétaro,20.569354,-100.358831
Pasta para Sopa,Paquete 220 Gr. Moñito,La Moderna,Galletas Pastas y Harinas de Trigo,Basicos,12.5,13/05/2026,Hipermercado Soriana,Supermercado / Tienda de Autoservicio,Soriana Hiper Sucursal Cimatario,Ctra. a Huimilpan 1001. Int. del Centro Comercial Plaza del Sol. Col. Plazas del Sol. Iii Sección. Cp. 76099,Querétaro,Santiago de Querétaro,20.563227,-100.375284
Pasta para Sopa,Paquete 220 Gr. Moñito,La Moderna,Galletas Pastas y Harinas de Trigo,Basicos,12.5,13/05/2026,Hipermercado Soriana,Supermercado / Tienda de Autoservicio,Soriana Hiper Sucursal Consulado (418),Río Consulado 2355. Esq. Carlos Marx. Col. Simon Bolivar. Cp. 15410,Ciudad de México,Venustiano Carranza,19.449572,-99.100376
Pasta para Sopa,Paquete 220 Gr. Spaghetti,La Moderna,Galletas Pastas y Harinas de Trigo,Basicos,11.7,14/05/2026,La Comer,Supermercado / Tienda de Autoservicio,Lacomer Sucursal Queretaro Estadio,Luis M. Vega y Monroy 1300. Esq.cimataRío . Col. CimataRío. Cp. 76090,Querétaro,Santiago de Querétaro,20.577804,-100.373626
Pasta para Sopa,Paquete 220 Gr. Spaghetti,La Moderna,Galletas Pastas y Harinas de Trigo,Basicos,12.5,04/05/2026,Hipermercado Soriana,Supermercado / Tienda de Autoservicio,Soriana Hiper Sucursal Cimatario,Ctra. a Huimilpan 1001. Int. del Centro Comercial Plaza del Sol. Col. Plazas del Sol. Iii Sección. Cp. 76099,Querétaro,Santiago de Querétaro,20.563227,-100.375284
Pasta para Sopa,Paquete 220 Gr. Spaghetti,La Moderna,Galletas Pastas y Harinas de Trigo,Basicos,12.5,06/05/2026,Chedraui,Supermercado / Tienda de Autoservicio,Chedraui Sucursal Centro Sur,Blvd. Bernardo Quintana 502. Carr. con Direccion a Centro Civico. Col. Centro Sur. Cp. 76087,Querétaro,Santiago de Querétaro,20.569354,-100.358831
Pasta para Sopa,Paquete 220 Gr. Spaghetti,La Moderna,Galletas Pastas y Harinas de Trigo,Basicos,12.5,07/05/2026,La Comer,Supermercado / Tienda de Autoservicio,Lacomer Sucursal Queretaro Estadio,Luis M. Vega y Monroy 1300. Esq.cimataRío . Col. CimataRío. Cp. 76090,Querétaro,Santiago de Querétaro,20.577804,-100.373626
Pasta para Sopa,Paquete 220 Gr. Spaghetti,La Moderna,Galletas Pastas y Harinas de Trigo,Basicos,12.5,13/05/2026,Chedraui,Supermercado / Tienda de Autoservicio,Chedraui Sucursal Anfora,Anfora 71. Esq. Eje 1 Norte. Col. Madero. Cp. 15320,Ciudad de México,Venustiano Carranza,19.437353,-99.110088
Pasta para Sopa,Paquete 220 Gr. Spaghetti,La Moderna,Galletas Pastas y Harinas de Trigo,Basicos,12.5,13/05/2026,Chedraui,Supermercado / Tienda de Autoservicio,Chedraui Sucursal Centro Sur,Blvd. Bernardo Quintana 502. Carr. con Direccion a Centro Civico. Col. Centro Sur. Cp. 76087,Querétaro,Santiago de Querétaro,20.569354,-100.358831
Pasta para Sopa,Paquete 220 Gr. Spaghetti,La Moderna,Galletas Pastas y Harinas de Trigo,Basicos,12.5,13/05/2026,Hipermercado Soriana,Supermercado / Tienda de Autoservicio,Soriana Hiper Sucursal Cimatario,Ctra. a Huimilpan 1001. Int. del Centro Comercial Plaza del Sol. Col. Plazas del Sol. Iii Sección. Cp. 76099,Querétaro,Santiago de Querétaro,20.563227,-100.375284
Pasta para Sopa,Paquete 220 Gr. Spaghetti,La Moderna,Galletas Pastas y Harinas de Trigo,Basicos,12.5,13/05/2026,Hipermercado Soriana,Supermercado / Tienda de Autoservicio,Soriana Hiper Sucursal Consulado (418),Río Consulado 2355. Esq. Carlos Marx. Col. Simon Bolivar. Cp. 15410,Ciudad de México,Venustiano Carranza,19.449572,-99.100376
Pastelillos y Pan Dulce Empaquetado,Paquete 280 Gr. Panqué Nuez,Bimbo,Pan,Basicos,53,07/05/2026,Wal-mart,Supermercado / Tienda de Autoservicio,Walmart Sucursal Unidad Plaza de Toros,Autopista Querétaro Celaya 5501. Int. del Centro Comercial Plaza Esfera. Col. el Jacal. Cp. 76187,Querétaro,Santiago de Querétaro,20.574076,-100.408704
Pastelillos y Pan Dulce Empaquetado,Paquete con 1 Gansito (50 Gr.),Marinela,Pan,Basicos,20.5,15/05/2026,Bodega Aurrera,Supermercado / Tienda de Autoservicio,Bodega Aurrera Sucursal Centro Constituyentes,Constituyentes Oriente 334. Entre Pasteur y Manuel Ponce. Col. MercuRío. Cp. 76040,Querétaro,Santiago de Querétaro,20.586349,-100.382801
Pastelillos y Pan Dulce Empaquetado,Paquete con 1 Nito (62 Gr.),Bimbo,Pan,Basicos,23,13/05/2026,Wal-mart,Supermercado / Tienda de Autoservicio,Walmart Sucursal Balbuena,Fray Servando Teresa de Mier 881. Entre Fernando Iglesia Calderon y Genaro Garcia. Col. Jardín Balbuena. Cp. 15900,Ciudad de México,Venustiano Carranza,19.418067,-99.105639
Pastelillos y Pan Dulce Empaquetado,Paquete con 6 Roles de Canela. con Pasas (365 Gr.),Bimbo,Pan,Basicos,45,08/05/2026,Superissste,Supermercado / Tienda de Autoservicio,Superissste Sucursal 022,Av. del Taller y Retorno No. 38 Dentro del Retorno 38. Col. Jardín Balbuena. Cp. 15900,Ciudad de México,Venustiano Carranza,19.412842,-99.105666
Pastelillos y Pan Dulce Empaquetado,Paquete con 6 Roles de Canela. con Pasas (365 Gr.),Bimbo,Pan,Basicos,51,13/05/2026,Chedraui,Supermercado / Tienda de Autoservicio,Chedraui Sucursal Centro Sur,Blvd. Bernardo Quintana 502. Carr. con Direccion a Centro Civico. Col. Centro Sur. Cp. 76087,Querétaro,Santiago de Querétaro,20.569354,-100.358831
Pastelillos y Pan Dulce Empaquetado,Paquete con 8 Donitas. Espolvoreadas (140 Gr.),Bimbo,Pan,Basicos,27,15/05/2026,Bodega Aurrera,Supermercado / Tienda de Autoservicio,Bodega Aurrera Sucursal Centro Constituyentes,Constituyentes Oriente 334. Entre Pasteur y Manuel Ponce. Col. MercuRío. Cp. 76040,Querétaro,Santiago de Querétaro,20.586349,-100.382801
Pañales Desechables,Paquete 40 Piezas. Etapa 3. Niño,Huggies. Ultra Confort,Arts. de Papel P/higiene Personal,Basicos,307,13/05/2026,Chedraui,Supermercado / Tienda de Autoservicio,Chedraui Sucursal Anfora,Anfora 71. Esq. Eje 1 Norte. Col. Madero. Cp. 15320,Ciudad de México,Venustiano Carranza,19.437353,-99.110088
Pañales Desechables,Paquete 40 Piezas. Etapa 4. Niña,Huggies. Ultra Confort,Arts. de Papel P/higiene Personal,Basicos,367,07/05/2026,Wal-mart,Supermercado / Tienda de Autoservicio,Walmart Sucursal Balbuena,Fray Servando Teresa de Mier 881. Entre Fernando Iglesia Calderon y Genaro Garcia. Col. Jardín Balbuena. Cp. 15900,Ciudad de México,Venustiano Carranza,19.418067,-99.105639
Pañales Desechables,Paquete 80 Piezas. Grande,Kleen Bebé. Absorsec Ultra,Arts. de Papel P/higiene Personal,Basicos,256,15/05/2026,Bodega Aurrera,Supermercado / Tienda de Autoservicio,Bodega Aurrera Sucursal Centro Constituyentes,Constituyentes Oriente 334. Entre Pasteur y Manuel Ponce. Col. MercuRío. Cp. 76040,Querétaro,Santiago de Querétaro,20.586349,-100.382801
Pemix,Caja con 25 Tabletas de 1 Mg.,S/M,Medicamentos,Medicamentos,611,13/05/2026,Chedraui,Supermercado / Tienda de Autoservicio,Chedraui Sucursal Centro Sur,Blvd. Bernardo Quintana 502. Carr. con Direccion a Centro Civico. Col. Centro Sur. Cp. 76087,Querétaro,Santiago de Querétaro,20.569354,-100.358831
Pemix,Caja con 25 Tabletas de 1 Mg.,S/M,Medicamentos,Medicamentos,637,13/05/2026,Wal-mart,Supermercado / Tienda de Autoservicio,Walmart Sucursal Balbuena,Fray Servando Teresa de Mier 881. Entre Fernando Iglesia Calderon y Genaro Garcia. Col. Jardín Balbuena. Cp. 15900,Ciudad de México,Venustiano Carranza,19.418067,-99.105639
Pera,1 Kg. Granel. D'anjou,S/M,Frutas Frescas,Frutas y Legumbres,48,07/05/2026,Bodega Aurrera,Supermercado / Tienda de Autoservicio,Bodega Aurrera Sucursal la Viga,Calz. de la Viga 136 Esq. del Taller. Col. Lorenzo Boturini. Cp. 15820,Ciudad de México,Venustiano Carranza,19.414749,-99.127874
Pimiento,1 Kg. Granel. Morrón Verde,S/M,Hortalizas Frescas,Frutas y Legumbres,60,04/05/2026,Mercado Publico,Mercados,Mercado Lomas de Casablanca,Avenida 10. Esq. Calle 23. Col. Lomas de Casa Blanca. Cp. 76080,Querétaro,Santiago de Querétaro,20.603024,-100.396263
Piña,1 Kg. Granel. Miel,S/M,Frutas Frescas,Frutas y Legumbres,23,12/05/2026,Wal-mart,Supermercado / Tienda de Autoservicio,Walmart Sucursal Unidad Plaza de Toros,Autopista Querétaro Celaya 5501. Int. del Centro Comercial Plaza Esfera. Col. el Jacal. Cp. 76187,Querétaro,Santiago de Querétaro,20.574076,-100.408704
Piña en Almíbar,Lata 800 Gr. Trocitos,La Costeña,Frutas y Legumbres Procesadas,Basicos,72,15/05/2026,Bodega Aurrera,Supermercado / Tienda de Autoservicio,Bodega Aurrera Sucursal Centro Constituyentes,Constituyentes Oriente 334. Entre Pasteur y Manuel Ponce. Col. MercuRío. Cp. 76040,Querétaro,Santiago de Querétaro,20.586349,-100.382801
Plátano,1 Kg. Granel. Macho,S/M,Frutas Frescas,Frutas y Legumbres,32,04/05/2026,Mercado Publico,Mercados,Mercado Lomas de Casablanca,Avenida 10. Esq. Calle 23. Col. Lomas de Casa Blanca. Cp. 76080,Querétaro,Santiago de Querétaro,20.603024,-100.396263
Plátano,1 Kg. Granel. Macho,S/M,Frutas Frescas,Frutas y Legumbres,36.5,04/05/2026,Hipermercado Soriana,Supermercado / Tienda de Autoservicio,Soriana Hiper Sucursal Cimatario,Ctra. a Huimilpan 1001. Int. del Centro Comercial Plaza del Sol. Col. Plazas del Sol. Iii Sección. Cp. 76099,Querétaro,Santiago de Querétaro,20.563227,-100.375284
Plátano,1 Kg. Granel. Macho,S/M,Frutas Frescas,Frutas y Legumbres,36.5,13/05/2026,Hipermercado Soriana,Supermercado / Tienda de Autoservicio,Soriana Hiper Sucursal Cimatario,Ctra. a Huimilpan 1001. Int. del Centro Comercial Plaza del Sol. Col. Plazas del Sol. Iii Sección. Cp. 76099,Querétaro,Santiago de Querétaro,20.563227,-100.375284
Plátano,1 Kg. Granel. Macho,S/M,Frutas Frescas,Frutas y Legumbres,38.9,13/05/2026,Bodega Aurrera,Supermercado / Tienda de Autoservicio,Bodega Aurrera Sucursal la Viga,Calz. de la Viga 136 Esq. del Taller. Col. Lorenzo Boturini. Cp. 15820,Ciudad de México,Venustiano Carranza,19.414749,-99.127874
Plátano,1 Kg. Granel. Macho,S/M,Frutas Frescas,Frutas y Legumbres,38.9,15/05/2026,Bodega Aurrera,Supermercado / Tienda de Autoservicio,Bodega Aurrera Sucursal Centro Constituyentes,Constituyentes Oriente 334. Entre Pasteur y Manuel Ponce. Col. MercuRío. Cp. 76040,Querétaro,Santiago de Querétaro,20.586349,-100.382801
Plátano,1 Kg. Granel. Macho,S/M,Frutas Frescas,Frutas y Legumbres,39,13/05/2026,Wal-mart,Supermercado / Tienda de Autoservicio,Walmart Sucursal Balbuena,Fray Servando Teresa de Mier 881. Entre Fernando Iglesia Calderon y Genaro Garcia. Col. Jardín Balbuena. Cp. 15900,Ciudad de México,Venustiano Carranza,19.418067,-99.105639
Plátano,1 Kg. Granel. Macho,S/M,Frutas Frescas,Frutas y Legumbres,39.5,13/05/2026,Chedraui,Supermercado / Tienda de Autoservicio,Chedraui Sucursal Centro Sur,Blvd. Bernardo Quintana 502. Carr. con Direccion a Centro Civico. Col. Centro Sur. Cp. 76087,Querétaro,Santiago de Querétaro,20.569354,-100.358831
Plátano,1 Kg. Granel. Macho,S/M,Frutas Frescas,Frutas y Legumbres,39.9,13/05/2026,Wal-mart,Supermercado / Tienda de Autoservicio,Walmart Sucursal Aeropuerto,Calz. Ignacio Zaragoza 58. Esq. Blvd. Puerto Aereo. Col. Federal. Cp. 15700,Ciudad de México,Venustiano Carranza,19.41926,-99.094521
Plátano,1 Kg. Granel. Macho,S/M,Frutas Frescas,Frutas y Legumbres,45.9,07/05/2026,La Comer,Supermercado / Tienda de Autoservicio,Lacomer Sucursal Queretaro Estadio,Luis M. Vega y Monroy 1300. Esq.cimataRío . Col. CimataRío. Cp. 76090,Querétaro,Santiago de Querétaro,20.577804,-100.373626
Plátano,1 Kg. Granel. Macho,S/M,Frutas Frescas,Frutas y Legumbres,45.9,14/05/2026,La Comer,Supermercado / Tienda de Autoservicio,Lacomer Sucursal Queretaro Estadio,Luis M. Vega y Monroy 1300. Esq.cimataRío . Col. CimataRío. Cp. 76090,Querétaro,Santiago de Querétaro,20.577804,-100.373626
Plátano,1 Kg. Granel. Tabasco/chiapas/Roatán/Portalimón,S/M,Frutas Frescas,Frutas y Legumbres,14.5,06/05/2026,Chedraui,Supermercado / Tienda de Autoservicio,Chedraui Sucursal Centro Sur,Blvd. Bernardo Quintana 502. Carr. con Direccion a Centro Civico. Col. Centro Sur. Cp. 76087,Querétaro,Santiago de Querétaro,20.569354,-100.358831
Plátano,1 Kg. Granel. Tabasco/chiapas/Roatán/Portalimón,S/M,Frutas Frescas,Frutas y Legumbres,19.8,04/05/2026,Hipermercado Soriana,Supermercado / Tienda de Autoservicio,Soriana Hiper Sucursal Cimatario,Ctra. a Huimilpan 1001. Int. del Centro Comercial Plaza del Sol. Col. Plazas del Sol. Iii Sección. Cp. 76099,Querétaro,Santiago de Querétaro,20.563227,-100.375284
Plátano,1 Kg. Granel. Tabasco/chiapas/Roatán/Portalimón,S/M,Frutas Frescas,Frutas y Legumbres,21,14/05/2026,Mercado Publico,Mercados,Mercado Lomas de Casablanca,Avenida 10. Esq. Calle 23. Col. Lomas de Casa Blanca. Cp. 76080,Querétaro,Santiago de Querétaro,20.603024,-100.396263
Plátano,1 Kg. Granel. Tabasco/chiapas/Roatán/Portalimón,S/M,Frutas Frescas,Frutas y Legumbres,21.7,13/05/2026,Hipermercado Soriana,Supermercado / Tienda de Autoservicio,Soriana Hiper Sucursal Cimatario,Ctra. a Huimilpan 1001. Int. del Centro Comercial Plaza del Sol. Col. Plazas del Sol. Iii Sección. Cp. 76099,Querétaro,Santiago de Querétaro,20.563227,-100.375284
Plátano,1 Kg. Granel. Tabasco/chiapas/Roatán/Portalimón,S/M,Frutas Frescas,Frutas y Legumbres,21.9,13/05/2026,Hipermercado Soriana,Supermercado / Tienda de Autoservicio,Soriana Hiper Sucursal Consulado (418),Río Consulado 2355. Esq. Carlos Marx. Col. Simon Bolivar. Cp. 15410,Ciudad de México,Venustiano Carranza,19.449572,-99.100376
Plátano,1 Kg. Granel. Tabasco/chiapas/Roatán/Portalimón,S/M,Frutas Frescas,Frutas y Legumbres,22,04/05/2026,Mercado Publico,Mercados,Mercado Lomas de Casablanca,Avenida 10. Esq. Calle 23. Col. Lomas de Casa Blanca. Cp. 76080,Querétaro,Santiago de Querétaro,20.603024,-100.396263
Plátano,1 Kg. Granel. Tabasco/chiapas/Roatán/Portalimón,S/M,Frutas Frescas,Frutas y Legumbres,22,07/05/2026,Bodega Aurrera,Supermercado / Tienda de Autoservicio,Bodega Aurrera Sucursal la Viga,Calz. de la Viga 136 Esq. del Taller. Col. Lorenzo Boturini. Cp. 15820,Ciudad de México,Venustiano Carranza,19.414749,-99.127874
Plátano,1 Kg. Granel. Tabasco/chiapas/Roatán/Portalimón,S/M,Frutas Frescas,Frutas y Legumbres,24,01/05/2026,Superissste,Supermercado / Tienda de Autoservicio,Superissste Sucursal 011,Calle Peluqueros No. 310 Esquina Calle Tizayuca. Col. Michoacána. Cp. 15240,Ciudad de México,Venustiano Carranza,19.446139,-99.113372
Plátano,1 Kg. Granel. Tabasco/chiapas/Roatán/Portalimón,S/M,Frutas Frescas,Frutas y Legumbres,24,01/05/2026,Superissste,Supermercado / Tienda de Autoservicio,Superissste Sucursal 022,Av. del Taller y Retorno No. 38 Dentro del Retorno 38. Col. Jardín Balbuena. Cp. 15900,Ciudad de México,Venustiano Carranza,19.412842,-99.105666
Plátano,1 Kg. Granel. Tabasco/chiapas/Roatán/Portalimón,S/M,Frutas Frescas,Frutas y Legumbres,24,07/05/2026,Wal-mart,Supermercado / Tienda de Autoservicio,Walmart Sucursal Balbuena,Fray Servando Teresa de Mier 881. Entre Fernando Iglesia Calderon y Genaro Garcia. Col. Jardín Balbuena. Cp. 15900,Ciudad de México,Venustiano Carranza,19.418067,-99.105639
Plátano,1 Kg. Granel. Tabasco/chiapas/Roatán/Portalimón,S/M,Frutas Frescas,Frutas y Legumbres,24,08/05/2026,Bodega Aurrera,Supermercado / Tienda de Autoservicio,Bodega Aurrera Sucursal Centro Constituyentes,Constituyentes Oriente 334. Entre Pasteur y Manuel Ponce. Col. MercuRío. Cp. 76040,Querétaro,Santiago de Querétaro,20.586349,-100.382801
Plátano,1 Kg. Granel. Tabasco/chiapas/Roatán/Portalimón,S/M,Frutas Frescas,Frutas y Legumbres,24,08/05/2026,Superissste,Supermercado / Tienda de Autoservicio,Superissste Sucursal 011,Calle Peluqueros No. 310 Esquina Calle Tizayuca. Col. Michoacána. Cp. 15240,Ciudad de México,Venustiano Carranza,19.446139,-99.113372
Plátano,1 Kg. Granel. Tabasco/chiapas/Roatán/Portalimón,S/M,Frutas Frescas,Frutas y Legumbres,24,08/05/2026,Superissste,Supermercado / Tienda de Autoservicio,Superissste Sucursal 022,Av. del Taller y Retorno No. 38 Dentro del Retorno 38. Col. Jardín Balbuena. Cp. 15900,Ciudad de México,Venustiano Carranza,19.412842,-99.105666
Plátano,1 Kg. Granel. Tabasco/chiapas/Roatán/Portalimón,S/M,Frutas Frescas,Frutas y Legumbres,24,13/05/2026,Bodega Aurrera,Supermercado / Tienda de Autoservicio,Bodega Aurrera Sucursal la Viga,Calz. de la Viga 136 Esq. del Taller. Col. Lorenzo Boturini. Cp. 15820,Ciudad de México,Venustiano Carranza,19.414749,-99.127874
Plátano,1 Kg. Granel. Tabasco/chiapas/Roatán/Portalimón,S/M,Frutas Frescas,Frutas y Legumbres,24,13/05/2026,Wal-mart,Supermercado / Tienda de Autoservicio,Walmart Sucursal Aeropuerto,Calz. Ignacio Zaragoza 58. Esq. Blvd. Puerto Aereo. Col. Federal. Cp. 15700,Ciudad de México,Venustiano Carranza,19.41926,-99.094521
Plátano,1 Kg. Granel. Tabasco/chiapas/Roatán/Portalimón,S/M,Frutas Frescas,Frutas y Legumbres,24,13/05/2026,Wal-mart,Supermercado / Tienda de Autoservicio,Walmart Sucursal Balbuena,Fray Servando Teresa de Mier 881. Entre Fernando Iglesia Calderon y Genaro Garcia. Col. Jardín Balbuena. Cp. 15900,Ciudad de México,Venustiano Carranza,19.418067,-99.105639
Plátano,1 Kg. Granel. Tabasco/chiapas/Roatán/Portalimón,S/M,Frutas Frescas,Frutas y Legumbres,24,15/05/2026,Bodega Aurrera,Supermercado / Tienda de Autoservicio,Bodega Aurrera Sucursal Centro Constituyentes,Constituyentes Oriente 334. Entre Pasteur y Manuel Ponce. Col. MercuRío. Cp. 76040,Querétaro,Santiago de Querétaro,20.586349,-100.382801
Plátano,1 Kg. Granel. Tabasco/chiapas/Roatán/Portalimón,S/M,Frutas Frescas,Frutas y Legumbres,24,15/05/2026,Superissste,Supermercado / Tienda de Autoservicio,Superissste Sucursal 011,Calle Peluqueros No. 310 Esquina Calle Tizayuca. Col. Michoacána. Cp. 15240,Ciudad de México,Venustiano Carranza,19.446139,-99.113372
Plátano,1 Kg. Granel. Tabasco/chiapas/Roatán/Portalimón,S/M,Frutas Frescas,Frutas y Legumbres,24,15/05/2026,Superissste,Supermercado / Tienda de Autoservicio,Superissste Sucursal 022,Av. del Taller y Retorno No. 38 Dentro del Retorno 38. Col. Jardín Balbuena. Cp. 15900,Ciudad de México,Venustiano Carranza,19.412842,-99.105666
Plátano,1 Kg. Granel. Tabasco/chiapas/Roatán/Portalimón,S/M,Frutas Frescas,Frutas y Legumbres,24.9,07/05/2026,La Comer,Supermercado / Tienda de Autoservicio,Lacomer Sucursal Queretaro Estadio,Luis M. Vega y Monroy 1300. Esq.cimataRío . Col. CimataRío. Cp. 76090,Querétaro,Santiago de Querétaro,20.577804,-100.373626
Plátano,1 Kg. Granel. Tabasco/chiapas/Roatán/Portalimón,S/M,Frutas Frescas,Frutas y Legumbres,24.9,07/05/2026,Wal-mart,Supermercado / Tienda de Autoservicio,Walmart Sucursal Unidad Plaza de Toros,Autopista Querétaro Celaya 5501. Int. del Centro Comercial Plaza Esfera. Col. el Jacal. Cp. 76187,Querétaro,Santiago de Querétaro,20.574076,-100.408704
Plátano,1 Kg. Granel. Tabasco/chiapas/Roatán/Portalimón,S/M,Frutas Frescas,Frutas y Legumbres,24.9,14/05/2026,La Comer,Supermercado / Tienda de Autoservicio,Lacomer Sucursal Queretaro Estadio,Luis M. Vega y Monroy 1300. Esq.cimataRío . Col. CimataRío. Cp. 76090,Querétaro,Santiago de Querétaro,20.577804,-100.373626
Plátano,1 Kg. Granel. Tabasco/chiapas/Roatán/Portalimón,S/M,Frutas Frescas,Pacic,14.5,06/05/2026,Chedraui,Supermercado / Tienda de Autoservicio,Chedraui Sucursal Centro Sur,Blvd. Bernardo Quintana 502. Carr. con Direccion a Centro Civico. Col. Centro Sur. Cp. 76087,Querétaro,Santiago de Querétaro,20.569354,-100.358831
Plátano,1 Kg. Granel. Tabasco/chiapas/Roatán/Portalimón,S/M,Frutas Frescas,Pacic,18,13/05/2026,Chedraui,Supermercado / Tienda de Autoservicio,Chedraui Sucursal Centro Sur,Blvd. Bernardo Quintana 502. Carr. con Direccion a Centro Civico. Col. Centro Sur. Cp. 76087,Querétaro,Santiago de Querétaro,20.569354,-100.358831
Plátano,1 Kg. Granel. Tabasco/chiapas/Roatán/Portalimón,S/M,Frutas Frescas,Pacic,19.8,04/05/2026,Hipermercado Soriana,Supermercado / Tienda de Autoservicio,Soriana Hiper Sucursal Cimatario,Ctra. a Huimilpan 1001. Int. del Centro Comercial Plaza del Sol. Col. Plazas del Sol. Iii Sección. Cp. 76099,Querétaro,Santiago de Querétaro,20.563227,-100.375284
Plátano,1 Kg. Granel. Tabasco/chiapas/Roatán/Portalimón,S/M,Frutas Frescas,Pacic,21.7,13/05/2026,Hipermercado Soriana,Supermercado / Tienda de Autoservicio,Soriana Hiper Sucursal Cimatario,Ctra. a Huimilpan 1001. Int. del Centro Comercial Plaza del Sol. Col. Plazas del Sol. Iii Sección. Cp. 76099,Querétaro,Santiago de Querétaro,20.563227,-100.375284
Plátano,1 Kg. Granel. Tabasco/chiapas/Roatán/Portalimón,S/M,Frutas Frescas,Pacic,21.9,13/05/2026,Hipermercado Soriana,Supermercado / Tienda de Autoservicio,Soriana Hiper Sucursal Consulado (418),Río Consulado 2355. Esq. Carlos Marx. Col. Simon Bolivar. Cp. 15410,Ciudad de México,Venustiano Carranza,19.449572,-99.100376
Plátano,1 Kg. Granel. Tabasco/chiapas/Roatán/Portalimón,S/M,Frutas Frescas,Pacic,22,07/05/2026,Bodega Aurrera,Supermercado / Tienda de Autoservicio,Bodega Aurrera Sucursal la Viga,Calz. de la Viga 136 Esq. del Taller. Col. Lorenzo Boturini. Cp. 15820,Ciudad de México,Venustiano Carranza,19.414749,-99.127874
Plátano,1 Kg. Granel. Tabasco/chiapas/Roatán/Portalimón,S/M,Frutas Frescas,Pacic,24,07/05/2026,Wal-mart,Supermercado / Tienda de Autoservicio,Walmart Sucursal Balbuena,Fray Servando Teresa de Mier 881. Entre Fernando Iglesia Calderon y Genaro Garcia. Col. Jardín Balbuena. Cp. 15900,Ciudad de México,Venustiano Carranza,19.418067,-99.105639
Plátano,1 Kg. Granel. Tabasco/chiapas/Roatán/Portalimón,S/M,Frutas Frescas,Pacic,24,08/05/2026,Bodega Aurrera,Supermercado / Tienda de Autoservicio,Bodega Aurrera Sucursal Centro Constituyentes,Constituyentes Oriente 334. Entre Pasteur y Manuel Ponce. Col. MercuRío. Cp. 76040,Querétaro,Santiago de Querétaro,20.586349,-100.382801
Plátano,1 Kg. Granel. Tabasco/chiapas/Roatán/Portalimón,S/M,Frutas Frescas,Pacic,24,12/05/2026,Wal-mart,Supermercado / Tienda de Autoservicio,Walmart Sucursal Unidad Plaza de Toros,Autopista Querétaro Celaya 5501. Int. del Centro Comercial Plaza Esfera. Col. el Jacal. Cp. 76187,Querétaro,Santiago de Querétaro,20.574076,-100.408704
Plátano,1 Kg. Granel. Tabasco/chiapas/Roatán/Portalimón,S/M,Frutas Frescas,Pacic,24,13/05/2026,Bodega Aurrera,Supermercado / Tienda de Autoservicio,Bodega Aurrera Sucursal la Viga,Calz. de la Viga 136 Esq. del Taller. Col. Lorenzo Boturini. Cp. 15820,Ciudad de México,Venustiano Carranza,19.414749,-99.127874
Plátano,1 Kg. Granel. Tabasco/chiapas/Roatán/Portalimón,S/M,Frutas Frescas,Pacic,24,13/05/2026,Wal-mart,Supermercado / Tienda de Autoservicio,Walmart Sucursal Aeropuerto,Calz. Ignacio Zaragoza 58. Esq. Blvd. Puerto Aereo. Col. Federal. Cp. 15700,Ciudad de México,Venustiano Carranza,19.41926,-99.094521
Plátano,1 Kg. Granel. Tabasco/chiapas/Roatán/Portalimón,S/M,Frutas Frescas,Pacic,24,13/05/2026,Wal-mart,Supermercado / Tienda de Autoservicio,Walmart Sucursal Balbuena,Fray Servando Teresa de Mier 881. Entre Fernando Iglesia Calderon y Genaro Garcia. Col. Jardín Balbuena. Cp. 15900,Ciudad de México,Venustiano Carranza,19.418067,-99.105639
Plátano,1 Kg. Granel. Tabasco/chiapas/Roatán/Portalimón,S/M,Frutas Frescas,Pacic,24,15/05/2026,Bodega Aurrera,Supermercado / Tienda de Autoservicio,Bodega Aurrera Sucursal Centro Constituyentes,Constituyentes Oriente 334. Entre Pasteur y Manuel Ponce. Col. MercuRío. Cp. 76040,Querétaro,Santiago de Querétaro,20.586349,-100.382801
Plátano,1 Kg. Granel. Tabasco/chiapas/Roatán/Portalimón,S/M,Frutas Frescas,Pacic,24.9,07/05/2026,La Comer,Supermercado / Tienda de Autoservicio,Lacomer Sucursal Queretaro Estadio,Luis M. Vega y Monroy 1300. Esq.cimataRío . Col. CimataRío. Cp. 76090,Querétaro,Santiago de Querétaro,20.577804,-100.373626
Plátano,1 Kg. Granel. Tabasco/chiapas/Roatán/Portalimón,S/M,Frutas Frescas,Pacic,24.9,07/05/2026,Wal-mart,Supermercado / Tienda de Autoservicio,Walmart Sucursal Unidad Plaza de Toros,Autopista Querétaro Celaya 5501. Int. del Centro Comercial Plaza Esfera. Col. el Jacal. Cp. 76187,Querétaro,Santiago de Querétaro,20.574076,-100.408704
Plátano,1 Kg. Granel. Tabasco/chiapas/Roatán/Portalimón,S/M,Frutas Frescas,Pacic,24.9,14/05/2026,La Comer,Supermercado / Tienda de Autoservicio,Lacomer Sucursal Queretaro Estadio,Luis M. Vega y Monroy 1300. Esq.cimataRío . Col. CimataRío. Cp. 76090,Querétaro,Santiago de Querétaro,20.577804,-100.373626
Pollo Rostizado. Tradicional,"Pieza (charola o Bolsa, No Incluye Complementos)",S/M,Alimentos Cocinados F/casa,Basicos,120,13/05/2026,Panaderias Tradicionales,Panaderías,Esperanza,Fray Servando Teresa de Mier 58. Esq. Genaro García. Col. Jardín Balbuena. Cp. 15900,Ciudad de México,Venustiano Carranza,19.418511,-99.107312
Polvo P/hornear,Bote 250 Gr.,Rexal,Condimentos,Basicos,32.9,01/05/2026,Superissste,Supermercado / Tienda de Autoservicio,Superissste Sucursal 011,Calle Peluqueros No. 310 Esquina Calle Tizayuca. Col. Michoacána. Cp. 15240,Ciudad de México,Venustiano Carranza,19.446139,-99.113372
Polvo P/hornear,Bote 250 Gr.,Rexal,Condimentos,Basicos,32.9,08/05/2026,Superissste,Supermercado / Tienda de Autoservicio,Superissste Sucursal 011,Calle Peluqueros No. 310 Esquina Calle Tizayuca. Col. Michoacána. Cp. 15240,Ciudad de México,Venustiano Carranza,19.446139,-99.113372
Polvo P/preparar Bebidas,Sobre 7 Gr. Naranja,Splenda,Chocolates y Golosinas,Basicos,8.5,07/05/2026,Wal-mart,Supermercado / Tienda de Autoservicio,Walmart Sucursal Balbuena,Fray Servando Teresa de Mier 881. Entre Fernando Iglesia Calderon y Genaro Garcia. Col. Jardín Balbuena. Cp. 15900,Ciudad de México,Venustiano Carranza,19.418067,-99.105639
Polvo P/preparar Bebidas,Sobre 7 Gr. Naranja,Splenda,Chocolates y Golosinas,Basicos,8.5,15/05/2026,Bodega Aurrera,Supermercado / Tienda de Autoservicio,Bodega Aurrera Sucursal Centro Constituyentes,Constituyentes Oriente 334. Entre Pasteur y Manuel Ponce. Col. MercuRío. Cp. 76040,Querétaro,Santiago de Querétaro,20.586349,-100.382801
Polvo P/preparar Bebidas Sabor Chocolate,Bolsa 350 Gr.,Great Value,Chocolates y Golosinas,Basicos,50,13/05/2026,Wal-mart,Supermercado / Tienda de Autoservicio,Walmart Sucursal Balbuena,Fray Servando Teresa de Mier 881. Entre Fernando Iglesia Calderon y Genaro Garcia. Col. Jardín Balbuena. Cp. 15900,Ciudad de México,Venustiano Carranza,19.418067,-99.105639
Postday,Caja con 2 Comprimidos de 0.75 Mg.,S/M,Medicamentos,Medicamentos,91,13/05/2026,Chedraui,Supermercado / Tienda de Autoservicio,Chedraui Sucursal Centro Sur,Blvd. Bernardo Quintana 502. Carr. con Direccion a Centro Civico. Col. Centro Sur. Cp. 76087,Querétaro,Santiago de Querétaro,20.569354,-100.358831
Protector Solar,Envase 170 Gr. en Spray. Fps 50+,Banana Boat. Aqua Kids,Arts. para el Cuidado Personal,Basicos,350,13/05/2026,Wal-mart,Supermercado / Tienda de Autoservicio,Walmart Sucursal Aeropuerto,Calz. Ignacio Zaragoza 58. Esq. Blvd. Puerto Aereo. Col. Federal. Cp. 15700,Ciudad de México,Venustiano Carranza,19.41926,-99.094521
Pulmicort,Caja con 5 Ampolletas de 2 Ml. 0.250 Mg./ml. Suspensión para Nebulización,S/M,Medicamentos,Medicamentos,508,13/05/2026,Bodega Aurrera,Supermercado / Tienda de Autoservicio,Bodega Aurrera Sucursal la Viga,Calz. de la Viga 136 Esq. del Taller. Col. Lorenzo Boturini. Cp. 15820,Ciudad de México,Venustiano Carranza,19.414749,-99.127874
Puré de Tomate,Caja 1 Kg. Tomates Molidos Condimentados,Del Fuerte,Frutas y Legumbres Procesadas,Basicos,36.5,15/05/2026,Superissste,Supermercado / Tienda de Autoservicio,Superissste Sucursal 022,Av. del Taller y Retorno No. 38 Dentro del Retorno 38. Col. Jardín Balbuena. Cp. 15900,Ciudad de México,Venustiano Carranza,19.412842,-99.105666
Quadriderm Nf,Caja con Tubo con 30 Gr.,S/M,Medicamentos,Medicamentos,517,13/05/2026,Bodega Aurrera,Supermercado / Tienda de Autoservicio,Bodega Aurrera Sucursal la Viga,Calz. de la Viga 136 Esq. del Taller. Col. Lorenzo Boturini. Cp. 15820,Ciudad de México,Venustiano Carranza,19.414749,-99.127874
Quadriderm Nf,Caja con Tubo con 30 Gr.,S/M,Medicamentos,Medicamentos,518,13/05/2026,Wal-mart,Supermercado / Tienda de Autoservicio,Walmart Sucursal Aeropuerto,Calz. Ignacio Zaragoza 58. Esq. Blvd. Puerto Aereo. Col. Federal. Cp. 15700,Ciudad de México,Venustiano Carranza,19.41926,-99.094521
Queso Americano,Paquete 144 Gr. Queso Procesado,Zwan,Derivados de Leche,Basicos,30,13/05/2026,Wal-mart,Supermercado / Tienda de Autoservicio,Walmart Sucursal Aeropuerto,Calz. Ignacio Zaragoza 58. Esq. Blvd. Puerto Aereo. Col. Federal. Cp. 15700,Ciudad de México,Venustiano Carranza,19.41926,-99.094521
Queso Manchego,Paquete 400 Gr.,Caperucita,Derivados de Leche,Basicos,110,13/05/2026,Wal-mart,Supermercado / Tienda de Autoservicio,Walmart Sucursal Aeropuerto,Calz. Ignacio Zaragoza 58. Esq. Blvd. Puerto Aereo. Col. Federal. Cp. 15700,Ciudad de México,Venustiano Carranza,19.41926,-99.094521
Queso Manchego,Paquete 400 Gr.,Lala,Derivados de Leche,Basicos,99,13/05/2026,Chedraui,Supermercado / Tienda de Autoservicio,Chedraui Sucursal Centro Sur,Blvd. Bernardo Quintana 502. Carr. con Direccion a Centro Civico. Col. Centro Sur. Cp. 76087,Querétaro,Santiago de Querétaro,20.569354,-100.358831
Queso Manchego,Paquete 400 Gr.,Noche Buena,Derivados de Leche,Basicos,115,13/05/2026,Wal-mart,Supermercado / Tienda de Autoservicio,Walmart Sucursal Aeropuerto,Calz. Ignacio Zaragoza 58. Esq. Blvd. Puerto Aereo. Col. Federal. Cp. 15700,Ciudad de México,Venustiano Carranza,19.41926,-99.094521
Queso Manchego,Paquete 400 Gr. Rebanado,La Villita,Derivados de Leche,Basicos,93.9,13/05/2026,Hipermercado Soriana,Supermercado / Tienda de Autoservicio,Soriana Hiper Sucursal Consulado (418),Río Consulado 2355. Esq. Carlos Marx. Col. Simon Bolivar. Cp. 15410,Ciudad de México,Venustiano Carranza,19.449572,-99.100376
Queso Manchego,Paquete 400 Gr. Rebanado,Zwan. Premium,Derivados de Leche,Basicos,89.9,13/05/2026,Hipermercado Soriana,Supermercado / Tienda de Autoservicio,Soriana Hiper Sucursal Consulado (418),Río Consulado 2355. Esq. Carlos Marx. Col. Simon Bolivar. Cp. 15410,Ciudad de México,Venustiano Carranza,19.449572,-99.100376
Queso Oaxaca,Bote 400 Gr.,Los Volcanes,Derivados de Leche,Basicos,111.9,01/05/2026,Superissste,Supermercado / Tienda de Autoservicio,Superissste Sucursal 022,Av. del Taller y Retorno No. 38 Dentro del Retorno 38. Col. Jardín Balbuena. Cp. 15900,Ciudad de México,Venustiano Carranza,19.412842,-99.105666
Queso Oaxaca,Paquete 400 Gr.,Esmeralda,Derivados de Leche,Basicos,87,13/05/2026,Wal-mart,Supermercado / Tienda de Autoservicio,Walmart Sucursal Balbuena,Fray Servando Teresa de Mier 881. Entre Fernando Iglesia Calderon y Genaro Garcia. Col. Jardín Balbuena. Cp. 15900,Ciudad de México,Venustiano Carranza,19.418067,-99.105639
Queso Panela,1 Kg. Granel,Esmeralda,Derivados de Leche,Basicos,230,13/05/2026,Bodega Aurrera,Supermercado / Tienda de Autoservicio,Bodega Aurrera Sucursal la Viga,Calz. de la Viga 136 Esq. del Taller. Col. Lorenzo Boturini. Cp. 15820,Ciudad de México,Venustiano Carranza,19.414749,-99.127874
Queso Panela,1 Kg. Granel,Fud,Derivados de Leche,Basicos,220,12/05/2026,Wal-mart,Supermercado / Tienda de Autoservicio,Walmart Sucursal Unidad Plaza de Toros,Autopista Querétaro Celaya 5501. Int. del Centro Comercial Plaza Esfera. Col. el Jacal. Cp. 76187,Querétaro,Santiago de Querétaro,20.574076,-100.408704
Queso Panela,Paquete 400 Gr.,Caperucita,Derivados de Leche,Basicos,100,13/05/2026,Wal-mart,Supermercado / Tienda de Autoservicio,Walmart Sucursal Aeropuerto,Calz. Ignacio Zaragoza 58. Esq. Blvd. Puerto Aereo. Col. Federal. Cp. 15700,Ciudad de México,Venustiano Carranza,19.41926,-99.094521
Queso Panela,Paquete 400 Gr. (2 Pack),La Villita,Derivados de Leche,Basicos,75,13/05/2026,Wal-mart,Supermercado / Tienda de Autoservicio,Walmart Sucursal Balbuena,Fray Servando Teresa de Mier 881. Entre Fernando Iglesia Calderon y Genaro Garcia. Col. Jardín Balbuena. Cp. 15900,Ciudad de México,Venustiano Carranza,19.418067,-99.105639
Rastrillos Desechables,Paquete con 4. Comfort 3. Advance,Bic,Arts. para el Cuidado Personal,Basicos,97,13/05/2026,Bodega Aurrera,Supermercado / Tienda de Autoservicio,Bodega Aurrera Sucursal la Viga,Calz. de la Viga 136 Esq. del Taller. Col. Lorenzo Boturini. Cp. 15820,Ciudad de México,Venustiano Carranza,19.414749,-99.127874
Redoxon. Forte,Caja con 10 Comprimidos de 2 Gr. Efervescentes,S/M,Medicamentos,Medicamentos,186,15/05/2026,Bodega Aurrera,Supermercado / Tienda de Autoservicio,Bodega Aurrera Sucursal Centro Constituyentes,Constituyentes Oriente 334. Entre Pasteur y Manuel Ponce. Col. MercuRío. Cp. 76040,Querétaro,Santiago de Querétaro,20.586349,-100.382801
Refresco,Botella 2 Lt. No Retornable,Fresca,Refrescos Envasados,Basicos,34,07/05/2026,La Comer,Supermercado / Tienda de Autoservicio,Lacomer Sucursal Queretaro Estadio,Luis M. Vega y Monroy 1300. Esq.cimataRío . Col. CimataRío. Cp. 76090,Querétaro,Santiago de Querétaro,20.577804,-100.373626
Refresco,Botella 2 Lt. No Retornable,Sprite,Refrescos Envasados,Basicos,33,13/05/2026,Bodega Aurrera,Supermercado / Tienda de Autoservicio,Bodega Aurrera Sucursal la Viga,Calz. de la Viga 136 Esq. del Taller. Col. Lorenzo Boturini. Cp. 15820,Ciudad de México,Venustiano Carranza,19.414749,-99.127874
Refresco,Botella 2 Lt. No Retornable.,Sidral Mundet,Refrescos Envasados,Basicos,31,13/05/2026,Wal-mart,Supermercado / Tienda de Autoservicio,Walmart Sucursal Aeropuerto,Calz. Ignacio Zaragoza 58. Esq. Blvd. Puerto Aereo. Col. Federal. Cp. 15700,Ciudad de México,Venustiano Carranza,19.41926,-99.094521
Refresco,Botella 2 Lt. No Retornable. Naranja,Fanta,Refrescos Envasados,Basicos,31,13/05/2026,Wal-mart,Supermercado / Tienda de Autoservicio,Walmart Sucursal Balbuena,Fray Servando Teresa de Mier 881. Entre Fernando Iglesia Calderon y Genaro Garcia. Col. Jardín Balbuena. Cp. 15900,Ciudad de México,Venustiano Carranza,19.418067,-99.105639
Refresco,Botella 2.75 Lt. No Retornable,Coca Cola,Refrescos Envasados,Basicos,50,15/05/2026,Superissste,Supermercado / Tienda de Autoservicio,Superissste Sucursal 011,Calle Peluqueros No. 310 Esquina Calle Tizayuca. Col. Michoacána. Cp. 15240,Ciudad de México,Venustiano Carranza,19.446139,-99.113372
Refresco,Botella 600 Ml.,Fresca,Refrescos Envasados,Basicos,20.5,15/05/2026,Superissste,Supermercado / Tienda de Autoservicio,Superissste Sucursal 022,Av. del Taller y Retorno No. 38 Dentro del Retorno 38. Col. Jardín Balbuena. Cp. 15900,Ciudad de México,Venustiano Carranza,19.412842,-99.105666
Refresco,Botella 600 Ml.,Fresca,Refrescos Envasados,Basicos,21,14/05/2026,La Comer,Supermercado / Tienda de Autoservicio,Lacomer Sucursal Queretaro Estadio,Luis M. Vega y Monroy 1300. Esq.cimataRío . Col. CimataRío. Cp. 76090,Querétaro,Santiago de Querétaro,20.577804,-100.373626
Refresco,Botella 600 Ml.,Sidral Mundet,Refrescos Envasados,Basicos,23.5,12/05/2026,Oxxo,Tienda de Conveniencia,Oxxo Sucursal Corregidora 50 Cr,Circuito Moises Solana No. 128. Esq. Gertrudis Bocanegra. Col. Burocratas. Cp. 76070,Querétaro,Santiago de Querétaro,20.57462,-100.384232
Refresco,Botella 600 Ml.,Sprite,Refrescos Envasados,Basicos,15,15/05/2026,Bodega Aurrera,Supermercado / Tienda de Autoservicio,Bodega Aurrera Sucursal Centro Constituyentes,Constituyentes Oriente 334. Entre Pasteur y Manuel Ponce. Col. MercuRío. Cp. 76040,Querétaro,Santiago de Querétaro,20.586349,-100.382801
Refresco,Botella 600 Ml. Naranja,Fanta,Refrescos Envasados,Basicos,15,08/05/2026,Bodega Aurrera,Supermercado / Tienda de Autoservicio,Bodega Aurrera Sucursal Centro Constituyentes,Constituyentes Oriente 334. Entre Pasteur y Manuel Ponce. Col. MercuRío. Cp. 76040,Querétaro,Santiago de Querétaro,20.586349,-100.382801
Refresco,Botella 600 Ml. Zero Azúcar,Dr. Pepper,Botanas y Bebidas,Especial,16.5,04/05/2026,Hipermercado Soriana,Supermercado / Tienda de Autoservicio,Soriana Hiper Sucursal Cimatario,Ctra. a Huimilpan 1001. Int. del Centro Comercial Plaza del Sol. Col. Plazas del Sol. Iii Sección. Cp. 76099,Querétaro,Santiago de Querétaro,20.563227,-100.375284
Refresco,Lata 355 Ml.,Coca Cola,Refrescos Envasados,Basicos,22,01/05/2026,Superissste,Supermercado / Tienda de Autoservicio,Superissste Sucursal 011,Calle Peluqueros No. 310 Esquina Calle Tizayuca. Col. Michoacána. Cp. 15240,Ciudad de México,Venustiano Carranza,19.446139,-99.113372
Refresco,Lata 355 Ml.,Coca Cola,Refrescos Envasados,Basicos,22.9,07/05/2026,La Comer,Supermercado / Tienda de Autoservicio,Lacomer Sucursal Queretaro Estadio,Luis M. Vega y Monroy 1300. Esq.cimataRío . Col. CimataRío. Cp. 76090,Querétaro,Santiago de Querétaro,20.577804,-100.373626
Refresco,Lata 355 Ml.,Coca Cola,Refrescos Envasados,Basicos,23,13/05/2026,Wal-mart,Supermercado / Tienda de Autoservicio,Walmart Sucursal Balbuena,Fray Servando Teresa de Mier 881. Entre Fernando Iglesia Calderon y Genaro Garcia. Col. Jardín Balbuena. Cp. 15900,Ciudad de México,Venustiano Carranza,19.418067,-99.105639
Refrigeradores,"Mdrt 489 Mtm46w (silver). 338 L. 2 Puertas, Horizontal y Vertical. Deshielo Automático Ajustable",Midea,Aparatos Eléctricos,Electrodomesticos,8699,13/05/2026,Salinas y Rocha,Tienda de Electrodomésticos,Salinas y Rocha,Constituyentes Ote. 1204. Entre Popocatepetl y Nevado de Colima. Col. Palmas. Cp. 76040,Querétaro,Santiago de Querétaro,20.586768,-100.375909
Refrigeradores,"Rme 360 Fg (mre0) (grafito). 368.82 Dm3. 2 Puertas, Horizontal y Vertical. Deshielo Automático Ajustable",Mabe,Aparatos Eléctricos,Electrodomesticos,9499,13/05/2026,Salinas y Rocha,Tienda de Electrodomésticos,Salinas y Rocha,Constituyentes Ote. 1204. Entre Popocatepetl y Nevado de Colima. Col. Palmas. Cp. 76040,Querétaro,Santiago de Querétaro,20.586768,-100.375909
Refrigeradores,Rr 63d6 Wgx (silver). 173 Dm3. 1 Puertavertical. Deshielo SemiAutomático,Hisense,Aparatos Eléctricos,Electrodomesticos,4890,07/05/2026,Bodega Aurrera,Supermercado / Tienda de Autoservicio,Bodega Aurrera Sucursal la Viga,Calz. de la Viga 136 Esq. del Taller. Col. Lorenzo Boturini. Cp. 15820,Ciudad de México,Venustiano Carranza,19.414749,-99.127874
Rinelon,Caja con 1 Frasco Nebulizador con 18 Gr. y Válvula Dosificadora. 0.05 % Spray Nasal,S/M,Medicamentos,Medicamentos,1299,13/05/2026,Sanborn S Hnos.,Farmacias,Sanborns Sucursal los Arquitos,Constituyentes Oriente 172. Esq. de los Arquitos. Col. los Arquitos. Cp. 76050,Querétaro,Santiago de Querétaro,20.588117,-100.36869
Rivotril,Caja con 100 Comprimidos de 2 Mg.,S/M,Medicamentos,Medicamentos,1955,13/05/2026,Chedraui,Supermercado / Tienda de Autoservicio,Chedraui Sucursal Centro Sur,Blvd. Bernardo Quintana 502. Carr. con Direccion a Centro Civico. Col. Centro Sur. Cp. 76087,Querétaro,Santiago de Querétaro,20.569354,-100.358831
Rivotril. Gotas,Caja con Frasco con Gotero y Pipeta con 10 Ml. 2.5 Mg./ml.,S/M,Medicamentos,Medicamentos,455,13/05/2026,Chedraui,Supermercado / Tienda de Autoservicio,Chedraui Sucursal Centro Sur,Blvd. Bernardo Quintana 502. Carr. con Direccion a Centro Civico. Col. Centro Sur. Cp. 76087,Querétaro,Santiago de Querétaro,20.569354,-100.358831
Rocephin Im,Caja con Frasco Ámpula con Polvo y Una Ampolleta con Diluyente 1 Gr.,S/M,Medicamentos,Medicamentos,578,13/05/2026,Hipermercado Soriana,Supermercado / Tienda de Autoservicio,Soriana Hiper Sucursal Cimatario,Ctra. a Huimilpan 1001. Int. del Centro Comercial Plaza del Sol. Col. Plazas del Sol. Iii Sección. Cp. 76099,Querétaro,Santiago de Querétaro,20.563227,-100.375284
Ropa Interior Desechable y Similares,Paquete 10 Piezas. Predoblado. Unitalla. Pañal para Adulto,Tena,Arts. de Papel P/higiene Personal,Basicos,126,01/05/2026,Superissste,Supermercado / Tienda de Autoservicio,Superissste Sucursal 022,Av. del Taller y Retorno No. 38 Dentro del Retorno 38. Col. Jardín Balbuena. Cp. 15900,Ciudad de México,Venustiano Carranza,19.412842,-99.105666
Salchicha,Paquete 500 Gr. para Hot Dog,Fud,Carnes Frías Secas y Embutidos,Basicos,60,13/05/2026,Chedraui,Supermercado / Tienda de Autoservicio,Chedraui Sucursal Anfora,Anfora 71. Esq. Eje 1 Norte. Col. Madero. Cp. 15320,Ciudad de México,Venustiano Carranza,19.437353,-99.110088
Salsa Catsup,Botella 320 Gr. Plástico,La Costeña,Condimentos,Basicos,22,08/05/2026,Bodega Aurrera,Supermercado / Tienda de Autoservicio,Bodega Aurrera Sucursal Centro Constituyentes,Constituyentes Oriente 334. Entre Pasteur y Manuel Ponce. Col. MercuRío. Cp. 76040,Querétaro,Santiago de Querétaro,20.586349,-100.382801
Salsa Inglesa,Botella 145 Ml.,Worcestershire Crosse & Blackwell,Condimentos,Basicos,41.5,12/05/2026,Oxxo,Tienda de Conveniencia,Oxxo Sucursal Corregidora 50 Cr,Circuito Moises Solana No. 128. Esq. Gertrudis Bocanegra. Col. Burocratas. Cp. 76070,Querétaro,Santiago de Querétaro,20.57462,-100.384232
Sandía,1 Kg. Granel. Charleston. Rayada o Roja,S/M,Frutas Frescas,Frutas y Legumbres,16.5,06/05/2026,Chedraui,Supermercado / Tienda de Autoservicio,Chedraui Sucursal Centro Sur,Blvd. Bernardo Quintana 502. Carr. con Direccion a Centro Civico. Col. Centro Sur. Cp. 76087,Querétaro,Santiago de Querétaro,20.569354,-100.358831
Sardina,Lata 425 Gr. en Tomate,Chedraui,Pescados y Mariscos en Conserva,Pacic,14,06/05/2026,Chedraui,Supermercado / Tienda de Autoservicio,Chedraui Sucursal Centro Sur,Blvd. Bernardo Quintana 502. Carr. con Direccion a Centro Civico. Col. Centro Sur. Cp. 76087,Querétaro,Santiago de Querétaro,20.569354,-100.358831
Sardina,Lata 425 Gr. en Tomate,Guaymex,Pescados y Mariscos en Conserva,Basicos,47.5,14/05/2026,La Comer,Supermercado / Tienda de Autoservicio,Lacomer Sucursal Queretaro Estadio,Luis M. Vega y Monroy 1300. Esq.cimataRío . Col. CimataRío. Cp. 76090,Querétaro,Santiago de Querétaro,20.577804,-100.373626
Secotex Ocas,Caja con 30 Tabletas de 0.4 Mg.,S/M,Medicamentos,Medicamentos,2054,12/05/2026,Farmacias del Ahorro,Farmacias,Farmacias del Ahorro Sucursal Queretaro,Constituyentes Pte. 46. Entre Fernando de Tapia y Melchor Ocampo. Col. Centro. Cp. 76000,Querétaro,Santiago de Querétaro,20.584013,-100.394346
Sermion,Caja con 20 Tabletas de 30 Mg.,S/M,Medicamentos,Medicamentos,985,14/05/2026,Benavides,Farmacias,Farmacia Benavides Sucursal Isla de Montecristo,Av. del Parque 401. Esq. Calle Isla de Montecristo. Col. Lindavista. Cp. 76070,Querétaro,Santiago de Querétaro,20.568451,-100.380021
Sermion,Caja con 20 Tabletas de 30 Mg.,S/M,Medicamentos,Medicamentos,989,13/05/2026,Sanborn S Hnos.,Farmacias,Sanborns Sucursal los Arquitos,Constituyentes Oriente 172. Esq. de los Arquitos. Col. los Arquitos. Cp. 76050,Querétaro,Santiago de Querétaro,20.588117,-100.36869
Sertralina,Caja con 14 Tabletas de 50 Mg.,S/M,Medicamentos,Medicamentos,80,12/05/2026,Wal-mart,Supermercado / Tienda de Autoservicio,Walmart Sucursal Unidad Plaza de Toros,Autopista Querétaro Celaya 5501. Int. del Centro Comercial Plaza Esfera. Col. el Jacal. Cp. 76187,Querétaro,Santiago de Querétaro,20.574076,-100.408704
Servilletas de Papel Blanco,Paquete 360 Hojas,Fancy,Arts. de Papel P/higiene Personal,Basicos,28,15/05/2026,Superissste,Supermercado / Tienda de Autoservicio,Superissste Sucursal 022,Av. del Taller y Retorno No. 38 Dentro del Retorno 38. Col. Jardín Balbuena. Cp. 15900,Ciudad de México,Venustiano Carranza,19.412842,-99.105666
Shampoo,Botella 650 Ml. Fructis. Fortificante. Stop Caída,Garnier,Arts. para el Cuidado Personal,Basicos,122,15/05/2026,Bodega Aurrera,Supermercado / Tienda de Autoservicio,Bodega Aurrera Sucursal Centro Constituyentes,Constituyentes Oriente 334. Entre Pasteur y Manuel Ponce. Col. MercuRío. Cp. 76040,Querétaro,Santiago de Querétaro,20.586349,-100.382801
Shampoo,Botella 680 Gr. RepaRación Total 5. Cabello Dañado,Elvive,Arts. para el Cuidado Personal,Basicos,162,07/05/2026,Bodega Aurrera,Supermercado / Tienda de Autoservicio,Bodega Aurrera Sucursal la Viga,Calz. de la Viga 136 Esq. del Taller. Col. Lorenzo Boturini. Cp. 15820,Ciudad de México,Venustiano Carranza,19.414749,-99.127874
Sierra,1 Kg. Granel. Entero. del Golfo. Fresco,S/M,Pescados y Mariscos,Pescados y Mariscos,99,12/05/2026,Wal-mart,Supermercado / Tienda de Autoservicio,Walmart Sucursal Unidad Plaza de Toros,Autopista Querétaro Celaya 5501. Int. del Centro Comercial Plaza Esfera. Col. el Jacal. Cp. 76187,Querétaro,Santiago de Querétaro,20.574076,-100.408704
Silka Medic,Caja con Tubo con 30 Gr. Gel 1%,S/M,Medicamentos,Medicamentos,129,13/05/2026,Wal-mart,Supermercado / Tienda de Autoservicio,Walmart Sucursal Balbuena,Fray Servando Teresa de Mier 881. Entre Fernando Iglesia Calderon y Genaro Garcia. Col. Jardín Balbuena. Cp. 15900,Ciudad de México,Venustiano Carranza,19.418067,-99.105639
Singulair,Caja con 20 Comprimidos de 10 Mg. Recubiertos,S/M,Medicamentos,Medicamentos,650,13/05/2026,Hipermercado Soriana,Supermercado / Tienda de Autoservicio,Soriana Hiper Sucursal Cimatario,Ctra. a Huimilpan 1001. Int. del Centro Comercial Plaza del Sol. Col. Plazas del Sol. Iii Sección. Cp. 76099,Querétaro,Santiago de Querétaro,20.563227,-100.375284
Sinuberase,Caja con 48 Comprimidos,S/M,Medicamentos,Medicamentos,251,13/05/2026,Wal-mart,Supermercado / Tienda de Autoservicio,Walmart Sucursal Balbuena,Fray Servando Teresa de Mier 881. Entre Fernando Iglesia Calderon y Genaro Garcia. Col. Jardín Balbuena. Cp. 15900,Ciudad de México,Venustiano Carranza,19.418067,-99.105639
Sistema GB. Solución Alopecia,Caja con Frasco de 60 Ml. y Atomizador,S/M,Medicamentos,Medicamentos,511.3,14/05/2026,La Comer,Supermercado / Tienda de Autoservicio,Lacomer Sucursal Queretaro Estadio,Luis M. Vega y Monroy 1300. Esq.cimataRío . Col. CimataRío. Cp. 76090,Querétaro,Santiago de Querétaro,20.577804,-100.373626
Sistema GB. Solución Alopecia,Caja con Frasco de 60 Ml. y Atomizador,S/M,Medicamentos,Medicamentos,600,13/05/2026,Wal-mart,Supermercado / Tienda de Autoservicio,Walmart Sucursal Aeropuerto,Calz. Ignacio Zaragoza 58. Esq. Blvd. Puerto Aereo. Col. Federal. Cp. 15700,Ciudad de México,Venustiano Carranza,19.41926,-99.094521
Stugeron Forte,Caja con 60 Tabletas de 75 Mg.,S/M,Medicamentos,Medicamentos,1345,13/05/2026,Hipermercado Soriana,Supermercado / Tienda de Autoservicio,Soriana Hiper Sucursal Cimatario,Ctra. a Huimilpan 1001. Int. del Centro Comercial Plaza del Sol. Col. Plazas del Sol. Iii Sección. Cp. 76099,Querétaro,Santiago de Querétaro,20.563227,-100.375284
Suavizante P/ropa,Bolsa 1.3 Lt. (ahorrapack). Cuidado Superior. Fresca Primavera,Suavitel,Detergentes y Productos Similares,Basicos,67,08/05/2026,Bodega Aurrera,Supermercado / Tienda de Autoservicio,Bodega Aurrera Sucursal Centro Constituyentes,Constituyentes Oriente 334. Entre Pasteur y Manuel Ponce. Col. MercuRío. Cp. 76040,Querétaro,Santiago de Querétaro,20.586349,-100.382801
Suavizante P/ropa,Bolsa 1.3 Lt. (ahorrapack). Cuidado Superior. Fresca Primavera,Suavitel,Detergentes y Productos Similares,Basicos,67,15/05/2026,Bodega Aurrera,Supermercado / Tienda de Autoservicio,Bodega Aurrera Sucursal Centro Constituyentes,Constituyentes Oriente 334. Entre Pasteur y Manuel Ponce. Col. MercuRío. Cp. 76040,Querétaro,Santiago de Querétaro,20.586349,-100.382801
Suerox. 0 Azúcar,Botella de 630 Ml. Sabor Mora Azul con Yerbabuena,S/M,Medicamentos,Medicamentos,26,14/05/2026,Benavides,Farmacias,Farmacia Benavides Sucursal Isla de Montecristo,Av. del Parque 401. Esq. Calle Isla de Montecristo. Col. Lindavista. Cp. 76070,Querétaro,Santiago de Querétaro,20.568451,-100.380021
Suplemento Alimenticio,Botella 237 Ml. Sabor Chocolate,Glucerna,Medicamentos,Medicamentos,71,15/05/2026,Bodega Aurrera,Supermercado / Tienda de Autoservicio,Bodega Aurrera Sucursal Centro Constituyentes,Constituyentes Oriente 334. Entre Pasteur y Manuel Ponce. Col. MercuRío. Cp. 76040,Querétaro,Santiago de Querétaro,20.586349,-100.382801
Sustituto de Azúcar,Caja 340 Gr. (340 Sobres). Edulcorante de Mesa en Polvo,Svetia,Azúcar,Basicos,295,13/05/2026,Chedraui,Supermercado / Tienda de Autoservicio,Chedraui Sucursal Anfora,Anfora 71. Esq. Eje 1 Norte. Col. Madero. Cp. 15320,Ciudad de México,Venustiano Carranza,19.437353,-99.110088
Tabcin,Caja con 12 Cápsulas. Active,S/M,Medicamentos,Medicamentos,81,12/05/2026,Farmacias del Ahorro,Farmacias,Farmacias del Ahorro Sucursal Queretaro,Constituyentes Pte. 46. Entre Fernando de Tapia y Melchor Ocampo. Col. Centro. Cp. 76000,Querétaro,Santiago de Querétaro,20.584013,-100.394346
Tabcin,Caja con 12 Tabletas. Efervescente,S/M,Medicamentos,Medicamentos,52.9,04/05/2026,Hipermercado Soriana,Supermercado / Tienda de Autoservicio,Soriana Hiper Sucursal Cimatario,Ctra. a Huimilpan 1001. Int. del Centro Comercial Plaza del Sol. Col. Plazas del Sol. Iii Sección. Cp. 76099,Querétaro,Santiago de Querétaro,20.563227,-100.375284
Tabcin 500,Caja con 12 Tabletas. Efervescente,S/M,Medicamentos,Medicamentos,63,13/05/2026,Bodega Aurrera,Supermercado / Tienda de Autoservicio,Bodega Aurrera Sucursal la Viga,Calz. de la Viga 136 Esq. del Taller. Col. Lorenzo Boturini. Cp. 15820,Ciudad de México,Venustiano Carranza,19.414749,-99.127874
Tabcin 500,Caja con 12 Tabletas. Efervescente,S/M,Medicamentos,Medicamentos,66.5,04/05/2026,Hipermercado Soriana,Supermercado / Tienda de Autoservicio,Soriana Hiper Sucursal Cimatario,Ctra. a Huimilpan 1001. Int. del Centro Comercial Plaza del Sol. Col. Plazas del Sol. Iii Sección. Cp. 76099,Querétaro,Santiago de Querétaro,20.563227,-100.375284
Talco,Botella 80 Gr. Desodorante,Mexsana,Arts. para el Cuidado Personal,Basicos,77,15/05/2026,Bodega Aurrera,Supermercado / Tienda de Autoservicio,Bodega Aurrera Sucursal Centro Constituyentes,Constituyentes Oriente 334. Entre Pasteur y Manuel Ponce. Col. MercuRío. Cp. 76040,Querétaro,Santiago de Querétaro,20.586349,-100.382801
Tampones,Caja 10 Piezas. Super Plus,Tampax,Arts. de Papel P/higiene Personal,Basicos,62.5,14/05/2026,La Comer,Supermercado / Tienda de Autoservicio,Lacomer Sucursal Queretaro Estadio,Luis M. Vega y Monroy 1300. Esq.cimataRío . Col. CimataRío. Cp. 76090,Querétaro,Santiago de Querétaro,20.577804,-100.373626
Tecta,Caja con 14 Tabletas de 40 Mg. con Capa Entérica,S/M,Medicamentos,Medicamentos,919,13/05/2026,Sanborn S Hnos.,Farmacias,Sanborns Sucursal los Arquitos,Constituyentes Oriente 172. Esq. de los Arquitos. Col. los Arquitos. Cp. 76050,Querétaro,Santiago de Querétaro,20.588117,-100.36869
Telmisartan,Caja con 28 Tabletas de 80 Mg.,S/M,Medicamentos,Medicamentos,289,14/05/2026,La Comer,Supermercado / Tienda de Autoservicio,Lacomer Sucursal Queretaro Estadio,Luis M. Vega y Monroy 1300. Esq.cimataRío . Col. CimataRío. Cp. 76090,Querétaro,Santiago de Querétaro,20.577804,-100.373626
Tempra,Caja con 24 Tabletas. 24 Hrs.,S/M,Medicamentos,Medicamentos,128.5,13/05/2026,Hipermercado Soriana,Supermercado / Tienda de Autoservicio,Soriana Hiper Sucursal Cimatario,Ctra. a Huimilpan 1001. Int. del Centro Comercial Plaza del Sol. Col. Plazas del Sol. Iii Sección. Cp. 76099,Querétaro,Santiago de Querétaro,20.563227,-100.375284
Tenormin,Caja con 28 Tabletas de 50 Mg.,S/M,Medicamentos,Medicamentos,454,14/05/2026,Benavides,Farmacias,Farmacia Benavides Sucursal Isla de Montecristo,Av. del Parque 401. Esq. Calle Isla de Montecristo. Col. Lindavista. Cp. 76070,Querétaro,Santiago de Querétaro,20.568451,-100.380021
Tequila,Botella 700 Ml. Reposado 100% de Agave,El Jimador,Vinos y Licores,Basicos,325,13/05/2026,Wal-mart,Supermercado / Tienda de Autoservicio,Walmart Sucursal Balbuena,Fray Servando Teresa de Mier 881. Entre Fernando Iglesia Calderon y Genaro Garcia. Col. Jardín Balbuena. Cp. 15900,Ciudad de México,Venustiano Carranza,19.418067,-99.105639
Tequila,Botella 950 Ml. Reposado 100% de Agave Azul,José Cuervo. Tradicional,Vinos y Licores,Basicos,478,13/05/2026,Chedraui,Supermercado / Tienda de Autoservicio,Chedraui Sucursal Anfora,Anfora 71. Esq. Eje 1 Norte. Col. Madero. Cp. 15320,Ciudad de México,Venustiano Carranza,19.437353,-99.110088
Termómetro,Digital. Mod. Mc-343f. Blister 1 Pieza,Omron,Arts. para el Cuidado Personal,Medicamentos,75,12/05/2026,Farmacias del Ahorro,Farmacias,Farmacias del Ahorro Sucursal Queretaro,Constituyentes Pte. 46. Entre Fernando de Tapia y Melchor Ocampo. Col. Centro. Cp. 76000,Querétaro,Santiago de Querétaro,20.584013,-100.394346
Termómetro,Digital. Tipo Pluma. Caja o Blister 1 Pieza,S/M,Arts. para el Cuidado Personal,Medicamentos,95,12/05/2026,Farmacias del Ahorro,Farmacias,Farmacias del Ahorro Sucursal Queretaro,Constituyentes Pte. 46. Entre Fernando de Tapia y Melchor Ocampo. Col. Centro. Cp. 76000,Querétaro,Santiago de Querétaro,20.584013,-100.394346
Terramicina,Caja con 16 Cápsulas de 500 Mg.,S/M,Medicamentos,Medicamentos,306,13/05/2026,Wal-mart,Supermercado / Tienda de Autoservicio,Walmart Sucursal Aeropuerto,Calz. Ignacio Zaragoza 58. Esq. Blvd. Puerto Aereo. Col. Federal. Cp. 15700,Ciudad de México,Venustiano Carranza,19.41926,-99.094521
Terramicina,Caja con 16 Cápsulas de 500 Mg.,S/M,Medicamentos,Medicamentos,414,13/05/2026,Sanborn S Hnos.,Farmacias,Sanborns Sucursal los Arquitos,Constituyentes Oriente 172. Esq. de los Arquitos. Col. los Arquitos. Cp. 76050,Querétaro,Santiago de Querétaro,20.588117,-100.36869
Theraflu,Caja con 6 Sobres. Sabor Limón,S/M,Medicamentos,Medicamentos,164,08/05/2026,Farmacias del Ahorro,Farmacias,Farmacias del Ahorro Sucursal Queretaro,Constituyentes Pte. 46. Entre Fernando de Tapia y Melchor Ocampo. Col. Centro. Cp. 76000,Querétaro,Santiago de Querétaro,20.584013,-100.394346
Tinte para el Cabello,Caja,Wella Koleston. 40,Arts. para el Cuidado Personal,Basicos,89,13/05/2026,Chedraui,Supermercado / Tienda de Autoservicio,Chedraui Sucursal Anfora,Anfora 71. Esq. Eje 1 Norte. Col. Madero. Cp. 15320,Ciudad de México,Venustiano Carranza,19.437353,-99.110088
Tiras Reactivas,Caja con 25 Piezas,Onetouch. Ultra,Arts. para el Cuidado Personal,Medicamentos,244,13/05/2026,Chedraui,Supermercado / Tienda de Autoservicio,Chedraui Sucursal Centro Sur,Blvd. Bernardo Quintana 502. Carr. con Direccion a Centro Civico. Col. Centro Sur. Cp. 76087,Querétaro,Santiago de Querétaro,20.569354,-100.358831
Tiras Reactivas,Caja con 25 Piezas,Onetouch. Ultra,Arts. para el Cuidado Personal,Medicamentos,280,13/05/2026,Hipermercado Soriana,Supermercado / Tienda de Autoservicio,Soriana Hiper Sucursal Cimatario,Ctra. a Huimilpan 1001. Int. del Centro Comercial Plaza del Sol. Col. Plazas del Sol. Iii Sección. Cp. 76099,Querétaro,Santiago de Querétaro,20.563227,-100.375284
Toalla Femenina,Bolsa 12 Piezas. V-sport. Ultra Delgada Larga. con Alas Flujo Abundante,Saba,Arts. de Papel P/higiene Personal,Basicos,39,08/05/2026,Superissste,Supermercado / Tienda de Autoservicio,Superissste Sucursal 022,Av. del Taller y Retorno No. 38 Dentro del Retorno 38. Col. Jardín Balbuena. Cp. 15900,Ciudad de México,Venustiano Carranza,19.412842,-99.105666
Toalla Femenina,Bolsa 32 Piezas. Invisible. Delgada con Alas. Flujo Abundante,Saba,Arts. de Papel P/higiene Personal,Basicos,65.5,08/05/2026,Superissste,Supermercado / Tienda de Autoservicio,Superissste Sucursal 022,Av. del Taller y Retorno No. 38 Dentro del Retorno 38. Col. Jardín Balbuena. Cp. 15900,Ciudad de México,Venustiano Carranza,19.412842,-99.105666
Toalla de Papel,Paquete 1 Rollo. 160 Hojas Dobles,Great Value. Multicorte,Arts. de Papel P/higiene Personal,Basicos,21,07/05/2026,Wal-mart,Supermercado / Tienda de Autoservicio,Walmart Sucursal Balbuena,Fray Servando Teresa de Mier 881. Entre Fernando Iglesia Calderon y Genaro Garcia. Col. Jardín Balbuena. Cp. 15900,Ciudad de México,Venustiano Carranza,19.418067,-99.105639
Toallitas Desinfectantes,Paquete con 30. Toallitas Húmedas,Clorox. Expert,Detergentes y Productos Similares,Basicos,33,13/05/2026,Chedraui,Supermercado / Tienda de Autoservicio,Chedraui Sucursal Anfora,Anfora 71. Esq. Eje 1 Norte. Col. Madero. Cp. 15320,Ciudad de México,Venustiano Carranza,19.437353,-99.110088
Tomate,1 Kg. Granel. Verde Sin Cáscara,S/M,Hortalizas Frescas,Frutas y Legumbres,39.9,13/05/2026,Chedraui,Supermercado / Tienda de Autoservicio,Chedraui Sucursal Centro Sur,Blvd. Bernardo Quintana 502. Carr. con Direccion a Centro Civico. Col. Centro Sur. Cp. 76087,Querétaro,Santiago de Querétaro,20.569354,-100.358831
Topiramato,Caja con Frasco con 20 Tabletas de 25 Mg.,S/M,Medicamentos,Medicamentos,225,13/05/2026,Sanborn S Hnos.,Farmacias,Sanborns Sucursal los Arquitos,Constituyentes Oriente 172. Esq. de los Arquitos. Col. los Arquitos. Cp. 76050,Querétaro,Santiago de Querétaro,20.588117,-100.36869
Tortilla de Harina de Trigo,Bolsa 20+2 Piezas. 561 Gr.,Tortillinas Tia Rosa,Tortillas y Derivados del Maíz,Basicos,35,15/05/2026,Superissste,Supermercado / Tienda de Autoservicio,Superissste Sucursal 011,Calle Peluqueros No. 310 Esquina Calle Tizayuca. Col. Michoacána. Cp. 15240,Ciudad de México,Venustiano Carranza,19.446139,-99.113372
Tortilla de Maíz,1 Kg. Granel,S/M,Tortillas y Derivados del Maíz,Basicos,13,06/05/2026,Chedraui,Supermercado / Tienda de Autoservicio,Chedraui Sucursal Centro Sur,Blvd. Bernardo Quintana 502. Carr. con Direccion a Centro Civico. Col. Centro Sur. Cp. 76087,Querétaro,Santiago de Querétaro,20.569354,-100.358831
Tortilla de Maíz,1 Kg. Granel,S/M,Tortillas y Derivados del Maíz,Basicos,13,13/05/2026,Chedraui,Supermercado / Tienda de Autoservicio,Chedraui Sucursal Anfora,Anfora 71. Esq. Eje 1 Norte. Col. Madero. Cp. 15320,Ciudad de México,Venustiano Carranza,19.437353,-99.110088
Tortilla de Maíz,1 Kg. Granel,S/M,Tortillas y Derivados del Maíz,Basicos,13,13/05/2026,Chedraui,Supermercado / Tienda de Autoservicio,Chedraui Sucursal Centro Sur,Blvd. Bernardo Quintana 502. Carr. con Direccion a Centro Civico. Col. Centro Sur. Cp. 76087,Querétaro,Santiago de Querétaro,20.569354,-100.358831
Tortilla de Maíz,1 Kg. Granel,S/M,Tortillas y Derivados del Maíz,Basicos,13.9,13/05/2026,Hipermercado Soriana,Supermercado / Tienda de Autoservicio,Soriana Hiper Sucursal Consulado (418),Río Consulado 2355. Esq. Carlos Marx. Col. Simon Bolivar. Cp. 15410,Ciudad de México,Venustiano Carranza,19.449572,-99.100376
Tortilla de Maíz,1 Kg. Granel,S/M,Tortillas y Derivados del Maíz,Basicos,13.9,13/05/2026,Wal-mart,Supermercado / Tienda de Autoservicio,Walmart Sucursal Balbuena,Fray Servando Teresa de Mier 881. Entre Fernando Iglesia Calderon y Genaro Garcia. Col. Jardín Balbuena. Cp. 15900,Ciudad de México,Venustiano Carranza,19.418067,-99.105639
Tortilla de Maíz,1 Kg. Granel,S/M,Tortillas y Derivados del Maíz,Basicos,14,13/05/2026,Wal-mart,Supermercado / Tienda de Autoservicio,Walmart Sucursal Aeropuerto,Calz. Ignacio Zaragoza 58. Esq. Blvd. Puerto Aereo. Col. Federal. Cp. 15700,Ciudad de México,Venustiano Carranza,19.41926,-99.094521
Tortilla de Maíz,1 Kg. Granel,S/M,Tortillas y Derivados del Maíz,Basicos,14.5,07/05/2026,Bodega Aurrera,Supermercado / Tienda de Autoservicio,Bodega Aurrera Sucursal la Viga,Calz. de la Viga 136 Esq. del Taller. Col. Lorenzo Boturini. Cp. 15820,Ciudad de México,Venustiano Carranza,19.414749,-99.127874
Tortilla de Maíz,1 Kg. Granel,S/M,Tortillas y Derivados del Maíz,Basicos,14.5,07/05/2026,La Comer,Supermercado / Tienda de Autoservicio,Lacomer Sucursal Queretaro Estadio,Luis M. Vega y Monroy 1300. Esq.cimataRío . Col. CimataRío. Cp. 76090,Querétaro,Santiago de Querétaro,20.577804,-100.373626
Tortilla de Maíz,1 Kg. Granel,S/M,Tortillas y Derivados del Maíz,Basicos,14.5,07/05/2026,Wal-mart,Supermercado / Tienda de Autoservicio,Walmart Sucursal Unidad Plaza de Toros,Autopista Querétaro Celaya 5501. Int. del Centro Comercial Plaza Esfera. Col. el Jacal. Cp. 76187,Querétaro,Santiago de Querétaro,20.574076,-100.408704
Tortilla de Maíz,1 Kg. Granel,S/M,Tortillas y Derivados del Maíz,Basicos,14.5,08/05/2026,Bodega Aurrera,Supermercado / Tienda de Autoservicio,Bodega Aurrera Sucursal Centro Constituyentes,Constituyentes Oriente 334. Entre Pasteur y Manuel Ponce. Col. MercuRío. Cp. 76040,Querétaro,Santiago de Querétaro,20.586349,-100.382801
Tortilla de Maíz,1 Kg. Granel,S/M,Tortillas y Derivados del Maíz,Basicos,14.5,12/05/2026,Wal-mart,Supermercado / Tienda de Autoservicio,Walmart Sucursal Unidad Plaza de Toros,Autopista Querétaro Celaya 5501. Int. del Centro Comercial Plaza Esfera. Col. el Jacal. Cp. 76187,Querétaro,Santiago de Querétaro,20.574076,-100.408704
Tortilla de Maíz,1 Kg. Granel,S/M,Tortillas y Derivados del Maíz,Basicos,14.5,14/05/2026,La Comer,Supermercado / Tienda de Autoservicio,Lacomer Sucursal Queretaro Estadio,Luis M. Vega y Monroy 1300. Esq.cimataRío . Col. CimataRío. Cp. 76090,Querétaro,Santiago de Querétaro,20.577804,-100.373626
Tortilla de Maíz,1 Kg. Granel,S/M,Tortillas y Derivados del Maíz,Basicos,14.5,15/05/2026,Bodega Aurrera,Supermercado / Tienda de Autoservicio,Bodega Aurrera Sucursal Centro Constituyentes,Constituyentes Oriente 334. Entre Pasteur y Manuel Ponce. Col. MercuRío. Cp. 76040,Querétaro,Santiago de Querétaro,20.586349,-100.382801
Tortilla de Maíz,1 Kg. Granel,S/M,Tortillas y Derivados del Maíz,Basicos,14.7,04/05/2026,Hipermercado Soriana,Supermercado / Tienda de Autoservicio,Soriana Hiper Sucursal Cimatario,Ctra. a Huimilpan 1001. Int. del Centro Comercial Plaza del Sol. Col. Plazas del Sol. Iii Sección. Cp. 76099,Querétaro,Santiago de Querétaro,20.563227,-100.375284
Tortilla de Maíz,1 Kg. Granel,S/M,Tortillas y Derivados del Maíz,Basicos,16,04/05/2026,Tortillerias Tradicionales,Tortillerías,Tortillería la Azteca Sucursal Lomas de Casa Blanca,Av. 10 No. 1201 C. Esq. Calle 21. Col. Lomas de Casa Blanca. Cp. 76080,Querétaro,Santiago de Querétaro,20.570646,-100.391756
Tortilla de Maíz,1 Kg. Granel,S/M,Tortillas y Derivados del Maíz,Basicos,16,14/05/2026,Tortillerias Tradicionales,Tortillerías,Tortillería la Azteca Sucursal Lomas de Casa Blanca,Av. 10 No. 1201 C. Esq. Calle 21. Col. Lomas de Casa Blanca. Cp. 76080,Querétaro,Santiago de Querétaro,20.570646,-100.391756
Tortilla de Maíz,1 Kg. Granel,S/M,Tortillas y Derivados del Maíz,Basicos,19,04/05/2026,Tortillerias Tradicionales,Tortillerías,Tortillería la 10 Sucursal Lomas de Casa Blanca,Av. 10 S/n. Entre Av. 25 y Av. 27. Col. Lomas de Casa Blanca. Cp. 76080,Querétaro,Santiago de Querétaro,20.570415,-100.392998
Tortilla de Maíz,1 Kg. Granel,S/M,Tortillas y Derivados del Maíz,Basicos,19,14/05/2026,Tortillerias Tradicionales,Tortillerías,Tortillería la 10 Sucursal Lomas de Casa Blanca,Av. 10 S/n. Entre Av. 25 y Av. 27. Col. Lomas de Casa Blanca. Cp. 76080,Querétaro,Santiago de Querétaro,20.570415,-100.392998
Tortilla de Maíz,1 Kg. Granel,S/M,Tortillas y Derivados del Maíz,Basicos,20,04/05/2026,Tortillerias Tradicionales,Tortillerías,Tortillería Alondra Sucursal Lomas de Casa Blanca,Calle 25 No. 420. Esq. Av. 10. Col. Lomas de Casa Blanca. Cp. 76080,Querétaro,Santiago de Querétaro,20.570564,-100.392829
Tortilla de Maíz,1 Kg. Granel,S/M,Tortillas y Derivados del Maíz,Basicos,20,14/05/2026,Tortillerias Tradicionales,Tortillerías,Tortillería Alondra Sucursal Lomas de Casa Blanca,Calle 25 No. 420. Esq. Av. 10. Col. Lomas de Casa Blanca. Cp. 76080,Querétaro,Santiago de Querétaro,20.570564,-100.392829
Tortilla de Maíz,1 Kg. Granel,S/M,Tortillas y Derivados del Maíz,Basicos,22,07/05/2026,Tortillerias Tradicionales,Tortillerías,Tortillería Odette,Av. del Taller No. 502. Esq. Doctor Nicolás León. Col. Jardín Balbuena. Cp. 15900,Ciudad de México,Venustiano Carranza,19.413593,-99.110927
Tortilla de Maíz,1 Kg. Granel,S/M,Tortillas y Derivados del Maíz,Basicos,22,07/05/2026,Tortillerias Tradicionales,Tortillerías,Tortillería Pollito Campesino,Retorno 18 de Av. del Taller. Esq. Av. del Taller. Col. Jardín Balbuena. Cp. 15900,Ciudad de México,Venustiano Carranza,19.413395,-99.109274
Tortilla de Maíz,1 Kg. Granel,S/M,Tortillas y Derivados del Maíz,Basicos,22,13/05/2026,Tortillerias Tradicionales,Tortillerías,Tortillería Estrella,Persia No. 48. Entre Asia y CAntón. Col. Romero Rubio. Cp. 15400,Ciudad de México,Venustiano Carranza,19.44467,-99.09939
Tortilla de Maíz,1 Kg. Granel,S/M,Tortillas y Derivados del Maíz,Basicos,22,13/05/2026,Tortillerias Tradicionales,Tortillerías,Tortillería Hortelanos,Hortelanos No. 220. Casi Esq. Avicultura. Col. 20 de Noviembre. Cp. 15340,Ciudad de México,Venustiano Carranza,-19.440087,-99.107246
Tortilla de Maíz,1 Kg. Granel,S/M,Tortillas y Derivados del Maíz,Basicos,22,13/05/2026,Tortillerias Tradicionales,Tortillerías,Tortillería Persia,Persia No. 48a. Entre Cairo y Asia. Col. Romero Rubio. Cp. 15400,Ciudad de México,Venustiano Carranza,19.44466,-99.099385
Tortilla de Maíz,1 Kg. Granel,S/M,Tortillas y Derivados del Maíz,Basicos,22,13/05/2026,Tortillerias Tradicionales,Tortillerías,Tortillería Pollito Campesino,Retorno 18 de Av. del Taller. Esq. Av. del Taller. Col. Jardín Balbuena. Cp. 15900,Ciudad de México,Venustiano Carranza,19.413395,-99.109274
Tortilla de Maíz,1 Kg. Granel,S/M,Tortillas y Derivados del Maíz,Basicos,24,04/05/2026,Tortillerias Tradicionales,Tortillerías,Tortillería Loliño Sucursal Casa Blanca,Avenida 6 No. 402. Esq. Calle 5. Col. Lomas de Casa Blanca. Cp. 76080,Querétaro,Santiago de Querétaro,20.573752,-100.388436
Tortilla de Maíz,1 Kg. Granel,S/M,Tortillas y Derivados del Maíz,Basicos,24,12/05/2026,Tortillerias Tradicionales,Tortillerías,Tortillería Loliño Sucursal Casa Blanca,Avenida 6 No. 402. Esq. Calle 5. Col. Lomas de Casa Blanca. Cp. 76080,Querétaro,Santiago de Querétaro,20.573752,-100.388436
Tortilla de Maíz,1 Kg. Granel,S/M,Tortillas y Derivados del Maíz,Basicos,25,04/05/2026,Tortillerias Tradicionales,Tortillerías,Tortillarama Sucursal Lomas de Casa Blanca,Av. 10 S/n Loc. 207. Int. Mercado Lomas de Casa Blanca. Col. Lomas de Casa Blanca. Cp. 76080,Querétaro,Santiago de Querétaro,20.571521,-100.392274
Tortilla de Maíz,1 Kg. Granel,S/M,Tortillas y Derivados del Maíz,Basicos,25,06/05/2026,Tortillerias Tradicionales,Tortillerías,Tortillería la Candelaria,CimataRío 401. Esq. Arquitectos. Col. Marques. Cp. 76047,Querétaro,Santiago de Querétaro,20.580895,-100.374219
Tortilla de Maíz,1 Kg. Granel,S/M,Tortillas y Derivados del Maíz,Basicos,25,06/05/2026,Tortillerias Tradicionales,Tortillerías,Tortillería las Palmas,Nevado de Toluca 202. Popocatepet e Iztaccihuatl. Col. Fraccionamiento las Palmas. Cp. 76040,Querétaro,Santiago de Querétaro,20.582819,-100.375184
Tortilla de Maíz,1 Kg. Granel,S/M,Tortillas y Derivados del Maíz,Basicos,25,07/05/2026,Tortillerias Tradicionales,Tortillerías,Tortillería Super Tortillerama,Severa Lara 6. Entre Ignacio Zaragoza y Priv. Guerrero. Col. Centro. Cp. 76000,Querétaro,Santiago de Querétaro,20.587122,-100.392745
Tortilla de Maíz,1 Kg. Granel,S/M,Tortillas y Derivados del Maíz,Basicos,25,07/05/2026,Tortillerias Tradicionales,Tortillerías,Tortillería la Esperanza,Lucas Alaman 8. Entre Ignacio Zaragoza y Privada Guerrero. Col. Centro. Cp. 76000,Querétaro,Santiago de Querétaro,20.587479,-100.392635
Tortilla de Maíz,1 Kg. Granel,S/M,Tortillas y Derivados del Maíz,Basicos,25,08/05/2026,Tortillerias Tradicionales,Tortillerías,Tortillería la T Sucursal Querétaro,Carlos Pellicer No. 101. Esq. Calle Pasteur. Col. Prados del Mirador. Cp. 76070,Querétaro,Santiago de Querétaro,20.574543,-100.382572
Tortilla de Maíz,1 Kg. Granel,S/M,Tortillas y Derivados del Maíz,Basicos,25,13/05/2026,Tortillerias Tradicionales,Tortillerías,Tortillería la Candelaria,CimataRío 401. Esq. Arquitectos. Col. Marques. Cp. 76047,Querétaro,Santiago de Querétaro,20.580895,-100.374219
Tortilla de Maíz,1 Kg. Granel,S/M,Tortillas y Derivados del Maíz,Basicos,25,13/05/2026,Tortillerias Tradicionales,Tortillerías,Tortillería las Palmas,Nevado de Toluca 202. Popocatepet e Iztaccihuatl. Col. Fraccionamiento las Palmas. Cp. 76040,Querétaro,Santiago de Querétaro,20.582819,-100.375184
Tortilla de Maíz,1 Kg. Granel,S/M,Tortillas y Derivados del Maíz,Basicos,25,14/05/2026,Tortillerias Tradicionales,Tortillerías,Tortillarama Sucursal Lomas de Casa Blanca,Av. 10 S/n Loc. 207. Int. Mercado Lomas de Casa Blanca. Col. Lomas de Casa Blanca. Cp. 76080,Querétaro,Santiago de Querétaro,20.571521,-100.392274
Tortilla de Maíz,1 Kg. Granel,S/M,Tortillas y Derivados del Maíz,Basicos,25,14/05/2026,Tortillerias Tradicionales,Tortillerías,Tortillería la T Sucursal Querétaro,Carlos Pellicer No. 101. Esq. Calle Pasteur. Col. Prados del Mirador. Cp. 76070,Querétaro,Santiago de Querétaro,20.574543,-100.382572
Tortilla de Maíz,1 Kg. Granel,S/M,Tortillas y Derivados del Maíz,Basicos,25,15/05/2026,Tortillerias Tradicionales,Tortillerías,Tortillería Super Tortillerama,Severa Lara 6. Entre Ignacio Zaragoza y Priv. Guerrero. Col. Centro. Cp. 76000,Querétaro,Santiago de Querétaro,20.587122,-100.392745
Tortilla de Maíz,1 Kg. Granel,S/M,Tortillas y Derivados del Maíz,Basicos,25,15/05/2026,Tortillerias Tradicionales,Tortillerías,Tortillería la Esperanza,Lucas Alaman 8. Entre Ignacio Zaragoza y Privada Guerrero. Col. Centro. Cp. 76000,Querétaro,Santiago de Querétaro,20.587479,-100.392635
Tortilla de Maíz,1 Kg. Granel,S/M,Tortillas y Derivados del Maíz,Basicos,25,15/05/2026,Tortillerias Tradicionales,Tortillerías,Tortillería la Queretana,Fernando de Tapia 46. Esq. Guerrero. Col. Centro. Cp. 76000,Querétaro,Santiago de Querétaro,20.58653,-100.393667
Tortilla de Maíz,1 Kg. Granel,S/M,Tortillas y Derivados del Maíz,Basicos,26,06/05/2026,Tortillerias Tradicionales,Tortillerías,Tortillería la Guadalupana Sucursal Palmas,Nevado de Colima 234 Esq. Calle Chimborazo. Col. Palmas. Cp. 76040,Querétaro,Santiago de Querétaro,20.584546,-100.376116
Tortilla de Maíz,1 Kg. Granel,S/M,Tortillas y Derivados del Maíz,Basicos,26,13/05/2026,Tortillerias Tradicionales,Tortillerías,Tortillería la Guadalupana Sucursal Palmas,Nevado de Colima 234 Esq. Calle Chimborazo. Col. Palmas. Cp. 76040,Querétaro,Santiago de Querétaro,20.584546,-100.376116
Tortilla de Maíz,1 Kg. Granel,S/M,Tortillas y Derivados del Maíz,Basicos,27,06/05/2026,Tortillerias Tradicionales,Tortillerías,Tortillería la Oriental Sucursal Palmas,Del CimataRío 508. Andador Agapito Pozo y Nevado de Toluca. Col. Palmas. Cp. 76040,Querétaro,Santiago de Querétaro,20.582477,-100.374414
Tortilla de Maíz,1 Kg. Granel,S/M,Tortillas y Derivados del Maíz,Basicos,27,13/05/2026,Tortillerias Tradicionales,Tortillerías,Tortillería la Oriental Sucursal Palmas,Del CimataRío 508. Andador Agapito Pozo y Nevado de Toluca. Col. Palmas. Cp. 76040,Querétaro,Santiago de Querétaro,20.582477,-100.374414
Tortilla de Maíz,1 Kg. Granel,S/M,Tortillas y Derivados del Maíz,Basicos,28,04/05/2026,Tortillerias Tradicionales,Tortillerías,Tortillería la Oriental Sucursal Casa Blanca,Calle 25 No. 404. Entre Av. 8 y Calle 10. Col. Lomas de Casa Blanca. Cp. 76080,Querétaro,Santiago de Querétaro,20.571283,-100.393128
Tortilla de Maíz,1 Kg. Granel,S/M,Tortillas y Derivados del Maíz,Basicos,28,14/05/2026,Tortillerias Tradicionales,Tortillerías,Tortillería la Oriental Sucursal Casa Blanca,Calle 25 No. 404. Entre Av. 8 y Calle 10. Col. Lomas de Casa Blanca. Cp. 76080,Querétaro,Santiago de Querétaro,20.571283,-100.393128
Tortilla de Maíz,1 Kg. Granel,S/M,Tortillas y Derivados del Maíz,Pacic,13,06/05/2026,Chedraui,Supermercado / Tienda de Autoservicio,Chedraui Sucursal Centro Sur,Blvd. Bernardo Quintana 502. Carr. con Direccion a Centro Civico. Col. Centro Sur. Cp. 76087,Querétaro,Santiago de Querétaro,20.569354,-100.358831
Tortilla de Maíz,1 Kg. Granel,S/M,Tortillas y Derivados del Maíz,Pacic,13,13/05/2026,Bodega Aurrera,Supermercado / Tienda de Autoservicio,Bodega Aurrera Sucursal la Viga,Calz. de la Viga 136 Esq. del Taller. Col. Lorenzo Boturini. Cp. 15820,Ciudad de México,Venustiano Carranza,19.414749,-99.127874
Tortilla de Maíz,1 Kg. Granel,S/M,Tortillas y Derivados del Maíz,Pacic,13,13/05/2026,Chedraui,Supermercado / Tienda de Autoservicio,Chedraui Sucursal Anfora,Anfora 71. Esq. Eje 1 Norte. Col. Madero. Cp. 15320,Ciudad de México,Venustiano Carranza,19.437353,-99.110088
Tortilla de Maíz,1 Kg. Granel,S/M,Tortillas y Derivados del Maíz,Pacic,13,13/05/2026,Chedraui,Supermercado / Tienda de Autoservicio,Chedraui Sucursal Centro Sur,Blvd. Bernardo Quintana 502. Carr. con Direccion a Centro Civico. Col. Centro Sur. Cp. 76087,Querétaro,Santiago de Querétaro,20.569354,-100.358831
Tortilla de Maíz,1 Kg. Granel,S/M,Tortillas y Derivados del Maíz,Pacic,13.4,07/05/2026,Wal-mart,Supermercado / Tienda de Autoservicio,Walmart Sucursal Balbuena,Fray Servando Teresa de Mier 881. Entre Fernando Iglesia Calderon y Genaro Garcia. Col. Jardín Balbuena. Cp. 15900,Ciudad de México,Venustiano Carranza,19.418067,-99.105639
Tortilla de Maíz,1 Kg. Granel,S/M,Tortillas y Derivados del Maíz,Pacic,13.9,13/05/2026,Wal-mart,Supermercado / Tienda de Autoservicio,Walmart Sucursal Balbuena,Fray Servando Teresa de Mier 881. Entre Fernando Iglesia Calderon y Genaro Garcia. Col. Jardín Balbuena. Cp. 15900,Ciudad de México,Venustiano Carranza,19.418067,-99.105639
Tortilla de Maíz,1 Kg. Granel,S/M,Tortillas y Derivados del Maíz,Pacic,14,13/05/2026,Wal-mart,Supermercado / Tienda de Autoservicio,Walmart Sucursal Aeropuerto,Calz. Ignacio Zaragoza 58. Esq. Blvd. Puerto Aereo. Col. Federal. Cp. 15700,Ciudad de México,Venustiano Carranza,19.41926,-99.094521
Tortilla de Maíz,1 Kg. Granel,S/M,Tortillas y Derivados del Maíz,Pacic,14.5,07/05/2026,Bodega Aurrera,Supermercado / Tienda de Autoservicio,Bodega Aurrera Sucursal la Viga,Calz. de la Viga 136 Esq. del Taller. Col. Lorenzo Boturini. Cp. 15820,Ciudad de México,Venustiano Carranza,19.414749,-99.127874
Tortilla de Maíz,1 Kg. Granel,S/M,Tortillas y Derivados del Maíz,Pacic,14.5,07/05/2026,La Comer,Supermercado / Tienda de Autoservicio,Lacomer Sucursal Queretaro Estadio,Luis M. Vega y Monroy 1300. Esq.cimataRío . Col. CimataRío. Cp. 76090,Querétaro,Santiago de Querétaro,20.577804,-100.373626
Tortilla de Maíz,1 Kg. Granel,S/M,Tortillas y Derivados del Maíz,Pacic,14.5,07/05/2026,Wal-mart,Supermercado / Tienda de Autoservicio,Walmart Sucursal Unidad Plaza de Toros,Autopista Querétaro Celaya 5501. Int. del Centro Comercial Plaza Esfera. Col. el Jacal. Cp. 76187,Querétaro,Santiago de Querétaro,20.574076,-100.408704
Tortilla de Maíz,1 Kg. Granel,S/M,Tortillas y Derivados del Maíz,Pacic,14.5,08/05/2026,Bodega Aurrera,Supermercado / Tienda de Autoservicio,Bodega Aurrera Sucursal Centro Constituyentes,Constituyentes Oriente 334. Entre Pasteur y Manuel Ponce. Col. MercuRío. Cp. 76040,Querétaro,Santiago de Querétaro,20.586349,-100.382801
Tortilla de Maíz,1 Kg. Granel,S/M,Tortillas y Derivados del Maíz,Pacic,14.5,12/05/2026,Wal-mart,Supermercado / Tienda de Autoservicio,Walmart Sucursal Unidad Plaza de Toros,Autopista Querétaro Celaya 5501. Int. del Centro Comercial Plaza Esfera. Col. el Jacal. Cp. 76187,Querétaro,Santiago de Querétaro,20.574076,-100.408704
Tortilla de Maíz,1 Kg. Granel,S/M,Tortillas y Derivados del Maíz,Pacic,14.5,14/05/2026,La Comer,Supermercado / Tienda de Autoservicio,Lacomer Sucursal Queretaro Estadio,Luis M. Vega y Monroy 1300. Esq.cimataRío . Col. CimataRío. Cp. 76090,Querétaro,Santiago de Querétaro,20.577804,-100.373626
Tortilla de Maíz,1 Kg. Granel,S/M,Tortillas y Derivados del Maíz,Pacic,14.5,15/05/2026,Bodega Aurrera,Supermercado / Tienda de Autoservicio,Bodega Aurrera Sucursal Centro Constituyentes,Constituyentes Oriente 334. Entre Pasteur y Manuel Ponce. Col. MercuRío. Cp. 76040,Querétaro,Santiago de Querétaro,20.586349,-100.382801
Tortilla de Maíz,1 Kg. Granel,S/M,Tortillas y Derivados del Maíz,Pacic,14.7,04/05/2026,Hipermercado Soriana,Supermercado / Tienda de Autoservicio,Soriana Hiper Sucursal Cimatario,Ctra. a Huimilpan 1001. Int. del Centro Comercial Plaza del Sol. Col. Plazas del Sol. Iii Sección. Cp. 76099,Querétaro,Santiago de Querétaro,20.563227,-100.375284
Tortilla de Maíz,1 Kg. Granel,S/M,Tortillas y Derivados del Maíz,Pacic,14.8,13/05/2026,Hipermercado Soriana,Supermercado / Tienda de Autoservicio,Soriana Hiper Sucursal Cimatario,Ctra. a Huimilpan 1001. Int. del Centro Comercial Plaza del Sol. Col. Plazas del Sol. Iii Sección. Cp. 76099,Querétaro,Santiago de Querétaro,20.563227,-100.375284
Tortilla de Maíz,1 Kg. Granel. Amarilla,S/M,Tortillas y Derivados del Maíz,Pacic,13,06/05/2026,Chedraui,Supermercado / Tienda de Autoservicio,Chedraui Sucursal Centro Sur,Blvd. Bernardo Quintana 502. Carr. con Direccion a Centro Civico. Col. Centro Sur. Cp. 76087,Querétaro,Santiago de Querétaro,20.569354,-100.358831
Tortilla de Maíz,1 Kg. Granel. Amarilla,S/M,Tortillas y Derivados del Maíz,Pacic,13,13/05/2026,Chedraui,Supermercado / Tienda de Autoservicio,Chedraui Sucursal Anfora,Anfora 71. Esq. Eje 1 Norte. Col. Madero. Cp. 15320,Ciudad de México,Venustiano Carranza,19.437353,-99.110088
Tortilla de Maíz,1 Kg. Granel. Amarilla,S/M,Tortillas y Derivados del Maíz,Pacic,13,13/05/2026,Chedraui,Supermercado / Tienda de Autoservicio,Chedraui Sucursal Centro Sur,Blvd. Bernardo Quintana 502. Carr. con Direccion a Centro Civico. Col. Centro Sur. Cp. 76087,Querétaro,Santiago de Querétaro,20.569354,-100.358831
Tortilla de Maíz,1 Kg. Granel. Amarilla,S/M,Tortillas y Derivados del Maíz,Pacic,13.9,13/05/2026,Hipermercado Soriana,Supermercado / Tienda de Autoservicio,Soriana Hiper Sucursal Consulado (418),Río Consulado 2355. Esq. Carlos Marx. Col. Simon Bolivar. Cp. 15410,Ciudad de México,Venustiano Carranza,19.449572,-99.100376
Tortilla de Maíz,1 Kg. Granel. Amarilla,S/M,Tortillas y Derivados del Maíz,Pacic,15.5,04/05/2026,Hipermercado Soriana,Supermercado / Tienda de Autoservicio,Soriana Hiper Sucursal Cimatario,Ctra. a Huimilpan 1001. Int. del Centro Comercial Plaza del Sol. Col. Plazas del Sol. Iii Sección. Cp. 76099,Querétaro,Santiago de Querétaro,20.563227,-100.375284
Tortilla de Maíz,1 Kg. Granel. Amarilla,S/M,Tortillas y Derivados del Maíz,Pacic,15.5,13/05/2026,Hipermercado Soriana,Supermercado / Tienda de Autoservicio,Soriana Hiper Sucursal Cimatario,Ctra. a Huimilpan 1001. Int. del Centro Comercial Plaza del Sol. Col. Plazas del Sol. Iii Sección. Cp. 76099,Querétaro,Santiago de Querétaro,20.563227,-100.375284
Tortilla de Maíz,1 Kg. Granel. Amarilla. Chica,S/M,Tortillas y Derivados del Maíz,Pacic,14.1,04/05/2026,Hipermercado Soriana,Supermercado / Tienda de Autoservicio,Soriana Hiper Sucursal Cimatario,Ctra. a Huimilpan 1001. Int. del Centro Comercial Plaza del Sol. Col. Plazas del Sol. Iii Sección. Cp. 76099,Querétaro,Santiago de Querétaro,20.563227,-100.375284
Tortilla de Maíz,1 Kg. Granel. Amarilla. Chica,S/M,Tortillas y Derivados del Maíz,Pacic,14.1,13/05/2026,Hipermercado Soriana,Supermercado / Tienda de Autoservicio,Soriana Hiper Sucursal Cimatario,Ctra. a Huimilpan 1001. Int. del Centro Comercial Plaza del Sol. Col. Plazas del Sol. Iii Sección. Cp. 76099,Querétaro,Santiago de Querétaro,20.563227,-100.375284
Tortilla de Maíz,1 Kg. Granel. Blanca. Chica,S/M,Tortillas y Derivados del Maíz,Pacic,14.1,04/05/2026,Hipermercado Soriana,Supermercado / Tienda de Autoservicio,Soriana Hiper Sucursal Cimatario,Ctra. a Huimilpan 1001. Int. del Centro Comercial Plaza del Sol. Col. Plazas del Sol. Iii Sección. Cp. 76099,Querétaro,Santiago de Querétaro,20.563227,-100.375284
Tortilla de Maíz,1 Kg. Granel. Blanca. Chica,S/M,Tortillas y Derivados del Maíz,Pacic,14.1,13/05/2026,Hipermercado Soriana,Supermercado / Tienda de Autoservicio,Soriana Hiper Sucursal Cimatario,Ctra. a Huimilpan 1001. Int. del Centro Comercial Plaza del Sol. Col. Plazas del Sol. Iii Sección. Cp. 76099,Querétaro,Santiago de Querétaro,20.563227,-100.375284
Tostadas de Maíz,Paquete 324 Gr. Onduladas,Milpa Real,Tortillas y Derivados del Maíz,Basicos,34,15/05/2026,Bodega Aurrera,Supermercado / Tienda de Autoservicio,Bodega Aurrera Sucursal Centro Constituyentes,Constituyentes Oriente 334. Entre Pasteur y Manuel Ponce. Col. MercuRío. Cp. 76040,Querétaro,Santiago de Querétaro,20.586349,-100.382801
Tramacet,Caja con 20 Tabletas de 37.5 Mg./325 Mg.,S/M,Medicamentos,Medicamentos,808,14/05/2026,Benavides,Farmacias,Farmacia Benavides Sucursal Isla de Montecristo,Av. del Parque 401. Esq. Calle Isla de Montecristo. Col. Lindavista. Cp. 76070,Querétaro,Santiago de Querétaro,20.568451,-100.380021
Travatan,Caja con Frasco Gotero con 2.5 Ml. Solución 0.004%,S/M,Medicamentos,Medicamentos,1212,12/05/2026,Farmacias del Ahorro,Farmacias,Farmacias del Ahorro Sucursal Queretaro,Constituyentes Pte. 46. Entre Fernando de Tapia y Melchor Ocampo. Col. Centro. Cp. 76000,Querétaro,Santiago de Querétaro,20.584013,-100.394346
Trayenta,Caja con 30 Tabletas de 5 Mg.,S/M,Medicamentos,Medicamentos,2198,13/05/2026,Wal-mart,Supermercado / Tienda de Autoservicio,Walmart Sucursal Aeropuerto,Calz. Ignacio Zaragoza 58. Esq. Blvd. Puerto Aereo. Col. Federal. Cp. 15700,Ciudad de México,Venustiano Carranza,19.41926,-99.094521
Treda,Caja con 20 Tabletas,S/M,Medicamentos,Medicamentos,185,12/05/2026,Wal-mart,Supermercado / Tienda de Autoservicio,Walmart Sucursal Unidad Plaza de Toros,Autopista Querétaro Celaya 5501. Int. del Centro Comercial Plaza Esfera. Col. el Jacal. Cp. 76187,Querétaro,Santiago de Querétaro,20.574076,-100.408704
Té,Caja con 25 Sobres (1.2 Gr. C/u). Limón,Mc Cormick,Té,Basicos,21.5,08/05/2026,Superissste,Supermercado / Tienda de Autoservicio,Superissste Sucursal 022,Av. del Taller y Retorno No. 38 Dentro del Retorno 38. Col. Jardín Balbuena. Cp. 15900,Ciudad de México,Venustiano Carranza,19.412842,-99.105666
Uva,1 Kg. Granel. Globo o Red Globo,S/M,Frutas Frescas,Frutas y Legumbres,94.8,13/05/2026,Hipermercado Soriana,Supermercado / Tienda de Autoservicio,Soriana Hiper Sucursal Consulado (418),Río Consulado 2355. Esq. Carlos Marx. Col. Simon Bolivar. Cp. 15410,Ciudad de México,Venustiano Carranza,19.449572,-99.100376
Venda Elástica,Caja 1 Pieza. (10 Cm. X 5 M.),Le Roy,Medicamentos,Medicamentos,105,13/05/2026,Bodega Aurrera,Supermercado / Tienda de Autoservicio,Bodega Aurrera Sucursal la Viga,Calz. de la Viga 136 Esq. del Taller. Col. Lorenzo Boturini. Cp. 15820,Ciudad de México,Venustiano Carranza,19.414749,-99.127874
Venda Elástica,Paquete 1 Pieza (30 Cm. X 5 M.),S/M,Medicamentos,Medicamentos,32,07/05/2026,Wal-mart,Supermercado / Tienda de Autoservicio,Walmart Sucursal Unidad Plaza de Toros,Autopista Querétaro Celaya 5501. Int. del Centro Comercial Plaza Esfera. Col. el Jacal. Cp. 76187,Querétaro,Santiago de Querétaro,20.574076,-100.408704
Vinagre,Botella 1 Lt. Blanco Alcohol Cana,Clemente Jacques,Condimentos,Basicos,15.5,08/05/2026,Superissste,Supermercado / Tienda de Autoservicio,Superissste Sucursal 011,Calle Peluqueros No. 310 Esquina Calle Tizayuca. Col. Michoacána. Cp. 15240,Ciudad de México,Venustiano Carranza,19.446139,-99.113372
Vinagre,Botella 1 Lt. Blanco Alcohol Caña,Barrilito,Condimentos,Basicos,17.5,14/05/2026,La Comer,Supermercado / Tienda de Autoservicio,Lacomer Sucursal Queretaro Estadio,Luis M. Vega y Monroy 1300. Esq.cimataRío . Col. CimataRío. Cp. 76090,Querétaro,Santiago de Querétaro,20.577804,-100.373626
Xatral-od,Caja con 28 Tabletas de 10 Mg. LibeRación Prolongada,S/M,Medicamentos,Medicamentos,2659,13/05/2026,Chedraui,Supermercado / Tienda de Autoservicio,Chedraui Sucursal Centro Sur,Blvd. Bernardo Quintana 502. Carr. con Direccion a Centro Civico. Col. Centro Sur. Cp. 76087,Querétaro,Santiago de Querétaro,20.569354,-100.358831
Xatral-od,Caja con 28 Tabletas de 10 Mg. LibeRación Prolongada,S/M,Medicamentos,Medicamentos,2860,14/05/2026,Benavides,Farmacias,Farmacia Benavides Sucursal Isla de Montecristo,Av. del Parque 401. Esq. Calle Isla de Montecristo. Col. Lindavista. Cp. 76070,Querétaro,Santiago de Querétaro,20.568451,-100.380021
Yoghurt,Bote 900 Gr. Natural. Deslactosado. Sin Azúcar Añadida. Griego,Oikos,Derivados de Leche,Basicos,95,13/05/2026,Wal-mart,Supermercado / Tienda de Autoservicio,Walmart Sucursal Aeropuerto,Calz. Ignacio Zaragoza 58. Esq. Blvd. Puerto Aereo. Col. Federal. Cp. 15700,Ciudad de México,Venustiano Carranza,19.41926,-99.094521
Yoghurt,Bote 900 Gr. Natural. Sin Azúcar,Alpura,Derivados de Leche,Basicos,48,13/05/2026,Chedraui,Supermercado / Tienda de Autoservicio,Chedraui Sucursal Centro Sur,Blvd. Bernardo Quintana 502. Carr. con Direccion a Centro Civico. Col. Centro Sur. Cp. 76087,Querétaro,Santiago de Querétaro,20.569354,-100.358831
Yoghurt,Bote de 1 Kg. Natural. Bajo en Grasa. Griego,Yoplait,Derivados de Leche,Basicos,101.5,15/05/2026,Superissste,Supermercado / Tienda de Autoservicio,Superissste Sucursal 011,Calle Peluqueros No. 310 Esquina Calle Tizayuca. Col. Michoacána. Cp. 15240,Ciudad de México,Venustiano Carranza,19.446139,-99.113372
Yoghurt,Envase 220 Gr. Bebible. Fresa,Alpura,Derivados de Leche,Basicos,13.5,01/05/2026,Superissste,Supermercado / Tienda de Autoservicio,Superissste Sucursal 022,Av. del Taller y Retorno No. 38 Dentro del Retorno 38. Col. Jardín Balbuena. Cp. 15900,Ciudad de México,Venustiano Carranza,19.412842,-99.105666
Yoghurt,Envase 220 Gr. Bebible. Fresa,Alpura,Derivados de Leche,Basicos,13.5,08/05/2026,Superissste,Supermercado / Tienda de Autoservicio,Superissste Sucursal 011,Calle Peluqueros No. 310 Esquina Calle Tizayuca. Col. Michoacána. Cp. 15240,Ciudad de México,Venustiano Carranza,19.446139,-99.113372
Yoghurt,Envase 220 Gr. Bebible. Fresa,Alpura,Derivados de Leche,Basicos,13.5,08/05/2026,Superissste,Supermercado / Tienda de Autoservicio,Superissste Sucursal 022,Av. del Taller y Retorno No. 38 Dentro del Retorno 38. Col. Jardín Balbuena. Cp. 15900,Ciudad de México,Venustiano Carranza,19.412842,-99.105666
Yoghurt,Envase 220 Gr. Bebible. Fresa,Lala,Derivados de Leche,Basicos,14,15/05/2026,Superissste,Supermercado / Tienda de Autoservicio,Superissste Sucursal 022,Av. del Taller y Retorno No. 38 Dentro del Retorno 38. Col. Jardín Balbuena. Cp. 15900,Ciudad de México,Venustiano Carranza,19.412842,-99.105666
Yoghurt,Envase 220 Gr. Bebible. Fresa,Yoplait,Derivados de Leche,Mercados,14.5,14/05/2026,Mercado Publico,Mercados,Mercado Lomas de Casablanca,Avenida 10. Esq. Calle 23. Col. Lomas de Casa Blanca. Cp. 76080,Querétaro,Santiago de Querétaro,20.603024,-100.396263
Yoghurt,Envase 242 Gr. Bebible. Fresa,Yoplait,Derivados de Leche,Basicos,13.5,15/05/2026,Superissste,Supermercado / Tienda de Autoservicio,Superissste Sucursal 022,Av. del Taller y Retorno No. 38 Dentro del Retorno 38. Col. Jardín Balbuena. Cp. 15900,Ciudad de México,Venustiano Carranza,19.412842,-99.105666
Yoghurt,Vaso 120 Gr. Fresa,Lala,Derivados de Leche,Basicos,10,13/05/2026,Hipermercado Soriana,Supermercado / Tienda de Autoservicio,Soriana Hiper Sucursal Consulado (418),Río Consulado 2355. Esq. Carlos Marx. Col. Simon Bolivar. Cp. 15410,Ciudad de México,Venustiano Carranza,19.449572,-99.100376
Yoghurt,Vaso 125 Gr. Fresa,Yoplait,Derivados de Leche,Basicos,8.5,07/05/2026,Wal-mart,Supermercado / Tienda de Autoservicio,Walmart Sucursal Balbuena,Fray Servando Teresa de Mier 881. Entre Fernando Iglesia Calderon y Genaro Garcia. Col. Jardín Balbuena. Cp. 15900,Ciudad de México,Venustiano Carranza,19.418067,-99.105639
Zinnat,Caja con 10 Tabletas de 500 Mg.,S/M,Medicamentos,Medicamentos,879,13/05/2026,Sanborn S Hnos.,Farmacias,Sanborns Sucursal los Arquitos,Constituyentes Oriente 172. Esq. de los Arquitos. Col. los Arquitos. Cp. 76050,Querétaro,Santiago de Querétaro,20.588117,-100.36869
Zintrepid,Caja con 28 Comprimidos de 10 Mg./20 Mg.,S/M,Medicamentos,Medicamentos,1635,13/05/2026,Chedraui,Supermercado / Tienda de Autoservicio,Chedraui Sucursal Centro Sur,Blvd. Bernardo Quintana 502. Carr. con Direccion a Centro Civico. Col. Centro Sur. Cp. 76087,Querétaro,Santiago de Querétaro,20.569354,-100.358831
Zintrepid,Caja con 28 Comprimidos de 10 Mg./20 Mg.,S/M,Medicamentos,Medicamentos,1856,13/05/2026,Hipermercado Soriana,Supermercado / Tienda de Autoservicio,Soriana Hiper Sucursal Cimatario,Ctra. a Huimilpan 1001. Int. del Centro Comercial Plaza del Sol. Col. Plazas del Sol. Iii Sección. Cp. 76099,Querétaro,Santiago de Querétaro,20.563227,-100.375284
