producto,presentacion,marca,categoria,catalogo,precio,fecha_registro,cadena_comercial,giro,nombre_comercial,direccion,estado,municipio,latitud,longitud
Aceite,Botella 1 Lt. Canola,Maravilla,Aceites y Grasas Veg. Comestibles,Basicos,37,2025/12/19,Superissste,Supermercado / Tienda de Autoservicio,Superissste Sucursal 011,Calle Peluqueros No. 310 Esquina Calle Tizayuca. Col. Michoacána. Cp. 15240,Ciudad de México,Venustiano Carranza,19.446139,-99.113372
Aceite,Botella 1 Lt. Canola,Maravilla,Aceites y Grasas Veg. Comestibles,Basicos,37,2025/12/19,Superissste,Supermercado / Tienda de Autoservicio,Superissste Sucursal 022,Av. del Taller y Retorno No. 38 Dentro del Retorno 38. Col. Jardín Balbuena. Cp. 15900,Ciudad de México,Venustiano Carranza,19.412842,-99.105666
Aceite,Botella 1 Lt. Canola,Maravilla,Aceites y Grasas Veg. Comestibles,Basicos,37,2025/12/26,Superissste,Supermercado / Tienda de Autoservicio,Superissste Sucursal 011,Calle Peluqueros No. 310 Esquina Calle Tizayuca. Col. Michoacána. Cp. 15240,Ciudad de México,Venustiano Carranza,19.446139,-99.113372
Aceite,Botella 1 Lt. Canola,Maravilla,Aceites y Grasas Veg. Comestibles,Basicos,37,2025/12/26,Superissste,Supermercado / Tienda de Autoservicio,Superissste Sucursal 022,Av. del Taller y Retorno No. 38 Dentro del Retorno 38. Col. Jardín Balbuena. Cp. 15900,Ciudad de México,Venustiano Carranza,19.412842,-99.105666
Aceite,Botella 1 Lt. Vegetal,1_2_3,Aceites y Grasas Veg. Comestibles,Basicos,36,2025/12/18,Bodega Aurrera,Supermercado / Tienda de Autoservicio,Bodega Aurrera Sucursal la Viga,Calz. de la Viga 136 Esq. del Taller. Col. Lorenzo Boturini. Cp. 15820,Ciudad de México,Venustiano Carranza,19.414749,-99.127874
Aceite,Botella 1 Lt. Vegetal,1_2_3,Aceites y Grasas Veg. Comestibles,Basicos,36,2025/12/18,Chedraui,Supermercado / Tienda de Autoservicio,Chedraui Sucursal Anfora,Anfora 71. Esq. Eje 1 Norte. Col. Madero. Cp. 15320,Ciudad de México,Venustiano Carranza,19.437353,-99.110088
Aceite,Botella 1 Lt. Vegetal,1_2_3,Aceites y Grasas Veg. Comestibles,Basicos,37,2025/12/17,Chedraui,Supermercado / Tienda de Autoservicio,Chedraui Sucursal Centro Sur,Blvd. Bernardo Quintana 502. Carr. con Direccion a Centro Civico. Col. Centro Sur. Cp. 76087,Querétaro,Santiago de Querétaro,20.569354,-100.358831
Aceite,Botella 1 Lt. Vegetal,1_2_3,Aceites y Grasas Veg. Comestibles,Basicos,43.5,2025/12/16,Oxxo,Tienda de Conveniencia,Oxxo Sucursal Corregidora 50 Cr,Circuito Moises Solana No. 128. Esq. Gertrudis Bocanegra. Col. Burocratas. Cp. 76070,Querétaro,Santiago de Querétaro,20.57462,-100.384232
Aceite,Botella 1 Lt. Vegetal,1_2_3,Aceites y Grasas Veg. Comestibles,Basicos,43.9,2025/12/19,Superissste,Supermercado / Tienda de Autoservicio,Superissste Sucursal 011,Calle Peluqueros No. 310 Esquina Calle Tizayuca. Col. Michoacána. Cp. 15240,Ciudad de México,Venustiano Carranza,19.446139,-99.113372
Aceite,Botella 1 Lt. Vegetal,1_2_3,Aceites y Grasas Veg. Comestibles,Basicos,43.9,2025/12/19,Superissste,Supermercado / Tienda de Autoservicio,Superissste Sucursal 022,Av. del Taller y Retorno No. 38 Dentro del Retorno 38. Col. Jardín Balbuena. Cp. 15900,Ciudad de México,Venustiano Carranza,19.412842,-99.105666
Aceite,Botella 1 Lt. Vegetal,1_2_3,Aceites y Grasas Veg. Comestibles,Basicos,43.9,2025/12/26,Superissste,Supermercado / Tienda de Autoservicio,Superissste Sucursal 011,Calle Peluqueros No. 310 Esquina Calle Tizayuca. Col. Michoacána. Cp. 15240,Ciudad de México,Venustiano Carranza,19.446139,-99.113372
Aceite,Botella 1 Lt. Vegetal,1_2_3,Aceites y Grasas Veg. Comestibles,Basicos,43.9,2025/12/26,Superissste,Supermercado / Tienda de Autoservicio,Superissste Sucursal 022,Av. del Taller y Retorno No. 38 Dentro del Retorno 38. Col. Jardín Balbuena. Cp. 15900,Ciudad de México,Venustiano Carranza,19.412842,-99.105666
Aceite,Botella 1 Lt. Vegetal,1_2_3,Aceites y Grasas Veg. Comestibles,Basicos,44.5,2025/12/24,La Comer,Supermercado / Tienda de Autoservicio,Lacomer Sucursal Queretaro Estadio,Luis M. Vega y Monroy 1300. Esq.cimataRío . Col. CimataRío. Cp. 76090,Querétaro,Santiago de Querétaro,20.577804,-100.373626
Aceite,Botella 1 Lt. Vegetal,1_2_3,Aceites y Grasas Veg. Comestibles,Basicos,45,2025/12/16,Wal-mart,Supermercado / Tienda de Autoservicio,Walmart Sucursal Unidad Plaza de Toros,Autopista Querétaro Celaya 5501. Int. del Centro Comercial Plaza Esfera. Col. el Jacal. Cp. 76187,Querétaro,Santiago de Querétaro,20.574076,-100.408704
Aceite,Botella 1 Lt. Vegetal,1_2_3,Aceites y Grasas Veg. Comestibles,Basicos,45,2025/12/18,Wal-mart,Supermercado / Tienda de Autoservicio,Walmart Sucursal Aeropuerto,Calz. Ignacio Zaragoza 58. Esq. Blvd. Puerto Aereo. Col. Federal. Cp. 15700,Ciudad de México,Venustiano Carranza,19.41926,-99.094521
Aceite,Botella 1 Lt. Vegetal,1_2_3,Aceites y Grasas Veg. Comestibles,Basicos,45,2025/12/18,Wal-mart,Supermercado / Tienda de Autoservicio,Walmart Sucursal Balbuena,Fray Servando Teresa de Mier 881. Entre Fernando Iglesia Calderon y Genaro Garcia. Col. Jardín Balbuena. Cp. 15900,Ciudad de México,Venustiano Carranza,19.418067,-99.105639
Aceite,Botella 1 Lt. Vegetal,1_2_3,Aceites y Grasas Veg. Comestibles,Basicos,45,2025/12/19,Bodega Aurrera,Supermercado / Tienda de Autoservicio,Bodega Aurrera Sucursal Centro Constituyentes,Constituyentes Oriente 334. Entre Pasteur y Manuel Ponce. Col. MercuRío. Cp. 76040,Querétaro,Santiago de Querétaro,20.586349,-100.382801
Aceite,Botella 1 Lt. Vegetal,1_2_3,Aceites y Grasas Veg. Comestibles,Basicos,45,2025/12/22,Chedraui,Supermercado / Tienda de Autoservicio,Chedraui Sucursal Centro Sur,Blvd. Bernardo Quintana 502. Carr. con Direccion a Centro Civico. Col. Centro Sur. Cp. 76087,Querétaro,Santiago de Querétaro,20.569354,-100.358831
Aceite,Botella 1 Lt. Vegetal,1_2_3,Aceites y Grasas Veg. Comestibles,Basicos,45,2025/12/22,Hipermercado Soriana,Supermercado / Tienda de Autoservicio,Soriana Hiper Sucursal Cimatario,Ctra. a Huimilpan 1001. Int. del Centro Comercial Plaza del Sol. Col. Plazas del Sol. Iii Sección. Cp. 76099,Querétaro,Santiago de Querétaro,20.563227,-100.375284
Aceite,Botella 1 Lt. Vegetal,1_2_3,Aceites y Grasas Veg. Comestibles,Basicos,45,2025/12/23,Wal-mart,Supermercado / Tienda de Autoservicio,Walmart Sucursal Unidad Plaza de Toros,Autopista Querétaro Celaya 5501. Int. del Centro Comercial Plaza Esfera. Col. el Jacal. Cp. 76187,Querétaro,Santiago de Querétaro,20.574076,-100.408704
Aceite,Botella 1 Lt. Vegetal,1_2_3,Aceites y Grasas Veg. Comestibles,Basicos,45.5,2025/12/18,La Comer,Supermercado / Tienda de Autoservicio,Lacomer Sucursal Queretaro Estadio,Luis M. Vega y Monroy 1300. Esq.cimataRío . Col. CimataRío. Cp. 76090,Querétaro,Santiago de Querétaro,20.577804,-100.373626
Aceite,Botella 765 Ml. Maíz,Mazola,Aceites y Grasas Veg. Comestibles,Basicos,59.5,2025/12/18,Chedraui,Supermercado / Tienda de Autoservicio,Chedraui Sucursal Anfora,Anfora 71. Esq. Eje 1 Norte. Col. Madero. Cp. 15320,Ciudad de México,Venustiano Carranza,19.437353,-99.110088
Aceite,Botella 765 Ml. Maíz,Mazola,Aceites y Grasas Veg. Comestibles,Basicos,65,2025/12/18,La Comer,Supermercado / Tienda de Autoservicio,Lacomer Sucursal Queretaro Estadio,Luis M. Vega y Monroy 1300. Esq.cimataRío . Col. CimataRío. Cp. 76090,Querétaro,Santiago de Querétaro,20.577804,-100.373626
Aceite,Botella 765 Ml. Maíz,Mazola,Aceites y Grasas Veg. Comestibles,Basicos,65,2025/12/24,La Comer,Supermercado / Tienda de Autoservicio,Lacomer Sucursal Queretaro Estadio,Luis M. Vega y Monroy 1300. Esq.cimataRío . Col. CimataRío. Cp. 76090,Querétaro,Santiago de Querétaro,20.577804,-100.373626
Aceite,Botella 765 Ml. Maíz,Mazola,Aceites y Grasas Veg. Comestibles,Basicos,65.5,2025/12/22,Hipermercado Soriana,Supermercado / Tienda de Autoservicio,Soriana Hiper Sucursal Cimatario,Ctra. a Huimilpan 1001. Int. del Centro Comercial Plaza del Sol. Col. Plazas del Sol. Iii Sección. Cp. 76099,Querétaro,Santiago de Querétaro,20.563227,-100.375284
Aceite,Botella 800 Ml. Vegetal,Aurrera,Aceites y Grasas Veg. Comestibles,Basicos,28,2025/12/19,Bodega Aurrera,Supermercado / Tienda de Autoservicio,Bodega Aurrera Sucursal Centro Constituyentes,Constituyentes Oriente 334. Entre Pasteur y Manuel Ponce. Col. MercuRío. Cp. 76040,Querétaro,Santiago de Querétaro,20.586349,-100.382801
Aceite,Botella 800 Ml. Vegetal,Aurrera,Aceites y Grasas Veg. Comestibles,Basicos,30,2025/12/16,Wal-mart,Supermercado / Tienda de Autoservicio,Walmart Sucursal Unidad Plaza de Toros,Autopista Querétaro Celaya 5501. Int. del Centro Comercial Plaza Esfera. Col. el Jacal. Cp. 76187,Querétaro,Santiago de Querétaro,20.574076,-100.408704
Aceite,Botella 800 Ml. Vegetal,Aurrera,Aceites y Grasas Veg. Comestibles,Basicos,30,2025/12/23,Wal-mart,Supermercado / Tienda de Autoservicio,Walmart Sucursal Unidad Plaza de Toros,Autopista Querétaro Celaya 5501. Int. del Centro Comercial Plaza Esfera. Col. el Jacal. Cp. 76187,Querétaro,Santiago de Querétaro,20.574076,-100.408704
Aceite,Botella 800 Ml. Vegetal,Chedraui,Aceites y Grasas Veg. Comestibles,Basicos,28,2025/12/17,Chedraui,Supermercado / Tienda de Autoservicio,Chedraui Sucursal Centro Sur,Blvd. Bernardo Quintana 502. Carr. con Direccion a Centro Civico. Col. Centro Sur. Cp. 76087,Querétaro,Santiago de Querétaro,20.569354,-100.358831
Aceite,Botella 800 Ml. Vegetal,Chedraui,Aceites y Grasas Veg. Comestibles,Basicos,28,2025/12/18,Chedraui,Supermercado / Tienda de Autoservicio,Chedraui Sucursal Anfora,Anfora 71. Esq. Eje 1 Norte. Col. Madero. Cp. 15320,Ciudad de México,Venustiano Carranza,19.437353,-99.110088
Aceite,Botella 800 Ml. Vegetal,Chedraui,Aceites y Grasas Veg. Comestibles,Basicos,28,2025/12/22,Chedraui,Supermercado / Tienda de Autoservicio,Chedraui Sucursal Centro Sur,Blvd. Bernardo Quintana 502. Carr. con Direccion a Centro Civico. Col. Centro Sur. Cp. 76087,Querétaro,Santiago de Querétaro,20.569354,-100.358831
Aceite,Botella 800 Ml. Vegetal,Gran Tradición,Aceites y Grasas Veg. Comestibles,Basicos,29,2025/12/18,Chedraui,Supermercado / Tienda de Autoservicio,Chedraui Sucursal Anfora,Anfora 71. Esq. Eje 1 Norte. Col. Madero. Cp. 15320,Ciudad de México,Venustiano Carranza,19.437353,-99.110088
Aceite,Botella 800 Ml. Vegetal,Gran Tradición,Aceites y Grasas Veg. Comestibles,Basicos,33.9,2025/12/31,Hipermercado Soriana,Supermercado / Tienda de Autoservicio,Soriana Hiper Sucursal Cimatario,Ctra. a Huimilpan 1001. Int. del Centro Comercial Plaza del Sol. Col. Plazas del Sol. Iii Sección. Cp. 76099,Querétaro,Santiago de Querétaro,20.563227,-100.375284
Aceite,Botella 800 Ml. Vegetal,Gran Tradición,Aceites y Grasas Veg. Comestibles,Basicos,41.5,2025/12/22,Hipermercado Soriana,Supermercado / Tienda de Autoservicio,Soriana Hiper Sucursal Cimatario,Ctra. a Huimilpan 1001. Int. del Centro Comercial Plaza del Sol. Col. Plazas del Sol. Iii Sección. Cp. 76099,Querétaro,Santiago de Querétaro,20.563227,-100.375284
Aceite,Botella 825 Ml. Cártamo,Oleico,Aceites y Grasas Veg. Comestibles,Basicos,67,2025/12/18,Bodega Aurrera,Supermercado / Tienda de Autoservicio,Bodega Aurrera Sucursal la Viga,Calz. de la Viga 136 Esq. del Taller. Col. Lorenzo Boturini. Cp. 15820,Ciudad de México,Venustiano Carranza,19.414749,-99.127874
Aceite,Botella 825 Ml. Cártamo,Oleico,Aceites y Grasas Veg. Comestibles,Basicos,67,2025/12/18,Chedraui,Supermercado / Tienda de Autoservicio,Chedraui Sucursal Anfora,Anfora 71. Esq. Eje 1 Norte. Col. Madero. Cp. 15320,Ciudad de México,Venustiano Carranza,19.437353,-99.110088
Aceite,Botella 825 Ml. Cártamo,Oleico,Aceites y Grasas Veg. Comestibles,Basicos,67,2025/12/19,Bodega Aurrera,Supermercado / Tienda de Autoservicio,Bodega Aurrera Sucursal Centro Constituyentes,Constituyentes Oriente 334. Entre Pasteur y Manuel Ponce. Col. MercuRío. Cp. 76040,Querétaro,Santiago de Querétaro,20.586349,-100.382801
Aceite,Botella 825 Ml. Cártamo,Oleico,Aceites y Grasas Veg. Comestibles,Basicos,68,2025/12/17,Chedraui,Supermercado / Tienda de Autoservicio,Chedraui Sucursal Centro Sur,Blvd. Bernardo Quintana 502. Carr. con Direccion a Centro Civico. Col. Centro Sur. Cp. 76087,Querétaro,Santiago de Querétaro,20.569354,-100.358831
Aceite,Botella 825 Ml. Cártamo,Oleico,Aceites y Grasas Veg. Comestibles,Basicos,68,2025/12/18,Wal-mart,Supermercado / Tienda de Autoservicio,Walmart Sucursal Aeropuerto,Calz. Ignacio Zaragoza 58. Esq. Blvd. Puerto Aereo. Col. Federal. Cp. 15700,Ciudad de México,Venustiano Carranza,19.41926,-99.094521
Aceite,Botella 825 Ml. Cártamo,Oleico,Aceites y Grasas Veg. Comestibles,Basicos,68,2025/12/18,Wal-mart,Supermercado / Tienda de Autoservicio,Walmart Sucursal Balbuena,Fray Servando Teresa de Mier 881. Entre Fernando Iglesia Calderon y Genaro Garcia. Col. Jardín Balbuena. Cp. 15900,Ciudad de México,Venustiano Carranza,19.418067,-99.105639
Aceite,Botella 825 Ml. Cártamo,Oleico,Aceites y Grasas Veg. Comestibles,Basicos,68,2025/12/22,Chedraui,Supermercado / Tienda de Autoservicio,Chedraui Sucursal Centro Sur,Blvd. Bernardo Quintana 502. Carr. con Direccion a Centro Civico. Col. Centro Sur. Cp. 76087,Querétaro,Santiago de Querétaro,20.569354,-100.358831
Aceite,Botella 825 Ml. Cártamo,Oleico,Aceites y Grasas Veg. Comestibles,Basicos,68,2025/12/23,Wal-mart,Supermercado / Tienda de Autoservicio,Walmart Sucursal Unidad Plaza de Toros,Autopista Querétaro Celaya 5501. Int. del Centro Comercial Plaza Esfera. Col. el Jacal. Cp. 76187,Querétaro,Santiago de Querétaro,20.574076,-100.408704
Aceite,Botella 825 Ml. Cártamo,Oleico,Aceites y Grasas Veg. Comestibles,Basicos,69.9,2025/12/22,Hipermercado Soriana,Supermercado / Tienda de Autoservicio,Soriana Hiper Sucursal Cimatario,Ctra. a Huimilpan 1001. Int. del Centro Comercial Plaza del Sol. Col. Plazas del Sol. Iii Sección. Cp. 76099,Querétaro,Santiago de Querétaro,20.563227,-100.375284
Aceite,Botella 825 Ml. Cártamo,Oleico,Aceites y Grasas Veg. Comestibles,Basicos,69.9,2025/12/31,Hipermercado Soriana,Supermercado / Tienda de Autoservicio,Soriana Hiper Sucursal Cimatario,Ctra. a Huimilpan 1001. Int. del Centro Comercial Plaza del Sol. Col. Plazas del Sol. Iii Sección. Cp. 76099,Querétaro,Santiago de Querétaro,20.563227,-100.375284
Aceite,Botella 825 Ml. Cártamo,Oleico,Aceites y Grasas Veg. Comestibles,Basicos,71.5,2025/12/18,La Comer,Supermercado / Tienda de Autoservicio,Lacomer Sucursal Queretaro Estadio,Luis M. Vega y Monroy 1300. Esq.cimataRío . Col. CimataRío. Cp. 76090,Querétaro,Santiago de Querétaro,20.577804,-100.373626
Aceite,Botella 825 Ml. Cártamo,Oleico,Aceites y Grasas Veg. Comestibles,Basicos,81.1,2025/12/24,La Comer,Supermercado / Tienda de Autoservicio,Lacomer Sucursal Queretaro Estadio,Luis M. Vega y Monroy 1300. Esq.cimataRío . Col. CimataRío. Cp. 76090,Querétaro,Santiago de Querétaro,20.577804,-100.373626
Aceite,Botella 825 Ml. Cártamo,Oleico,Aceites y Grasas Veg. Comestibles,Basicos,82.5,2025/12/19,Superissste,Supermercado / Tienda de Autoservicio,Superissste Sucursal 011,Calle Peluqueros No. 310 Esquina Calle Tizayuca. Col. Michoacána. Cp. 15240,Ciudad de México,Venustiano Carranza,19.446139,-99.113372
Aceite,Botella 825 Ml. Cártamo,Oleico,Aceites y Grasas Veg. Comestibles,Basicos,82.5,2025/12/19,Superissste,Supermercado / Tienda de Autoservicio,Superissste Sucursal 022,Av. del Taller y Retorno No. 38 Dentro del Retorno 38. Col. Jardín Balbuena. Cp. 15900,Ciudad de México,Venustiano Carranza,19.412842,-99.105666
Aceite,Botella 825 Ml. Cártamo,Oleico,Aceites y Grasas Veg. Comestibles,Basicos,82.5,2025/12/26,Superissste,Supermercado / Tienda de Autoservicio,Superissste Sucursal 011,Calle Peluqueros No. 310 Esquina Calle Tizayuca. Col. Michoacána. Cp. 15240,Ciudad de México,Venustiano Carranza,19.446139,-99.113372
Aceite,Botella 825 Ml. Cártamo,Oleico,Aceites y Grasas Veg. Comestibles,Basicos,82.5,2025/12/26,Superissste,Supermercado / Tienda de Autoservicio,Superissste Sucursal 022,Av. del Taller y Retorno No. 38 Dentro del Retorno 38. Col. Jardín Balbuena. Cp. 15900,Ciudad de México,Venustiano Carranza,19.412842,-99.105666
Aceite,Botella 840 Ml. Canola,Capullo,Aceites y Grasas Veg. Comestibles,Basicos,50,2025/12/16,Oxxo,Tienda de Conveniencia,Oxxo Sucursal Corregidora 50 Cr,Circuito Moises Solana No. 128. Esq. Gertrudis Bocanegra. Col. Burocratas. Cp. 76070,Querétaro,Santiago de Querétaro,20.57462,-100.384232
Aceite,Botella 840 Ml. Canola,Capullo,Aceites y Grasas Veg. Comestibles,Basicos,53.5,2025/12/22,Hipermercado Soriana,Supermercado / Tienda de Autoservicio,Soriana Hiper Sucursal Cimatario,Ctra. a Huimilpan 1001. Int. del Centro Comercial Plaza del Sol. Col. Plazas del Sol. Iii Sección. Cp. 76099,Querétaro,Santiago de Querétaro,20.563227,-100.375284
Aceite,Botella 840 Ml. Canola,Capullo,Aceites y Grasas Veg. Comestibles,Basicos,53.5,2025/12/31,Hipermercado Soriana,Supermercado / Tienda de Autoservicio,Soriana Hiper Sucursal Cimatario,Ctra. a Huimilpan 1001. Int. del Centro Comercial Plaza del Sol. Col. Plazas del Sol. Iii Sección. Cp. 76099,Querétaro,Santiago de Querétaro,20.563227,-100.375284
Aceite,Botella 850 Ml. Soya,Nutrioli,Aceites y Grasas Veg. Comestibles,Basicos,40,2025/12/19,Superissste,Supermercado / Tienda de Autoservicio,Superissste Sucursal 011,Calle Peluqueros No. 310 Esquina Calle Tizayuca. Col. Michoacána. Cp. 15240,Ciudad de México,Venustiano Carranza,19.446139,-99.113372
Aceite,Botella 850 Ml. Soya,Nutrioli,Aceites y Grasas Veg. Comestibles,Basicos,40,2025/12/19,Superissste,Supermercado / Tienda de Autoservicio,Superissste Sucursal 022,Av. del Taller y Retorno No. 38 Dentro del Retorno 38. Col. Jardín Balbuena. Cp. 15900,Ciudad de México,Venustiano Carranza,19.412842,-99.105666
Aceite,Botella 850 Ml. Soya,Nutrioli,Aceites y Grasas Veg. Comestibles,Basicos,40,2025/12/26,Superissste,Supermercado / Tienda de Autoservicio,Superissste Sucursal 011,Calle Peluqueros No. 310 Esquina Calle Tizayuca. Col. Michoacána. Cp. 15240,Ciudad de México,Venustiano Carranza,19.446139,-99.113372
Aceite,Botella 850 Ml. Soya,Nutrioli,Aceites y Grasas Veg. Comestibles,Basicos,40,2025/12/26,Superissste,Supermercado / Tienda de Autoservicio,Superissste Sucursal 022,Av. del Taller y Retorno No. 38 Dentro del Retorno 38. Col. Jardín Balbuena. Cp. 15900,Ciudad de México,Venustiano Carranza,19.412842,-99.105666
Aceite,Botella 850 Ml. Soya,Nutrioli,Aceites y Grasas Veg. Comestibles,Basicos,40.5,2025/12/18,La Comer,Supermercado / Tienda de Autoservicio,Lacomer Sucursal Queretaro Estadio,Luis M. Vega y Monroy 1300. Esq.cimataRío . Col. CimataRío. Cp. 76090,Querétaro,Santiago de Querétaro,20.577804,-100.373626
Aceite,Botella 850 Ml. Soya,Nutrioli,Aceites y Grasas Veg. Comestibles,Basicos,40.5,2025/12/22,Chedraui,Supermercado / Tienda de Autoservicio,Chedraui Sucursal Centro Sur,Blvd. Bernardo Quintana 502. Carr. con Direccion a Centro Civico. Col. Centro Sur. Cp. 76087,Querétaro,Santiago de Querétaro,20.569354,-100.358831
Aceite,Botella 850 Ml. Soya,Nutrioli,Aceites y Grasas Veg. Comestibles,Basicos,40.5,2025/12/24,La Comer,Supermercado / Tienda de Autoservicio,Lacomer Sucursal Queretaro Estadio,Luis M. Vega y Monroy 1300. Esq.cimataRío . Col. CimataRío. Cp. 76090,Querétaro,Santiago de Querétaro,20.577804,-100.373626
Aceite,Botella 850 Ml. Soya,Nutrioli,Aceites y Grasas Veg. Comestibles,Basicos,40.9,2025/12/17,Chedraui,Supermercado / Tienda de Autoservicio,Chedraui Sucursal Centro Sur,Blvd. Bernardo Quintana 502. Carr. con Direccion a Centro Civico. Col. Centro Sur. Cp. 76087,Querétaro,Santiago de Querétaro,20.569354,-100.358831
Aceite,Botella 850 Ml. Soya,Nutrioli,Aceites y Grasas Veg. Comestibles,Basicos,40.9,2025/12/18,Chedraui,Supermercado / Tienda de Autoservicio,Chedraui Sucursal Anfora,Anfora 71. Esq. Eje 1 Norte. Col. Madero. Cp. 15320,Ciudad de México,Venustiano Carranza,19.437353,-99.110088
Aceite,Botella 850 Ml. Soya,Nutrioli,Aceites y Grasas Veg. Comestibles,Basicos,42,2025/12/19,Bodega Aurrera,Supermercado / Tienda de Autoservicio,Bodega Aurrera Sucursal Centro Constituyentes,Constituyentes Oriente 334. Entre Pasteur y Manuel Ponce. Col. MercuRío. Cp. 76040,Querétaro,Santiago de Querétaro,20.586349,-100.382801
Aceite,Botella 850 Ml. Soya,Nutrioli,Aceites y Grasas Veg. Comestibles,Basicos,42,2025/12/22,Hipermercado Soriana,Supermercado / Tienda de Autoservicio,Soriana Hiper Sucursal Cimatario,Ctra. a Huimilpan 1001. Int. del Centro Comercial Plaza del Sol. Col. Plazas del Sol. Iii Sección. Cp. 76099,Querétaro,Santiago de Querétaro,20.563227,-100.375284
Aceite,Botella 850 Ml. Vegetal,Ave,Aceites y Grasas Veg. Comestibles,Pacic,28,2025/12/17,Chedraui,Supermercado / Tienda de Autoservicio,Chedraui Sucursal Centro Sur,Blvd. Bernardo Quintana 502. Carr. con Direccion a Centro Civico. Col. Centro Sur. Cp. 76087,Querétaro,Santiago de Querétaro,20.569354,-100.358831
Aceite,Botella 850 Ml. Vegetal,Ave,Aceites y Grasas Veg. Comestibles,Pacic,28,2025/12/18,Chedraui,Supermercado / Tienda de Autoservicio,Chedraui Sucursal Anfora,Anfora 71. Esq. Eje 1 Norte. Col. Madero. Cp. 15320,Ciudad de México,Venustiano Carranza,19.437353,-99.110088
Aceite,Botella 850 Ml. Vegetal,Ave,Aceites y Grasas Veg. Comestibles,Pacic,28,2025/12/22,Chedraui,Supermercado / Tienda de Autoservicio,Chedraui Sucursal Centro Sur,Blvd. Bernardo Quintana 502. Carr. con Direccion a Centro Civico. Col. Centro Sur. Cp. 76087,Querétaro,Santiago de Querétaro,20.569354,-100.358831
Aceite,Botella 850 Ml. Vegetal,Gran Tradición,Aceites y Grasas Veg. Comestibles,Basicos,29,2025/12/19,Bodega Aurrera,Supermercado / Tienda de Autoservicio,Bodega Aurrera Sucursal Centro Constituyentes,Constituyentes Oriente 334. Entre Pasteur y Manuel Ponce. Col. MercuRío. Cp. 76040,Querétaro,Santiago de Querétaro,20.586349,-100.382801
Aceite,Botella 850 Ml. Vegetal,Gran Tradición,Aceites y Grasas Veg. Comestibles,Basicos,30,2025/12/16,Wal-mart,Supermercado / Tienda de Autoservicio,Walmart Sucursal Unidad Plaza de Toros,Autopista Querétaro Celaya 5501. Int. del Centro Comercial Plaza Esfera. Col. el Jacal. Cp. 76187,Querétaro,Santiago de Querétaro,20.574076,-100.408704
Aceite,Botella 850 Ml. Vegetal,Gran Tradición,Aceites y Grasas Veg. Comestibles,Basicos,30,2025/12/18,Wal-mart,Supermercado / Tienda de Autoservicio,Walmart Sucursal Aeropuerto,Calz. Ignacio Zaragoza 58. Esq. Blvd. Puerto Aereo. Col. Federal. Cp. 15700,Ciudad de México,Venustiano Carranza,19.41926,-99.094521
Aceite,Botella 850 Ml. Vegetal,Gran Tradición,Aceites y Grasas Veg. Comestibles,Basicos,30,2025/12/18,Wal-mart,Supermercado / Tienda de Autoservicio,Walmart Sucursal Balbuena,Fray Servando Teresa de Mier 881. Entre Fernando Iglesia Calderon y Genaro Garcia. Col. Jardín Balbuena. Cp. 15900,Ciudad de México,Venustiano Carranza,19.418067,-99.105639
Aceite,Botella 850 Ml. Vegetal,Gran Tradición,Aceites y Grasas Veg. Comestibles,Basicos,30,2025/12/23,Wal-mart,Supermercado / Tienda de Autoservicio,Walmart Sucursal Unidad Plaza de Toros,Autopista Querétaro Celaya 5501. Int. del Centro Comercial Plaza Esfera. Col. el Jacal. Cp. 76187,Querétaro,Santiago de Querétaro,20.574076,-100.408704
Aceite,Botella 850 Ml. Vegetal,Gran Tradición,Aceites y Grasas Veg. Comestibles,Pacic,27.9,2025/12/19,Superissste,Supermercado / Tienda de Autoservicio,Superissste Sucursal 011,Calle Peluqueros No. 310 Esquina Calle Tizayuca. Col. Michoacána. Cp. 15240,Ciudad de México,Venustiano Carranza,19.446139,-99.113372
Aceite,Botella 850 Ml. Vegetal,Gran Tradición,Aceites y Grasas Veg. Comestibles,Pacic,27.9,2025/12/19,Superissste,Supermercado / Tienda de Autoservicio,Superissste Sucursal 022,Av. del Taller y Retorno No. 38 Dentro del Retorno 38. Col. Jardín Balbuena. Cp. 15900,Ciudad de México,Venustiano Carranza,19.412842,-99.105666
Aceite,Botella 850 Ml. Vegetal,Gran Tradición,Aceites y Grasas Veg. Comestibles,Pacic,27.9,2025/12/26,Superissste,Supermercado / Tienda de Autoservicio,Superissste Sucursal 011,Calle Peluqueros No. 310 Esquina Calle Tizayuca. Col. Michoacána. Cp. 15240,Ciudad de México,Venustiano Carranza,19.446139,-99.113372
Aceite,Botella 850 Ml. Vegetal,Gran Tradición,Aceites y Grasas Veg. Comestibles,Pacic,27.9,2025/12/26,Superissste,Supermercado / Tienda de Autoservicio,Superissste Sucursal 022,Av. del Taller y Retorno No. 38 Dentro del Retorno 38. Col. Jardín Balbuena. Cp. 15900,Ciudad de México,Venustiano Carranza,19.412842,-99.105666
Aceite,Botella 850 Ml. Vegetal,Gran Tradición,Aceites y Grasas Veg. Comestibles,Pacic,29,2025/12/19,Bodega Aurrera,Supermercado / Tienda de Autoservicio,Bodega Aurrera Sucursal Centro Constituyentes,Constituyentes Oriente 334. Entre Pasteur y Manuel Ponce. Col. MercuRío. Cp. 76040,Querétaro,Santiago de Querétaro,20.586349,-100.382801
Aceite,Botella 850 Ml. Vegetal,Gran Tradición,Aceites y Grasas Veg. Comestibles,Pacic,29,2025/12/23,Bodega Aurrera,Supermercado / Tienda de Autoservicio,Bodega Aurrera Sucursal Centro Constituyentes,Constituyentes Oriente 334. Entre Pasteur y Manuel Ponce. Col. MercuRío. Cp. 76040,Querétaro,Santiago de Querétaro,20.586349,-100.382801
Aceite,Botella 850 Ml. Vegetal,Gran Tradición,Aceites y Grasas Veg. Comestibles,Pacic,30,2025/12/16,Wal-mart,Supermercado / Tienda de Autoservicio,Walmart Sucursal Unidad Plaza de Toros,Autopista Querétaro Celaya 5501. Int. del Centro Comercial Plaza Esfera. Col. el Jacal. Cp. 76187,Querétaro,Santiago de Querétaro,20.574076,-100.408704
Aceite,Botella 850 Ml. Vegetal,Gran Tradición,Aceites y Grasas Veg. Comestibles,Pacic,30,2025/12/17,Wal-mart,Supermercado / Tienda de Autoservicio,Walmart Sucursal Unidad Plaza de Toros,Autopista Querétaro Celaya 5501. Int. del Centro Comercial Plaza Esfera. Col. el Jacal. Cp. 76187,Querétaro,Santiago de Querétaro,20.574076,-100.408704
Aceite,Botella 850 Ml. Vegetal,Gran Tradición,Aceites y Grasas Veg. Comestibles,Pacic,30,2025/12/18,Wal-mart,Supermercado / Tienda de Autoservicio,Walmart Sucursal Aeropuerto,Calz. Ignacio Zaragoza 58. Esq. Blvd. Puerto Aereo. Col. Federal. Cp. 15700,Ciudad de México,Venustiano Carranza,19.41926,-99.094521
Aceite,Botella 850 Ml. Vegetal,Gran Tradición,Aceites y Grasas Veg. Comestibles,Pacic,30,2025/12/18,Wal-mart,Supermercado / Tienda de Autoservicio,Walmart Sucursal Balbuena,Fray Servando Teresa de Mier 881. Entre Fernando Iglesia Calderon y Genaro Garcia. Col. Jardín Balbuena. Cp. 15900,Ciudad de México,Venustiano Carranza,19.418067,-99.105639
Aceite,Botella 850 Ml. Vegetal,Gran Tradición,Aceites y Grasas Veg. Comestibles,Pacic,30,2025/12/23,Wal-mart,Supermercado / Tienda de Autoservicio,Walmart Sucursal Balbuena,Fray Servando Teresa de Mier 881. Entre Fernando Iglesia Calderon y Genaro Garcia. Col. Jardín Balbuena. Cp. 15900,Ciudad de México,Venustiano Carranza,19.418067,-99.105639
Aceite,Botella 850 Ml. Vegetal,Gran Tradición,Aceites y Grasas Veg. Comestibles,Pacic,30,2025/12/23,Wal-mart,Supermercado / Tienda de Autoservicio,Walmart Sucursal Unidad Plaza de Toros,Autopista Querétaro Celaya 5501. Int. del Centro Comercial Plaza Esfera. Col. el Jacal. Cp. 76187,Querétaro,Santiago de Querétaro,20.574076,-100.408704
Aceite,Botella 850 Ml. Vegetal,Ke Precio,Aceites y Grasas Veg. Comestibles,Pacic,28.7,2025/12/18,La Comer,Supermercado / Tienda de Autoservicio,Lacomer Sucursal Queretaro Estadio,Luis M. Vega y Monroy 1300. Esq.cimataRío . Col. CimataRío. Cp. 76090,Querétaro,Santiago de Querétaro,20.577804,-100.373626
Aceite,Botella 850 Ml. Vegetal,Ke Precio,Aceites y Grasas Veg. Comestibles,Pacic,28.7,2025/12/24,La Comer,Supermercado / Tienda de Autoservicio,Lacomer Sucursal Queretaro Estadio,Luis M. Vega y Monroy 1300. Esq.cimataRío . Col. CimataRío. Cp. 76090,Querétaro,Santiago de Querétaro,20.577804,-100.373626
Aceite,Botella 850 Ml. Vegetal,Precíssimo,Aceites y Grasas Veg. Comestibles,Basicos,26.5,2025/12/22,Hipermercado Soriana,Supermercado / Tienda de Autoservicio,Soriana Hiper Sucursal Cimatario,Ctra. a Huimilpan 1001. Int. del Centro Comercial Plaza del Sol. Col. Plazas del Sol. Iii Sección. Cp. 76099,Querétaro,Santiago de Querétaro,20.563227,-100.375284
Aceite,Botella 850 Ml. Vegetal,Precíssimo,Aceites y Grasas Veg. Comestibles,Basicos,29.5,2025/12/31,Hipermercado Soriana,Supermercado / Tienda de Autoservicio,Soriana Hiper Sucursal Cimatario,Ctra. a Huimilpan 1001. Int. del Centro Comercial Plaza del Sol. Col. Plazas del Sol. Iii Sección. Cp. 76099,Querétaro,Santiago de Querétaro,20.563227,-100.375284
Aceite,Botella 850 Ml. Vegetal,Precíssimo,Aceites y Grasas Veg. Comestibles,Pacic,26.5,2025/12/22,Hipermercado Soriana,Supermercado / Tienda de Autoservicio,Soriana Hiper Sucursal Cimatario,Ctra. a Huimilpan 1001. Int. del Centro Comercial Plaza del Sol. Col. Plazas del Sol. Iii Sección. Cp. 76099,Querétaro,Santiago de Querétaro,20.563227,-100.375284
Aceite,Botella 850 Ml. Vegetal,Precíssimo,Aceites y Grasas Veg. Comestibles,Pacic,29.5,2025/12/31,Hipermercado Soriana,Supermercado / Tienda de Autoservicio,Soriana Hiper Sucursal Cimatario,Ctra. a Huimilpan 1001. Int. del Centro Comercial Plaza del Sol. Col. Plazas del Sol. Iii Sección. Cp. 76099,Querétaro,Santiago de Querétaro,20.563227,-100.375284
Aceite,Botella 850 Ml. Vegetal. Sabor Mantequilla,Sabrosano,Aceites y Grasas Veg. Comestibles,Basicos,35.9,2025/12/19,Superissste,Supermercado / Tienda de Autoservicio,Superissste Sucursal 011,Calle Peluqueros No. 310 Esquina Calle Tizayuca. Col. Michoacána. Cp. 15240,Ciudad de México,Venustiano Carranza,19.446139,-99.113372
Aceite,Botella 850 Ml. Vegetal. Sabor Mantequilla,Sabrosano,Aceites y Grasas Veg. Comestibles,Basicos,35.9,2025/12/19,Superissste,Supermercado / Tienda de Autoservicio,Superissste Sucursal 022,Av. del Taller y Retorno No. 38 Dentro del Retorno 38. Col. Jardín Balbuena. Cp. 15900,Ciudad de México,Venustiano Carranza,19.412842,-99.105666
Aceite,Botella 850 Ml. Vegetal. Sabor Mantequilla,Sabrosano,Aceites y Grasas Veg. Comestibles,Basicos,35.9,2025/12/26,Superissste,Supermercado / Tienda de Autoservicio,Superissste Sucursal 011,Calle Peluqueros No. 310 Esquina Calle Tizayuca. Col. Michoacána. Cp. 15240,Ciudad de México,Venustiano Carranza,19.446139,-99.113372
Aceite,Botella 850 Ml. Vegetal. Sabor Mantequilla,Sabrosano,Aceites y Grasas Veg. Comestibles,Basicos,35.9,2025/12/26,Superissste,Supermercado / Tienda de Autoservicio,Superissste Sucursal 022,Av. del Taller y Retorno No. 38 Dentro del Retorno 38. Col. Jardín Balbuena. Cp. 15900,Ciudad de México,Venustiano Carranza,19.412842,-99.105666
Aceite,Botella 850 Ml. Vegetal. Sabor Mantequilla,Sabrosano,Aceites y Grasas Veg. Comestibles,Basicos,38,2025/12/18,Bodega Aurrera,Supermercado / Tienda de Autoservicio,Bodega Aurrera Sucursal la Viga,Calz. de la Viga 136 Esq. del Taller. Col. Lorenzo Boturini. Cp. 15820,Ciudad de México,Venustiano Carranza,19.414749,-99.127874
Aceite,Botella 850 Ml. Vegetal. Sabor Mantequilla,Sabrosano,Aceites y Grasas Veg. Comestibles,Basicos,38,2025/12/18,Chedraui,Supermercado / Tienda de Autoservicio,Chedraui Sucursal Anfora,Anfora 71. Esq. Eje 1 Norte. Col. Madero. Cp. 15320,Ciudad de México,Venustiano Carranza,19.437353,-99.110088
Aceite,Botella 850 Ml. Vegetal. Sabor Mantequilla,Sabrosano,Aceites y Grasas Veg. Comestibles,Basicos,38,2025/12/19,Bodega Aurrera,Supermercado / Tienda de Autoservicio,Bodega Aurrera Sucursal Centro Constituyentes,Constituyentes Oriente 334. Entre Pasteur y Manuel Ponce. Col. MercuRío. Cp. 76040,Querétaro,Santiago de Querétaro,20.586349,-100.382801
Aceite,Botella 850 Ml. Vegetal. Sabor Mantequilla,Sabrosano,Aceites y Grasas Veg. Comestibles,Basicos,39,2025/12/16,Wal-mart,Supermercado / Tienda de Autoservicio,Walmart Sucursal Unidad Plaza de Toros,Autopista Querétaro Celaya 5501. Int. del Centro Comercial Plaza Esfera. Col. el Jacal. Cp. 76187,Querétaro,Santiago de Querétaro,20.574076,-100.408704
Aceite,Botella 850 Ml. Vegetal. Sabor Mantequilla,Sabrosano,Aceites y Grasas Veg. Comestibles,Basicos,39,2025/12/17,Chedraui,Supermercado / Tienda de Autoservicio,Chedraui Sucursal Centro Sur,Blvd. Bernardo Quintana 502. Carr. con Direccion a Centro Civico. Col. Centro Sur. Cp. 76087,Querétaro,Santiago de Querétaro,20.569354,-100.358831
Aceite,Botella 850 Ml. Vegetal. Sabor Mantequilla,Sabrosano,Aceites y Grasas Veg. Comestibles,Basicos,39,2025/12/18,Wal-mart,Supermercado / Tienda de Autoservicio,Walmart Sucursal Aeropuerto,Calz. Ignacio Zaragoza 58. Esq. Blvd. Puerto Aereo. Col. Federal. Cp. 15700,Ciudad de México,Venustiano Carranza,19.41926,-99.094521
Aceite,Botella 850 Ml. Vegetal. Sabor Mantequilla,Sabrosano,Aceites y Grasas Veg. Comestibles,Basicos,39,2025/12/23,Wal-mart,Supermercado / Tienda de Autoservicio,Walmart Sucursal Unidad Plaza de Toros,Autopista Querétaro Celaya 5501. Int. del Centro Comercial Plaza Esfera. Col. el Jacal. Cp. 76187,Querétaro,Santiago de Querétaro,20.574076,-100.408704
Aceite,Botella 850 Ml. Vegetal. Sabor Mantequilla,Sabrosano,Aceites y Grasas Veg. Comestibles,Basicos,42.5,2025/12/22,Hipermercado Soriana,Supermercado / Tienda de Autoservicio,Soriana Hiper Sucursal Cimatario,Ctra. a Huimilpan 1001. Int. del Centro Comercial Plaza del Sol. Col. Plazas del Sol. Iii Sección. Cp. 76099,Querétaro,Santiago de Querétaro,20.563227,-100.375284
Aceite,Botella 850 Ml. Vegetal. Sabor Mantequilla,Sabrosano,Aceites y Grasas Veg. Comestibles,Basicos,43.2,2025/12/31,Hipermercado Soriana,Supermercado / Tienda de Autoservicio,Soriana Hiper Sucursal Cimatario,Ctra. a Huimilpan 1001. Int. del Centro Comercial Plaza del Sol. Col. Plazas del Sol. Iii Sección. Cp. 76099,Querétaro,Santiago de Querétaro,20.563227,-100.375284
Aceite,Botella 875 Ml. Soya,Imperial,Aceites y Grasas Veg. Comestibles,Pacic,34.5,2025/12/18,Chedraui,Supermercado / Tienda de Autoservicio,Chedraui Sucursal Anfora,Anfora 71. Esq. Eje 1 Norte. Col. Madero. Cp. 15320,Ciudad de México,Venustiano Carranza,19.437353,-99.110088
Aceite,Botella 946 Ml. Canola,Canoil,Aceites y Grasas Veg. Comestibles,Basicos,35,2025/12/19,Bodega Aurrera,Supermercado / Tienda de Autoservicio,Bodega Aurrera Sucursal Centro Constituyentes,Constituyentes Oriente 334. Entre Pasteur y Manuel Ponce. Col. MercuRío. Cp. 76040,Querétaro,Santiago de Querétaro,20.586349,-100.382801
Aceite,Botella 946 Ml. Canola,Canoil,Aceites y Grasas Veg. Comestibles,Basicos,37,2025/12/23,Wal-mart,Supermercado / Tienda de Autoservicio,Walmart Sucursal Unidad Plaza de Toros,Autopista Querétaro Celaya 5501. Int. del Centro Comercial Plaza Esfera. Col. el Jacal. Cp. 76187,Querétaro,Santiago de Querétaro,20.574076,-100.408704
Aceite,Botella 946 Ml. Canola,Canoil,Aceites y Grasas Veg. Comestibles,Basicos,47.5,2025/12/16,Oxxo,Tienda de Conveniencia,Oxxo Sucursal Corregidora 50 Cr,Circuito Moises Solana No. 128. Esq. Gertrudis Bocanegra. Col. Burocratas. Cp. 76070,Querétaro,Santiago de Querétaro,20.57462,-100.384232
Aceite,Botella 946 Ml. Canola,Canoil,Aceites y Grasas Veg. Comestibles,Pacic,35,2025/12/19,Bodega Aurrera,Supermercado / Tienda de Autoservicio,Bodega Aurrera Sucursal Centro Constituyentes,Constituyentes Oriente 334. Entre Pasteur y Manuel Ponce. Col. MercuRío. Cp. 76040,Querétaro,Santiago de Querétaro,20.586349,-100.382801
Aceite,Botella 946 Ml. Canola,Canoil,Aceites y Grasas Veg. Comestibles,Pacic,35,2025/12/23,Bodega Aurrera,Supermercado / Tienda de Autoservicio,Bodega Aurrera Sucursal Centro Constituyentes,Constituyentes Oriente 334. Entre Pasteur y Manuel Ponce. Col. MercuRío. Cp. 76040,Querétaro,Santiago de Querétaro,20.586349,-100.382801
Aceite,Botella 946 Ml. Canola,Canoil,Aceites y Grasas Veg. Comestibles,Pacic,37,2025/12/17,Wal-mart,Supermercado / Tienda de Autoservicio,Walmart Sucursal Unidad Plaza de Toros,Autopista Querétaro Celaya 5501. Int. del Centro Comercial Plaza Esfera. Col. el Jacal. Cp. 76187,Querétaro,Santiago de Querétaro,20.574076,-100.408704
Aceite,Botella 946 Ml. Canola,Canoil,Aceites y Grasas Veg. Comestibles,Pacic,37,2025/12/23,Wal-mart,Supermercado / Tienda de Autoservicio,Walmart Sucursal Unidad Plaza de Toros,Autopista Querétaro Celaya 5501. Int. del Centro Comercial Plaza Esfera. Col. el Jacal. Cp. 76187,Querétaro,Santiago de Querétaro,20.574076,-100.408704
Aceite,Botella 946 Ml. Soya,Great Value,Aceites y Grasas Veg. Comestibles,Basicos,35,2025/12/19,Bodega Aurrera,Supermercado / Tienda de Autoservicio,Bodega Aurrera Sucursal Centro Constituyentes,Constituyentes Oriente 334. Entre Pasteur y Manuel Ponce. Col. MercuRío. Cp. 76040,Querétaro,Santiago de Querétaro,20.586349,-100.382801
Aceite,Botella 946 Ml. Soya,Great Value,Aceites y Grasas Veg. Comestibles,Basicos,37,2025/12/18,Bodega Aurrera,Supermercado / Tienda de Autoservicio,Bodega Aurrera Sucursal la Viga,Calz. de la Viga 136 Esq. del Taller. Col. Lorenzo Boturini. Cp. 15820,Ciudad de México,Venustiano Carranza,19.414749,-99.127874
Aceite,Botella 946 Ml. Soya,Great Value,Aceites y Grasas Veg. Comestibles,Basicos,38,2025/12/16,Wal-mart,Supermercado / Tienda de Autoservicio,Walmart Sucursal Unidad Plaza de Toros,Autopista Querétaro Celaya 5501. Int. del Centro Comercial Plaza Esfera. Col. el Jacal. Cp. 76187,Querétaro,Santiago de Querétaro,20.574076,-100.408704
Aceite,Botella 946 Ml. Soya,Great Value,Aceites y Grasas Veg. Comestibles,Basicos,38,2025/12/18,Wal-mart,Supermercado / Tienda de Autoservicio,Walmart Sucursal Aeropuerto,Calz. Ignacio Zaragoza 58. Esq. Blvd. Puerto Aereo. Col. Federal. Cp. 15700,Ciudad de México,Venustiano Carranza,19.41926,-99.094521
Aceite,Botella 946 Ml. Soya,Great Value,Aceites y Grasas Veg. Comestibles,Basicos,38,2025/12/18,Wal-mart,Supermercado / Tienda de Autoservicio,Walmart Sucursal Balbuena,Fray Servando Teresa de Mier 881. Entre Fernando Iglesia Calderon y Genaro Garcia. Col. Jardín Balbuena. Cp. 15900,Ciudad de México,Venustiano Carranza,19.418067,-99.105639
Aceite,Botella 946 Ml. Soya,Great Value,Aceites y Grasas Veg. Comestibles,Basicos,38,2025/12/23,Wal-mart,Supermercado / Tienda de Autoservicio,Walmart Sucursal Unidad Plaza de Toros,Autopista Querétaro Celaya 5501. Int. del Centro Comercial Plaza Esfera. Col. el Jacal. Cp. 76187,Querétaro,Santiago de Querétaro,20.574076,-100.408704
Aceite,Botella 946 Ml. Soya,Great Value,Aceites y Grasas Veg. Comestibles,Pacic,37,2025/12/18,Bodega Aurrera,Supermercado / Tienda de Autoservicio,Bodega Aurrera Sucursal la Viga,Calz. de la Viga 136 Esq. del Taller. Col. Lorenzo Boturini. Cp. 15820,Ciudad de México,Venustiano Carranza,19.414749,-99.127874
Aceite,Botella 946 Ml. Soya,Great Value,Aceites y Grasas Veg. Comestibles,Pacic,37,2025/12/19,Bodega Aurrera,Supermercado / Tienda de Autoservicio,Bodega Aurrera Sucursal Centro Constituyentes,Constituyentes Oriente 334. Entre Pasteur y Manuel Ponce. Col. MercuRío. Cp. 76040,Querétaro,Santiago de Querétaro,20.586349,-100.382801
Aceite,Botella 946 Ml. Soya,Great Value,Aceites y Grasas Veg. Comestibles,Pacic,37,2025/12/23,Bodega Aurrera,Supermercado / Tienda de Autoservicio,Bodega Aurrera Sucursal Centro Constituyentes,Constituyentes Oriente 334. Entre Pasteur y Manuel Ponce. Col. MercuRío. Cp. 76040,Querétaro,Santiago de Querétaro,20.586349,-100.382801
Aceite,Botella 946 Ml. Soya,Great Value,Aceites y Grasas Veg. Comestibles,Pacic,38,2025/12/17,Wal-mart,Supermercado / Tienda de Autoservicio,Walmart Sucursal Unidad Plaza de Toros,Autopista Querétaro Celaya 5501. Int. del Centro Comercial Plaza Esfera. Col. el Jacal. Cp. 76187,Querétaro,Santiago de Querétaro,20.574076,-100.408704
Aceite,Botella 946 Ml. Soya,Great Value,Aceites y Grasas Veg. Comestibles,Pacic,38,2025/12/18,Wal-mart,Supermercado / Tienda de Autoservicio,Walmart Sucursal Aeropuerto,Calz. Ignacio Zaragoza 58. Esq. Blvd. Puerto Aereo. Col. Federal. Cp. 15700,Ciudad de México,Venustiano Carranza,19.41926,-99.094521
Aceite,Botella 946 Ml. Soya,Great Value,Aceites y Grasas Veg. Comestibles,Pacic,38,2025/12/18,Wal-mart,Supermercado / Tienda de Autoservicio,Walmart Sucursal Balbuena,Fray Servando Teresa de Mier 881. Entre Fernando Iglesia Calderon y Genaro Garcia. Col. Jardín Balbuena. Cp. 15900,Ciudad de México,Venustiano Carranza,19.418067,-99.105639
Aceite,Botella 946 Ml. Soya,Great Value,Aceites y Grasas Veg. Comestibles,Pacic,38,2025/12/23,Wal-mart,Supermercado / Tienda de Autoservicio,Walmart Sucursal Balbuena,Fray Servando Teresa de Mier 881. Entre Fernando Iglesia Calderon y Genaro Garcia. Col. Jardín Balbuena. Cp. 15900,Ciudad de México,Venustiano Carranza,19.418067,-99.105639
Aceite,Botella 946 Ml. Soya,Great Value,Aceites y Grasas Veg. Comestibles,Pacic,38,2025/12/23,Wal-mart,Supermercado / Tienda de Autoservicio,Walmart Sucursal Unidad Plaza de Toros,Autopista Querétaro Celaya 5501. Int. del Centro Comercial Plaza Esfera. Col. el Jacal. Cp. 76187,Querétaro,Santiago de Querétaro,20.574076,-100.408704
Aceite,Botella 946 Ml. Soya,Nutrioli,Aceites y Grasas Veg. Comestibles,Basicos,42,2025/12/16,Wal-mart,Supermercado / Tienda de Autoservicio,Walmart Sucursal Unidad Plaza de Toros,Autopista Querétaro Celaya 5501. Int. del Centro Comercial Plaza Esfera. Col. el Jacal. Cp. 76187,Querétaro,Santiago de Querétaro,20.574076,-100.408704
Aceite,Botella 946 Ml. Soya,Nutrioli,Aceites y Grasas Veg. Comestibles,Basicos,42,2025/12/18,Wal-mart,Supermercado / Tienda de Autoservicio,Walmart Sucursal Balbuena,Fray Servando Teresa de Mier 881. Entre Fernando Iglesia Calderon y Genaro Garcia. Col. Jardín Balbuena. Cp. 15900,Ciudad de México,Venustiano Carranza,19.418067,-99.105639
Aceite,Botella 946 Ml. Soya,Nutrioli,Aceites y Grasas Veg. Comestibles,Basicos,42,2025/12/19,Bodega Aurrera,Supermercado / Tienda de Autoservicio,Bodega Aurrera Sucursal Centro Constituyentes,Constituyentes Oriente 334. Entre Pasteur y Manuel Ponce. Col. MercuRío. Cp. 76040,Querétaro,Santiago de Querétaro,20.586349,-100.382801
Aceite,Botella 946 Ml. Soya,Nutrioli,Aceites y Grasas Veg. Comestibles,Basicos,42,2025/12/23,Wal-mart,Supermercado / Tienda de Autoservicio,Walmart Sucursal Unidad Plaza de Toros,Autopista Querétaro Celaya 5501. Int. del Centro Comercial Plaza Esfera. Col. el Jacal. Cp. 76187,Querétaro,Santiago de Querétaro,20.574076,-100.408704
Aceite,Botella 946 Ml. Soya,Nutrioli,Aceites y Grasas Veg. Comestibles,Basicos,43,2025/12/18,Bodega Aurrera,Supermercado / Tienda de Autoservicio,Bodega Aurrera Sucursal la Viga,Calz. de la Viga 136 Esq. del Taller. Col. Lorenzo Boturini. Cp. 15820,Ciudad de México,Venustiano Carranza,19.414749,-99.127874
Aceite,Botella 946 Ml. Soya,Nutrioli,Aceites y Grasas Veg. Comestibles,Basicos,43.9,2025/12/31,Hipermercado Soriana,Supermercado / Tienda de Autoservicio,Soriana Hiper Sucursal Cimatario,Ctra. a Huimilpan 1001. Int. del Centro Comercial Plaza del Sol. Col. Plazas del Sol. Iii Sección. Cp. 76099,Querétaro,Santiago de Querétaro,20.563227,-100.375284
Aceite,Botella 946 Ml. Soya,Nutrioli,Aceites y Grasas Veg. Comestibles,Basicos,44,2025/12/18,Wal-mart,Supermercado / Tienda de Autoservicio,Walmart Sucursal Aeropuerto,Calz. Ignacio Zaragoza 58. Esq. Blvd. Puerto Aereo. Col. Federal. Cp. 15700,Ciudad de México,Venustiano Carranza,19.41926,-99.094521
Aceite de Oliva,Lata 946 Ml.,Ybarra,Productos de Temporada (navideños),Navideños,250,2025/12/18,Wal-mart,Supermercado / Tienda de Autoservicio,Walmart Sucursal Aeropuerto,Calz. Ignacio Zaragoza 58. Esq. Blvd. Puerto Aereo. Col. Federal. Cp. 15700,Ciudad de México,Venustiano Carranza,19.41926,-99.094521
Aceituna,Bolsa 180 Gr. Verde. Manzanilla. Fina. Sin Hueso,Jolca,Productos de Temporada (navideños),Navideños,15,2025/12/18,Wal-mart,Supermercado / Tienda de Autoservicio,Walmart Sucursal Aeropuerto,Calz. Ignacio Zaragoza 58. Esq. Blvd. Puerto Aereo. Col. Federal. Cp. 15700,Ciudad de México,Venustiano Carranza,19.41926,-99.094521
Aceituna,Lata 300 Gr. (lata Verde). Rellenas de Anchoa,Serpis,Productos de Temporada (navideños),Navideños,52,2025/12/17,Chedraui,Supermercado / Tienda de Autoservicio,Chedraui Sucursal Centro Sur,Blvd. Bernardo Quintana 502. Carr. con Direccion a Centro Civico. Col. Centro Sur. Cp. 76087,Querétaro,Santiago de Querétaro,20.569354,-100.358831
Aceituna,Lata 300 Gr. Manzanilla. Relleno Anchoa,Jolca,Productos de Temporada (navideños),Navideños,65,2025/12/16,Liverpool,Tiendas Departamentales,Liverpool Sucursal Queretaro,5 de Febrero 99. Plaza Galerías. Carr. Libre a Celaya. Col. Virreyes. Cp. 76000,Querétaro,Santiago de Querétaro,20.578334,-100.404099
Agrifen,Caja con 10 Tabletas,S/M,Medicamentos,Medicamentos,27,2025/12/24,Bodega Aurrera,Supermercado / Tienda de Autoservicio,Bodega Aurrera Sucursal Centro Constituyentes,Constituyentes Oriente 334. Entre Pasteur y Manuel Ponce. Col. MercuRío. Cp. 76040,Querétaro,Santiago de Querétaro,20.586349,-100.382801
Agrifen,Caja con 10 Tabletas,S/M,Medicamentos,Medicamentos,38,2025/12/23,Farmacias del Ahorro,Farmacias,Farmacias del Ahorro Sucursal Queretaro,Constituyentes Pte. 46. Entre Fernando de Tapia y Melchor Ocampo. Col. Centro. Cp. 76000,Querétaro,Santiago de Querétaro,20.584013,-100.394346
Agua Oxigenada,Botella 230 Ml.,Protect,Medicamentos,Medicamentos,17,2025/12/17,Wal-mart,Supermercado / Tienda de Autoservicio,Walmart Sucursal Unidad Plaza de Toros,Autopista Querétaro Celaya 5501. Int. del Centro Comercial Plaza Esfera. Col. el Jacal. Cp. 76187,Querétaro,Santiago de Querétaro,20.574076,-100.408704
Agua Oxigenada,Botella 420 Ml.,Zuum,Medicamentos,Medicamentos,28.5,2025/12/23,Hipermercado Soriana,Supermercado / Tienda de Autoservicio,Soriana Hiper Sucursal Cimatario,Ctra. a Huimilpan 1001. Int. del Centro Comercial Plaza del Sol. Col. Plazas del Sol. Iii Sección. Cp. 76099,Querétaro,Santiago de Querétaro,20.563227,-100.375284
Agua Oxigenada,Botella 480 Ml.,Vitascom,Medicamentos,Medicamentos,22.9,2025/12/31,Hipermercado Soriana,Supermercado / Tienda de Autoservicio,Soriana Hiper Sucursal Cimatario,Ctra. a Huimilpan 1001. Int. del Centro Comercial Plaza del Sol. Col. Plazas del Sol. Iii Sección. Cp. 76099,Querétaro,Santiago de Querétaro,20.563227,-100.375284
Agua Sin Gas,Botella 600 Ml.,Ciel,Refrescos Envasados,Basicos,9,2025/12/19,Superissste,Supermercado / Tienda de Autoservicio,Superissste Sucursal 011,Calle Peluqueros No. 310 Esquina Calle Tizayuca. Col. Michoacána. Cp. 15240,Ciudad de México,Venustiano Carranza,19.446139,-99.113372
Agua Sin Gas,Garrafón 20 Lt. (sólo Líquido),Epura,Refrescos Envasados,Basicos,54.5,2025/12/26,Superissste,Supermercado / Tienda de Autoservicio,Superissste Sucursal 011,Calle Peluqueros No. 310 Esquina Calle Tizayuca. Col. Michoacána. Cp. 15240,Ciudad de México,Venustiano Carranza,19.446139,-99.113372
Alcachofa,1 Kg. Granel,S/M,Hortalizas Frescas,Frutas y Legumbres,189.9,2025/12/22,Chedraui,Supermercado / Tienda de Autoservicio,Chedraui Sucursal Centro Sur,Blvd. Bernardo Quintana 502. Carr. con Direccion a Centro Civico. Col. Centro Sur. Cp. 76087,Querétaro,Santiago de Querétaro,20.569354,-100.358831
Alcohol,Botella 500 Ml. Etílico Desnaturalizado. 70°,S/M,Medicamentos,Medicamentos,43.9,2025/12/23,Hipermercado Soriana,Supermercado / Tienda de Autoservicio,Soriana Hiper Sucursal Cimatario,Ctra. a Huimilpan 1001. Int. del Centro Comercial Plaza del Sol. Col. Plazas del Sol. Iii Sección. Cp. 76099,Querétaro,Santiago de Querétaro,20.563227,-100.375284
Alcohol,Botella 500 Ml. Etílico Desnaturalizado. 70°,S/M,Medicamentos,Medicamentos,49,2025/12/17,Wal-mart,Supermercado / Tienda de Autoservicio,Walmart Sucursal Unidad Plaza de Toros,Autopista Querétaro Celaya 5501. Int. del Centro Comercial Plaza Esfera. Col. el Jacal. Cp. 76187,Querétaro,Santiago de Querétaro,20.574076,-100.408704
Alcohol,Botella 500 Ml. Etílico Desnaturalizado. 70°,S/M,Medicamentos,Medicamentos,65,2025/12/23,Farmacias del Ahorro,Farmacias,Farmacias del Ahorro Sucursal Queretaro,Constituyentes Pte. 46. Entre Fernando de Tapia y Melchor Ocampo. Col. Centro. Cp. 76000,Querétaro,Santiago de Querétaro,20.584013,-100.394346
Algodón,Bolsa 200 Gr. Absorbente. Plisado,S/M,Medicamentos,Medicamentos,103,2025/12/24,Sanborn S Hnos.,Farmacias,Sanborns Sucursal los Arquitos,Constituyentes Oriente 172. Esq. de los Arquitos. Col. los Arquitos. Cp. 76050,Querétaro,Santiago de Querétaro,20.588117,-100.36869
Algodón,Bolsa 200 Gr. Absorbente. Plisado,S/M,Medicamentos,Medicamentos,98,2025/12/18,Benavides,Farmacias,Farmacia Benavides Sucursal Isla de Montecristo,Av. del Parque 401. Esq. Calle Isla de Montecristo. Col. Lindavista. Cp. 76070,Querétaro,Santiago de Querétaro,20.568451,-100.380021
Algodón,Bolsa 200 Gr. Absorbente. Plisado,Zuum,Medicamentos,Medicamentos,77,2025/12/31,Sanborn S Hnos.,Farmacias,Sanborns Sucursal los Arquitos,Constituyentes Oriente 172. Esq. de los Arquitos. Col. los Arquitos. Cp. 76050,Querétaro,Santiago de Querétaro,20.588117,-100.36869
Almendras,Sobre 75 Gr.,Verde Valle,Productos de Temporada (navideños),Basicos,27.5,2025/12/19,Superissste,Supermercado / Tienda de Autoservicio,Superissste Sucursal 011,Calle Peluqueros No. 310 Esquina Calle Tizayuca. Col. Michoacána. Cp. 15240,Ciudad de México,Venustiano Carranza,19.446139,-99.113372
Alopurinol,Caja con 20 Tabletas de 300 Mg.,S/M,Medicamentos,Medicamentos,119,2025/12/18,Benavides,Farmacias,Farmacia Benavides Sucursal Isla de Montecristo,Av. del Parque 401. Esq. Calle Isla de Montecristo. Col. Lindavista. Cp. 76070,Querétaro,Santiago de Querétaro,20.568451,-100.380021
Alopurinol,Caja con 30 Tabletas de 300 Mg.,S/M,Medicamentos,Medicamentos,49,2025/12/31,Sanborn S Hnos.,Farmacias,Sanborns Sucursal los Arquitos,Constituyentes Oriente 172. Esq. de los Arquitos. Col. los Arquitos. Cp. 76050,Querétaro,Santiago de Querétaro,20.588117,-100.36869
Altruline,Caja con 28 Tabletas de 50 Mg.,S/M,Medicamentos,Medicamentos,1846,2025/12/16,Farmacias del Ahorro,Farmacias,Farmacias del Ahorro Sucursal Queretaro,Constituyentes Pte. 46. Entre Fernando de Tapia y Melchor Ocampo. Col. Centro. Cp. 76000,Querétaro,Santiago de Querétaro,20.584013,-100.394346
Ambroxol Dextrometorfano,Frasco con 150 Ml. Jarabe Infantil,S/M,Medicamentos,Medicamentos,58,2025/12/31,Hipermercado Soriana,Supermercado / Tienda de Autoservicio,Soriana Hiper Sucursal Cimatario,Ctra. a Huimilpan 1001. Int. del Centro Comercial Plaza del Sol. Col. Plazas del Sol. Iii Sección. Cp. 76099,Querétaro,Santiago de Querétaro,20.563227,-100.375284
Ambroxol Dextrometorfano,Frasco con 150 Ml. Jarabe Infantil,S/M,Medicamentos,Medicamentos,69,2025/12/19,Bodega Aurrera,Supermercado / Tienda de Autoservicio,Bodega Aurrera Sucursal Centro Constituyentes,Constituyentes Oriente 334. Entre Pasteur y Manuel Ponce. Col. MercuRío. Cp. 76040,Querétaro,Santiago de Querétaro,20.586349,-100.382801
Ambroxol Salbutamol,Frasco con 120 Ml. Solución 0.040 G./0.150 G./100 Ml.,S/M,Medicamentos,Medicamentos,69,2025/12/16,Farmacias del Ahorro,Farmacias,Farmacias del Ahorro Sucursal Queretaro,Constituyentes Pte. 46. Entre Fernando de Tapia y Melchor Ocampo. Col. Centro. Cp. 76000,Querétaro,Santiago de Querétaro,20.584013,-100.394346
Amoxicilina,Caja con 12 Cápsulas de 500 Mg.,S/M,Medicamentos,Medicamentos,68,2025/12/19,Bodega Aurrera,Supermercado / Tienda de Autoservicio,Bodega Aurrera Sucursal Centro Constituyentes,Constituyentes Oriente 334. Entre Pasteur y Manuel Ponce. Col. MercuRío. Cp. 76040,Querétaro,Santiago de Querétaro,20.586349,-100.382801
Amoxicilina,Caja con 12 Cápsulas de 500 Mg.,S/M,Medicamentos,Medicamentos,75,2025/12/18,La Comer,Supermercado / Tienda de Autoservicio,Lacomer Sucursal Queretaro Estadio,Luis M. Vega y Monroy 1300. Esq.cimataRío . Col. CimataRío. Cp. 76090,Querétaro,Santiago de Querétaro,20.577804,-100.373626
Amoxicilina,Caja con 12 Cápsulas de 500 Mg.,S/M,Medicamentos,Medicamentos,96,2025/12/18,Benavides,Farmacias,Farmacia Benavides Sucursal Isla de Montecristo,Av. del Parque 401. Esq. Calle Isla de Montecristo. Col. Lindavista. Cp. 76070,Querétaro,Santiago de Querétaro,20.568451,-100.380021
Apio,1 Kg. Granel,S/M,Hortalizas Frescas,Frutas y Legumbres,34.6,2025/12/17,Chedraui,Supermercado / Tienda de Autoservicio,Chedraui Sucursal Centro Sur,Blvd. Bernardo Quintana 502. Carr. con Direccion a Centro Civico. Col. Centro Sur. Cp. 76087,Querétaro,Santiago de Querétaro,20.569354,-100.358831
Arroz,Bolsa 1 Kg. Super Extra,Verde Valle,Arroz y Cereales Preparados,Basicos,32,2025/12/19,Bodega Aurrera,Supermercado / Tienda de Autoservicio,Bodega Aurrera Sucursal Centro Constituyentes,Constituyentes Oriente 334. Entre Pasteur y Manuel Ponce. Col. MercuRío. Cp. 76040,Querétaro,Santiago de Querétaro,20.586349,-100.382801
Arroz,Bolsa 1 Kg. Super Extra,Verde Valle,Arroz y Cereales Preparados,Basicos,32,2025/12/23,Bodega Aurrera,Supermercado / Tienda de Autoservicio,Bodega Aurrera Sucursal Centro Constituyentes,Constituyentes Oriente 334. Entre Pasteur y Manuel Ponce. Col. MercuRío. Cp. 76040,Querétaro,Santiago de Querétaro,20.586349,-100.382801
Arroz,Bolsa 1 Kg. Super Extra,Verde Valle,Arroz y Cereales Preparados,Basicos,36.5,2025/12/19,Superissste,Supermercado / Tienda de Autoservicio,Superissste Sucursal 011,Calle Peluqueros No. 310 Esquina Calle Tizayuca. Col. Michoacána. Cp. 15240,Ciudad de México,Venustiano Carranza,19.446139,-99.113372
Arroz,Bolsa 1 Kg. Super Extra,Verde Valle,Arroz y Cereales Preparados,Basicos,36.5,2025/12/19,Superissste,Supermercado / Tienda de Autoservicio,Superissste Sucursal 022,Av. del Taller y Retorno No. 38 Dentro del Retorno 38. Col. Jardín Balbuena. Cp. 15900,Ciudad de México,Venustiano Carranza,19.412842,-99.105666
Arroz,Bolsa 1 Kg. Super Extra,Verde Valle,Arroz y Cereales Preparados,Basicos,36.5,2025/12/26,Superissste,Supermercado / Tienda de Autoservicio,Superissste Sucursal 011,Calle Peluqueros No. 310 Esquina Calle Tizayuca. Col. Michoacána. Cp. 15240,Ciudad de México,Venustiano Carranza,19.446139,-99.113372
Arroz,Bolsa 1 Kg. Super Extra,Verde Valle,Arroz y Cereales Preparados,Basicos,36.5,2025/12/26,Superissste,Supermercado / Tienda de Autoservicio,Superissste Sucursal 022,Av. del Taller y Retorno No. 38 Dentro del Retorno 38. Col. Jardín Balbuena. Cp. 15900,Ciudad de México,Venustiano Carranza,19.412842,-99.105666
Arroz,Bolsa 1 Kg. Super Extra,Verde Valle,Arroz y Cereales Preparados,Basicos,37,2025/12/18,Bodega Aurrera,Supermercado / Tienda de Autoservicio,Bodega Aurrera Sucursal la Viga,Calz. de la Viga 136 Esq. del Taller. Col. Lorenzo Boturini. Cp. 15820,Ciudad de México,Venustiano Carranza,19.414749,-99.127874
Arroz,Bolsa 1 Kg. Super Extra,Verde Valle,Arroz y Cereales Preparados,Basicos,37,2025/12/18,Wal-mart,Supermercado / Tienda de Autoservicio,Walmart Sucursal Aeropuerto,Calz. Ignacio Zaragoza 58. Esq. Blvd. Puerto Aereo. Col. Federal. Cp. 15700,Ciudad de México,Venustiano Carranza,19.41926,-99.094521
Arroz,Bolsa 1 Kg. Super Extra,Verde Valle,Arroz y Cereales Preparados,Basicos,37,2025/12/18,Wal-mart,Supermercado / Tienda de Autoservicio,Walmart Sucursal Balbuena,Fray Servando Teresa de Mier 881. Entre Fernando Iglesia Calderon y Genaro Garcia. Col. Jardín Balbuena. Cp. 15900,Ciudad de México,Venustiano Carranza,19.418067,-99.105639
Arroz,Bolsa 1 Kg. Super Extra,Verde Valle,Arroz y Cereales Preparados,Basicos,37,2025/12/23,Wal-mart,Supermercado / Tienda de Autoservicio,Walmart Sucursal Unidad Plaza de Toros,Autopista Querétaro Celaya 5501. Int. del Centro Comercial Plaza Esfera. Col. el Jacal. Cp. 76187,Querétaro,Santiago de Querétaro,20.574076,-100.408704
Arroz,Bolsa 1 Kg. Super Extra. Integral,Sos,Arroz y Cereales Preparados,Basicos,33,2025/12/23,Wal-mart,Supermercado / Tienda de Autoservicio,Walmart Sucursal Unidad Plaza de Toros,Autopista Querétaro Celaya 5501. Int. del Centro Comercial Plaza Esfera. Col. el Jacal. Cp. 76187,Querétaro,Santiago de Querétaro,20.574076,-100.408704
Arroz,Bolsa 750 Gr. Integral,La Merced,Arroz y Cereales Preparados,Basicos,28.5,2025/12/18,Wal-mart,Supermercado / Tienda de Autoservicio,Walmart Sucursal Aeropuerto,Calz. Ignacio Zaragoza 58. Esq. Blvd. Puerto Aereo. Col. Federal. Cp. 15700,Ciudad de México,Venustiano Carranza,19.41926,-99.094521
Arroz,Bolsa 750 Gr. Integral,La Merced,Arroz y Cereales Preparados,Basicos,28.5,2025/12/19,Bodega Aurrera,Supermercado / Tienda de Autoservicio,Bodega Aurrera Sucursal Centro Constituyentes,Constituyentes Oriente 334. Entre Pasteur y Manuel Ponce. Col. MercuRío. Cp. 76040,Querétaro,Santiago de Querétaro,20.586349,-100.382801
Arroz,Bolsa 750 Gr. Integral,La Merced,Arroz y Cereales Preparados,Basicos,28.5,2025/12/23,Wal-mart,Supermercado / Tienda de Autoservicio,Walmart Sucursal Unidad Plaza de Toros,Autopista Querétaro Celaya 5501. Int. del Centro Comercial Plaza Esfera. Col. el Jacal. Cp. 76187,Querétaro,Santiago de Querétaro,20.574076,-100.408704
Arroz,Bolsa 900 Gr. Extra,Aurrera,Arroz y Cereales Preparados,Pacic,15,2025/12/17,Wal-mart,Supermercado / Tienda de Autoservicio,Walmart Sucursal Unidad Plaza de Toros,Autopista Querétaro Celaya 5501. Int. del Centro Comercial Plaza Esfera. Col. el Jacal. Cp. 76187,Querétaro,Santiago de Querétaro,20.574076,-100.408704
Arroz,Bolsa 900 Gr. Extra,Aurrera,Arroz y Cereales Preparados,Pacic,15,2025/12/18,Bodega Aurrera,Supermercado / Tienda de Autoservicio,Bodega Aurrera Sucursal la Viga,Calz. de la Viga 136 Esq. del Taller. Col. Lorenzo Boturini. Cp. 15820,Ciudad de México,Venustiano Carranza,19.414749,-99.127874
Arroz,Bolsa 900 Gr. Extra,Aurrera,Arroz y Cereales Preparados,Pacic,15,2025/12/18,Wal-mart,Supermercado / Tienda de Autoservicio,Walmart Sucursal Aeropuerto,Calz. Ignacio Zaragoza 58. Esq. Blvd. Puerto Aereo. Col. Federal. Cp. 15700,Ciudad de México,Venustiano Carranza,19.41926,-99.094521
Arroz,Bolsa 900 Gr. Extra,Aurrera,Arroz y Cereales Preparados,Pacic,15,2025/12/18,Wal-mart,Supermercado / Tienda de Autoservicio,Walmart Sucursal Balbuena,Fray Servando Teresa de Mier 881. Entre Fernando Iglesia Calderon y Genaro Garcia. Col. Jardín Balbuena. Cp. 15900,Ciudad de México,Venustiano Carranza,19.418067,-99.105639
Arroz,Bolsa 900 Gr. Extra,Aurrera,Arroz y Cereales Preparados,Pacic,15,2025/12/19,Bodega Aurrera,Supermercado / Tienda de Autoservicio,Bodega Aurrera Sucursal Centro Constituyentes,Constituyentes Oriente 334. Entre Pasteur y Manuel Ponce. Col. MercuRío. Cp. 76040,Querétaro,Santiago de Querétaro,20.586349,-100.382801
Arroz,Bolsa 900 Gr. Extra,Aurrera,Arroz y Cereales Preparados,Pacic,15,2025/12/23,Bodega Aurrera,Supermercado / Tienda de Autoservicio,Bodega Aurrera Sucursal Centro Constituyentes,Constituyentes Oriente 334. Entre Pasteur y Manuel Ponce. Col. MercuRío. Cp. 76040,Querétaro,Santiago de Querétaro,20.586349,-100.382801
Arroz,Bolsa 900 Gr. Extra,Aurrera,Arroz y Cereales Preparados,Pacic,15,2025/12/23,Wal-mart,Supermercado / Tienda de Autoservicio,Walmart Sucursal Balbuena,Fray Servando Teresa de Mier 881. Entre Fernando Iglesia Calderon y Genaro Garcia. Col. Jardín Balbuena. Cp. 15900,Ciudad de México,Venustiano Carranza,19.418067,-99.105639
Arroz,Bolsa 900 Gr. Extra,Aurrera,Arroz y Cereales Preparados,Pacic,15,2025/12/23,Wal-mart,Supermercado / Tienda de Autoservicio,Walmart Sucursal Unidad Plaza de Toros,Autopista Querétaro Celaya 5501. Int. del Centro Comercial Plaza Esfera. Col. el Jacal. Cp. 76187,Querétaro,Santiago de Querétaro,20.574076,-100.408704
Arroz,Bolsa 900 Gr. Extra. Grano Largo,Precíssimo,Arroz y Cereales Preparados,Basicos,15.9,2025/12/31,Hipermercado Soriana,Supermercado / Tienda de Autoservicio,Soriana Hiper Sucursal Cimatario,Ctra. a Huimilpan 1001. Int. del Centro Comercial Plaza del Sol. Col. Plazas del Sol. Iii Sección. Cp. 76099,Querétaro,Santiago de Querétaro,20.563227,-100.375284
Arroz,Bolsa 900 Gr. Extra. Grano Largo,Precíssimo,Arroz y Cereales Preparados,Basicos,16.9,2025/12/22,Hipermercado Soriana,Supermercado / Tienda de Autoservicio,Soriana Hiper Sucursal Cimatario,Ctra. a Huimilpan 1001. Int. del Centro Comercial Plaza del Sol. Col. Plazas del Sol. Iii Sección. Cp. 76099,Querétaro,Santiago de Querétaro,20.563227,-100.375284
Arroz,Bolsa 900 Gr. Extra. Grano Largo,Precíssimo,Arroz y Cereales Preparados,Pacic,15.9,2025/12/31,Hipermercado Soriana,Supermercado / Tienda de Autoservicio,Soriana Hiper Sucursal Cimatario,Ctra. a Huimilpan 1001. Int. del Centro Comercial Plaza del Sol. Col. Plazas del Sol. Iii Sección. Cp. 76099,Querétaro,Santiago de Querétaro,20.563227,-100.375284
Arroz,Bolsa 900 Gr. Extra. Grano Largo,Precíssimo,Arroz y Cereales Preparados,Pacic,16.9,2025/12/22,Hipermercado Soriana,Supermercado / Tienda de Autoservicio,Soriana Hiper Sucursal Cimatario,Ctra. a Huimilpan 1001. Int. del Centro Comercial Plaza del Sol. Col. Plazas del Sol. Iii Sección. Cp. 76099,Querétaro,Santiago de Querétaro,20.563227,-100.375284
Arroz,Bolsa 900 Gr. Super Extra,Great Value,Arroz y Cereales Preparados,Basicos,18,2025/12/18,Wal-mart,Supermercado / Tienda de Autoservicio,Walmart Sucursal Balbuena,Fray Servando Teresa de Mier 881. Entre Fernando Iglesia Calderon y Genaro Garcia. Col. Jardín Balbuena. Cp. 15900,Ciudad de México,Venustiano Carranza,19.418067,-99.105639
Arroz,Bolsa 900 Gr. Super Extra,Great Value,Arroz y Cereales Preparados,Basicos,18,2025/12/23,Wal-mart,Supermercado / Tienda de Autoservicio,Walmart Sucursal Unidad Plaza de Toros,Autopista Querétaro Celaya 5501. Int. del Centro Comercial Plaza Esfera. Col. el Jacal. Cp. 76187,Querétaro,Santiago de Querétaro,20.574076,-100.408704
Arroz,Bolsa 900 Gr. Super Extra,Great Value,Arroz y Cereales Preparados,Basicos,20,2025/12/18,Wal-mart,Supermercado / Tienda de Autoservicio,Walmart Sucursal Aeropuerto,Calz. Ignacio Zaragoza 58. Esq. Blvd. Puerto Aereo. Col. Federal. Cp. 15700,Ciudad de México,Venustiano Carranza,19.41926,-99.094521
Arroz,Bolsa 900 Gr. Super Extra,Ke Precio,Arroz y Cereales Preparados,Pacic,16.9,2025/12/18,La Comer,Supermercado / Tienda de Autoservicio,Lacomer Sucursal Queretaro Estadio,Luis M. Vega y Monroy 1300. Esq.cimataRío . Col. CimataRío. Cp. 76090,Querétaro,Santiago de Querétaro,20.577804,-100.373626
Arroz,Bolsa 900 Gr. Super Extra,Ke Precio,Arroz y Cereales Preparados,Pacic,16.9,2025/12/24,La Comer,Supermercado / Tienda de Autoservicio,Lacomer Sucursal Queretaro Estadio,Luis M. Vega y Monroy 1300. Esq.cimataRío . Col. CimataRío. Cp. 76090,Querétaro,Santiago de Querétaro,20.577804,-100.373626
Arroz,Bolsa 900 Gr. Super Extra,La Merced,Arroz y Cereales Preparados,Basicos,24.9,2025/12/31,Hipermercado Soriana,Supermercado / Tienda de Autoservicio,Soriana Hiper Sucursal Cimatario,Ctra. a Huimilpan 1001. Int. del Centro Comercial Plaza del Sol. Col. Plazas del Sol. Iii Sección. Cp. 76099,Querétaro,Santiago de Querétaro,20.563227,-100.375284
Arroz,Bolsa 900 Gr. Super Extra,La Merced,Arroz y Cereales Preparados,Basicos,25,2025/12/19,Superissste,Supermercado / Tienda de Autoservicio,Superissste Sucursal 011,Calle Peluqueros No. 310 Esquina Calle Tizayuca. Col. Michoacána. Cp. 15240,Ciudad de México,Venustiano Carranza,19.446139,-99.113372
Arroz,Bolsa 900 Gr. Super Extra,La Merced,Arroz y Cereales Preparados,Basicos,25,2025/12/19,Superissste,Supermercado / Tienda de Autoservicio,Superissste Sucursal 022,Av. del Taller y Retorno No. 38 Dentro del Retorno 38. Col. Jardín Balbuena. Cp. 15900,Ciudad de México,Venustiano Carranza,19.412842,-99.105666
Arroz,Bolsa 900 Gr. Super Extra,La Merced,Arroz y Cereales Preparados,Basicos,25,2025/12/26,Superissste,Supermercado / Tienda de Autoservicio,Superissste Sucursal 011,Calle Peluqueros No. 310 Esquina Calle Tizayuca. Col. Michoacána. Cp. 15240,Ciudad de México,Venustiano Carranza,19.446139,-99.113372
Arroz,Bolsa 900 Gr. Super Extra,La Merced,Arroz y Cereales Preparados,Basicos,25,2025/12/26,Superissste,Supermercado / Tienda de Autoservicio,Superissste Sucursal 022,Av. del Taller y Retorno No. 38 Dentro del Retorno 38. Col. Jardín Balbuena. Cp. 15900,Ciudad de México,Venustiano Carranza,19.412842,-99.105666
Arroz,Bolsa 900 Gr. Super Extra,La Merced,Arroz y Cereales Preparados,Basicos,31.5,2025/12/18,La Comer,Supermercado / Tienda de Autoservicio,Lacomer Sucursal Queretaro Estadio,Luis M. Vega y Monroy 1300. Esq.cimataRío . Col. CimataRío. Cp. 76090,Querétaro,Santiago de Querétaro,20.577804,-100.373626
Arroz,Bolsa 900 Gr. Super Extra,Verde Valle,Arroz y Cereales Preparados,Basicos,30,2025/12/18,La Comer,Supermercado / Tienda de Autoservicio,Lacomer Sucursal Queretaro Estadio,Luis M. Vega y Monroy 1300. Esq.cimataRío . Col. CimataRío. Cp. 76090,Querétaro,Santiago de Querétaro,20.577804,-100.373626
Arroz,Bolsa 900 Gr. Super Extra,Verde Valle,Arroz y Cereales Preparados,Basicos,32,2025/12/24,La Comer,Supermercado / Tienda de Autoservicio,Lacomer Sucursal Queretaro Estadio,Luis M. Vega y Monroy 1300. Esq.cimataRío . Col. CimataRío. Cp. 76090,Querétaro,Santiago de Querétaro,20.577804,-100.373626
Arroz,Bolsa 900 Gr. Super Extra,Verde Valle,Arroz y Cereales Preparados,Basicos,33.5,2025/12/18,Chedraui,Supermercado / Tienda de Autoservicio,Chedraui Sucursal Anfora,Anfora 71. Esq. Eje 1 Norte. Col. Madero. Cp. 15320,Ciudad de México,Venustiano Carranza,19.437353,-99.110088
Arroz,Bolsa 900 Gr. Super Extra,Verde Valle,Arroz y Cereales Preparados,Basicos,35.9,2025/12/22,Hipermercado Soriana,Supermercado / Tienda de Autoservicio,Soriana Hiper Sucursal Cimatario,Ctra. a Huimilpan 1001. Int. del Centro Comercial Plaza del Sol. Col. Plazas del Sol. Iii Sección. Cp. 76099,Querétaro,Santiago de Querétaro,20.563227,-100.375284
Arroz,Bolsa 900 Gr. Super Extra,Verde Valle,Arroz y Cereales Preparados,Basicos,36,2025/12/17,Chedraui,Supermercado / Tienda de Autoservicio,Chedraui Sucursal Centro Sur,Blvd. Bernardo Quintana 502. Carr. con Direccion a Centro Civico. Col. Centro Sur. Cp. 76087,Querétaro,Santiago de Querétaro,20.569354,-100.358831
Arroz,Bolsa 900 Gr. Super Extra. Grano Largo,Chedraui,Arroz y Cereales Preparados,Basicos,17.5,2025/12/17,Chedraui,Supermercado / Tienda de Autoservicio,Chedraui Sucursal Centro Sur,Blvd. Bernardo Quintana 502. Carr. con Direccion a Centro Civico. Col. Centro Sur. Cp. 76087,Querétaro,Santiago de Querétaro,20.569354,-100.358831
Arroz,Bolsa 900 Gr. Super Extra. Grano Largo,Chedraui,Arroz y Cereales Preparados,Basicos,17.5,2025/12/18,Chedraui,Supermercado / Tienda de Autoservicio,Chedraui Sucursal Anfora,Anfora 71. Esq. Eje 1 Norte. Col. Madero. Cp. 15320,Ciudad de México,Venustiano Carranza,19.437353,-99.110088
Arroz,Bolsa 900 Gr. Super Extra. Grano Largo,Chedraui,Arroz y Cereales Preparados,Basicos,17.5,2025/12/22,Chedraui,Supermercado / Tienda de Autoservicio,Chedraui Sucursal Centro Sur,Blvd. Bernardo Quintana 502. Carr. con Direccion a Centro Civico. Col. Centro Sur. Cp. 76087,Querétaro,Santiago de Querétaro,20.569354,-100.358831
Arroz,Bolsa 900 Gr. Super Extra. Grano Largo,Chedraui,Arroz y Cereales Preparados,Pacic,17.5,2025/12/17,Chedraui,Supermercado / Tienda de Autoservicio,Chedraui Sucursal Centro Sur,Blvd. Bernardo Quintana 502. Carr. con Direccion a Centro Civico. Col. Centro Sur. Cp. 76087,Querétaro,Santiago de Querétaro,20.569354,-100.358831
Arroz,Bolsa 900 Gr. Super Extra. Grano Largo,Chedraui,Arroz y Cereales Preparados,Pacic,17.5,2025/12/18,Chedraui,Supermercado / Tienda de Autoservicio,Chedraui Sucursal Anfora,Anfora 71. Esq. Eje 1 Norte. Col. Madero. Cp. 15320,Ciudad de México,Venustiano Carranza,19.437353,-99.110088
Arroz,Bolsa 900 Gr. Super Extra. Grano Largo,Chedraui,Arroz y Cereales Preparados,Pacic,17.5,2025/12/22,Chedraui,Supermercado / Tienda de Autoservicio,Chedraui Sucursal Centro Sur,Blvd. Bernardo Quintana 502. Carr. con Direccion a Centro Civico. Col. Centro Sur. Cp. 76087,Querétaro,Santiago de Querétaro,20.569354,-100.358831
Arroz,Bolsa 900 Gr. Super Extra. Verde,Schettino,Arroz y Cereales Preparados,Basicos,20,2025/12/17,Chedraui,Supermercado / Tienda de Autoservicio,Chedraui Sucursal Centro Sur,Blvd. Bernardo Quintana 502. Carr. con Direccion a Centro Civico. Col. Centro Sur. Cp. 76087,Querétaro,Santiago de Querétaro,20.569354,-100.358831
Arroz,Bolsa 900 Gr. Super Extra. Verde,Schettino,Arroz y Cereales Preparados,Basicos,20,2025/12/18,Chedraui,Supermercado / Tienda de Autoservicio,Chedraui Sucursal Anfora,Anfora 71. Esq. Eje 1 Norte. Col. Madero. Cp. 15320,Ciudad de México,Venustiano Carranza,19.437353,-99.110088
Arroz,Bolsa 900 Gr. Super Extra. Verde,Schettino,Arroz y Cereales Preparados,Basicos,20,2025/12/18,La Comer,Supermercado / Tienda de Autoservicio,Lacomer Sucursal Queretaro Estadio,Luis M. Vega y Monroy 1300. Esq.cimataRío . Col. CimataRío. Cp. 76090,Querétaro,Santiago de Querétaro,20.577804,-100.373626
Arroz,Bolsa 900 Gr. Super Extra. Verde,Schettino,Arroz y Cereales Preparados,Basicos,20,2025/12/19,Superissste,Supermercado / Tienda de Autoservicio,Superissste Sucursal 011,Calle Peluqueros No. 310 Esquina Calle Tizayuca. Col. Michoacána. Cp. 15240,Ciudad de México,Venustiano Carranza,19.446139,-99.113372
Arroz,Bolsa 900 Gr. Super Extra. Verde,Schettino,Arroz y Cereales Preparados,Basicos,20,2025/12/19,Superissste,Supermercado / Tienda de Autoservicio,Superissste Sucursal 022,Av. del Taller y Retorno No. 38 Dentro del Retorno 38. Col. Jardín Balbuena. Cp. 15900,Ciudad de México,Venustiano Carranza,19.412842,-99.105666
Arroz,Bolsa 900 Gr. Super Extra. Verde,Schettino,Arroz y Cereales Preparados,Basicos,20,2025/12/22,Chedraui,Supermercado / Tienda de Autoservicio,Chedraui Sucursal Centro Sur,Blvd. Bernardo Quintana 502. Carr. con Direccion a Centro Civico. Col. Centro Sur. Cp. 76087,Querétaro,Santiago de Querétaro,20.569354,-100.358831
Arroz,Bolsa 900 Gr. Super Extra. Verde,Schettino,Arroz y Cereales Preparados,Basicos,20,2025/12/26,Superissste,Supermercado / Tienda de Autoservicio,Superissste Sucursal 011,Calle Peluqueros No. 310 Esquina Calle Tizayuca. Col. Michoacána. Cp. 15240,Ciudad de México,Venustiano Carranza,19.446139,-99.113372
Arroz,Bolsa 900 Gr. Super Extra. Verde,Schettino,Arroz y Cereales Preparados,Basicos,20,2025/12/26,Superissste,Supermercado / Tienda de Autoservicio,Superissste Sucursal 022,Av. del Taller y Retorno No. 38 Dentro del Retorno 38. Col. Jardín Balbuena. Cp. 15900,Ciudad de México,Venustiano Carranza,19.412842,-99.105666
Arroz,Bolsa 900 Gr. Super Extra. Verde,Schettino,Arroz y Cereales Preparados,Basicos,21.9,2025/12/31,Hipermercado Soriana,Supermercado / Tienda de Autoservicio,Soriana Hiper Sucursal Cimatario,Ctra. a Huimilpan 1001. Int. del Centro Comercial Plaza del Sol. Col. Plazas del Sol. Iii Sección. Cp. 76099,Querétaro,Santiago de Querétaro,20.563227,-100.375284
Arroz,Bolsa 900 Gr. Super Extra. Verde,Schettino,Arroz y Cereales Preparados,Pacic,20,2025/12/17,Chedraui,Supermercado / Tienda de Autoservicio,Chedraui Sucursal Centro Sur,Blvd. Bernardo Quintana 502. Carr. con Direccion a Centro Civico. Col. Centro Sur. Cp. 76087,Querétaro,Santiago de Querétaro,20.569354,-100.358831
Arroz,Bolsa 900 Gr. Super Extra. Verde,Schettino,Arroz y Cereales Preparados,Pacic,20,2025/12/18,Chedraui,Supermercado / Tienda de Autoservicio,Chedraui Sucursal Anfora,Anfora 71. Esq. Eje 1 Norte. Col. Madero. Cp. 15320,Ciudad de México,Venustiano Carranza,19.437353,-99.110088
Arroz,Bolsa 900 Gr. Super Extra. Verde,Schettino,Arroz y Cereales Preparados,Pacic,20,2025/12/22,Chedraui,Supermercado / Tienda de Autoservicio,Chedraui Sucursal Centro Sur,Blvd. Bernardo Quintana 502. Carr. con Direccion a Centro Civico. Col. Centro Sur. Cp. 76087,Querétaro,Santiago de Querétaro,20.569354,-100.358831
Arroz,Bolsa 907 Gr. Super Extra,La Merced,Arroz y Cereales Preparados,Basicos,21,2025/12/18,Bodega Aurrera,Supermercado / Tienda de Autoservicio,Bodega Aurrera Sucursal la Viga,Calz. de la Viga 136 Esq. del Taller. Col. Lorenzo Boturini. Cp. 15820,Ciudad de México,Venustiano Carranza,19.414749,-99.127874
Arroz,Bolsa 907 Gr. Super Extra,La Merced,Arroz y Cereales Preparados,Basicos,22,2025/12/18,Wal-mart,Supermercado / Tienda de Autoservicio,Walmart Sucursal Aeropuerto,Calz. Ignacio Zaragoza 58. Esq. Blvd. Puerto Aereo. Col. Federal. Cp. 15700,Ciudad de México,Venustiano Carranza,19.41926,-99.094521
Arroz,Bolsa 907 Gr. Super Extra,La Merced,Arroz y Cereales Preparados,Basicos,22,2025/12/18,Wal-mart,Supermercado / Tienda de Autoservicio,Walmart Sucursal Balbuena,Fray Servando Teresa de Mier 881. Entre Fernando Iglesia Calderon y Genaro Garcia. Col. Jardín Balbuena. Cp. 15900,Ciudad de México,Venustiano Carranza,19.418067,-99.105639
Arroz,Bolsa 907 Gr. Super Extra,La Merced,Arroz y Cereales Preparados,Basicos,22,2025/12/23,Wal-mart,Supermercado / Tienda de Autoservicio,Walmart Sucursal Unidad Plaza de Toros,Autopista Querétaro Celaya 5501. Int. del Centro Comercial Plaza Esfera. Col. el Jacal. Cp. 76187,Querétaro,Santiago de Querétaro,20.574076,-100.408704
Arroz,Bolsa 907 Gr. Super Extra,La Merced,Arroz y Cereales Preparados,Pacic,21,2025/12/18,Bodega Aurrera,Supermercado / Tienda de Autoservicio,Bodega Aurrera Sucursal la Viga,Calz. de la Viga 136 Esq. del Taller. Col. Lorenzo Boturini. Cp. 15820,Ciudad de México,Venustiano Carranza,19.414749,-99.127874
Arroz,Bolsa 907 Gr. Super Extra,La Merced,Arroz y Cereales Preparados,Pacic,22,2025/12/17,Wal-mart,Supermercado / Tienda de Autoservicio,Walmart Sucursal Unidad Plaza de Toros,Autopista Querétaro Celaya 5501. Int. del Centro Comercial Plaza Esfera. Col. el Jacal. Cp. 76187,Querétaro,Santiago de Querétaro,20.574076,-100.408704
Arroz,Bolsa 907 Gr. Super Extra,La Merced,Arroz y Cereales Preparados,Pacic,22,2025/12/18,Wal-mart,Supermercado / Tienda de Autoservicio,Walmart Sucursal Aeropuerto,Calz. Ignacio Zaragoza 58. Esq. Blvd. Puerto Aereo. Col. Federal. Cp. 15700,Ciudad de México,Venustiano Carranza,19.41926,-99.094521
Arroz,Bolsa 907 Gr. Super Extra,La Merced,Arroz y Cereales Preparados,Pacic,22,2025/12/18,Wal-mart,Supermercado / Tienda de Autoservicio,Walmart Sucursal Balbuena,Fray Servando Teresa de Mier 881. Entre Fernando Iglesia Calderon y Genaro Garcia. Col. Jardín Balbuena. Cp. 15900,Ciudad de México,Venustiano Carranza,19.418067,-99.105639
Arroz,Bolsa 907 Gr. Super Extra,La Merced,Arroz y Cereales Preparados,Pacic,22,2025/12/23,Wal-mart,Supermercado / Tienda de Autoservicio,Walmart Sucursal Balbuena,Fray Servando Teresa de Mier 881. Entre Fernando Iglesia Calderon y Genaro Garcia. Col. Jardín Balbuena. Cp. 15900,Ciudad de México,Venustiano Carranza,19.418067,-99.105639
Arroz,Bolsa 907 Gr. Super Extra,La Merced,Arroz y Cereales Preparados,Pacic,22,2025/12/23,Wal-mart,Supermercado / Tienda de Autoservicio,Walmart Sucursal Unidad Plaza de Toros,Autopista Querétaro Celaya 5501. Int. del Centro Comercial Plaza Esfera. Col. el Jacal. Cp. 76187,Querétaro,Santiago de Querétaro,20.574076,-100.408704
Arroz,Bolsa 907 Gr. Super Extra,Schettino,Arroz y Cereales Preparados,Basicos,22,2025/12/18,Bodega Aurrera,Supermercado / Tienda de Autoservicio,Bodega Aurrera Sucursal la Viga,Calz. de la Viga 136 Esq. del Taller. Col. Lorenzo Boturini. Cp. 15820,Ciudad de México,Venustiano Carranza,19.414749,-99.127874
Arroz,Bolsa 907 Gr. Super Extra,Schettino,Arroz y Cereales Preparados,Basicos,22,2025/12/18,Wal-mart,Supermercado / Tienda de Autoservicio,Walmart Sucursal Aeropuerto,Calz. Ignacio Zaragoza 58. Esq. Blvd. Puerto Aereo. Col. Federal. Cp. 15700,Ciudad de México,Venustiano Carranza,19.41926,-99.094521
Arroz,Bolsa 907 Gr. Super Extra,Schettino,Arroz y Cereales Preparados,Basicos,22,2025/12/18,Wal-mart,Supermercado / Tienda de Autoservicio,Walmart Sucursal Balbuena,Fray Servando Teresa de Mier 881. Entre Fernando Iglesia Calderon y Genaro Garcia. Col. Jardín Balbuena. Cp. 15900,Ciudad de México,Venustiano Carranza,19.418067,-99.105639
Arroz,Bolsa 907 Gr. Super Extra,Schettino,Arroz y Cereales Preparados,Basicos,22,2025/12/19,Bodega Aurrera,Supermercado / Tienda de Autoservicio,Bodega Aurrera Sucursal Centro Constituyentes,Constituyentes Oriente 334. Entre Pasteur y Manuel Ponce. Col. MercuRío. Cp. 76040,Querétaro,Santiago de Querétaro,20.586349,-100.382801
Arroz,Bolsa 907 Gr. Super Extra,Schettino,Arroz y Cereales Preparados,Basicos,22,2025/12/23,Wal-mart,Supermercado / Tienda de Autoservicio,Walmart Sucursal Unidad Plaza de Toros,Autopista Querétaro Celaya 5501. Int. del Centro Comercial Plaza Esfera. Col. el Jacal. Cp. 76187,Querétaro,Santiago de Querétaro,20.574076,-100.408704
Arroz,Bolsa 907 Gr. Super Extra,Schettino,Arroz y Cereales Preparados,Pacic,22,2025/12/17,Wal-mart,Supermercado / Tienda de Autoservicio,Walmart Sucursal Unidad Plaza de Toros,Autopista Querétaro Celaya 5501. Int. del Centro Comercial Plaza Esfera. Col. el Jacal. Cp. 76187,Querétaro,Santiago de Querétaro,20.574076,-100.408704
Arroz,Bolsa 907 Gr. Super Extra,Schettino,Arroz y Cereales Preparados,Pacic,22,2025/12/18,Bodega Aurrera,Supermercado / Tienda de Autoservicio,Bodega Aurrera Sucursal la Viga,Calz. de la Viga 136 Esq. del Taller. Col. Lorenzo Boturini. Cp. 15820,Ciudad de México,Venustiano Carranza,19.414749,-99.127874
Arroz,Bolsa 907 Gr. Super Extra,Schettino,Arroz y Cereales Preparados,Pacic,22,2025/12/18,Wal-mart,Supermercado / Tienda de Autoservicio,Walmart Sucursal Aeropuerto,Calz. Ignacio Zaragoza 58. Esq. Blvd. Puerto Aereo. Col. Federal. Cp. 15700,Ciudad de México,Venustiano Carranza,19.41926,-99.094521
Arroz,Bolsa 907 Gr. Super Extra,Schettino,Arroz y Cereales Preparados,Pacic,22,2025/12/18,Wal-mart,Supermercado / Tienda de Autoservicio,Walmart Sucursal Balbuena,Fray Servando Teresa de Mier 881. Entre Fernando Iglesia Calderon y Genaro Garcia. Col. Jardín Balbuena. Cp. 15900,Ciudad de México,Venustiano Carranza,19.418067,-99.105639
Arroz,Bolsa 907 Gr. Super Extra,Schettino,Arroz y Cereales Preparados,Pacic,22,2025/12/19,Bodega Aurrera,Supermercado / Tienda de Autoservicio,Bodega Aurrera Sucursal Centro Constituyentes,Constituyentes Oriente 334. Entre Pasteur y Manuel Ponce. Col. MercuRío. Cp. 76040,Querétaro,Santiago de Querétaro,20.586349,-100.382801
Arroz,Bolsa 907 Gr. Super Extra,Schettino,Arroz y Cereales Preparados,Pacic,22,2025/12/23,Bodega Aurrera,Supermercado / Tienda de Autoservicio,Bodega Aurrera Sucursal Centro Constituyentes,Constituyentes Oriente 334. Entre Pasteur y Manuel Ponce. Col. MercuRío. Cp. 76040,Querétaro,Santiago de Querétaro,20.586349,-100.382801
Arroz,Bolsa 907 Gr. Super Extra,Schettino,Arroz y Cereales Preparados,Pacic,22,2025/12/23,Wal-mart,Supermercado / Tienda de Autoservicio,Walmart Sucursal Balbuena,Fray Servando Teresa de Mier 881. Entre Fernando Iglesia Calderon y Genaro Garcia. Col. Jardín Balbuena. Cp. 15900,Ciudad de México,Venustiano Carranza,19.418067,-99.105639
Arroz,Bolsa 907 Gr. Super Extra,Schettino,Arroz y Cereales Preparados,Pacic,22,2025/12/23,Wal-mart,Supermercado / Tienda de Autoservicio,Walmart Sucursal Unidad Plaza de Toros,Autopista Querétaro Celaya 5501. Int. del Centro Comercial Plaza Esfera. Col. el Jacal. Cp. 76187,Querétaro,Santiago de Querétaro,20.574076,-100.408704
Arroz,Bolsa 907 Gr. Super Extra. Grano Grueso,Sos,Arroz y Cereales Preparados,Basicos,28,2025/12/19,Superissste,Supermercado / Tienda de Autoservicio,Superissste Sucursal 011,Calle Peluqueros No. 310 Esquina Calle Tizayuca. Col. Michoacána. Cp. 15240,Ciudad de México,Venustiano Carranza,19.446139,-99.113372
Arroz,Bolsa 907 Gr. Super Extra. Grano Grueso,Sos,Arroz y Cereales Preparados,Basicos,28,2025/12/19,Superissste,Supermercado / Tienda de Autoservicio,Superissste Sucursal 022,Av. del Taller y Retorno No. 38 Dentro del Retorno 38. Col. Jardín Balbuena. Cp. 15900,Ciudad de México,Venustiano Carranza,19.412842,-99.105666
Arroz,Bolsa 907 Gr. Super Extra. Grano Grueso,Sos,Arroz y Cereales Preparados,Basicos,28,2025/12/26,Superissste,Supermercado / Tienda de Autoservicio,Superissste Sucursal 011,Calle Peluqueros No. 310 Esquina Calle Tizayuca. Col. Michoacána. Cp. 15240,Ciudad de México,Venustiano Carranza,19.446139,-99.113372
Arroz,Bolsa 907 Gr. Super Extra. Grano Grueso,Sos,Arroz y Cereales Preparados,Basicos,28,2025/12/26,Superissste,Supermercado / Tienda de Autoservicio,Superissste Sucursal 022,Av. del Taller y Retorno No. 38 Dentro del Retorno 38. Col. Jardín Balbuena. Cp. 15900,Ciudad de México,Venustiano Carranza,19.412842,-99.105666
Asenlix,Caja con 60 Cápsulas de 30 Mg.,S/M,Medicamentos,Medicamentos,2200,2025/12/18,La Comer,Supermercado / Tienda de Autoservicio,Lacomer Sucursal Queretaro Estadio,Luis M. Vega y Monroy 1300. Esq.cimataRío . Col. CimataRío. Cp. 76090,Querétaro,Santiago de Querétaro,20.577804,-100.373626
Atacand Plus,Caja con 28 Tabletas de 16 Mg./12.5 Mg.,S/M,Medicamentos,Medicamentos,1318,2025/12/18,Benavides,Farmacias,Farmacia Benavides Sucursal Isla de Montecristo,Av. del Parque 401. Esq. Calle Isla de Montecristo. Col. Lindavista. Cp. 76070,Querétaro,Santiago de Querétaro,20.568451,-100.380021
Atorvastatina,Caja con 10 Tabletas de 20 Mg.,S/M,Medicamentos,Medicamentos,69.9,2025/12/31,Hipermercado Soriana,Supermercado / Tienda de Autoservicio,Soriana Hiper Sucursal Cimatario,Ctra. a Huimilpan 1001. Int. del Centro Comercial Plaza del Sol. Col. Plazas del Sol. Iii Sección. Cp. 76099,Querétaro,Santiago de Querétaro,20.563227,-100.375284
Atún,Bolsa 110 Gr. Ensalada,Dolores,Pescados y Mariscos en Conserva,Basicos,19,2025/12/19,Superissste,Supermercado / Tienda de Autoservicio,Superissste Sucursal 011,Calle Peluqueros No. 310 Esquina Calle Tizayuca. Col. Michoacána. Cp. 15240,Ciudad de México,Venustiano Carranza,19.446139,-99.113372
Atún,Bolsa 110 Gr. Ensalada,Dolores,Pescados y Mariscos en Conserva,Basicos,19,2025/12/19,Superissste,Supermercado / Tienda de Autoservicio,Superissste Sucursal 022,Av. del Taller y Retorno No. 38 Dentro del Retorno 38. Col. Jardín Balbuena. Cp. 15900,Ciudad de México,Venustiano Carranza,19.412842,-99.105666
Atún,Bolsa 110 Gr. Ensalada,Dolores,Pescados y Mariscos en Conserva,Basicos,19,2025/12/26,Superissste,Supermercado / Tienda de Autoservicio,Superissste Sucursal 011,Calle Peluqueros No. 310 Esquina Calle Tizayuca. Col. Michoacána. Cp. 15240,Ciudad de México,Venustiano Carranza,19.446139,-99.113372
Atún,Bolsa 110 Gr. Ensalada,Dolores,Pescados y Mariscos en Conserva,Basicos,19,2025/12/26,Superissste,Supermercado / Tienda de Autoservicio,Superissste Sucursal 022,Av. del Taller y Retorno No. 38 Dentro del Retorno 38. Col. Jardín Balbuena. Cp. 15900,Ciudad de México,Venustiano Carranza,19.412842,-99.105666
Atún,Bolsa 110 Gr. Ensalada,Dolores,Pescados y Mariscos en Conserva,Basicos,21,2025/12/19,Bodega Aurrera,Supermercado / Tienda de Autoservicio,Bodega Aurrera Sucursal Centro Constituyentes,Constituyentes Oriente 334. Entre Pasteur y Manuel Ponce. Col. MercuRío. Cp. 76040,Querétaro,Santiago de Querétaro,20.586349,-100.382801
Atún,Bolsa 110 Gr. Ensalada,Dolores,Pescados y Mariscos en Conserva,Basicos,22,2025/12/18,Wal-mart,Supermercado / Tienda de Autoservicio,Walmart Sucursal Balbuena,Fray Servando Teresa de Mier 881. Entre Fernando Iglesia Calderon y Genaro Garcia. Col. Jardín Balbuena. Cp. 15900,Ciudad de México,Venustiano Carranza,19.418067,-99.105639
Atún,Bolsa 74 Gr. Aleta Amarilla en Trozos en Agua,Dolores,Pescados y Mariscos en Conserva,Basicos,15.9,2025/12/18,La Comer,Supermercado / Tienda de Autoservicio,Lacomer Sucursal Queretaro Estadio,Luis M. Vega y Monroy 1300. Esq.cimataRío . Col. CimataRío. Cp. 76090,Querétaro,Santiago de Querétaro,20.577804,-100.373626
Atún,Bolsa 74 Gr. Aleta Amarilla en Trozos en Agua,Dolores,Pescados y Mariscos en Conserva,Basicos,19.9,2025/12/19,Superissste,Supermercado / Tienda de Autoservicio,Superissste Sucursal 011,Calle Peluqueros No. 310 Esquina Calle Tizayuca. Col. Michoacána. Cp. 15240,Ciudad de México,Venustiano Carranza,19.446139,-99.113372
Atún,Bolsa 74 Gr. Aleta Amarilla en Trozos en Agua,Dolores,Pescados y Mariscos en Conserva,Basicos,19.9,2025/12/19,Superissste,Supermercado / Tienda de Autoservicio,Superissste Sucursal 022,Av. del Taller y Retorno No. 38 Dentro del Retorno 38. Col. Jardín Balbuena. Cp. 15900,Ciudad de México,Venustiano Carranza,19.412842,-99.105666
Atún,Bolsa 74 Gr. Aleta Amarilla en Trozos en Agua,Dolores,Pescados y Mariscos en Conserva,Basicos,19.9,2025/12/26,Superissste,Supermercado / Tienda de Autoservicio,Superissste Sucursal 011,Calle Peluqueros No. 310 Esquina Calle Tizayuca. Col. Michoacána. Cp. 15240,Ciudad de México,Venustiano Carranza,19.446139,-99.113372
Atún,Bolsa 74 Gr. Aleta Amarilla en Trozos en Agua,Dolores,Pescados y Mariscos en Conserva,Basicos,19.9,2025/12/26,Superissste,Supermercado / Tienda de Autoservicio,Superissste Sucursal 022,Av. del Taller y Retorno No. 38 Dentro del Retorno 38. Col. Jardín Balbuena. Cp. 15900,Ciudad de México,Venustiano Carranza,19.412842,-99.105666
Atún,Bolsa 74 Gr. Aleta Amarilla en Trozos en Agua,Dolores,Pescados y Mariscos en Conserva,Basicos,22,2025/12/18,Wal-mart,Supermercado / Tienda de Autoservicio,Walmart Sucursal Balbuena,Fray Servando Teresa de Mier 881. Entre Fernando Iglesia Calderon y Genaro Garcia. Col. Jardín Balbuena. Cp. 15900,Ciudad de México,Venustiano Carranza,19.418067,-99.105639
Atún,Bolsa 78 Gr. Aleta Amarilla en Trozos en Aceite con Agua,Dolores,Pescados y Mariscos en Conserva,Basicos,19.9,2025/12/19,Superissste,Supermercado / Tienda de Autoservicio,Superissste Sucursal 011,Calle Peluqueros No. 310 Esquina Calle Tizayuca. Col. Michoacána. Cp. 15240,Ciudad de México,Venustiano Carranza,19.446139,-99.113372
Atún,Bolsa 78 Gr. Aleta Amarilla en Trozos en Aceite con Agua,Dolores,Pescados y Mariscos en Conserva,Basicos,19.9,2025/12/19,Superissste,Supermercado / Tienda de Autoservicio,Superissste Sucursal 022,Av. del Taller y Retorno No. 38 Dentro del Retorno 38. Col. Jardín Balbuena. Cp. 15900,Ciudad de México,Venustiano Carranza,19.412842,-99.105666
Atún,Bolsa 78 Gr. Aleta Amarilla en Trozos en Aceite con Agua,Dolores,Pescados y Mariscos en Conserva,Basicos,19.9,2025/12/26,Superissste,Supermercado / Tienda de Autoservicio,Superissste Sucursal 011,Calle Peluqueros No. 310 Esquina Calle Tizayuca. Col. Michoacána. Cp. 15240,Ciudad de México,Venustiano Carranza,19.446139,-99.113372
Atún,Bolsa 78 Gr. Aleta Amarilla en Trozos en Aceite con Agua,Dolores,Pescados y Mariscos en Conserva,Basicos,19.9,2025/12/26,Superissste,Supermercado / Tienda de Autoservicio,Superissste Sucursal 022,Av. del Taller y Retorno No. 38 Dentro del Retorno 38. Col. Jardín Balbuena. Cp. 15900,Ciudad de México,Venustiano Carranza,19.412842,-99.105666
Atún,Bolsa 78 Gr. Aleta Amarilla. en Trozos en Agua,Dolores,Pescados y Mariscos en Conserva,Basicos,15.9,2025/12/17,Chedraui,Supermercado / Tienda de Autoservicio,Chedraui Sucursal Centro Sur,Blvd. Bernardo Quintana 502. Carr. con Direccion a Centro Civico. Col. Centro Sur. Cp. 76087,Querétaro,Santiago de Querétaro,20.569354,-100.358831
Atún,Bolsa 78 Gr. Aleta Amarilla. en Trozos en Agua,Dolores,Pescados y Mariscos en Conserva,Basicos,15.9,2025/12/18,La Comer,Supermercado / Tienda de Autoservicio,Lacomer Sucursal Queretaro Estadio,Luis M. Vega y Monroy 1300. Esq.cimataRío . Col. CimataRío. Cp. 76090,Querétaro,Santiago de Querétaro,20.577804,-100.373626
Atún,Bolsa 78 Gr. Aleta Amarilla. en Trozos en Agua,Dolores,Pescados y Mariscos en Conserva,Basicos,19.5,2025/12/19,Superissste,Supermercado / Tienda de Autoservicio,Superissste Sucursal 011,Calle Peluqueros No. 310 Esquina Calle Tizayuca. Col. Michoacána. Cp. 15240,Ciudad de México,Venustiano Carranza,19.446139,-99.113372
Atún,Bolsa 78 Gr. Aleta Amarilla. en Trozos en Agua,Dolores,Pescados y Mariscos en Conserva,Basicos,19.5,2025/12/19,Superissste,Supermercado / Tienda de Autoservicio,Superissste Sucursal 022,Av. del Taller y Retorno No. 38 Dentro del Retorno 38. Col. Jardín Balbuena. Cp. 15900,Ciudad de México,Venustiano Carranza,19.412842,-99.105666
Atún,Bolsa 78 Gr. Aleta Amarilla. en Trozos en Agua,Dolores,Pescados y Mariscos en Conserva,Basicos,19.5,2025/12/26,Superissste,Supermercado / Tienda de Autoservicio,Superissste Sucursal 011,Calle Peluqueros No. 310 Esquina Calle Tizayuca. Col. Michoacána. Cp. 15240,Ciudad de México,Venustiano Carranza,19.446139,-99.113372
Atún,Bolsa 78 Gr. Aleta Amarilla. en Trozos en Agua,Dolores,Pescados y Mariscos en Conserva,Basicos,19.5,2025/12/26,Superissste,Supermercado / Tienda de Autoservicio,Superissste Sucursal 022,Av. del Taller y Retorno No. 38 Dentro del Retorno 38. Col. Jardín Balbuena. Cp. 15900,Ciudad de México,Venustiano Carranza,19.412842,-99.105666
Atún,Lata 120 Gr. con 20% de Proteína de Soya en Agua,Ancla,Pescados y Mariscos en Conserva,Basicos,11.5,2025/12/17,Chedraui,Supermercado / Tienda de Autoservicio,Chedraui Sucursal Centro Sur,Blvd. Bernardo Quintana 502. Carr. con Direccion a Centro Civico. Col. Centro Sur. Cp. 76087,Querétaro,Santiago de Querétaro,20.569354,-100.358831
Atún,Lata 120 Gr. con 20% de Proteína de Soya en Agua,Ancla,Pescados y Mariscos en Conserva,Basicos,15,2025/12/22,Chedraui,Supermercado / Tienda de Autoservicio,Chedraui Sucursal Centro Sur,Blvd. Bernardo Quintana 502. Carr. con Direccion a Centro Civico. Col. Centro Sur. Cp. 76087,Querétaro,Santiago de Querétaro,20.569354,-100.358831
Atún,Lata 120 Gr. con 20% de Proteína de Soya en Agua con Aceite,Ancla,Pescados y Mariscos en Conserva,Basicos,15.9,2025/12/22,Chedraui,Supermercado / Tienda de Autoservicio,Chedraui Sucursal Centro Sur,Blvd. Bernardo Quintana 502. Carr. con Direccion a Centro Civico. Col. Centro Sur. Cp. 76087,Querétaro,Santiago de Querétaro,20.569354,-100.358831
Atún,Lata 130 Gr. (clásico). en Hojuelas en Agua,Tuny,Pescados y Mariscos en Conserva,Pacic,24,2025/12/17,Chedraui,Supermercado / Tienda de Autoservicio,Chedraui Sucursal Centro Sur,Blvd. Bernardo Quintana 502. Carr. con Direccion a Centro Civico. Col. Centro Sur. Cp. 76087,Querétaro,Santiago de Querétaro,20.569354,-100.358831
Atún,Lata 130 Gr. (clásico). en Hojuelas en Agua,Tuny,Pescados y Mariscos en Conserva,Pacic,24,2025/12/18,Chedraui,Supermercado / Tienda de Autoservicio,Chedraui Sucursal Anfora,Anfora 71. Esq. Eje 1 Norte. Col. Madero. Cp. 15320,Ciudad de México,Venustiano Carranza,19.437353,-99.110088
Atún,Lata 130 Gr. (clásico). en Hojuelas en Agua,Tuny,Pescados y Mariscos en Conserva,Pacic,24,2025/12/22,Chedraui,Supermercado / Tienda de Autoservicio,Chedraui Sucursal Centro Sur,Blvd. Bernardo Quintana 502. Carr. con Direccion a Centro Civico. Col. Centro Sur. Cp. 76087,Querétaro,Santiago de Querétaro,20.569354,-100.358831
Atún,Lata 130 Gr. (clásico). en Hojuelas en Agua con Aceite,Tuny,Pescados y Mariscos en Conserva,Pacic,24,2025/12/17,Chedraui,Supermercado / Tienda de Autoservicio,Chedraui Sucursal Centro Sur,Blvd. Bernardo Quintana 502. Carr. con Direccion a Centro Civico. Col. Centro Sur. Cp. 76087,Querétaro,Santiago de Querétaro,20.569354,-100.358831
Atún,Lata 130 Gr. (clásico). en Hojuelas en Agua con Aceite,Tuny,Pescados y Mariscos en Conserva,Pacic,24,2025/12/18,Chedraui,Supermercado / Tienda de Autoservicio,Chedraui Sucursal Anfora,Anfora 71. Esq. Eje 1 Norte. Col. Madero. Cp. 15320,Ciudad de México,Venustiano Carranza,19.437353,-99.110088
Atún,Lata 130 Gr. (clásico). en Hojuelas en Agua con Aceite,Tuny,Pescados y Mariscos en Conserva,Pacic,24,2025/12/22,Chedraui,Supermercado / Tienda de Autoservicio,Chedraui Sucursal Centro Sur,Blvd. Bernardo Quintana 502. Carr. con Direccion a Centro Civico. Col. Centro Sur. Cp. 76087,Querétaro,Santiago de Querétaro,20.569354,-100.358831
Atún,Lata 130 Gr. Aleta Amarilla en Hojuelas en Agua,Herdez,Pescados y Mariscos en Conserva,Basicos,20,2025/12/17,Chedraui,Supermercado / Tienda de Autoservicio,Chedraui Sucursal Centro Sur,Blvd. Bernardo Quintana 502. Carr. con Direccion a Centro Civico. Col. Centro Sur. Cp. 76087,Querétaro,Santiago de Querétaro,20.569354,-100.358831
Atún,Lata 130 Gr. Aleta Amarilla en Hojuelas en Agua,Herdez,Pescados y Mariscos en Conserva,Basicos,20,2025/12/18,La Comer,Supermercado / Tienda de Autoservicio,Lacomer Sucursal Queretaro Estadio,Luis M. Vega y Monroy 1300. Esq.cimataRío . Col. CimataRío. Cp. 76090,Querétaro,Santiago de Querétaro,20.577804,-100.373626
Atún,Lata 130 Gr. Aleta Amarilla en Hojuelas en Agua,Herdez,Pescados y Mariscos en Conserva,Basicos,20,2025/12/18,Wal-mart,Supermercado / Tienda de Autoservicio,Walmart Sucursal Aeropuerto,Calz. Ignacio Zaragoza 58. Esq. Blvd. Puerto Aereo. Col. Federal. Cp. 15700,Ciudad de México,Venustiano Carranza,19.41926,-99.094521
Atún,Lata 130 Gr. Aleta Amarilla en Hojuelas en Agua,Herdez,Pescados y Mariscos en Conserva,Basicos,20,2025/12/22,Chedraui,Supermercado / Tienda de Autoservicio,Chedraui Sucursal Centro Sur,Blvd. Bernardo Quintana 502. Carr. con Direccion a Centro Civico. Col. Centro Sur. Cp. 76087,Querétaro,Santiago de Querétaro,20.569354,-100.358831
Atún,Lata 130 Gr. Aleta Amarilla en Hojuelas en Agua,Herdez,Pescados y Mariscos en Conserva,Basicos,21,2025/12/31,Hipermercado Soriana,Supermercado / Tienda de Autoservicio,Soriana Hiper Sucursal Cimatario,Ctra. a Huimilpan 1001. Int. del Centro Comercial Plaza del Sol. Col. Plazas del Sol. Iii Sección. Cp. 76099,Querétaro,Santiago de Querétaro,20.563227,-100.375284
Atún,Lata 130 Gr. Aleta Amarilla en Hojuelas en Agua,Herdez,Pescados y Mariscos en Conserva,Basicos,23,2025/12/19,Superissste,Supermercado / Tienda de Autoservicio,Superissste Sucursal 011,Calle Peluqueros No. 310 Esquina Calle Tizayuca. Col. Michoacána. Cp. 15240,Ciudad de México,Venustiano Carranza,19.446139,-99.113372
Atún,Lata 130 Gr. Aleta Amarilla en Hojuelas en Agua,Herdez,Pescados y Mariscos en Conserva,Basicos,23,2025/12/19,Superissste,Supermercado / Tienda de Autoservicio,Superissste Sucursal 022,Av. del Taller y Retorno No. 38 Dentro del Retorno 38. Col. Jardín Balbuena. Cp. 15900,Ciudad de México,Venustiano Carranza,19.412842,-99.105666
Atún,Lata 130 Gr. Aleta Amarilla en Hojuelas en Agua,Herdez,Pescados y Mariscos en Conserva,Basicos,23,2025/12/26,Superissste,Supermercado / Tienda de Autoservicio,Superissste Sucursal 011,Calle Peluqueros No. 310 Esquina Calle Tizayuca. Col. Michoacána. Cp. 15240,Ciudad de México,Venustiano Carranza,19.446139,-99.113372
Atún,Lata 130 Gr. Aleta Amarilla en Hojuelas en Agua,Herdez,Pescados y Mariscos en Conserva,Basicos,23,2025/12/26,Superissste,Supermercado / Tienda de Autoservicio,Superissste Sucursal 022,Av. del Taller y Retorno No. 38 Dentro del Retorno 38. Col. Jardín Balbuena. Cp. 15900,Ciudad de México,Venustiano Carranza,19.412842,-99.105666
Atún,Lata 130 Gr. Aleta Amarilla en Hojuelas en Agua,Herdez,Pescados y Mariscos en Conserva,Basicos,24,2025/12/18,Chedraui,Supermercado / Tienda de Autoservicio,Chedraui Sucursal Anfora,Anfora 71. Esq. Eje 1 Norte. Col. Madero. Cp. 15320,Ciudad de México,Venustiano Carranza,19.437353,-99.110088
Atún,Lata 130 Gr. Aleta Amarilla en Hojuelas en Agua,Herdez,Pescados y Mariscos en Conserva,Basicos,24,2025/12/23,Wal-mart,Supermercado / Tienda de Autoservicio,Walmart Sucursal Unidad Plaza de Toros,Autopista Querétaro Celaya 5501. Int. del Centro Comercial Plaza Esfera. Col. el Jacal. Cp. 76187,Querétaro,Santiago de Querétaro,20.574076,-100.408704
Atún,Lata 130 Gr. Aleta Amarilla en Hojuelas en Agua con Aceite,Herdez,Pescados y Mariscos en Conserva,Basicos,20,2025/12/17,Chedraui,Supermercado / Tienda de Autoservicio,Chedraui Sucursal Centro Sur,Blvd. Bernardo Quintana 502. Carr. con Direccion a Centro Civico. Col. Centro Sur. Cp. 76087,Querétaro,Santiago de Querétaro,20.569354,-100.358831
Atún,Lata 130 Gr. Aleta Amarilla en Hojuelas en Agua con Aceite,Herdez,Pescados y Mariscos en Conserva,Basicos,20,2025/12/18,La Comer,Supermercado / Tienda de Autoservicio,Lacomer Sucursal Queretaro Estadio,Luis M. Vega y Monroy 1300. Esq.cimataRío . Col. CimataRío. Cp. 76090,Querétaro,Santiago de Querétaro,20.577804,-100.373626
Atún,Lata 130 Gr. Aleta Amarilla en Hojuelas en Agua con Aceite,Herdez,Pescados y Mariscos en Conserva,Basicos,20,2025/12/18,Wal-mart,Supermercado / Tienda de Autoservicio,Walmart Sucursal Aeropuerto,Calz. Ignacio Zaragoza 58. Esq. Blvd. Puerto Aereo. Col. Federal. Cp. 15700,Ciudad de México,Venustiano Carranza,19.41926,-99.094521
Atún,Lata 130 Gr. Aleta Amarilla en Hojuelas en Agua con Aceite,Herdez,Pescados y Mariscos en Conserva,Basicos,20,2025/12/18,Wal-mart,Supermercado / Tienda de Autoservicio,Walmart Sucursal Balbuena,Fray Servando Teresa de Mier 881. Entre Fernando Iglesia Calderon y Genaro Garcia. Col. Jardín Balbuena. Cp. 15900,Ciudad de México,Venustiano Carranza,19.418067,-99.105639
Atún,Lata 130 Gr. Aleta Amarilla en Hojuelas en Agua con Aceite,Herdez,Pescados y Mariscos en Conserva,Basicos,20,2025/12/22,Chedraui,Supermercado / Tienda de Autoservicio,Chedraui Sucursal Centro Sur,Blvd. Bernardo Quintana 502. Carr. con Direccion a Centro Civico. Col. Centro Sur. Cp. 76087,Querétaro,Santiago de Querétaro,20.569354,-100.358831
Atún,Lata 130 Gr. Aleta Amarilla en Hojuelas en Agua con Aceite,Herdez,Pescados y Mariscos en Conserva,Basicos,21,2025/12/31,Hipermercado Soriana,Supermercado / Tienda de Autoservicio,Soriana Hiper Sucursal Cimatario,Ctra. a Huimilpan 1001. Int. del Centro Comercial Plaza del Sol. Col. Plazas del Sol. Iii Sección. Cp. 76099,Querétaro,Santiago de Querétaro,20.563227,-100.375284
Atún,Lata 130 Gr. Aleta Amarilla en Hojuelas en Agua con Aceite,Herdez,Pescados y Mariscos en Conserva,Basicos,23,2025/12/19,Superissste,Supermercado / Tienda de Autoservicio,Superissste Sucursal 011,Calle Peluqueros No. 310 Esquina Calle Tizayuca. Col. Michoacána. Cp. 15240,Ciudad de México,Venustiano Carranza,19.446139,-99.113372
Atún,Lata 130 Gr. Aleta Amarilla en Hojuelas en Agua con Aceite,Herdez,Pescados y Mariscos en Conserva,Basicos,23,2025/12/19,Superissste,Supermercado / Tienda de Autoservicio,Superissste Sucursal 022,Av. del Taller y Retorno No. 38 Dentro del Retorno 38. Col. Jardín Balbuena. Cp. 15900,Ciudad de México,Venustiano Carranza,19.412842,-99.105666
Atún,Lata 130 Gr. Aleta Amarilla en Hojuelas en Agua con Aceite,Herdez,Pescados y Mariscos en Conserva,Basicos,23,2025/12/26,Superissste,Supermercado / Tienda de Autoservicio,Superissste Sucursal 011,Calle Peluqueros No. 310 Esquina Calle Tizayuca. Col. Michoacána. Cp. 15240,Ciudad de México,Venustiano Carranza,19.446139,-99.113372
Atún,Lata 130 Gr. Aleta Amarilla en Hojuelas en Agua con Aceite,Herdez,Pescados y Mariscos en Conserva,Basicos,23,2025/12/26,Superissste,Supermercado / Tienda de Autoservicio,Superissste Sucursal 022,Av. del Taller y Retorno No. 38 Dentro del Retorno 38. Col. Jardín Balbuena. Cp. 15900,Ciudad de México,Venustiano Carranza,19.412842,-99.105666
Atún,Lata 130 Gr. Aleta Amarilla en Hojuelas en Agua con Aceite,Herdez,Pescados y Mariscos en Conserva,Basicos,24,2025/12/18,Chedraui,Supermercado / Tienda de Autoservicio,Chedraui Sucursal Anfora,Anfora 71. Esq. Eje 1 Norte. Col. Madero. Cp. 15320,Ciudad de México,Venustiano Carranza,19.437353,-99.110088
Atún,Lata 130 Gr. Aleta Amarilla en Hojuelas en Agua con Aceite,Herdez,Pescados y Mariscos en Conserva,Basicos,24,2025/12/23,Wal-mart,Supermercado / Tienda de Autoservicio,Walmart Sucursal Unidad Plaza de Toros,Autopista Querétaro Celaya 5501. Int. del Centro Comercial Plaza Esfera. Col. el Jacal. Cp. 76187,Querétaro,Santiago de Querétaro,20.574076,-100.408704
Atún,Lata 130 Gr. con 30% de Soya en Agua,El Dorado,Pescados y Mariscos en Conserva,Basicos,12.9,2025/12/18,La Comer,Supermercado / Tienda de Autoservicio,Lacomer Sucursal Queretaro Estadio,Luis M. Vega y Monroy 1300. Esq.cimataRío . Col. CimataRío. Cp. 76090,Querétaro,Santiago de Querétaro,20.577804,-100.373626
Atún,Lata 130 Gr. con 30% de Soya en Agua,El Dorado,Pescados y Mariscos en Conserva,Basicos,14.5,2025/12/18,Chedraui,Supermercado / Tienda de Autoservicio,Chedraui Sucursal Anfora,Anfora 71. Esq. Eje 1 Norte. Col. Madero. Cp. 15320,Ciudad de México,Venustiano Carranza,19.437353,-99.110088
Atún,Lata 130 Gr. con 30% de Soya en Agua con Aceite,El Dorado,Pescados y Mariscos en Conserva,Basicos,12.9,2025/12/18,La Comer,Supermercado / Tienda de Autoservicio,Lacomer Sucursal Queretaro Estadio,Luis M. Vega y Monroy 1300. Esq.cimataRío . Col. CimataRío. Cp. 76090,Querétaro,Santiago de Querétaro,20.577804,-100.373626
Atún,Lata 130 Gr. con 30% de Soya en Agua con Aceite,El Dorado,Pescados y Mariscos en Conserva,Basicos,14.5,2025/12/17,Chedraui,Supermercado / Tienda de Autoservicio,Chedraui Sucursal Centro Sur,Blvd. Bernardo Quintana 502. Carr. con Direccion a Centro Civico. Col. Centro Sur. Cp. 76087,Querétaro,Santiago de Querétaro,20.569354,-100.358831
Atún,Lata 130 Gr. con 30% de Soya en Agua con Aceite,El Dorado,Pescados y Mariscos en Conserva,Basicos,14.5,2025/12/18,Chedraui,Supermercado / Tienda de Autoservicio,Chedraui Sucursal Anfora,Anfora 71. Esq. Eje 1 Norte. Col. Madero. Cp. 15320,Ciudad de México,Venustiano Carranza,19.437353,-99.110088
Atún,Lata 130 Gr. en Hojuelas en Agua,Mazatún,Pescados y Mariscos en Conserva,Basicos,18,2025/12/16,Oxxo,Tienda de Conveniencia,Oxxo Sucursal Corregidora 50 Cr,Circuito Moises Solana No. 128. Esq. Gertrudis Bocanegra. Col. Burocratas. Cp. 76070,Querétaro,Santiago de Querétaro,20.57462,-100.384232
Atún,Lata 130 Gr. en Hojuelas en Agua,Mazatún,Pescados y Mariscos en Conserva,Basicos,19.5,2025/12/18,La Comer,Supermercado / Tienda de Autoservicio,Lacomer Sucursal Queretaro Estadio,Luis M. Vega y Monroy 1300. Esq.cimataRío . Col. CimataRío. Cp. 76090,Querétaro,Santiago de Querétaro,20.577804,-100.373626
Atún,Lata 130 Gr. en Hojuelas en Agua,Mazatún,Pescados y Mariscos en Conserva,Basicos,23.5,2025/12/31,Hipermercado Soriana,Supermercado / Tienda de Autoservicio,Soriana Hiper Sucursal Cimatario,Ctra. a Huimilpan 1001. Int. del Centro Comercial Plaza del Sol. Col. Plazas del Sol. Iii Sección. Cp. 76099,Querétaro,Santiago de Querétaro,20.563227,-100.375284
Atún,Lata 130 Gr. en Hojuelas en Agua,Mazatún,Pescados y Mariscos en Conserva,Pacic,17,2025/12/19,Superissste,Supermercado / Tienda de Autoservicio,Superissste Sucursal 011,Calle Peluqueros No. 310 Esquina Calle Tizayuca. Col. Michoacána. Cp. 15240,Ciudad de México,Venustiano Carranza,19.446139,-99.113372
Atún,Lata 130 Gr. en Hojuelas en Agua,Mazatún,Pescados y Mariscos en Conserva,Pacic,17,2025/12/19,Superissste,Supermercado / Tienda de Autoservicio,Superissste Sucursal 022,Av. del Taller y Retorno No. 38 Dentro del Retorno 38. Col. Jardín Balbuena. Cp. 15900,Ciudad de México,Venustiano Carranza,19.412842,-99.105666
Atún,Lata 130 Gr. en Hojuelas en Agua,Mazatún,Pescados y Mariscos en Conserva,Pacic,17,2025/12/26,Superissste,Supermercado / Tienda de Autoservicio,Superissste Sucursal 022,Av. del Taller y Retorno No. 38 Dentro del Retorno 38. Col. Jardín Balbuena. Cp. 15900,Ciudad de México,Venustiano Carranza,19.412842,-99.105666
Atún,Lata 130 Gr. en Hojuelas en Agua con Aceite,Mazatún,Pescados y Mariscos en Conserva,Basicos,19.5,2025/12/22,Chedraui,Supermercado / Tienda de Autoservicio,Chedraui Sucursal Centro Sur,Blvd. Bernardo Quintana 502. Carr. con Direccion a Centro Civico. Col. Centro Sur. Cp. 76087,Querétaro,Santiago de Querétaro,20.569354,-100.358831
Atún,Lata 130 Gr. en Hojuelas en Agua con Aceite,Mazatún,Pescados y Mariscos en Conserva,Basicos,19.5,2025/12/31,Hipermercado Soriana,Supermercado / Tienda de Autoservicio,Soriana Hiper Sucursal Cimatario,Ctra. a Huimilpan 1001. Int. del Centro Comercial Plaza del Sol. Col. Plazas del Sol. Iii Sección. Cp. 76099,Querétaro,Santiago de Querétaro,20.563227,-100.375284
Atún,Lata 130 Gr. en Hojuelas en Agua con Aceite,Mazatún,Pescados y Mariscos en Conserva,Basicos,20,2025/12/19,Superissste,Supermercado / Tienda de Autoservicio,Superissste Sucursal 011,Calle Peluqueros No. 310 Esquina Calle Tizayuca. Col. Michoacána. Cp. 15240,Ciudad de México,Venustiano Carranza,19.446139,-99.113372
Atún,Lata 130 Gr. en Hojuelas en Agua con Aceite,Mazatún,Pescados y Mariscos en Conserva,Basicos,20,2025/12/19,Superissste,Supermercado / Tienda de Autoservicio,Superissste Sucursal 022,Av. del Taller y Retorno No. 38 Dentro del Retorno 38. Col. Jardín Balbuena. Cp. 15900,Ciudad de México,Venustiano Carranza,19.412842,-99.105666
Atún,Lata 130 Gr. en Hojuelas en Agua con Aceite,Mazatún,Pescados y Mariscos en Conserva,Basicos,20,2025/12/26,Superissste,Supermercado / Tienda de Autoservicio,Superissste Sucursal 011,Calle Peluqueros No. 310 Esquina Calle Tizayuca. Col. Michoacána. Cp. 15240,Ciudad de México,Venustiano Carranza,19.446139,-99.113372
Atún,Lata 130 Gr. en Hojuelas en Agua con Aceite,Mazatún,Pescados y Mariscos en Conserva,Basicos,20,2025/12/26,Superissste,Supermercado / Tienda de Autoservicio,Superissste Sucursal 022,Av. del Taller y Retorno No. 38 Dentro del Retorno 38. Col. Jardín Balbuena. Cp. 15900,Ciudad de México,Venustiano Carranza,19.412842,-99.105666
Atún,Lata 140 Gr. (clásico). Aleta Amarilla en Hojuelas en Agua,Tuny,Pescados y Mariscos en Conserva,Basicos,20.5,2025/12/31,Hipermercado Soriana,Supermercado / Tienda de Autoservicio,Soriana Hiper Sucursal Cimatario,Ctra. a Huimilpan 1001. Int. del Centro Comercial Plaza del Sol. Col. Plazas del Sol. Iii Sección. Cp. 76099,Querétaro,Santiago de Querétaro,20.563227,-100.375284
Atún,Lata 140 Gr. (clásico). Aleta Amarilla en Hojuelas en Agua,Tuny,Pescados y Mariscos en Conserva,Basicos,24,2025/12/18,Wal-mart,Supermercado / Tienda de Autoservicio,Walmart Sucursal Aeropuerto,Calz. Ignacio Zaragoza 58. Esq. Blvd. Puerto Aereo. Col. Federal. Cp. 15700,Ciudad de México,Venustiano Carranza,19.41926,-99.094521
Atún,Lata 140 Gr. (clásico). Aleta Amarilla en Hojuelas en Agua,Tuny,Pescados y Mariscos en Conserva,Basicos,24,2025/12/18,Wal-mart,Supermercado / Tienda de Autoservicio,Walmart Sucursal Balbuena,Fray Servando Teresa de Mier 881. Entre Fernando Iglesia Calderon y Genaro Garcia. Col. Jardín Balbuena. Cp. 15900,Ciudad de México,Venustiano Carranza,19.418067,-99.105639
Atún,Lata 140 Gr. (clásico). Aleta Amarilla en Hojuelas en Agua,Tuny,Pescados y Mariscos en Conserva,Basicos,24,2025/12/23,Wal-mart,Supermercado / Tienda de Autoservicio,Walmart Sucursal Unidad Plaza de Toros,Autopista Querétaro Celaya 5501. Int. del Centro Comercial Plaza Esfera. Col. el Jacal. Cp. 76187,Querétaro,Santiago de Querétaro,20.574076,-100.408704
Atún,Lata 140 Gr. (clásico). Aleta Amarilla en Hojuelas en Agua con Aceite,Tuny,Pescados y Mariscos en Conserva,Basicos,20.5,2025/12/31,Hipermercado Soriana,Supermercado / Tienda de Autoservicio,Soriana Hiper Sucursal Cimatario,Ctra. a Huimilpan 1001. Int. del Centro Comercial Plaza del Sol. Col. Plazas del Sol. Iii Sección. Cp. 76099,Querétaro,Santiago de Querétaro,20.563227,-100.375284
Atún,Lata 140 Gr. (clásico). Aleta Amarilla en Hojuelas en Agua con Aceite,Tuny,Pescados y Mariscos en Conserva,Basicos,24,2025/12/18,Wal-mart,Supermercado / Tienda de Autoservicio,Walmart Sucursal Aeropuerto,Calz. Ignacio Zaragoza 58. Esq. Blvd. Puerto Aereo. Col. Federal. Cp. 15700,Ciudad de México,Venustiano Carranza,19.41926,-99.094521
Atún,Lata 140 Gr. (clásico). Aleta Amarilla en Hojuelas en Agua con Aceite,Tuny,Pescados y Mariscos en Conserva,Basicos,24,2025/12/18,Wal-mart,Supermercado / Tienda de Autoservicio,Walmart Sucursal Balbuena,Fray Servando Teresa de Mier 881. Entre Fernando Iglesia Calderon y Genaro Garcia. Col. Jardín Balbuena. Cp. 15900,Ciudad de México,Venustiano Carranza,19.418067,-99.105639
Atún,Lata 140 Gr. (clásico). Aleta Amarilla en Hojuelas en Agua con Aceite,Tuny,Pescados y Mariscos en Conserva,Basicos,24,2025/12/23,Wal-mart,Supermercado / Tienda de Autoservicio,Walmart Sucursal Unidad Plaza de Toros,Autopista Querétaro Celaya 5501. Int. del Centro Comercial Plaza Esfera. Col. el Jacal. Cp. 76187,Querétaro,Santiago de Querétaro,20.574076,-100.408704
Atún,Lata 140 Gr. Aleta Amarilla en Hojuelas en Agua,Dolores,Pescados y Mariscos en Conserva,Basicos,21.9,2025/12/31,Hipermercado Soriana,Supermercado / Tienda de Autoservicio,Soriana Hiper Sucursal Cimatario,Ctra. a Huimilpan 1001. Int. del Centro Comercial Plaza del Sol. Col. Plazas del Sol. Iii Sección. Cp. 76099,Querétaro,Santiago de Querétaro,20.563227,-100.375284
Atún,Lata 140 Gr. Aleta Amarilla en Hojuelas en Agua,Dolores,Pescados y Mariscos en Conserva,Basicos,24,2025/12/18,Bodega Aurrera,Supermercado / Tienda de Autoservicio,Bodega Aurrera Sucursal la Viga,Calz. de la Viga 136 Esq. del Taller. Col. Lorenzo Boturini. Cp. 15820,Ciudad de México,Venustiano Carranza,19.414749,-99.127874
Atún,Lata 140 Gr. Aleta Amarilla en Hojuelas en Agua,Dolores,Pescados y Mariscos en Conserva,Basicos,24,2025/12/18,Wal-mart,Supermercado / Tienda de Autoservicio,Walmart Sucursal Aeropuerto,Calz. Ignacio Zaragoza 58. Esq. Blvd. Puerto Aereo. Col. Federal. Cp. 15700,Ciudad de México,Venustiano Carranza,19.41926,-99.094521
Atún,Lata 140 Gr. Aleta Amarilla en Hojuelas en Agua,Dolores,Pescados y Mariscos en Conserva,Basicos,24,2025/12/19,Bodega Aurrera,Supermercado / Tienda de Autoservicio,Bodega Aurrera Sucursal Centro Constituyentes,Constituyentes Oriente 334. Entre Pasteur y Manuel Ponce. Col. MercuRío. Cp. 76040,Querétaro,Santiago de Querétaro,20.586349,-100.382801
Atún,Lata 140 Gr. Aleta Amarilla en Hojuelas en Agua,Dolores,Pescados y Mariscos en Conserva,Basicos,24,2025/12/23,Bodega Aurrera,Supermercado / Tienda de Autoservicio,Bodega Aurrera Sucursal Centro Constituyentes,Constituyentes Oriente 334. Entre Pasteur y Manuel Ponce. Col. MercuRío. Cp. 76040,Querétaro,Santiago de Querétaro,20.586349,-100.382801
Atún,Lata 140 Gr. Aleta Amarilla en Hojuelas en Agua,Dolores,Pescados y Mariscos en Conserva,Basicos,25,2025/12/18,Wal-mart,Supermercado / Tienda de Autoservicio,Walmart Sucursal Balbuena,Fray Servando Teresa de Mier 881. Entre Fernando Iglesia Calderon y Genaro Garcia. Col. Jardín Balbuena. Cp. 15900,Ciudad de México,Venustiano Carranza,19.418067,-99.105639
Atún,Lata 140 Gr. Aleta Amarilla en Hojuelas en Agua,Dolores,Pescados y Mariscos en Conserva,Basicos,25,2025/12/23,Wal-mart,Supermercado / Tienda de Autoservicio,Walmart Sucursal Unidad Plaza de Toros,Autopista Querétaro Celaya 5501. Int. del Centro Comercial Plaza Esfera. Col. el Jacal. Cp. 76187,Querétaro,Santiago de Querétaro,20.574076,-100.408704
Atún,Lata 140 Gr. Aleta Amarilla en Hojuelas en Agua con Aceite,Dolores,Pescados y Mariscos en Conserva,Basicos,21.9,2025/12/31,Hipermercado Soriana,Supermercado / Tienda de Autoservicio,Soriana Hiper Sucursal Cimatario,Ctra. a Huimilpan 1001. Int. del Centro Comercial Plaza del Sol. Col. Plazas del Sol. Iii Sección. Cp. 76099,Querétaro,Santiago de Querétaro,20.563227,-100.375284
Atún,Lata 140 Gr. Aleta Amarilla en Hojuelas en Agua con Aceite,Dolores,Pescados y Mariscos en Conserva,Basicos,24,2025/12/18,Bodega Aurrera,Supermercado / Tienda de Autoservicio,Bodega Aurrera Sucursal la Viga,Calz. de la Viga 136 Esq. del Taller. Col. Lorenzo Boturini. Cp. 15820,Ciudad de México,Venustiano Carranza,19.414749,-99.127874
Atún,Lata 140 Gr. Aleta Amarilla en Hojuelas en Agua con Aceite,Dolores,Pescados y Mariscos en Conserva,Basicos,24,2025/12/18,Wal-mart,Supermercado / Tienda de Autoservicio,Walmart Sucursal Aeropuerto,Calz. Ignacio Zaragoza 58. Esq. Blvd. Puerto Aereo. Col. Federal. Cp. 15700,Ciudad de México,Venustiano Carranza,19.41926,-99.094521
Atún,Lata 140 Gr. Aleta Amarilla en Hojuelas en Agua con Aceite,Dolores,Pescados y Mariscos en Conserva,Basicos,24,2025/12/19,Bodega Aurrera,Supermercado / Tienda de Autoservicio,Bodega Aurrera Sucursal Centro Constituyentes,Constituyentes Oriente 334. Entre Pasteur y Manuel Ponce. Col. MercuRío. Cp. 76040,Querétaro,Santiago de Querétaro,20.586349,-100.382801
Atún,Lata 140 Gr. Aleta Amarilla en Hojuelas en Agua con Aceite,Dolores,Pescados y Mariscos en Conserva,Basicos,24,2025/12/23,Bodega Aurrera,Supermercado / Tienda de Autoservicio,Bodega Aurrera Sucursal Centro Constituyentes,Constituyentes Oriente 334. Entre Pasteur y Manuel Ponce. Col. MercuRío. Cp. 76040,Querétaro,Santiago de Querétaro,20.586349,-100.382801
Atún,Lata 140 Gr. Aleta Amarilla en Hojuelas en Agua con Aceite,Dolores,Pescados y Mariscos en Conserva,Basicos,25,2025/12/18,Wal-mart,Supermercado / Tienda de Autoservicio,Walmart Sucursal Balbuena,Fray Servando Teresa de Mier 881. Entre Fernando Iglesia Calderon y Genaro Garcia. Col. Jardín Balbuena. Cp. 15900,Ciudad de México,Venustiano Carranza,19.418067,-99.105639
Atún,Lata 140 Gr. Aleta Amarilla en Hojuelas en Agua con Aceite,Dolores,Pescados y Mariscos en Conserva,Basicos,25,2025/12/23,Wal-mart,Supermercado / Tienda de Autoservicio,Walmart Sucursal Unidad Plaza de Toros,Autopista Querétaro Celaya 5501. Int. del Centro Comercial Plaza Esfera. Col. el Jacal. Cp. 76187,Querétaro,Santiago de Querétaro,20.574076,-100.408704
Atún,"Lata 140 Gr. Desmenuzado en Aceite. Standard, Sin Soya",Fresh Label,Pescados y Mariscos en Conserva,Pacic,17.9,2025/12/22,Hipermercado Soriana,Supermercado / Tienda de Autoservicio,Soriana Hiper Sucursal Cimatario,Ctra. a Huimilpan 1001. Int. del Centro Comercial Plaza del Sol. Col. Plazas del Sol. Iii Sección. Cp. 76099,Querétaro,Santiago de Querétaro,20.563227,-100.375284
Atún,"Lata 140 Gr. Desmenuzado en Aceite. Standard, Sin Soya",Fresh Label,Pescados y Mariscos en Conserva,Pacic,9,2025/12/17,Chedraui,Supermercado / Tienda de Autoservicio,Chedraui Sucursal Centro Sur,Blvd. Bernardo Quintana 502. Carr. con Direccion a Centro Civico. Col. Centro Sur. Cp. 76087,Querétaro,Santiago de Querétaro,20.569354,-100.358831
Atún,Lata 140 Gr. Desmenuzado en Agua,Valley Foods,Pescados y Mariscos en Conserva,Pacic,10.3,2025/12/22,Hipermercado Soriana,Supermercado / Tienda de Autoservicio,Soriana Hiper Sucursal Cimatario,Ctra. a Huimilpan 1001. Int. del Centro Comercial Plaza del Sol. Col. Plazas del Sol. Iii Sección. Cp. 76099,Querétaro,Santiago de Querétaro,20.563227,-100.375284
Atún,Lata 140 Gr. Desmenuzado en Agua,Valley Foods,Pescados y Mariscos en Conserva,Pacic,10.3,2025/12/31,Hipermercado Soriana,Supermercado / Tienda de Autoservicio,Soriana Hiper Sucursal Cimatario,Ctra. a Huimilpan 1001. Int. del Centro Comercial Plaza del Sol. Col. Plazas del Sol. Iii Sección. Cp. 76099,Querétaro,Santiago de Querétaro,20.563227,-100.375284
Atún,Lata 140 Gr. Desmenuzado en Agua con Aceite,Valley Foods,Pescados y Mariscos en Conserva,Pacic,10.3,2025/12/22,Hipermercado Soriana,Supermercado / Tienda de Autoservicio,Soriana Hiper Sucursal Cimatario,Ctra. a Huimilpan 1001. Int. del Centro Comercial Plaza del Sol. Col. Plazas del Sol. Iii Sección. Cp. 76099,Querétaro,Santiago de Querétaro,20.563227,-100.375284
Atún,Lata 140 Gr. Desmenuzado en Agua con Aceite,Valley Foods,Pescados y Mariscos en Conserva,Pacic,10.3,2025/12/31,Hipermercado Soriana,Supermercado / Tienda de Autoservicio,Soriana Hiper Sucursal Cimatario,Ctra. a Huimilpan 1001. Int. del Centro Comercial Plaza del Sol. Col. Plazas del Sol. Iii Sección. Cp. 76099,Querétaro,Santiago de Querétaro,20.563227,-100.375284
Atún,"Lata 140 Gr. Desmenuzado en Agua. Standard, Sin Soya",Fresh Label,Pescados y Mariscos en Conserva,Pacic,17.9,2025/12/31,Hipermercado Soriana,Supermercado / Tienda de Autoservicio,Soriana Hiper Sucursal Cimatario,Ctra. a Huimilpan 1001. Int. del Centro Comercial Plaza del Sol. Col. Plazas del Sol. Iii Sección. Cp. 76099,Querétaro,Santiago de Querétaro,20.563227,-100.375284
Atún,"Lata 140 Gr. Desmenuzado en Agua. Standard, Sin Soya",Fresh Label,Pescados y Mariscos en Conserva,Pacic,18,2025/12/22,Hipermercado Soriana,Supermercado / Tienda de Autoservicio,Soriana Hiper Sucursal Cimatario,Ctra. a Huimilpan 1001. Int. del Centro Comercial Plaza del Sol. Col. Plazas del Sol. Iii Sección. Cp. 76099,Querétaro,Santiago de Querétaro,20.563227,-100.375284
Atún,"Lata 140 Gr. Desmenuzado en Agua. Standard, Sin Soya",Fresh Label,Pescados y Mariscos en Conserva,Pacic,9,2025/12/18,Chedraui,Supermercado / Tienda de Autoservicio,Chedraui Sucursal Anfora,Anfora 71. Esq. Eje 1 Norte. Col. Madero. Cp. 15320,Ciudad de México,Venustiano Carranza,19.437353,-99.110088
Atún,"Lata 140 Gr. Desmenuzado en Agua. Standard, Sin Soya",Fresh Label,Pescados y Mariscos en Conserva,Pacic,9,2025/12/22,Chedraui,Supermercado / Tienda de Autoservicio,Chedraui Sucursal Centro Sur,Blvd. Bernardo Quintana 502. Carr. con Direccion a Centro Civico. Col. Centro Sur. Cp. 76087,Querétaro,Santiago de Querétaro,20.569354,-100.358831
Atún,Lata 140 Gr. en Agua,Fisha Tuna,Pescados y Mariscos en Conserva,Pacic,10,2025/12/17,Wal-mart,Supermercado / Tienda de Autoservicio,Walmart Sucursal Unidad Plaza de Toros,Autopista Querétaro Celaya 5501. Int. del Centro Comercial Plaza Esfera. Col. el Jacal. Cp. 76187,Querétaro,Santiago de Querétaro,20.574076,-100.408704
Atún,Lata 140 Gr. en Agua,Fisha Tuna,Pescados y Mariscos en Conserva,Pacic,10,2025/12/18,Bodega Aurrera,Supermercado / Tienda de Autoservicio,Bodega Aurrera Sucursal la Viga,Calz. de la Viga 136 Esq. del Taller. Col. Lorenzo Boturini. Cp. 15820,Ciudad de México,Venustiano Carranza,19.414749,-99.127874
Atún,Lata 140 Gr. en Agua,Fisha Tuna,Pescados y Mariscos en Conserva,Pacic,10,2025/12/18,Wal-mart,Supermercado / Tienda de Autoservicio,Walmart Sucursal Aeropuerto,Calz. Ignacio Zaragoza 58. Esq. Blvd. Puerto Aereo. Col. Federal. Cp. 15700,Ciudad de México,Venustiano Carranza,19.41926,-99.094521
Atún,Lata 140 Gr. en Agua,Fisha Tuna,Pescados y Mariscos en Conserva,Pacic,10,2025/12/18,Wal-mart,Supermercado / Tienda de Autoservicio,Walmart Sucursal Balbuena,Fray Servando Teresa de Mier 881. Entre Fernando Iglesia Calderon y Genaro Garcia. Col. Jardín Balbuena. Cp. 15900,Ciudad de México,Venustiano Carranza,19.418067,-99.105639
Atún,Lata 140 Gr. en Agua,Fisha Tuna,Pescados y Mariscos en Conserva,Pacic,10,2025/12/19,Bodega Aurrera,Supermercado / Tienda de Autoservicio,Bodega Aurrera Sucursal Centro Constituyentes,Constituyentes Oriente 334. Entre Pasteur y Manuel Ponce. Col. MercuRío. Cp. 76040,Querétaro,Santiago de Querétaro,20.586349,-100.382801
Atún,Lata 140 Gr. en Agua,Fisha Tuna,Pescados y Mariscos en Conserva,Pacic,10,2025/12/23,Bodega Aurrera,Supermercado / Tienda de Autoservicio,Bodega Aurrera Sucursal Centro Constituyentes,Constituyentes Oriente 334. Entre Pasteur y Manuel Ponce. Col. MercuRío. Cp. 76040,Querétaro,Santiago de Querétaro,20.586349,-100.382801
Atún,Lata 140 Gr. en Agua,Fisha Tuna,Pescados y Mariscos en Conserva,Pacic,10,2025/12/23,Wal-mart,Supermercado / Tienda de Autoservicio,Walmart Sucursal Balbuena,Fray Servando Teresa de Mier 881. Entre Fernando Iglesia Calderon y Genaro Garcia. Col. Jardín Balbuena. Cp. 15900,Ciudad de México,Venustiano Carranza,19.418067,-99.105639
Atún,Lata 140 Gr. en Agua,Fisha Tuna,Pescados y Mariscos en Conserva,Pacic,10,2025/12/23,Wal-mart,Supermercado / Tienda de Autoservicio,Walmart Sucursal Unidad Plaza de Toros,Autopista Querétaro Celaya 5501. Int. del Centro Comercial Plaza Esfera. Col. el Jacal. Cp. 76187,Querétaro,Santiago de Querétaro,20.574076,-100.408704
Atún,Lata 140 Gr. en Hojuelas en Agua,Great Value,Pescados y Mariscos en Conserva,Pacic,18,2025/12/17,Wal-mart,Supermercado / Tienda de Autoservicio,Walmart Sucursal Unidad Plaza de Toros,Autopista Querétaro Celaya 5501. Int. del Centro Comercial Plaza Esfera. Col. el Jacal. Cp. 76187,Querétaro,Santiago de Querétaro,20.574076,-100.408704
Atún,Lata 140 Gr. en Hojuelas en Agua,Great Value,Pescados y Mariscos en Conserva,Pacic,18,2025/12/18,Wal-mart,Supermercado / Tienda de Autoservicio,Walmart Sucursal Aeropuerto,Calz. Ignacio Zaragoza 58. Esq. Blvd. Puerto Aereo. Col. Federal. Cp. 15700,Ciudad de México,Venustiano Carranza,19.41926,-99.094521
Atún,Lata 140 Gr. en Hojuelas en Agua,Great Value,Pescados y Mariscos en Conserva,Pacic,18,2025/12/18,Wal-mart,Supermercado / Tienda de Autoservicio,Walmart Sucursal Balbuena,Fray Servando Teresa de Mier 881. Entre Fernando Iglesia Calderon y Genaro Garcia. Col. Jardín Balbuena. Cp. 15900,Ciudad de México,Venustiano Carranza,19.418067,-99.105639
Atún,Lata 140 Gr. en Hojuelas en Agua,Great Value,Pescados y Mariscos en Conserva,Pacic,18,2025/12/23,Wal-mart,Supermercado / Tienda de Autoservicio,Walmart Sucursal Balbuena,Fray Servando Teresa de Mier 881. Entre Fernando Iglesia Calderon y Genaro Garcia. Col. Jardín Balbuena. Cp. 15900,Ciudad de México,Venustiano Carranza,19.418067,-99.105639
Atún,Lata 140 Gr. en Hojuelas en Agua,Great Value,Pescados y Mariscos en Conserva,Pacic,18,2025/12/23,Wal-mart,Supermercado / Tienda de Autoservicio,Walmart Sucursal Unidad Plaza de Toros,Autopista Querétaro Celaya 5501. Int. del Centro Comercial Plaza Esfera. Col. el Jacal. Cp. 76187,Querétaro,Santiago de Querétaro,20.574076,-100.408704
Atún,Lata 140 Gr. en Hojuelas en Agua,Great Value,Pescados y Mariscos en Conserva,Pacic,18.5,2025/12/23,Bodega Aurrera,Supermercado / Tienda de Autoservicio,Bodega Aurrera Sucursal Centro Constituyentes,Constituyentes Oriente 334. Entre Pasteur y Manuel Ponce. Col. MercuRío. Cp. 76040,Querétaro,Santiago de Querétaro,20.586349,-100.382801
Atún,Lata 140 Gr. en Hojuelas en Agua,Great Value,Pescados y Mariscos en Conserva,Pacic,19,2025/12/18,Bodega Aurrera,Supermercado / Tienda de Autoservicio,Bodega Aurrera Sucursal la Viga,Calz. de la Viga 136 Esq. del Taller. Col. Lorenzo Boturini. Cp. 15820,Ciudad de México,Venustiano Carranza,19.414749,-99.127874
Atún,Lata 140 Gr. en Hojuelas en Agua,Valley Foods,Pescados y Mariscos,Basicos,19.9,2025/12/31,Hipermercado Soriana,Supermercado / Tienda de Autoservicio,Soriana Hiper Sucursal Cimatario,Ctra. a Huimilpan 1001. Int. del Centro Comercial Plaza del Sol. Col. Plazas del Sol. Iii Sección. Cp. 76099,Querétaro,Santiago de Querétaro,20.563227,-100.375284
Atún,Lata 140 Gr. en Hojuelas en Agua con Aceite,Valley Foods,Pescados y Mariscos,Basicos,19.9,2025/12/31,Hipermercado Soriana,Supermercado / Tienda de Autoservicio,Soriana Hiper Sucursal Cimatario,Ctra. a Huimilpan 1001. Int. del Centro Comercial Plaza del Sol. Col. Plazas del Sol. Iii Sección. Cp. 76099,Querétaro,Santiago de Querétaro,20.563227,-100.375284
Autopistas,Jfl57. Disney. Pixar Cars. Pista de Rescate,Mattel,Arts. de Esparcimiento (juguetes),Juguetes,1599,2025/12/18,Wal-mart,Supermercado / Tienda de Autoservicio,Walmart Sucursal Aeropuerto,Calz. Ignacio Zaragoza 58. Esq. Blvd. Puerto Aereo. Col. Federal. Cp. 15700,Ciudad de México,Venustiano Carranza,19.41926,-99.094521
Azúcar,Bolsa 500 Gr. Mascabado,Zulka,Azúcar,Basicos,25,2025/12/23,Wal-mart,Supermercado / Tienda de Autoservicio,Walmart Sucursal Unidad Plaza de Toros,Autopista Querétaro Celaya 5501. Int. del Centro Comercial Plaza Esfera. Col. el Jacal. Cp. 76187,Querétaro,Santiago de Querétaro,20.574076,-100.408704
Azúcar,Bolsa 500 Gr. Mascabado,Zulka,Azúcar,Basicos,25.4,2025/12/18,La Comer,Supermercado / Tienda de Autoservicio,Lacomer Sucursal Queretaro Estadio,Luis M. Vega y Monroy 1300. Esq.cimataRío . Col. CimataRío. Cp. 76090,Querétaro,Santiago de Querétaro,20.577804,-100.373626
Azúcar,Bolsa 500 Gr. Mascabado,Zulka,Azúcar,Basicos,27,2025/12/19,Superissste,Supermercado / Tienda de Autoservicio,Superissste Sucursal 011,Calle Peluqueros No. 310 Esquina Calle Tizayuca. Col. Michoacána. Cp. 15240,Ciudad de México,Venustiano Carranza,19.446139,-99.113372
Azúcar,Bolsa 500 Gr. Mascabado,Zulka,Azúcar,Basicos,27,2025/12/19,Superissste,Supermercado / Tienda de Autoservicio,Superissste Sucursal 022,Av. del Taller y Retorno No. 38 Dentro del Retorno 38. Col. Jardín Balbuena. Cp. 15900,Ciudad de México,Venustiano Carranza,19.412842,-99.105666
Azúcar,Bolsa 500 Gr. Mascabado,Zulka,Azúcar,Basicos,27,2025/12/26,Superissste,Supermercado / Tienda de Autoservicio,Superissste Sucursal 011,Calle Peluqueros No. 310 Esquina Calle Tizayuca. Col. Michoacána. Cp. 15240,Ciudad de México,Venustiano Carranza,19.446139,-99.113372
Azúcar,Bolsa 500 Gr. Mascabado,Zulka,Azúcar,Basicos,27,2025/12/26,Superissste,Supermercado / Tienda de Autoservicio,Superissste Sucursal 022,Av. del Taller y Retorno No. 38 Dentro del Retorno 38. Col. Jardín Balbuena. Cp. 15900,Ciudad de México,Venustiano Carranza,19.412842,-99.105666
Azúcar,Bolsa 500 Gr. Mascabado,Zulka,Azúcar,Basicos,29,2025/12/19,Bodega Aurrera,Supermercado / Tienda de Autoservicio,Bodega Aurrera Sucursal Centro Constituyentes,Constituyentes Oriente 334. Entre Pasteur y Manuel Ponce. Col. MercuRío. Cp. 76040,Querétaro,Santiago de Querétaro,20.586349,-100.382801
Azúcar,Bolsa Plástico 1 Kg. Estándar,Golden Hills,Azúcar,Basicos,20,2025/12/24,La Comer,Supermercado / Tienda de Autoservicio,Lacomer Sucursal Queretaro Estadio,Luis M. Vega y Monroy 1300. Esq.cimataRío . Col. CimataRío. Cp. 76090,Querétaro,Santiago de Querétaro,20.577804,-100.373626
Azúcar,Bolsa Plástico 1 Kg. Estándar,Golden Hills,Azúcar,Pacic,20,2025/12/24,La Comer,Supermercado / Tienda de Autoservicio,Lacomer Sucursal Queretaro Estadio,Luis M. Vega y Monroy 1300. Esq.cimataRío . Col. CimataRío. Cp. 76090,Querétaro,Santiago de Querétaro,20.577804,-100.373626
Azúcar,Bolsa Plástico 1 Kg. Estándar o Morena,Zulka,Azúcar,Basicos,20.9,2025/12/19,Superissste,Supermercado / Tienda de Autoservicio,Superissste Sucursal 011,Calle Peluqueros No. 310 Esquina Calle Tizayuca. Col. Michoacána. Cp. 15240,Ciudad de México,Venustiano Carranza,19.446139,-99.113372
Azúcar,Bolsa Plástico 1 Kg. Estándar o Morena,Zulka,Azúcar,Basicos,20.9,2025/12/19,Superissste,Supermercado / Tienda de Autoservicio,Superissste Sucursal 022,Av. del Taller y Retorno No. 38 Dentro del Retorno 38. Col. Jardín Balbuena. Cp. 15900,Ciudad de México,Venustiano Carranza,19.412842,-99.105666
Azúcar,Bolsa Plástico 1 Kg. Estándar o Morena,Zulka,Azúcar,Basicos,20.9,2025/12/26,Superissste,Supermercado / Tienda de Autoservicio,Superissste Sucursal 011,Calle Peluqueros No. 310 Esquina Calle Tizayuca. Col. Michoacána. Cp. 15240,Ciudad de México,Venustiano Carranza,19.446139,-99.113372
Azúcar,Bolsa Plástico 1 Kg. Estándar o Morena,Zulka,Azúcar,Basicos,20.9,2025/12/26,Superissste,Supermercado / Tienda de Autoservicio,Superissste Sucursal 022,Av. del Taller y Retorno No. 38 Dentro del Retorno 38. Col. Jardín Balbuena. Cp. 15900,Ciudad de México,Venustiano Carranza,19.412842,-99.105666
Azúcar,Bolsa Plástico 1 Kg. Refinada,Zulka,Azúcar,Basicos,24.9,2025/12/19,Superissste,Supermercado / Tienda de Autoservicio,Superissste Sucursal 011,Calle Peluqueros No. 310 Esquina Calle Tizayuca. Col. Michoacána. Cp. 15240,Ciudad de México,Venustiano Carranza,19.446139,-99.113372
Azúcar,Bolsa Plástico 1 Kg. Refinada,Zulka,Azúcar,Basicos,24.9,2025/12/19,Superissste,Supermercado / Tienda de Autoservicio,Superissste Sucursal 022,Av. del Taller y Retorno No. 38 Dentro del Retorno 38. Col. Jardín Balbuena. Cp. 15900,Ciudad de México,Venustiano Carranza,19.412842,-99.105666
Azúcar,Bolsa Plástico 1 Kg. Refinada,Zulka,Azúcar,Basicos,24.9,2025/12/26,Superissste,Supermercado / Tienda de Autoservicio,Superissste Sucursal 011,Calle Peluqueros No. 310 Esquina Calle Tizayuca. Col. Michoacána. Cp. 15240,Ciudad de México,Venustiano Carranza,19.446139,-99.113372
Azúcar,Bolsa Plástico 1 Kg. Refinada,Zulka,Azúcar,Basicos,24.9,2025/12/26,Superissste,Supermercado / Tienda de Autoservicio,Superissste Sucursal 022,Av. del Taller y Retorno No. 38 Dentro del Retorno 38. Col. Jardín Balbuena. Cp. 15900,Ciudad de México,Venustiano Carranza,19.412842,-99.105666
Azúcar,Bolsa Plástico 1800 Gr. Estándar o Morena,Ke Precio,Azúcar,Basicos,60,2025/12/18,La Comer,Supermercado / Tienda de Autoservicio,Lacomer Sucursal Queretaro Estadio,Luis M. Vega y Monroy 1300. Esq.cimataRío . Col. CimataRío. Cp. 76090,Querétaro,Santiago de Querétaro,20.577804,-100.373626
Azúcar,Bolsa Plástico 1800 Gr. Estándar o Morena,Ke Precio,Azúcar,Basicos,60,2025/12/24,La Comer,Supermercado / Tienda de Autoservicio,Lacomer Sucursal Queretaro Estadio,Luis M. Vega y Monroy 1300. Esq.cimataRío . Col. CimataRío. Cp. 76090,Querétaro,Santiago de Querétaro,20.577804,-100.373626
Azúcar,Bolsa Plástico 2 Kg. Estándar,Aurrera,Azúcar,Basicos,45,2025/12/19,Bodega Aurrera,Supermercado / Tienda de Autoservicio,Bodega Aurrera Sucursal Centro Constituyentes,Constituyentes Oriente 334. Entre Pasteur y Manuel Ponce. Col. MercuRío. Cp. 76040,Querétaro,Santiago de Querétaro,20.586349,-100.382801
Azúcar,Bolsa Plástico 2 Kg. Estándar,Aurrera,Azúcar,Basicos,50,2025/12/16,Wal-mart,Supermercado / Tienda de Autoservicio,Walmart Sucursal Unidad Plaza de Toros,Autopista Querétaro Celaya 5501. Int. del Centro Comercial Plaza Esfera. Col. el Jacal. Cp. 76187,Querétaro,Santiago de Querétaro,20.574076,-100.408704
Azúcar,Bolsa Plástico 2 Kg. Estándar,Aurrera,Azúcar,Basicos,50,2025/12/18,Wal-mart,Supermercado / Tienda de Autoservicio,Walmart Sucursal Balbuena,Fray Servando Teresa de Mier 881. Entre Fernando Iglesia Calderon y Genaro Garcia. Col. Jardín Balbuena. Cp. 15900,Ciudad de México,Venustiano Carranza,19.418067,-99.105639
Azúcar,Bolsa Plástico 2 Kg. Estándar o Morena,Golden Hills,Azúcar,Basicos,72,2025/12/24,La Comer,Supermercado / Tienda de Autoservicio,Lacomer Sucursal Queretaro Estadio,Luis M. Vega y Monroy 1300. Esq.cimataRío . Col. CimataRío. Cp. 76090,Querétaro,Santiago de Querétaro,20.577804,-100.373626
Azúcar,Bolsa Plástico 2 Kg. Estándar o Morena,Precíssimo,Azúcar,Basicos,55.5,2025/12/22,Hipermercado Soriana,Supermercado / Tienda de Autoservicio,Soriana Hiper Sucursal Cimatario,Ctra. a Huimilpan 1001. Int. del Centro Comercial Plaza del Sol. Col. Plazas del Sol. Iii Sección. Cp. 76099,Querétaro,Santiago de Querétaro,20.563227,-100.375284
Azúcar,Bolsa Plástico 2 Kg. Estándar o Morena,Precíssimo,Azúcar,Basicos,55.5,2025/12/31,Hipermercado Soriana,Supermercado / Tienda de Autoservicio,Soriana Hiper Sucursal Cimatario,Ctra. a Huimilpan 1001. Int. del Centro Comercial Plaza del Sol. Col. Plazas del Sol. Iii Sección. Cp. 76099,Querétaro,Santiago de Querétaro,20.563227,-100.375284
Azúcar,Bolsa Plástico 2 Kg. Estándar o Morena,Zulka,Azúcar,Basicos,41.5,2025/12/19,Superissste,Supermercado / Tienda de Autoservicio,Superissste Sucursal 011,Calle Peluqueros No. 310 Esquina Calle Tizayuca. Col. Michoacána. Cp. 15240,Ciudad de México,Venustiano Carranza,19.446139,-99.113372
Azúcar,Bolsa Plástico 2 Kg. Estándar o Morena,Zulka,Azúcar,Basicos,41.5,2025/12/19,Superissste,Supermercado / Tienda de Autoservicio,Superissste Sucursal 022,Av. del Taller y Retorno No. 38 Dentro del Retorno 38. Col. Jardín Balbuena. Cp. 15900,Ciudad de México,Venustiano Carranza,19.412842,-99.105666
Azúcar,Bolsa Plástico 2 Kg. Estándar o Morena,Zulka,Azúcar,Basicos,41.5,2025/12/26,Superissste,Supermercado / Tienda de Autoservicio,Superissste Sucursal 011,Calle Peluqueros No. 310 Esquina Calle Tizayuca. Col. Michoacána. Cp. 15240,Ciudad de México,Venustiano Carranza,19.446139,-99.113372
Azúcar,Bolsa Plástico 2 Kg. Estándar o Morena,Zulka,Azúcar,Basicos,41.5,2025/12/26,Superissste,Supermercado / Tienda de Autoservicio,Superissste Sucursal 022,Av. del Taller y Retorno No. 38 Dentro del Retorno 38. Col. Jardín Balbuena. Cp. 15900,Ciudad de México,Venustiano Carranza,19.412842,-99.105666
Azúcar,Bolsa Plástico 2 Kg. Estándar o Morena,Zulka,Azúcar,Basicos,42,2025/12/16,Wal-mart,Supermercado / Tienda de Autoservicio,Walmart Sucursal Unidad Plaza de Toros,Autopista Querétaro Celaya 5501. Int. del Centro Comercial Plaza Esfera. Col. el Jacal. Cp. 76187,Querétaro,Santiago de Querétaro,20.574076,-100.408704
Azúcar,Bolsa Plástico 2 Kg. Estándar o Morena,Zulka,Azúcar,Basicos,42,2025/12/23,Bodega Aurrera,Supermercado / Tienda de Autoservicio,Bodega Aurrera Sucursal Centro Constituyentes,Constituyentes Oriente 334. Entre Pasteur y Manuel Ponce. Col. MercuRío. Cp. 76040,Querétaro,Santiago de Querétaro,20.586349,-100.382801
Azúcar,Bolsa Plástico 2 Kg. Estándar o Morena,Zulka,Azúcar,Basicos,43,2025/12/18,Wal-mart,Supermercado / Tienda de Autoservicio,Walmart Sucursal Aeropuerto,Calz. Ignacio Zaragoza 58. Esq. Blvd. Puerto Aereo. Col. Federal. Cp. 15700,Ciudad de México,Venustiano Carranza,19.41926,-99.094521
Azúcar,Bolsa Plástico 2 Kg. Estándar o Morena,Zulka,Azúcar,Basicos,43,2025/12/18,Wal-mart,Supermercado / Tienda de Autoservicio,Walmart Sucursal Balbuena,Fray Servando Teresa de Mier 881. Entre Fernando Iglesia Calderon y Genaro Garcia. Col. Jardín Balbuena. Cp. 15900,Ciudad de México,Venustiano Carranza,19.418067,-99.105639
Azúcar,Bolsa Plástico 2 Kg. Estándar o Morena,Zulka,Azúcar,Basicos,43,2025/12/23,Wal-mart,Supermercado / Tienda de Autoservicio,Walmart Sucursal Unidad Plaza de Toros,Autopista Querétaro Celaya 5501. Int. del Centro Comercial Plaza Esfera. Col. el Jacal. Cp. 76187,Querétaro,Santiago de Querétaro,20.574076,-100.408704
Azúcar,Bolsa Plástico 2 Kg. Estándar o Morena,Zulka,Azúcar,Basicos,44.9,2025/12/22,Hipermercado Soriana,Supermercado / Tienda de Autoservicio,Soriana Hiper Sucursal Cimatario,Ctra. a Huimilpan 1001. Int. del Centro Comercial Plaza del Sol. Col. Plazas del Sol. Iii Sección. Cp. 76099,Querétaro,Santiago de Querétaro,20.563227,-100.375284
Azúcar,Bolsa Plástico 2 Kg. Estándar o Morena,Zulka,Azúcar,Basicos,45,2025/12/19,Bodega Aurrera,Supermercado / Tienda de Autoservicio,Bodega Aurrera Sucursal Centro Constituyentes,Constituyentes Oriente 334. Entre Pasteur y Manuel Ponce. Col. MercuRío. Cp. 76040,Querétaro,Santiago de Querétaro,20.586349,-100.382801
Azúcar,Bolsa Plástico 2 Kg. Refinada,Great Value,Azúcar,Basicos,82,2025/12/23,Bodega Aurrera,Supermercado / Tienda de Autoservicio,Bodega Aurrera Sucursal Centro Constituyentes,Constituyentes Oriente 334. Entre Pasteur y Manuel Ponce. Col. MercuRío. Cp. 76040,Querétaro,Santiago de Querétaro,20.586349,-100.382801
Azúcar,Bolsa Plástico 2 Kg. Refinada,Great Value,Azúcar,Basicos,84,2025/12/16,Wal-mart,Supermercado / Tienda de Autoservicio,Walmart Sucursal Unidad Plaza de Toros,Autopista Querétaro Celaya 5501. Int. del Centro Comercial Plaza Esfera. Col. el Jacal. Cp. 76187,Querétaro,Santiago de Querétaro,20.574076,-100.408704
Azúcar,Bolsa Plástico 900 Gr. Estándar,Aurrera,Azúcar,Basicos,25,2025/12/18,Bodega Aurrera,Supermercado / Tienda de Autoservicio,Bodega Aurrera Sucursal la Viga,Calz. de la Viga 136 Esq. del Taller. Col. Lorenzo Boturini. Cp. 15820,Ciudad de México,Venustiano Carranza,19.414749,-99.127874
Azúcar,Bolsa Plástico 900 Gr. Estándar,Aurrera,Azúcar,Basicos,25,2025/12/19,Bodega Aurrera,Supermercado / Tienda de Autoservicio,Bodega Aurrera Sucursal Centro Constituyentes,Constituyentes Oriente 334. Entre Pasteur y Manuel Ponce. Col. MercuRío. Cp. 76040,Querétaro,Santiago de Querétaro,20.586349,-100.382801
Azúcar,Bolsa Plástico 900 Gr. Estándar,Aurrera,Azúcar,Basicos,25,2025/12/23,Bodega Aurrera,Supermercado / Tienda de Autoservicio,Bodega Aurrera Sucursal Centro Constituyentes,Constituyentes Oriente 334. Entre Pasteur y Manuel Ponce. Col. MercuRío. Cp. 76040,Querétaro,Santiago de Querétaro,20.586349,-100.382801
Azúcar,Bolsa Plástico 900 Gr. Estándar,Aurrera,Azúcar,Basicos,26,2025/12/16,Wal-mart,Supermercado / Tienda de Autoservicio,Walmart Sucursal Unidad Plaza de Toros,Autopista Querétaro Celaya 5501. Int. del Centro Comercial Plaza Esfera. Col. el Jacal. Cp. 76187,Querétaro,Santiago de Querétaro,20.574076,-100.408704
Azúcar,Bolsa Plástico 900 Gr. Estándar,Aurrera,Azúcar,Basicos,26,2025/12/18,Wal-mart,Supermercado / Tienda de Autoservicio,Walmart Sucursal Aeropuerto,Calz. Ignacio Zaragoza 58. Esq. Blvd. Puerto Aereo. Col. Federal. Cp. 15700,Ciudad de México,Venustiano Carranza,19.41926,-99.094521
Azúcar,Bolsa Plástico 900 Gr. Estándar,Aurrera,Azúcar,Basicos,26,2025/12/18,Wal-mart,Supermercado / Tienda de Autoservicio,Walmart Sucursal Balbuena,Fray Servando Teresa de Mier 881. Entre Fernando Iglesia Calderon y Genaro Garcia. Col. Jardín Balbuena. Cp. 15900,Ciudad de México,Venustiano Carranza,19.418067,-99.105639
Azúcar,Bolsa Plástico 900 Gr. Estándar,Aurrera,Azúcar,Pacic,25,2025/12/17,Wal-mart,Supermercado / Tienda de Autoservicio,Walmart Sucursal Unidad Plaza de Toros,Autopista Querétaro Celaya 5501. Int. del Centro Comercial Plaza Esfera. Col. el Jacal. Cp. 76187,Querétaro,Santiago de Querétaro,20.574076,-100.408704
Azúcar,Bolsa Plástico 900 Gr. Estándar,Aurrera,Azúcar,Pacic,25,2025/12/18,Bodega Aurrera,Supermercado / Tienda de Autoservicio,Bodega Aurrera Sucursal la Viga,Calz. de la Viga 136 Esq. del Taller. Col. Lorenzo Boturini. Cp. 15820,Ciudad de México,Venustiano Carranza,19.414749,-99.127874
Azúcar,Bolsa Plástico 900 Gr. Estándar,Aurrera,Azúcar,Pacic,25,2025/12/19,Bodega Aurrera,Supermercado / Tienda de Autoservicio,Bodega Aurrera Sucursal Centro Constituyentes,Constituyentes Oriente 334. Entre Pasteur y Manuel Ponce. Col. MercuRío. Cp. 76040,Querétaro,Santiago de Querétaro,20.586349,-100.382801
Azúcar,Bolsa Plástico 900 Gr. Estándar,Aurrera,Azúcar,Pacic,25,2025/12/23,Bodega Aurrera,Supermercado / Tienda de Autoservicio,Bodega Aurrera Sucursal Centro Constituyentes,Constituyentes Oriente 334. Entre Pasteur y Manuel Ponce. Col. MercuRío. Cp. 76040,Querétaro,Santiago de Querétaro,20.586349,-100.382801
Azúcar,Bolsa Plástico 900 Gr. Estándar,Aurrera,Azúcar,Pacic,26,2025/12/18,Wal-mart,Supermercado / Tienda de Autoservicio,Walmart Sucursal Aeropuerto,Calz. Ignacio Zaragoza 58. Esq. Blvd. Puerto Aereo. Col. Federal. Cp. 15700,Ciudad de México,Venustiano Carranza,19.41926,-99.094521
Azúcar,Bolsa Plástico 900 Gr. Estándar,Aurrera,Azúcar,Pacic,26,2025/12/18,Wal-mart,Supermercado / Tienda de Autoservicio,Walmart Sucursal Balbuena,Fray Servando Teresa de Mier 881. Entre Fernando Iglesia Calderon y Genaro Garcia. Col. Jardín Balbuena. Cp. 15900,Ciudad de México,Venustiano Carranza,19.418067,-99.105639
Azúcar,Bolsa Plástico 900 Gr. Estándar,Aurrera,Azúcar,Pacic,26,2025/12/23,Wal-mart,Supermercado / Tienda de Autoservicio,Walmart Sucursal Balbuena,Fray Servando Teresa de Mier 881. Entre Fernando Iglesia Calderon y Genaro Garcia. Col. Jardín Balbuena. Cp. 15900,Ciudad de México,Venustiano Carranza,19.418067,-99.105639
Azúcar,Bolsa Plástico 900 Gr. Estándar,Aurrera,Azúcar,Pacic,26,2025/12/23,Wal-mart,Supermercado / Tienda de Autoservicio,Walmart Sucursal Unidad Plaza de Toros,Autopista Querétaro Celaya 5501. Int. del Centro Comercial Plaza Esfera. Col. el Jacal. Cp. 76187,Querétaro,Santiago de Querétaro,20.574076,-100.408704
Azúcar,Bolsa Plástico 900 Gr. Estándar,Chedraui,Azúcar,Basicos,25,2025/12/18,Chedraui,Supermercado / Tienda de Autoservicio,Chedraui Sucursal Anfora,Anfora 71. Esq. Eje 1 Norte. Col. Madero. Cp. 15320,Ciudad de México,Venustiano Carranza,19.437353,-99.110088
Azúcar,Bolsa Plástico 900 Gr. Estándar,Chedraui,Azúcar,Basicos,26,2025/12/22,Chedraui,Supermercado / Tienda de Autoservicio,Chedraui Sucursal Centro Sur,Blvd. Bernardo Quintana 502. Carr. con Direccion a Centro Civico. Col. Centro Sur. Cp. 76087,Querétaro,Santiago de Querétaro,20.569354,-100.358831
Azúcar,Bolsa Plástico 900 Gr. Estándar,Chedraui,Azúcar,Pacic,25,2025/12/18,Chedraui,Supermercado / Tienda de Autoservicio,Chedraui Sucursal Anfora,Anfora 71. Esq. Eje 1 Norte. Col. Madero. Cp. 15320,Ciudad de México,Venustiano Carranza,19.437353,-99.110088
Azúcar,Bolsa Plástico 900 Gr. Estándar,Chedraui,Azúcar,Pacic,26,2025/12/17,Chedraui,Supermercado / Tienda de Autoservicio,Chedraui Sucursal Centro Sur,Blvd. Bernardo Quintana 502. Carr. con Direccion a Centro Civico. Col. Centro Sur. Cp. 76087,Querétaro,Santiago de Querétaro,20.569354,-100.358831
Azúcar,Bolsa Plástico 900 Gr. Estándar,Chedraui,Azúcar,Pacic,26,2025/12/22,Chedraui,Supermercado / Tienda de Autoservicio,Chedraui Sucursal Centro Sur,Blvd. Bernardo Quintana 502. Carr. con Direccion a Centro Civico. Col. Centro Sur. Cp. 76087,Querétaro,Santiago de Querétaro,20.569354,-100.358831
Azúcar,Bolsa Plástico 900 Gr. Estándar,Precíssimo,Azúcar,Basicos,25.9,2025/12/22,Hipermercado Soriana,Supermercado / Tienda de Autoservicio,Soriana Hiper Sucursal Cimatario,Ctra. a Huimilpan 1001. Int. del Centro Comercial Plaza del Sol. Col. Plazas del Sol. Iii Sección. Cp. 76099,Querétaro,Santiago de Querétaro,20.563227,-100.375284
Azúcar,Bolsa Plástico 900 Gr. Estándar,Precíssimo,Azúcar,Basicos,25.9,2025/12/31,Hipermercado Soriana,Supermercado / Tienda de Autoservicio,Soriana Hiper Sucursal Cimatario,Ctra. a Huimilpan 1001. Int. del Centro Comercial Plaza del Sol. Col. Plazas del Sol. Iii Sección. Cp. 76099,Querétaro,Santiago de Querétaro,20.563227,-100.375284
Azúcar,Bolsa Plástico 900 Gr. Estándar,Precíssimo,Azúcar,Pacic,25.9,2025/12/22,Hipermercado Soriana,Supermercado / Tienda de Autoservicio,Soriana Hiper Sucursal Cimatario,Ctra. a Huimilpan 1001. Int. del Centro Comercial Plaza del Sol. Col. Plazas del Sol. Iii Sección. Cp. 76099,Querétaro,Santiago de Querétaro,20.563227,-100.375284
Azúcar,Bolsa Plástico 900 Gr. Estándar,Precíssimo,Azúcar,Pacic,25.9,2025/12/31,Hipermercado Soriana,Supermercado / Tienda de Autoservicio,Soriana Hiper Sucursal Cimatario,Ctra. a Huimilpan 1001. Int. del Centro Comercial Plaza del Sol. Col. Plazas del Sol. Iii Sección. Cp. 76099,Querétaro,Santiago de Querétaro,20.563227,-100.375284
Azúcar,Bolsa Plástico 900 Gr. Estándar,Zulka,Azúcar,Basicos,20,2025/12/18,Bodega Aurrera,Supermercado / Tienda de Autoservicio,Bodega Aurrera Sucursal la Viga,Calz. de la Viga 136 Esq. del Taller. Col. Lorenzo Boturini. Cp. 15820,Ciudad de México,Venustiano Carranza,19.414749,-99.127874
Azúcar,Bolsa Plástico 900 Gr. Estándar,Zulka,Azúcar,Basicos,22,2025/12/18,Wal-mart,Supermercado / Tienda de Autoservicio,Walmart Sucursal Aeropuerto,Calz. Ignacio Zaragoza 58. Esq. Blvd. Puerto Aereo. Col. Federal. Cp. 15700,Ciudad de México,Venustiano Carranza,19.41926,-99.094521
Azúcar,Bolsa Plástico 900 Gr. Estándar,Zulka,Azúcar,Basicos,22,2025/12/19,Bodega Aurrera,Supermercado / Tienda de Autoservicio,Bodega Aurrera Sucursal Centro Constituyentes,Constituyentes Oriente 334. Entre Pasteur y Manuel Ponce. Col. MercuRío. Cp. 76040,Querétaro,Santiago de Querétaro,20.586349,-100.382801
Azúcar,Bolsa Plástico 900 Gr. Estándar,Zulka,Azúcar,Basicos,22,2025/12/23,Bodega Aurrera,Supermercado / Tienda de Autoservicio,Bodega Aurrera Sucursal Centro Constituyentes,Constituyentes Oriente 334. Entre Pasteur y Manuel Ponce. Col. MercuRío. Cp. 76040,Querétaro,Santiago de Querétaro,20.586349,-100.382801
Azúcar,Bolsa Plástico 900 Gr. Estándar,Zulka,Azúcar,Basicos,22,2025/12/23,Wal-mart,Supermercado / Tienda de Autoservicio,Walmart Sucursal Unidad Plaza de Toros,Autopista Querétaro Celaya 5501. Int. del Centro Comercial Plaza Esfera. Col. el Jacal. Cp. 76187,Querétaro,Santiago de Querétaro,20.574076,-100.408704
Azúcar,Bolsa Plástico 900 Gr. Estándar,Zulka,Azúcar,Basicos,24.5,2025/12/22,Hipermercado Soriana,Supermercado / Tienda de Autoservicio,Soriana Hiper Sucursal Cimatario,Ctra. a Huimilpan 1001. Int. del Centro Comercial Plaza del Sol. Col. Plazas del Sol. Iii Sección. Cp. 76099,Querétaro,Santiago de Querétaro,20.563227,-100.375284
Azúcar,Bolsa Plástico 900 Gr. Estándar,Zulka,Azúcar,Basicos,25,2025/12/22,Chedraui,Supermercado / Tienda de Autoservicio,Chedraui Sucursal Centro Sur,Blvd. Bernardo Quintana 502. Carr. con Direccion a Centro Civico. Col. Centro Sur. Cp. 76087,Querétaro,Santiago de Querétaro,20.569354,-100.358831
Azúcar,Bolsa Plástico 900 Gr. Estándar,Zulka,Azúcar,Basicos,26,2025/12/18,Chedraui,Supermercado / Tienda de Autoservicio,Chedraui Sucursal Anfora,Anfora 71. Esq. Eje 1 Norte. Col. Madero. Cp. 15320,Ciudad de México,Venustiano Carranza,19.437353,-99.110088
Azúcar,Bolsa Plástico 900 Gr. Estándar,Zulka,Azúcar,Pacic,20,2025/12/18,Bodega Aurrera,Supermercado / Tienda de Autoservicio,Bodega Aurrera Sucursal la Viga,Calz. de la Viga 136 Esq. del Taller. Col. Lorenzo Boturini. Cp. 15820,Ciudad de México,Venustiano Carranza,19.414749,-99.127874
Azúcar,Bolsa Plástico 900 Gr. Estándar,Zulka,Azúcar,Pacic,22,2025/12/17,Wal-mart,Supermercado / Tienda de Autoservicio,Walmart Sucursal Unidad Plaza de Toros,Autopista Querétaro Celaya 5501. Int. del Centro Comercial Plaza Esfera. Col. el Jacal. Cp. 76187,Querétaro,Santiago de Querétaro,20.574076,-100.408704
Azúcar,Bolsa Plástico 900 Gr. Estándar,Zulka,Azúcar,Pacic,22,2025/12/18,Wal-mart,Supermercado / Tienda de Autoservicio,Walmart Sucursal Aeropuerto,Calz. Ignacio Zaragoza 58. Esq. Blvd. Puerto Aereo. Col. Federal. Cp. 15700,Ciudad de México,Venustiano Carranza,19.41926,-99.094521
Azúcar,Bolsa Plástico 900 Gr. Estándar,Zulka,Azúcar,Pacic,22,2025/12/19,Bodega Aurrera,Supermercado / Tienda de Autoservicio,Bodega Aurrera Sucursal Centro Constituyentes,Constituyentes Oriente 334. Entre Pasteur y Manuel Ponce. Col. MercuRío. Cp. 76040,Querétaro,Santiago de Querétaro,20.586349,-100.382801
Azúcar,Bolsa Plástico 900 Gr. Estándar,Zulka,Azúcar,Pacic,22,2025/12/23,Bodega Aurrera,Supermercado / Tienda de Autoservicio,Bodega Aurrera Sucursal Centro Constituyentes,Constituyentes Oriente 334. Entre Pasteur y Manuel Ponce. Col. MercuRío. Cp. 76040,Querétaro,Santiago de Querétaro,20.586349,-100.382801
Azúcar,Bolsa Plástico 900 Gr. Estándar,Zulka,Azúcar,Pacic,22,2025/12/23,Wal-mart,Supermercado / Tienda de Autoservicio,Walmart Sucursal Balbuena,Fray Servando Teresa de Mier 881. Entre Fernando Iglesia Calderon y Genaro Garcia. Col. Jardín Balbuena. Cp. 15900,Ciudad de México,Venustiano Carranza,19.418067,-99.105639
Azúcar,Bolsa Plástico 900 Gr. Estándar,Zulka,Azúcar,Pacic,22,2025/12/23,Wal-mart,Supermercado / Tienda de Autoservicio,Walmart Sucursal Unidad Plaza de Toros,Autopista Querétaro Celaya 5501. Int. del Centro Comercial Plaza Esfera. Col. el Jacal. Cp. 76187,Querétaro,Santiago de Querétaro,20.574076,-100.408704
Azúcar,Bolsa Plástico 900 Gr. Estándar,Zulka,Azúcar,Pacic,24.5,2025/12/22,Hipermercado Soriana,Supermercado / Tienda de Autoservicio,Soriana Hiper Sucursal Cimatario,Ctra. a Huimilpan 1001. Int. del Centro Comercial Plaza del Sol. Col. Plazas del Sol. Iii Sección. Cp. 76099,Querétaro,Santiago de Querétaro,20.563227,-100.375284
Azúcar,Bolsa Plástico 900 Gr. Estándar o Morena,Ke Precio,Azúcar,Basicos,30,2025/12/18,La Comer,Supermercado / Tienda de Autoservicio,Lacomer Sucursal Queretaro Estadio,Luis M. Vega y Monroy 1300. Esq.cimataRío . Col. CimataRío. Cp. 76090,Querétaro,Santiago de Querétaro,20.577804,-100.373626
Azúcar,Bolsa Plástico 900 Gr. Estándar o Morena,Ke Precio,Azúcar,Basicos,30,2025/12/24,La Comer,Supermercado / Tienda de Autoservicio,Lacomer Sucursal Queretaro Estadio,Luis M. Vega y Monroy 1300. Esq.cimataRío . Col. CimataRío. Cp. 76090,Querétaro,Santiago de Querétaro,20.577804,-100.373626
Azúcar,Caja 200 Gr. (50 Sobres de 4 Gr. C/u). Mascabado,Domino,Azúcar,Basicos,27,2025/12/19,Bodega Aurrera,Supermercado / Tienda de Autoservicio,Bodega Aurrera Sucursal Centro Constituyentes,Constituyentes Oriente 334. Entre Pasteur y Manuel Ponce. Col. MercuRío. Cp. 76040,Querétaro,Santiago de Querétaro,20.586349,-100.382801
Azúcar,Caja 200 Gr. (50 Sobres de 4 Gr. C/u). Mascabado,Domino,Azúcar,Basicos,27,2025/12/23,Bodega Aurrera,Supermercado / Tienda de Autoservicio,Bodega Aurrera Sucursal Centro Constituyentes,Constituyentes Oriente 334. Entre Pasteur y Manuel Ponce. Col. MercuRío. Cp. 76040,Querétaro,Santiago de Querétaro,20.586349,-100.382801
Azúcar,Caja 200 Gr. (50 Sobres de 4 Gr. C/u). Mascabado,Domino,Azúcar,Basicos,27.5,2025/12/23,Wal-mart,Supermercado / Tienda de Autoservicio,Walmart Sucursal Unidad Plaza de Toros,Autopista Querétaro Celaya 5501. Int. del Centro Comercial Plaza Esfera. Col. el Jacal. Cp. 76187,Querétaro,Santiago de Querétaro,20.574076,-100.408704
Bactrim F,Caja con 15 Tabletas de 800 Mg./160 Mg.,S/M,Medicamentos,Medicamentos,420,2025/12/17,Chedraui,Supermercado / Tienda de Autoservicio,Chedraui Sucursal Centro Sur,Blvd. Bernardo Quintana 502. Carr. con Direccion a Centro Civico. Col. Centro Sur. Cp. 76087,Querétaro,Santiago de Querétaro,20.569354,-100.358831
Betabel,1 Kg. Granel,S/M,Hortalizas Frescas,Frutas y Legumbres,39.9,2025/12/23,Wal-mart,Supermercado / Tienda de Autoservicio,Walmart Sucursal Balbuena,Fray Servando Teresa de Mier 881. Entre Fernando Iglesia Calderon y Genaro Garcia. Col. Jardín Balbuena. Cp. 15900,Ciudad de México,Venustiano Carranza,19.418067,-99.105639
Bexident Encias,Caja con Frasco Solución de 250 Ml. Colutorio con Clorhexidina al 0.12%,S/M,Medicamentos,Medicamentos,506,2025/12/18,Benavides,Farmacias,Farmacia Benavides Sucursal Isla de Montecristo,Av. del Parque 401. Esq. Calle Isla de Montecristo. Col. Lindavista. Cp. 76070,Querétaro,Santiago de Querétaro,20.568451,-100.380021
Biomics,Caja con 6 Cápsulas de 400 Mg.,S/M,Medicamentos,Medicamentos,1079,2025/12/17,Sanborn S Hnos.,Farmacias,Sanborns Sucursal los Arquitos,Constituyentes Oriente 172. Esq. de los Arquitos. Col. los Arquitos. Cp. 76050,Querétaro,Santiago de Querétaro,20.588117,-100.36869
Blopress Plus,Caja con 28 Tabletas de 16 Mg/12.5 Mg.,S/M,Medicamentos,Medicamentos,1343,2025/12/18,La Comer,Supermercado / Tienda de Autoservicio,Lacomer Sucursal Queretaro Estadio,Luis M. Vega y Monroy 1300. Esq.cimataRío . Col. CimataRío. Cp. 76090,Querétaro,Santiago de Querétaro,20.577804,-100.373626
Blopress Plus,Caja con 28 Tabletas de 16 Mg/12.5 Mg.,S/M,Medicamentos,Medicamentos,1364,2025/12/18,Chedraui,Supermercado / Tienda de Autoservicio,Chedraui Sucursal Anfora,Anfora 71. Esq. Eje 1 Norte. Col. Madero. Cp. 15320,Ciudad de México,Venustiano Carranza,19.437353,-99.110088
Bredelin,Caja con 7 Tabletas de 500 Mg.,S/M,Medicamentos,Medicamentos,712,2025/12/16,Farmacias del Ahorro,Farmacias,Farmacias del Ahorro Sucursal Queretaro,Constituyentes Pte. 46. Entre Fernando de Tapia y Melchor Ocampo. Col. Centro. Cp. 76000,Querétaro,Santiago de Querétaro,20.584013,-100.394346
Bromuro de Pinaverio,Caja con 14 Tabletas de 100 Mg.,S/M,Medicamentos,Medicamentos,88,2025/12/18,Benavides,Farmacias,Farmacia Benavides Sucursal Isla de Montecristo,Av. del Parque 401. Esq. Calle Isla de Montecristo. Col. Lindavista. Cp. 76070,Querétaro,Santiago de Querétaro,20.568451,-100.380021
Cacahuates,Bolsa 185 Gr. Kacang. Enchilado y Sabor Limón,Sabritas,Chocolates y Golosinas,Basicos,40.5,2025/12/19,Superissste,Supermercado / Tienda de Autoservicio,Superissste Sucursal 022,Av. del Taller y Retorno No. 38 Dentro del Retorno 38. Col. Jardín Balbuena. Cp. 15900,Ciudad de México,Venustiano Carranza,19.412842,-99.105666
Cacahuates,Bolsa 185 Gr. Kacang. Enchilado y Sabor Limón,Sabritas,Chocolates y Golosinas,Basicos,40.5,2025/12/26,Superissste,Supermercado / Tienda de Autoservicio,Superissste Sucursal 022,Av. del Taller y Retorno No. 38 Dentro del Retorno 38. Col. Jardín Balbuena. Cp. 15900,Ciudad de México,Venustiano Carranza,19.412842,-99.105666
Café Soluble,Frasco 120 Gr.,Nescafé. Clásico,Café,Basicos,108,2025/12/19,Superissste,Supermercado / Tienda de Autoservicio,Superissste Sucursal 022,Av. del Taller y Retorno No. 38 Dentro del Retorno 38. Col. Jardín Balbuena. Cp. 15900,Ciudad de México,Venustiano Carranza,19.412842,-99.105666
Café Soluble,Frasco 170 Gr. Mezclado con Caramelo,Nescafé. Dolca,Café,Basicos,109,2025/12/19,Superissste,Supermercado / Tienda de Autoservicio,Superissste Sucursal 011,Calle Peluqueros No. 310 Esquina Calle Tizayuca. Col. Michoacána. Cp. 15240,Ciudad de México,Venustiano Carranza,19.446139,-99.113372
Café Tostado y Molido,Bolsa 200 Gr. Mezclado con Caramelo,Legal,Café,Basicos,45,2025/12/26,Superissste,Supermercado / Tienda de Autoservicio,Superissste Sucursal 022,Av. del Taller y Retorno No. 38 Dentro del Retorno 38. Col. Jardín Balbuena. Cp. 15900,Ciudad de México,Venustiano Carranza,19.412842,-99.105666
Calabaza,1 Kg. Granel. Italiana/japonesa (larga),S/M,Hortalizas Frescas,Frutas y Legumbres,49.9,2025/12/18,La Comer,Supermercado / Tienda de Autoservicio,Lacomer Sucursal Queretaro Estadio,Luis M. Vega y Monroy 1300. Esq.cimataRío . Col. CimataRío. Cp. 76090,Querétaro,Santiago de Querétaro,20.577804,-100.373626
Calabaza,1 Kg. Granel. Italiana/japonesa (larga),S/M,Hortalizas Frescas,Frutas y Legumbres,49.9,2025/12/18,Wal-mart,Supermercado / Tienda de Autoservicio,Walmart Sucursal Balbuena,Fray Servando Teresa de Mier 881. Entre Fernando Iglesia Calderon y Genaro Garcia. Col. Jardín Balbuena. Cp. 15900,Ciudad de México,Venustiano Carranza,19.418067,-99.105639
Captopril,Caja o Frasco con 30 Tabletas de 25 Mg.,S/M,Medicamentos,Medicamentos,25,2025/12/17,Farmacias Similares,Farmacias,Farmacias Similares Sucursal 7462,Canada 268 . Int. Plaza las Americas. Col. Centro. Cp. 76050,Querétaro,Santiago de Querétaro,20.588396,-100.373612
Carbamazepina,Caja con 20 Tabletas de 200 Mg.,S/M,Medicamentos,Medicamentos,79,2025/12/16,Farmacias del Ahorro,Farmacias,Farmacias del Ahorro Sucursal Queretaro,Constituyentes Pte. 46. Entre Fernando de Tapia y Melchor Ocampo. Col. Centro. Cp. 76000,Querétaro,Santiago de Querétaro,20.584013,-100.394346
Carne Cerdo,1 Kg. Granel. Chuleta o Chuleta Natural o Fresca/chuleta de Puerco Entrecortada o Lomo Deshuesado de Puerco o Chuleta Natural Lomo de Puerco,S/M,Carne y Vísceras de Cerdo,Pacic,114,2025/12/22,Hipermercado Soriana,Supermercado / Tienda de Autoservicio,Soriana Hiper Sucursal Cimatario,Ctra. a Huimilpan 1001. Int. del Centro Comercial Plaza del Sol. Col. Plazas del Sol. Iii Sección. Cp. 76099,Querétaro,Santiago de Querétaro,20.563227,-100.375284
Carne Cerdo,1 Kg. Granel. Chuleta o Chuleta Natural o Fresca/chuleta de Puerco Entrecortada o Lomo Deshuesado de Puerco o Chuleta Natural Lomo de Puerco,S/M,Carne y Vísceras de Cerdo,Pacic,65,2025/12/19,Bodega Aurrera,Supermercado / Tienda de Autoservicio,Bodega Aurrera Sucursal Centro Constituyentes,Constituyentes Oriente 334. Entre Pasteur y Manuel Ponce. Col. MercuRío. Cp. 76040,Querétaro,Santiago de Querétaro,20.586349,-100.382801
Carne Cerdo,1 Kg. Granel. Costilla,S/M,Carne y Vísceras de Cerdo,Pacic,132,2025/12/19,Bodega Aurrera,Supermercado / Tienda de Autoservicio,Bodega Aurrera Sucursal Centro Constituyentes,Constituyentes Oriente 334. Entre Pasteur y Manuel Ponce. Col. MercuRío. Cp. 76040,Querétaro,Santiago de Querétaro,20.586349,-100.382801
Carne Cerdo,1 Kg. Granel. Lomo o Caña de Lomo o en Trozo/lomo Sin Hueso,S/M,Carne y Vísceras de Cerdo,Basicos,119,2025/12/23,Wal-mart,Supermercado / Tienda de Autoservicio,Walmart Sucursal Balbuena,Fray Servando Teresa de Mier 881. Entre Fernando Iglesia Calderon y Genaro Garcia. Col. Jardín Balbuena. Cp. 15900,Ciudad de México,Venustiano Carranza,19.418067,-99.105639
Carne Pollo,1 Kg. Granel. Entero,Bachoco,Carne de Ave,Basicos,38,2025/12/18,La Comer,Supermercado / Tienda de Autoservicio,Lacomer Sucursal Queretaro Estadio,Luis M. Vega y Monroy 1300. Esq.cimataRío . Col. CimataRío. Cp. 76090,Querétaro,Santiago de Querétaro,20.577804,-100.373626
Carne Pollo,1 Kg. Granel. Entero,Bachoco,Carne de Ave,Basicos,38,2025/12/23,Wal-mart,Supermercado / Tienda de Autoservicio,Walmart Sucursal Unidad Plaza de Toros,Autopista Querétaro Celaya 5501. Int. del Centro Comercial Plaza Esfera. Col. el Jacal. Cp. 76187,Querétaro,Santiago de Querétaro,20.574076,-100.408704
Carne Pollo,1 Kg. Granel. Entero,Bachoco,Carne de Ave,Basicos,39,2025/12/16,Wal-mart,Supermercado / Tienda de Autoservicio,Walmart Sucursal Unidad Plaza de Toros,Autopista Querétaro Celaya 5501. Int. del Centro Comercial Plaza Esfera. Col. el Jacal. Cp. 76187,Querétaro,Santiago de Querétaro,20.574076,-100.408704
Carne Pollo,1 Kg. Granel. Entero,Bachoco,Carne de Ave,Basicos,39,2025/12/19,Bodega Aurrera,Supermercado / Tienda de Autoservicio,Bodega Aurrera Sucursal Centro Constituyentes,Constituyentes Oriente 334. Entre Pasteur y Manuel Ponce. Col. MercuRío. Cp. 76040,Querétaro,Santiago de Querétaro,20.586349,-100.382801
Carne Pollo,1 Kg. Granel. Entero,Bachoco,Carne de Ave,Basicos,39,2025/12/23,Bodega Aurrera,Supermercado / Tienda de Autoservicio,Bodega Aurrera Sucursal Centro Constituyentes,Constituyentes Oriente 334. Entre Pasteur y Manuel Ponce. Col. MercuRío. Cp. 76040,Querétaro,Santiago de Querétaro,20.586349,-100.382801
Carne Pollo,1 Kg. Granel. Entero,Bachoco,Carne de Ave,Basicos,42,2025/12/18,Bodega Aurrera,Supermercado / Tienda de Autoservicio,Bodega Aurrera Sucursal la Viga,Calz. de la Viga 136 Esq. del Taller. Col. Lorenzo Boturini. Cp. 15820,Ciudad de México,Venustiano Carranza,19.414749,-99.127874
Carne Pollo,1 Kg. Granel. Entero,Bachoco,Carne de Ave,Basicos,42.9,2025/12/31,Hipermercado Soriana,Supermercado / Tienda de Autoservicio,Soriana Hiper Sucursal Cimatario,Ctra. a Huimilpan 1001. Int. del Centro Comercial Plaza del Sol. Col. Plazas del Sol. Iii Sección. Cp. 76099,Querétaro,Santiago de Querétaro,20.563227,-100.375284
Carne Pollo,1 Kg. Granel. Entero,Bachoco,Carne de Ave,Basicos,44.9,2025/12/22,Hipermercado Soriana,Supermercado / Tienda de Autoservicio,Soriana Hiper Sucursal Cimatario,Ctra. a Huimilpan 1001. Int. del Centro Comercial Plaza del Sol. Col. Plazas del Sol. Iii Sección. Cp. 76099,Querétaro,Santiago de Querétaro,20.563227,-100.375284
Carne Pollo,1 Kg. Granel. Entero,Bachoco,Carne de Ave,Basicos,59,2025/12/17,Chedraui,Supermercado / Tienda de Autoservicio,Chedraui Sucursal Centro Sur,Blvd. Bernardo Quintana 502. Carr. con Direccion a Centro Civico. Col. Centro Sur. Cp. 76087,Querétaro,Santiago de Querétaro,20.569354,-100.358831
Carne Pollo,1 Kg. Granel. Entero,Bachoco,Carne de Ave,Pacic,42.9,2025/12/31,Hipermercado Soriana,Supermercado / Tienda de Autoservicio,Soriana Hiper Sucursal Cimatario,Ctra. a Huimilpan 1001. Int. del Centro Comercial Plaza del Sol. Col. Plazas del Sol. Iii Sección. Cp. 76099,Querétaro,Santiago de Querétaro,20.563227,-100.375284
Carne Pollo,1 Kg. Granel. Entero,Bachoco,Carne de Ave,Pacic,44.9,2025/12/22,Hipermercado Soriana,Supermercado / Tienda de Autoservicio,Soriana Hiper Sucursal Cimatario,Ctra. a Huimilpan 1001. Int. del Centro Comercial Plaza del Sol. Col. Plazas del Sol. Iii Sección. Cp. 76099,Querétaro,Santiago de Querétaro,20.563227,-100.375284
Carne Pollo,1 Kg. Granel. Entero,Nutrypollo,Carne de Ave,Basicos,59,2025/12/17,Chedraui,Supermercado / Tienda de Autoservicio,Chedraui Sucursal Centro Sur,Blvd. Bernardo Quintana 502. Carr. con Direccion a Centro Civico. Col. Centro Sur. Cp. 76087,Querétaro,Santiago de Querétaro,20.569354,-100.358831
Carne Pollo,1 Kg. Granel. Entero,Nutrypollo,Carne de Ave,Pacic,59,2025/12/17,Chedraui,Supermercado / Tienda de Autoservicio,Chedraui Sucursal Centro Sur,Blvd. Bernardo Quintana 502. Carr. con Direccion a Centro Civico. Col. Centro Sur. Cp. 76087,Querétaro,Santiago de Querétaro,20.569354,-100.358831
Carne Pollo,1 Kg. Granel. Entero,Patsa,Carne de Ave,Basicos,42,2025/12/18,Chedraui,Supermercado / Tienda de Autoservicio,Chedraui Sucursal Anfora,Anfora 71. Esq. Eje 1 Norte. Col. Madero. Cp. 15320,Ciudad de México,Venustiano Carranza,19.437353,-99.110088
Carne Pollo,1 Kg. Granel. Entero,Patsa,Carne de Ave,Pacic,42,2025/12/18,Chedraui,Supermercado / Tienda de Autoservicio,Chedraui Sucursal Anfora,Anfora 71. Esq. Eje 1 Norte. Col. Madero. Cp. 15320,Ciudad de México,Venustiano Carranza,19.437353,-99.110088
Carne Pollo,1 Kg. Granel. Entero,Pilgrim`s,Carne de Ave,Basicos,37,2025/12/23,Wal-mart,Supermercado / Tienda de Autoservicio,Walmart Sucursal Balbuena,Fray Servando Teresa de Mier 881. Entre Fernando Iglesia Calderon y Genaro Garcia. Col. Jardín Balbuena. Cp. 15900,Ciudad de México,Venustiano Carranza,19.418067,-99.105639
Carne Pollo,1 Kg. Granel. Entero,Pilgrim`s,Carne de Ave,Basicos,38,2025/12/18,La Comer,Supermercado / Tienda de Autoservicio,Lacomer Sucursal Queretaro Estadio,Luis M. Vega y Monroy 1300. Esq.cimataRío . Col. CimataRío. Cp. 76090,Querétaro,Santiago de Querétaro,20.577804,-100.373626
Carne Pollo,1 Kg. Granel. Entero,Pilgrim`s,Carne de Ave,Basicos,38,2025/12/23,Wal-mart,Supermercado / Tienda de Autoservicio,Walmart Sucursal Unidad Plaza de Toros,Autopista Querétaro Celaya 5501. Int. del Centro Comercial Plaza Esfera. Col. el Jacal. Cp. 76187,Querétaro,Santiago de Querétaro,20.574076,-100.408704
Carne Pollo,1 Kg. Granel. Entero,Pilgrim`s,Carne de Ave,Basicos,39,2025/12/16,Wal-mart,Supermercado / Tienda de Autoservicio,Walmart Sucursal Unidad Plaza de Toros,Autopista Querétaro Celaya 5501. Int. del Centro Comercial Plaza Esfera. Col. el Jacal. Cp. 76187,Querétaro,Santiago de Querétaro,20.574076,-100.408704
Carne Pollo,1 Kg. Granel. Entero,Pilgrim`s,Carne de Ave,Basicos,42.9,2025/12/31,Hipermercado Soriana,Supermercado / Tienda de Autoservicio,Soriana Hiper Sucursal Cimatario,Ctra. a Huimilpan 1001. Int. del Centro Comercial Plaza del Sol. Col. Plazas del Sol. Iii Sección. Cp. 76099,Querétaro,Santiago de Querétaro,20.563227,-100.375284
Carne Pollo,1 Kg. Granel. Entero,Pilgrim`s,Carne de Ave,Basicos,44.9,2025/12/22,Hipermercado Soriana,Supermercado / Tienda de Autoservicio,Soriana Hiper Sucursal Cimatario,Ctra. a Huimilpan 1001. Int. del Centro Comercial Plaza del Sol. Col. Plazas del Sol. Iii Sección. Cp. 76099,Querétaro,Santiago de Querétaro,20.563227,-100.375284
Carne Pollo,1 Kg. Granel. Entero,Pilgrim`s,Carne de Ave,Basicos,59,2025/12/18,Wal-mart,Supermercado / Tienda de Autoservicio,Walmart Sucursal Balbuena,Fray Servando Teresa de Mier 881. Entre Fernando Iglesia Calderon y Genaro Garcia. Col. Jardín Balbuena. Cp. 15900,Ciudad de México,Venustiano Carranza,19.418067,-99.105639
Carne Pollo,1 Kg. Granel. Entero,Pilgrim`s,Carne de Ave,Pacic,42.9,2025/12/31,Hipermercado Soriana,Supermercado / Tienda de Autoservicio,Soriana Hiper Sucursal Cimatario,Ctra. a Huimilpan 1001. Int. del Centro Comercial Plaza del Sol. Col. Plazas del Sol. Iii Sección. Cp. 76099,Querétaro,Santiago de Querétaro,20.563227,-100.375284
Carne Pollo,1 Kg. Granel. Entero,Pilgrim`s,Carne de Ave,Pacic,44.9,2025/12/22,Hipermercado Soriana,Supermercado / Tienda de Autoservicio,Soriana Hiper Sucursal Cimatario,Ctra. a Huimilpan 1001. Int. del Centro Comercial Plaza del Sol. Col. Plazas del Sol. Iii Sección. Cp. 76099,Querétaro,Santiago de Querétaro,20.563227,-100.375284
Carne Pollo,1 Kg. Granel. Entero,Pilgrim`s,Carne de Ave,Pacic,59,2025/12/17,Chedraui,Supermercado / Tienda de Autoservicio,Chedraui Sucursal Centro Sur,Blvd. Bernardo Quintana 502. Carr. con Direccion a Centro Civico. Col. Centro Sur. Cp. 76087,Querétaro,Santiago de Querétaro,20.569354,-100.358831
Carne Pollo,1 Kg. Granel. Entero. con Vísceras o Tipo Super o Entero Supermercado o Canal Entera,S/M,Carne de Ave,Basicos,37,2025/12/23,Wal-mart,Supermercado / Tienda de Autoservicio,Walmart Sucursal Balbuena,Fray Servando Teresa de Mier 881. Entre Fernando Iglesia Calderon y Genaro Garcia. Col. Jardín Balbuena. Cp. 15900,Ciudad de México,Venustiano Carranza,19.418067,-99.105639
Carne Pollo,1 Kg. Granel. Entero. con Vísceras o Tipo Super o Entero Supermercado o Canal Entera,S/M,Carne de Ave,Basicos,38,2025/12/18,La Comer,Supermercado / Tienda de Autoservicio,Lacomer Sucursal Queretaro Estadio,Luis M. Vega y Monroy 1300. Esq.cimataRío . Col. CimataRío. Cp. 76090,Querétaro,Santiago de Querétaro,20.577804,-100.373626
Carne Pollo,1 Kg. Granel. Entero. con Vísceras o Tipo Super o Entero Supermercado o Canal Entera,S/M,Carne de Ave,Basicos,38,2025/12/23,Wal-mart,Supermercado / Tienda de Autoservicio,Walmart Sucursal Unidad Plaza de Toros,Autopista Querétaro Celaya 5501. Int. del Centro Comercial Plaza Esfera. Col. el Jacal. Cp. 76187,Querétaro,Santiago de Querétaro,20.574076,-100.408704
Carne Pollo,1 Kg. Granel. Entero. con Vísceras o Tipo Super o Entero Supermercado o Canal Entera,S/M,Carne de Ave,Basicos,38,2025/12/24,La Comer,Supermercado / Tienda de Autoservicio,Lacomer Sucursal Queretaro Estadio,Luis M. Vega y Monroy 1300. Esq.cimataRío . Col. CimataRío. Cp. 76090,Querétaro,Santiago de Querétaro,20.577804,-100.373626
Carne Pollo,1 Kg. Granel. Entero. con Vísceras o Tipo Super o Entero Supermercado o Canal Entera,S/M,Carne de Ave,Basicos,39,2025/12/16,Wal-mart,Supermercado / Tienda de Autoservicio,Walmart Sucursal Unidad Plaza de Toros,Autopista Querétaro Celaya 5501. Int. del Centro Comercial Plaza Esfera. Col. el Jacal. Cp. 76187,Querétaro,Santiago de Querétaro,20.574076,-100.408704
Carne Pollo,1 Kg. Granel. Entero. con Vísceras o Tipo Super o Entero Supermercado o Canal Entera,S/M,Carne de Ave,Basicos,39,2025/12/19,Bodega Aurrera,Supermercado / Tienda de Autoservicio,Bodega Aurrera Sucursal Centro Constituyentes,Constituyentes Oriente 334. Entre Pasteur y Manuel Ponce. Col. MercuRío. Cp. 76040,Querétaro,Santiago de Querétaro,20.586349,-100.382801
Carne Pollo,1 Kg. Granel. Entero. con Vísceras o Tipo Super o Entero Supermercado o Canal Entera,S/M,Carne de Ave,Basicos,39,2025/12/23,Bodega Aurrera,Supermercado / Tienda de Autoservicio,Bodega Aurrera Sucursal Centro Constituyentes,Constituyentes Oriente 334. Entre Pasteur y Manuel Ponce. Col. MercuRío. Cp. 76040,Querétaro,Santiago de Querétaro,20.586349,-100.382801
Carne Pollo,1 Kg. Granel. Entero. con Vísceras o Tipo Super o Entero Supermercado o Canal Entera,S/M,Carne de Ave,Basicos,44.9,2025/12/22,Hipermercado Soriana,Supermercado / Tienda de Autoservicio,Soriana Hiper Sucursal Cimatario,Ctra. a Huimilpan 1001. Int. del Centro Comercial Plaza del Sol. Col. Plazas del Sol. Iii Sección. Cp. 76099,Querétaro,Santiago de Querétaro,20.563227,-100.375284
Carne Pollo,1 Kg. Granel. Entero. con Vísceras o Tipo Super o Entero Supermercado o Canal Entera,S/M,Carne de Ave,Basicos,59,2025/12/17,Chedraui,Supermercado / Tienda de Autoservicio,Chedraui Sucursal Centro Sur,Blvd. Bernardo Quintana 502. Carr. con Direccion a Centro Civico. Col. Centro Sur. Cp. 76087,Querétaro,Santiago de Querétaro,20.569354,-100.358831
Carne Pollo,1 Kg. Granel. Entero. con Vísceras o Tipo Super o Entero Supermercado o Canal Entera,S/M,Carne de Ave,Basicos,59,2025/12/18,Wal-mart,Supermercado / Tienda de Autoservicio,Walmart Sucursal Aeropuerto,Calz. Ignacio Zaragoza 58. Esq. Blvd. Puerto Aereo. Col. Federal. Cp. 15700,Ciudad de México,Venustiano Carranza,19.41926,-99.094521
Carne Pollo,1 Kg. Granel. Entero. con Vísceras o Tipo Super o Entero Supermercado o Canal Entera,S/M,Carne de Ave,Pacic,37,2025/12/23,Wal-mart,Supermercado / Tienda de Autoservicio,Walmart Sucursal Balbuena,Fray Servando Teresa de Mier 881. Entre Fernando Iglesia Calderon y Genaro Garcia. Col. Jardín Balbuena. Cp. 15900,Ciudad de México,Venustiano Carranza,19.418067,-99.105639
Carne Pollo,1 Kg. Granel. Entero. con Vísceras o Tipo Super o Entero Supermercado o Canal Entera,S/M,Carne de Ave,Pacic,38,2025/12/18,La Comer,Supermercado / Tienda de Autoservicio,Lacomer Sucursal Queretaro Estadio,Luis M. Vega y Monroy 1300. Esq.cimataRío . Col. CimataRío. Cp. 76090,Querétaro,Santiago de Querétaro,20.577804,-100.373626
Carne Pollo,1 Kg. Granel. Entero. con Vísceras o Tipo Super o Entero Supermercado o Canal Entera,S/M,Carne de Ave,Pacic,38,2025/12/23,Wal-mart,Supermercado / Tienda de Autoservicio,Walmart Sucursal Unidad Plaza de Toros,Autopista Querétaro Celaya 5501. Int. del Centro Comercial Plaza Esfera. Col. el Jacal. Cp. 76187,Querétaro,Santiago de Querétaro,20.574076,-100.408704
Carne Pollo,1 Kg. Granel. Entero. con Vísceras o Tipo Super o Entero Supermercado o Canal Entera,S/M,Carne de Ave,Pacic,38,2025/12/24,La Comer,Supermercado / Tienda de Autoservicio,Lacomer Sucursal Queretaro Estadio,Luis M. Vega y Monroy 1300. Esq.cimataRío . Col. CimataRío. Cp. 76090,Querétaro,Santiago de Querétaro,20.577804,-100.373626
Carne Pollo,1 Kg. Granel. Entero. con Vísceras o Tipo Super o Entero Supermercado o Canal Entera,S/M,Carne de Ave,Pacic,39,2025/12/17,Wal-mart,Supermercado / Tienda de Autoservicio,Walmart Sucursal Unidad Plaza de Toros,Autopista Querétaro Celaya 5501. Int. del Centro Comercial Plaza Esfera. Col. el Jacal. Cp. 76187,Querétaro,Santiago de Querétaro,20.574076,-100.408704
Carne Pollo,1 Kg. Granel. Entero. con Vísceras o Tipo Super o Entero Supermercado o Canal Entera,S/M,Carne de Ave,Pacic,39,2025/12/19,Bodega Aurrera,Supermercado / Tienda de Autoservicio,Bodega Aurrera Sucursal Centro Constituyentes,Constituyentes Oriente 334. Entre Pasteur y Manuel Ponce. Col. MercuRío. Cp. 76040,Querétaro,Santiago de Querétaro,20.586349,-100.382801
Carne Pollo,1 Kg. Granel. Entero. con Vísceras o Tipo Super o Entero Supermercado o Canal Entera,S/M,Carne de Ave,Pacic,39,2025/12/23,Bodega Aurrera,Supermercado / Tienda de Autoservicio,Bodega Aurrera Sucursal Centro Constituyentes,Constituyentes Oriente 334. Entre Pasteur y Manuel Ponce. Col. MercuRío. Cp. 76040,Querétaro,Santiago de Querétaro,20.586349,-100.382801
Carne Pollo,1 Kg. Granel. Entero. con Vísceras o Tipo Super o Entero Supermercado o Canal Entera,S/M,Carne de Ave,Pacic,42,2025/12/18,Bodega Aurrera,Supermercado / Tienda de Autoservicio,Bodega Aurrera Sucursal la Viga,Calz. de la Viga 136 Esq. del Taller. Col. Lorenzo Boturini. Cp. 15820,Ciudad de México,Venustiano Carranza,19.414749,-99.127874
Carne Pollo,1 Kg. Granel. Entero. con Vísceras o Tipo Super o Entero Supermercado o Canal Entera,S/M,Carne de Ave,Pacic,42.9,2025/12/31,Hipermercado Soriana,Supermercado / Tienda de Autoservicio,Soriana Hiper Sucursal Cimatario,Ctra. a Huimilpan 1001. Int. del Centro Comercial Plaza del Sol. Col. Plazas del Sol. Iii Sección. Cp. 76099,Querétaro,Santiago de Querétaro,20.563227,-100.375284
Carne Pollo,1 Kg. Granel. Entero. con Vísceras o Tipo Super o Entero Supermercado o Canal Entera,S/M,Carne de Ave,Pacic,44.9,2025/12/22,Hipermercado Soriana,Supermercado / Tienda de Autoservicio,Soriana Hiper Sucursal Cimatario,Ctra. a Huimilpan 1001. Int. del Centro Comercial Plaza del Sol. Col. Plazas del Sol. Iii Sección. Cp. 76099,Querétaro,Santiago de Querétaro,20.563227,-100.375284
Carne Pollo,1 Kg. Granel. Entero. con Vísceras o Tipo Super o Entero Supermercado o Canal Entera,S/M,Carne de Ave,Pacic,59,2025/12/17,Chedraui,Supermercado / Tienda de Autoservicio,Chedraui Sucursal Centro Sur,Blvd. Bernardo Quintana 502. Carr. con Direccion a Centro Civico. Col. Centro Sur. Cp. 76087,Querétaro,Santiago de Querétaro,20.569354,-100.358831
Carne Pollo,1 Kg. Granel. Entero. con Vísceras o Tipo Super o Entero Supermercado o Canal Entera,S/M,Carne de Ave,Pacic,59,2025/12/18,Wal-mart,Supermercado / Tienda de Autoservicio,Walmart Sucursal Aeropuerto,Calz. Ignacio Zaragoza 58. Esq. Blvd. Puerto Aereo. Col. Federal. Cp. 15700,Ciudad de México,Venustiano Carranza,19.41926,-99.094521
Carne Pollo,1 Kg. Granel. Entero. con Vísceras o Tipo Super o Entero Supermercado o Canal Entera,S/M,Carne de Ave,Pacic,59,2025/12/18,Wal-mart,Supermercado / Tienda de Autoservicio,Walmart Sucursal Balbuena,Fray Servando Teresa de Mier 881. Entre Fernando Iglesia Calderon y Genaro Garcia. Col. Jardín Balbuena. Cp. 15900,Ciudad de México,Venustiano Carranza,19.418067,-99.105639
Carne Pollo,1 Kg. Granel. Entero. con Vísceras o Tipo Super o Entero Supermercado o Canal Entera,S/M,Carne de Ave,Pacic,59,2025/12/22,Chedraui,Supermercado / Tienda de Autoservicio,Chedraui Sucursal Centro Sur,Blvd. Bernardo Quintana 502. Carr. con Direccion a Centro Civico. Col. Centro Sur. Cp. 76087,Querétaro,Santiago de Querétaro,20.569354,-100.358831
Carne Pollo,1 Kg. Granel. Muslo (con Piel),S/M,Carne de Ave,Basicos,94,2025/12/18,Chedraui,Supermercado / Tienda de Autoservicio,Chedraui Sucursal Anfora,Anfora 71. Esq. Eje 1 Norte. Col. Madero. Cp. 15320,Ciudad de México,Venustiano Carranza,19.437353,-99.110088
Carne Pollo,1 Kg. Granel. Muslo (con Piel),S/M,Carne de Ave,Basicos,94,2025/12/23,Bodega Aurrera,Supermercado / Tienda de Autoservicio,Bodega Aurrera Sucursal Centro Constituyentes,Constituyentes Oriente 334. Entre Pasteur y Manuel Ponce. Col. MercuRío. Cp. 76040,Querétaro,Santiago de Querétaro,20.586349,-100.382801
Carne Pollo,1 Kg. Granel. Muslo (con Piel),S/M,Carne de Ave,Basicos,97,2025/12/18,Wal-mart,Supermercado / Tienda de Autoservicio,Walmart Sucursal Aeropuerto,Calz. Ignacio Zaragoza 58. Esq. Blvd. Puerto Aereo. Col. Federal. Cp. 15700,Ciudad de México,Venustiano Carranza,19.41926,-99.094521
Carne Pollo,1 Kg. Granel. Muslo (con Piel),S/M,Carne de Ave,Basicos,97,2025/12/18,Wal-mart,Supermercado / Tienda de Autoservicio,Walmart Sucursal Balbuena,Fray Servando Teresa de Mier 881. Entre Fernando Iglesia Calderon y Genaro Garcia. Col. Jardín Balbuena. Cp. 15900,Ciudad de México,Venustiano Carranza,19.418067,-99.105639
Carne Pollo,1 Kg. Granel. Muslo (con Piel),S/M,Carne de Ave,Basicos,97,2025/12/23,Wal-mart,Supermercado / Tienda de Autoservicio,Walmart Sucursal Balbuena,Fray Servando Teresa de Mier 881. Entre Fernando Iglesia Calderon y Genaro Garcia. Col. Jardín Balbuena. Cp. 15900,Ciudad de México,Venustiano Carranza,19.418067,-99.105639
Carne Pollo,1 Kg. Granel. Muslo (con Piel),S/M,Carne de Ave,Basicos,97,2025/12/23,Wal-mart,Supermercado / Tienda de Autoservicio,Walmart Sucursal Unidad Plaza de Toros,Autopista Querétaro Celaya 5501. Int. del Centro Comercial Plaza Esfera. Col. el Jacal. Cp. 76187,Querétaro,Santiago de Querétaro,20.574076,-100.408704
Carne Pollo,1 Kg. Granel. Muslo (sin Piel) o Light,S/M,Carne de Ave,Basicos,106,2025/12/18,Chedraui,Supermercado / Tienda de Autoservicio,Chedraui Sucursal Anfora,Anfora 71. Esq. Eje 1 Norte. Col. Madero. Cp. 15320,Ciudad de México,Venustiano Carranza,19.437353,-99.110088
Carne Pollo,1 Kg. Granel. Muslo (sin Piel) o Light,S/M,Carne de Ave,Basicos,109,2025/12/18,Wal-mart,Supermercado / Tienda de Autoservicio,Walmart Sucursal Aeropuerto,Calz. Ignacio Zaragoza 58. Esq. Blvd. Puerto Aereo. Col. Federal. Cp. 15700,Ciudad de México,Venustiano Carranza,19.41926,-99.094521
Carne Pollo,1 Kg. Granel. Muslo (sin Piel) o Light,S/M,Carne de Ave,Basicos,109,2025/12/23,Wal-mart,Supermercado / Tienda de Autoservicio,Walmart Sucursal Balbuena,Fray Servando Teresa de Mier 881. Entre Fernando Iglesia Calderon y Genaro Garcia. Col. Jardín Balbuena. Cp. 15900,Ciudad de México,Venustiano Carranza,19.418067,-99.105639
Carne Pollo,1 Kg. Granel. Muslo (sin Piel) o Light,S/M,Carne de Ave,Basicos,109,2025/12/23,Wal-mart,Supermercado / Tienda de Autoservicio,Walmart Sucursal Unidad Plaza de Toros,Autopista Querétaro Celaya 5501. Int. del Centro Comercial Plaza Esfera. Col. el Jacal. Cp. 76187,Querétaro,Santiago de Querétaro,20.574076,-100.408704
Carne Pollo,1 Kg. Granel. Pechuga Sin Hueso (sin Piel),S/M,Carne de Ave,Basicos,118.9,2025/12/31,Hipermercado Soriana,Supermercado / Tienda de Autoservicio,Soriana Hiper Sucursal Cimatario,Ctra. a Huimilpan 1001. Int. del Centro Comercial Plaza del Sol. Col. Plazas del Sol. Iii Sección. Cp. 76099,Querétaro,Santiago de Querétaro,20.563227,-100.375284
Carne Pollo,1 Kg. Granel. Pechuga Sin Hueso (sin Piel),S/M,Carne de Ave,Basicos,159,2025/12/16,Wal-mart,Supermercado / Tienda de Autoservicio,Walmart Sucursal Unidad Plaza de Toros,Autopista Querétaro Celaya 5501. Int. del Centro Comercial Plaza Esfera. Col. el Jacal. Cp. 76187,Querétaro,Santiago de Querétaro,20.574076,-100.408704
Carne Pollo,1 Kg. Granel. Pechuga Sin Hueso (sin Piel),S/M,Carne de Ave,Basicos,164,2025/12/17,Chedraui,Supermercado / Tienda de Autoservicio,Chedraui Sucursal Centro Sur,Blvd. Bernardo Quintana 502. Carr. con Direccion a Centro Civico. Col. Centro Sur. Cp. 76087,Querétaro,Santiago de Querétaro,20.569354,-100.358831
Carne Pollo,1 Kg. Granel. Pechuga Sin Hueso (sin Piel),S/M,Carne de Ave,Basicos,188,2025/12/23,Bodega Aurrera,Supermercado / Tienda de Autoservicio,Bodega Aurrera Sucursal Centro Constituyentes,Constituyentes Oriente 334. Entre Pasteur y Manuel Ponce. Col. MercuRío. Cp. 76040,Querétaro,Santiago de Querétaro,20.586349,-100.382801
Carne Pollo,1 Kg. Granel. Pechuga con Hueso o Anatómica o Sin Rabadilla (con Piel),S/M,Carne de Ave,Basicos,149,2025/12/18,La Comer,Supermercado / Tienda de Autoservicio,Lacomer Sucursal Queretaro Estadio,Luis M. Vega y Monroy 1300. Esq.cimataRío . Col. CimataRío. Cp. 76090,Querétaro,Santiago de Querétaro,20.577804,-100.373626
Carne Pollo,1 Kg. Granel. Pechuga con Hueso o Anatómica o Sin Rabadilla (con Piel),S/M,Carne de Ave,Basicos,149,2025/12/23,Bodega Aurrera,Supermercado / Tienda de Autoservicio,Bodega Aurrera Sucursal Centro Constituyentes,Constituyentes Oriente 334. Entre Pasteur y Manuel Ponce. Col. MercuRío. Cp. 76040,Querétaro,Santiago de Querétaro,20.586349,-100.382801
Carne Pollo,1 Kg. Granel. Pechuga con Hueso o Anatómica o Sin Rabadilla (con Piel),S/M,Carne de Ave,Basicos,152,2025/12/18,Wal-mart,Supermercado / Tienda de Autoservicio,Walmart Sucursal Aeropuerto,Calz. Ignacio Zaragoza 58. Esq. Blvd. Puerto Aereo. Col. Federal. Cp. 15700,Ciudad de México,Venustiano Carranza,19.41926,-99.094521
Carne Pollo,1 Kg. Granel. Pechuga con Hueso o Anatómica o Sin Rabadilla (con Piel),S/M,Carne de Ave,Basicos,152,2025/12/23,Wal-mart,Supermercado / Tienda de Autoservicio,Walmart Sucursal Balbuena,Fray Servando Teresa de Mier 881. Entre Fernando Iglesia Calderon y Genaro Garcia. Col. Jardín Balbuena. Cp. 15900,Ciudad de México,Venustiano Carranza,19.418067,-99.105639
Carne Pollo,1 Kg. Granel. Pechuga. Corte Americano,S/M,Carne de Ave,Basicos,107.9,2025/12/22,Hipermercado Soriana,Supermercado / Tienda de Autoservicio,Soriana Hiper Sucursal Cimatario,Ctra. a Huimilpan 1001. Int. del Centro Comercial Plaza del Sol. Col. Plazas del Sol. Iii Sección. Cp. 76099,Querétaro,Santiago de Querétaro,20.563227,-100.375284
Carne Pollo,1 Kg. Granel. Pechuga. Corte Americano,S/M,Carne de Ave,Basicos,109,2025/12/18,La Comer,Supermercado / Tienda de Autoservicio,Lacomer Sucursal Queretaro Estadio,Luis M. Vega y Monroy 1300. Esq.cimataRío . Col. CimataRío. Cp. 76090,Querétaro,Santiago de Querétaro,20.577804,-100.373626
Carne Pollo,1 Kg. Granel. Pechuga. Corte Americano,S/M,Carne de Ave,Basicos,79.9,2025/12/17,Chedraui,Supermercado / Tienda de Autoservicio,Chedraui Sucursal Centro Sur,Blvd. Bernardo Quintana 502. Carr. con Direccion a Centro Civico. Col. Centro Sur. Cp. 76087,Querétaro,Santiago de Querétaro,20.569354,-100.358831
Carne Pollo,1 Kg. Granel. Pechuga. Corte Americano,S/M,Carne de Ave,Basicos,95,2025/12/18,Bodega Aurrera,Supermercado / Tienda de Autoservicio,Bodega Aurrera Sucursal la Viga,Calz. de la Viga 136 Esq. del Taller. Col. Lorenzo Boturini. Cp. 15820,Ciudad de México,Venustiano Carranza,19.414749,-99.127874
Carne Pollo,1 Kg. Granel. Pechuga. Filete,S/M,Carne de Ave,Basicos,156.9,2025/12/22,Hipermercado Soriana,Supermercado / Tienda de Autoservicio,Soriana Hiper Sucursal Cimatario,Ctra. a Huimilpan 1001. Int. del Centro Comercial Plaza del Sol. Col. Plazas del Sol. Iii Sección. Cp. 76099,Querétaro,Santiago de Querétaro,20.563227,-100.375284
Carne Pollo,1 Kg. Granel. Pechuga. Filete,S/M,Carne de Ave,Basicos,186.9,2025/12/31,Hipermercado Soriana,Supermercado / Tienda de Autoservicio,Soriana Hiper Sucursal Cimatario,Ctra. a Huimilpan 1001. Int. del Centro Comercial Plaza del Sol. Col. Plazas del Sol. Iii Sección. Cp. 76099,Querétaro,Santiago de Querétaro,20.563227,-100.375284
Carne Pollo,1 Kg. Granel. Pechuga. Filete,S/M,Carne de Ave,Basicos,218,2025/12/18,La Comer,Supermercado / Tienda de Autoservicio,Lacomer Sucursal Queretaro Estadio,Luis M. Vega y Monroy 1300. Esq.cimataRío . Col. CimataRío. Cp. 76090,Querétaro,Santiago de Querétaro,20.577804,-100.373626
Carne Pollo,1 Kg. Granel. Pierna con Muslo. Corte Americano,S/M,Carne de Ave,Pacic,34.9,2025/12/22,Hipermercado Soriana,Supermercado / Tienda de Autoservicio,Soriana Hiper Sucursal Cimatario,Ctra. a Huimilpan 1001. Int. del Centro Comercial Plaza del Sol. Col. Plazas del Sol. Iii Sección. Cp. 76099,Querétaro,Santiago de Querétaro,20.563227,-100.375284
Carne Pollo,1 Kg. Granel. Pierna con Muslo. Corte Americano,S/M,Carne de Ave,Pacic,34.9,2025/12/31,Hipermercado Soriana,Supermercado / Tienda de Autoservicio,Soriana Hiper Sucursal Cimatario,Ctra. a Huimilpan 1001. Int. del Centro Comercial Plaza del Sol. Col. Plazas del Sol. Iii Sección. Cp. 76099,Querétaro,Santiago de Querétaro,20.563227,-100.375284
Carne Pollo,1 Kg. Granel. Pierna con Muslo. Corte Americano,S/M,Carne de Ave,Pacic,37,2025/12/17,Wal-mart,Supermercado / Tienda de Autoservicio,Walmart Sucursal Unidad Plaza de Toros,Autopista Querétaro Celaya 5501. Int. del Centro Comercial Plaza Esfera. Col. el Jacal. Cp. 76187,Querétaro,Santiago de Querétaro,20.574076,-100.408704
Carne Pollo,1 Kg. Granel. Pierna con Muslo. Corte Americano,S/M,Carne de Ave,Pacic,37,2025/12/18,Bodega Aurrera,Supermercado / Tienda de Autoservicio,Bodega Aurrera Sucursal la Viga,Calz. de la Viga 136 Esq. del Taller. Col. Lorenzo Boturini. Cp. 15820,Ciudad de México,Venustiano Carranza,19.414749,-99.127874
Carne Pollo,1 Kg. Granel. Pierna con Muslo. Corte Americano,S/M,Carne de Ave,Pacic,37,2025/12/18,Chedraui,Supermercado / Tienda de Autoservicio,Chedraui Sucursal Anfora,Anfora 71. Esq. Eje 1 Norte. Col. Madero. Cp. 15320,Ciudad de México,Venustiano Carranza,19.437353,-99.110088
Carne Pollo,1 Kg. Granel. Pierna con Muslo. Corte Americano,S/M,Carne de Ave,Pacic,37,2025/12/18,Wal-mart,Supermercado / Tienda de Autoservicio,Walmart Sucursal Aeropuerto,Calz. Ignacio Zaragoza 58. Esq. Blvd. Puerto Aereo. Col. Federal. Cp. 15700,Ciudad de México,Venustiano Carranza,19.41926,-99.094521
Carne Pollo,1 Kg. Granel. Pierna con Muslo. Corte Americano,S/M,Carne de Ave,Pacic,37,2025/12/19,Bodega Aurrera,Supermercado / Tienda de Autoservicio,Bodega Aurrera Sucursal Centro Constituyentes,Constituyentes Oriente 334. Entre Pasteur y Manuel Ponce. Col. MercuRío. Cp. 76040,Querétaro,Santiago de Querétaro,20.586349,-100.382801
Carne Pollo,1 Kg. Granel. Pierna con Muslo. Corte Americano,S/M,Carne de Ave,Pacic,39,2025/12/17,Chedraui,Supermercado / Tienda de Autoservicio,Chedraui Sucursal Centro Sur,Blvd. Bernardo Quintana 502. Carr. con Direccion a Centro Civico. Col. Centro Sur. Cp. 76087,Querétaro,Santiago de Querétaro,20.569354,-100.358831
Carne Pollo,1 Kg. Granel. Pierna con Muslo. Corte Americano,S/M,Carne de Ave,Pacic,39,2025/12/22,Chedraui,Supermercado / Tienda de Autoservicio,Chedraui Sucursal Centro Sur,Blvd. Bernardo Quintana 502. Carr. con Direccion a Centro Civico. Col. Centro Sur. Cp. 76087,Querétaro,Santiago de Querétaro,20.569354,-100.358831
Carne Pollo,1 Kg. Granel. Pierna con Muslo. Corte Americano,S/M,Carne de Ave,Pacic,40,2025/12/23,Bodega Aurrera,Supermercado / Tienda de Autoservicio,Bodega Aurrera Sucursal Centro Constituyentes,Constituyentes Oriente 334. Entre Pasteur y Manuel Ponce. Col. MercuRío. Cp. 76040,Querétaro,Santiago de Querétaro,20.586349,-100.382801
Carne Pollo,1 Kg. Granel. Pierna con Muslo. Corte Americano,S/M,Carne de Ave,Pacic,40,2025/12/23,Wal-mart,Supermercado / Tienda de Autoservicio,Walmart Sucursal Unidad Plaza de Toros,Autopista Querétaro Celaya 5501. Int. del Centro Comercial Plaza Esfera. Col. el Jacal. Cp. 76187,Querétaro,Santiago de Querétaro,20.574076,-100.408704
Carne Pollo,1 Kg. Granel. Pierna con Muslo. Pigmentada,S/M,Carne de Ave,Pacic,38.9,2025/12/22,Hipermercado Soriana,Supermercado / Tienda de Autoservicio,Soriana Hiper Sucursal Cimatario,Ctra. a Huimilpan 1001. Int. del Centro Comercial Plaza del Sol. Col. Plazas del Sol. Iii Sección. Cp. 76099,Querétaro,Santiago de Querétaro,20.563227,-100.375284
Carne Pollo,1 Kg. Granel. Pierna con Muslo. Pigmentada,S/M,Carne de Ave,Pacic,38.9,2025/12/31,Hipermercado Soriana,Supermercado / Tienda de Autoservicio,Soriana Hiper Sucursal Cimatario,Ctra. a Huimilpan 1001. Int. del Centro Comercial Plaza del Sol. Col. Plazas del Sol. Iii Sección. Cp. 76099,Querétaro,Santiago de Querétaro,20.563227,-100.375284
Carne Pollo,1 Kg. Granel. Pierna o Pierna Bate,S/M,Carne de Ave,Basicos,74,2025/12/31,Hipermercado Soriana,Supermercado / Tienda de Autoservicio,Soriana Hiper Sucursal Cimatario,Ctra. a Huimilpan 1001. Int. del Centro Comercial Plaza del Sol. Col. Plazas del Sol. Iii Sección. Cp. 76099,Querétaro,Santiago de Querétaro,20.563227,-100.375284
Carne Pollo,1 Kg. Granel. Pierna o Pierna Bate,S/M,Carne de Ave,Basicos,89.9,2025/12/22,Hipermercado Soriana,Supermercado / Tienda de Autoservicio,Soriana Hiper Sucursal Cimatario,Ctra. a Huimilpan 1001. Int. del Centro Comercial Plaza del Sol. Col. Plazas del Sol. Iii Sección. Cp. 76099,Querétaro,Santiago de Querétaro,20.563227,-100.375284
Carne Pollo,1 Kg. Granel. Pierna o Pierna Bate,S/M,Carne de Ave,Basicos,98,2025/12/18,Chedraui,Supermercado / Tienda de Autoservicio,Chedraui Sucursal Anfora,Anfora 71. Esq. Eje 1 Norte. Col. Madero. Cp. 15320,Ciudad de México,Venustiano Carranza,19.437353,-99.110088
Carne Pollo,1 Kg. Granel. Pierna o Pierna Bate,S/M,Carne de Ave,Basicos,99,2025/12/18,Wal-mart,Supermercado / Tienda de Autoservicio,Walmart Sucursal Aeropuerto,Calz. Ignacio Zaragoza 58. Esq. Blvd. Puerto Aereo. Col. Federal. Cp. 15700,Ciudad de México,Venustiano Carranza,19.41926,-99.094521
Carne Pollo,1 Kg. Granel. Pierna o Pierna Bate,S/M,Carne de Ave,Basicos,99,2025/12/18,Wal-mart,Supermercado / Tienda de Autoservicio,Walmart Sucursal Balbuena,Fray Servando Teresa de Mier 881. Entre Fernando Iglesia Calderon y Genaro Garcia. Col. Jardín Balbuena. Cp. 15900,Ciudad de México,Venustiano Carranza,19.418067,-99.105639
Carne Pollo,1 Kg. Granel. Pierna o Pierna Bate,S/M,Carne de Ave,Basicos,99,2025/12/23,Wal-mart,Supermercado / Tienda de Autoservicio,Walmart Sucursal Balbuena,Fray Servando Teresa de Mier 881. Entre Fernando Iglesia Calderon y Genaro Garcia. Col. Jardín Balbuena. Cp. 15900,Ciudad de México,Venustiano Carranza,19.418067,-99.105639
Carne Pollo,1 Kg. Granel. Pierna o Pierna Bate,S/M,Carne de Ave,Basicos,99,2025/12/23,Wal-mart,Supermercado / Tienda de Autoservicio,Walmart Sucursal Unidad Plaza de Toros,Autopista Querétaro Celaya 5501. Int. del Centro Comercial Plaza Esfera. Col. el Jacal. Cp. 76187,Querétaro,Santiago de Querétaro,20.574076,-100.408704
Carne Res,1 Kg. Granel. Bistec Corte Delgado o Bistec,S/M,Carne y Vísceras de Res,Basicos,227,2025/12/17,Chedraui,Supermercado / Tienda de Autoservicio,Chedraui Sucursal Centro Sur,Blvd. Bernardo Quintana 502. Carr. con Direccion a Centro Civico. Col. Centro Sur. Cp. 76087,Querétaro,Santiago de Querétaro,20.569354,-100.358831
Carne Res,1 Kg. Granel. Bistec Corte Delgado o Bistec,S/M,Carne y Vísceras de Res,Basicos,249,2025/12/19,Bodega Aurrera,Supermercado / Tienda de Autoservicio,Bodega Aurrera Sucursal Centro Constituyentes,Constituyentes Oriente 334. Entre Pasteur y Manuel Ponce. Col. MercuRío. Cp. 76040,Querétaro,Santiago de Querétaro,20.586349,-100.382801
Carne Res,1 Kg. Granel. Bistec Corte Delgado o Bistec,S/M,Carne y Vísceras de Res,Basicos,249,2025/12/23,Bodega Aurrera,Supermercado / Tienda de Autoservicio,Bodega Aurrera Sucursal Centro Constituyentes,Constituyentes Oriente 334. Entre Pasteur y Manuel Ponce. Col. MercuRío. Cp. 76040,Querétaro,Santiago de Querétaro,20.586349,-100.382801
Carne Res,1 Kg. Granel. Bistec Diezmillo o Diezmillo Sin Hueso,S/M,Carne y Vísceras de Res,Basicos,289,2025/12/22,Hipermercado Soriana,Supermercado / Tienda de Autoservicio,Soriana Hiper Sucursal Cimatario,Ctra. a Huimilpan 1001. Int. del Centro Comercial Plaza del Sol. Col. Plazas del Sol. Iii Sección. Cp. 76099,Querétaro,Santiago de Querétaro,20.563227,-100.375284
Carne Res,1 Kg. Granel. Bistec Diezmillo o Diezmillo Sin Hueso,S/M,Carne y Vísceras de Res,Basicos,289,2025/12/31,Hipermercado Soriana,Supermercado / Tienda de Autoservicio,Soriana Hiper Sucursal Cimatario,Ctra. a Huimilpan 1001. Int. del Centro Comercial Plaza del Sol. Col. Plazas del Sol. Iii Sección. Cp. 76099,Querétaro,Santiago de Querétaro,20.563227,-100.375284
Carne Res,1 Kg. Granel. Bistec Flecha para Asar,S/M,Carne y Vísceras de Res,Pacic,125.6,2025/12/31,Hipermercado Soriana,Supermercado / Tienda de Autoservicio,Soriana Hiper Sucursal Cimatario,Ctra. a Huimilpan 1001. Int. del Centro Comercial Plaza del Sol. Col. Plazas del Sol. Iii Sección. Cp. 76099,Querétaro,Santiago de Querétaro,20.563227,-100.375284
Carne Res,1 Kg. Granel. Bistec Pulpa Blanca,S/M,Carne y Vísceras de Res,Pacic,227,2025/12/17,Chedraui,Supermercado / Tienda de Autoservicio,Chedraui Sucursal Centro Sur,Blvd. Bernardo Quintana 502. Carr. con Direccion a Centro Civico. Col. Centro Sur. Cp. 76087,Querétaro,Santiago de Querétaro,20.569354,-100.358831
Carne Res,1 Kg. Granel. Bistec Pulpa Blanca,S/M,Carne y Vísceras de Res,Pacic,227,2025/12/18,Chedraui,Supermercado / Tienda de Autoservicio,Chedraui Sucursal Anfora,Anfora 71. Esq. Eje 1 Norte. Col. Madero. Cp. 15320,Ciudad de México,Venustiano Carranza,19.437353,-99.110088
Carne Res,1 Kg. Granel. Bistec Pulpa Blanca,S/M,Carne y Vísceras de Res,Pacic,227,2025/12/22,Chedraui,Supermercado / Tienda de Autoservicio,Chedraui Sucursal Centro Sur,Blvd. Bernardo Quintana 502. Carr. con Direccion a Centro Civico. Col. Centro Sur. Cp. 76087,Querétaro,Santiago de Querétaro,20.569354,-100.358831
Carne Res,1 Kg. Granel. Bistec Ranchero,S/M,Carne y Vísceras de Res,Basicos,120,2025/12/18,La Comer,Supermercado / Tienda de Autoservicio,Lacomer Sucursal Queretaro Estadio,Luis M. Vega y Monroy 1300. Esq.cimataRío . Col. CimataRío. Cp. 76090,Querétaro,Santiago de Querétaro,20.577804,-100.373626
Carne Res,1 Kg. Granel. Bistec Ranchero,S/M,Carne y Vísceras de Res,Basicos,254,2025/12/22,Hipermercado Soriana,Supermercado / Tienda de Autoservicio,Soriana Hiper Sucursal Cimatario,Ctra. a Huimilpan 1001. Int. del Centro Comercial Plaza del Sol. Col. Plazas del Sol. Iii Sección. Cp. 76099,Querétaro,Santiago de Querétaro,20.563227,-100.375284
Carne Res,1 Kg. Granel. Bistec del 0,S/M,Carne y Vísceras de Res,Basicos,138,2025/12/17,Chedraui,Supermercado / Tienda de Autoservicio,Chedraui Sucursal Centro Sur,Blvd. Bernardo Quintana 502. Carr. con Direccion a Centro Civico. Col. Centro Sur. Cp. 76087,Querétaro,Santiago de Querétaro,20.569354,-100.358831
Carne Res,1 Kg. Granel. Bistec del 0,S/M,Carne y Vísceras de Res,Basicos,204,2025/12/22,Hipermercado Soriana,Supermercado / Tienda de Autoservicio,Soriana Hiper Sucursal Cimatario,Ctra. a Huimilpan 1001. Int. del Centro Comercial Plaza del Sol. Col. Plazas del Sol. Iii Sección. Cp. 76099,Querétaro,Santiago de Querétaro,20.563227,-100.375284
Carne Res,1 Kg. Granel. Bistec del 0,S/M,Carne y Vísceras de Res,Pacic,138,2025/12/17,Chedraui,Supermercado / Tienda de Autoservicio,Chedraui Sucursal Centro Sur,Blvd. Bernardo Quintana 502. Carr. con Direccion a Centro Civico. Col. Centro Sur. Cp. 76087,Querétaro,Santiago de Querétaro,20.569354,-100.358831
Carne Res,1 Kg. Granel. Bistec del 0,S/M,Carne y Vísceras de Res,Pacic,138,2025/12/18,Chedraui,Supermercado / Tienda de Autoservicio,Chedraui Sucursal Anfora,Anfora 71. Esq. Eje 1 Norte. Col. Madero. Cp. 15320,Ciudad de México,Venustiano Carranza,19.437353,-99.110088
Carne Res,1 Kg. Granel. Bistec del 0,S/M,Carne y Vísceras de Res,Pacic,138,2025/12/22,Chedraui,Supermercado / Tienda de Autoservicio,Chedraui Sucursal Centro Sur,Blvd. Bernardo Quintana 502. Carr. con Direccion a Centro Civico. Col. Centro Sur. Cp. 76087,Querétaro,Santiago de Querétaro,20.569354,-100.358831
Carne Res,1 Kg. Granel. Bistec del 7,S/M,Carne y Vísceras de Res,Pacic,138,2025/12/17,Chedraui,Supermercado / Tienda de Autoservicio,Chedraui Sucursal Centro Sur,Blvd. Bernardo Quintana 502. Carr. con Direccion a Centro Civico. Col. Centro Sur. Cp. 76087,Querétaro,Santiago de Querétaro,20.569354,-100.358831
Carne Res,1 Kg. Granel. Bistec del 7,S/M,Carne y Vísceras de Res,Pacic,138,2025/12/18,Chedraui,Supermercado / Tienda de Autoservicio,Chedraui Sucursal Anfora,Anfora 71. Esq. Eje 1 Norte. Col. Madero. Cp. 15320,Ciudad de México,Venustiano Carranza,19.437353,-99.110088
Carne Res,1 Kg. Granel. Bistec del 7,S/M,Carne y Vísceras de Res,Pacic,138,2025/12/22,Chedraui,Supermercado / Tienda de Autoservicio,Chedraui Sucursal Centro Sur,Blvd. Bernardo Quintana 502. Carr. con Direccion a Centro Civico. Col. Centro Sur. Cp. 76087,Querétaro,Santiago de Querétaro,20.569354,-100.358831
Carne Res,1 Kg. Granel. Bistec/chuleta del 0,S/M,Carne y Vísceras de Res,Pacic,204,2025/12/22,Hipermercado Soriana,Supermercado / Tienda de Autoservicio,Soriana Hiper Sucursal Cimatario,Ctra. a Huimilpan 1001. Int. del Centro Comercial Plaza del Sol. Col. Plazas del Sol. Iii Sección. Cp. 76099,Querétaro,Santiago de Querétaro,20.563227,-100.375284
Carne Res,1 Kg. Granel. Carne para Asar,S/M,Carne y Vísceras de Res,Basicos,249,2025/12/22,Hipermercado Soriana,Supermercado / Tienda de Autoservicio,Soriana Hiper Sucursal Cimatario,Ctra. a Huimilpan 1001. Int. del Centro Comercial Plaza del Sol. Col. Plazas del Sol. Iii Sección. Cp. 76099,Querétaro,Santiago de Querétaro,20.563227,-100.375284
Carne Res,1 Kg. Granel. Carne para Asar,S/M,Carne y Vísceras de Res,Basicos,249,2025/12/23,Wal-mart,Supermercado / Tienda de Autoservicio,Walmart Sucursal Unidad Plaza de Toros,Autopista Querétaro Celaya 5501. Int. del Centro Comercial Plaza Esfera. Col. el Jacal. Cp. 76187,Querétaro,Santiago de Querétaro,20.574076,-100.408704
Carne Res,1 Kg. Granel. Carne para Asar,S/M,Carne y Vísceras de Res,Basicos,249,2025/12/31,Hipermercado Soriana,Supermercado / Tienda de Autoservicio,Soriana Hiper Sucursal Cimatario,Ctra. a Huimilpan 1001. Int. del Centro Comercial Plaza del Sol. Col. Plazas del Sol. Iii Sección. Cp. 76099,Querétaro,Santiago de Querétaro,20.563227,-100.375284
Carne Res,1 Kg. Granel. Carne para Asar,S/M,Carne y Vísceras de Res,Basicos,252,2025/12/19,Bodega Aurrera,Supermercado / Tienda de Autoservicio,Bodega Aurrera Sucursal Centro Constituyentes,Constituyentes Oriente 334. Entre Pasteur y Manuel Ponce. Col. MercuRío. Cp. 76040,Querétaro,Santiago de Querétaro,20.586349,-100.382801
Carne Res,1 Kg. Granel. Carne para Asar,S/M,Carne y Vísceras de Res,Basicos,252,2025/12/23,Bodega Aurrera,Supermercado / Tienda de Autoservicio,Bodega Aurrera Sucursal Centro Constituyentes,Constituyentes Oriente 334. Entre Pasteur y Manuel Ponce. Col. MercuRío. Cp. 76040,Querétaro,Santiago de Querétaro,20.586349,-100.382801
Carne Res,1 Kg. Granel. Carne para Asar,S/M,Carne y Vísceras de Res,Basicos,253,2025/12/23,Wal-mart,Supermercado / Tienda de Autoservicio,Walmart Sucursal Balbuena,Fray Servando Teresa de Mier 881. Entre Fernando Iglesia Calderon y Genaro Garcia. Col. Jardín Balbuena. Cp. 15900,Ciudad de México,Venustiano Carranza,19.418067,-99.105639
Carne Res,1 Kg. Granel. Carne para Asar,S/M,Carne y Vísceras de Res,Pacic,249,2025/12/22,Hipermercado Soriana,Supermercado / Tienda de Autoservicio,Soriana Hiper Sucursal Cimatario,Ctra. a Huimilpan 1001. Int. del Centro Comercial Plaza del Sol. Col. Plazas del Sol. Iii Sección. Cp. 76099,Querétaro,Santiago de Querétaro,20.563227,-100.375284
Carne Res,1 Kg. Granel. Carne para Asar,S/M,Carne y Vísceras de Res,Pacic,249,2025/12/31,Hipermercado Soriana,Supermercado / Tienda de Autoservicio,Soriana Hiper Sucursal Cimatario,Ctra. a Huimilpan 1001. Int. del Centro Comercial Plaza del Sol. Col. Plazas del Sol. Iii Sección. Cp. 76099,Querétaro,Santiago de Querétaro,20.563227,-100.375284
Carne Res,1 Kg. Granel. Chambarete con Hueso,S/M,Carne y Vísceras de Res,Pacic,100,2025/12/17,Wal-mart,Supermercado / Tienda de Autoservicio,Walmart Sucursal Unidad Plaza de Toros,Autopista Querétaro Celaya 5501. Int. del Centro Comercial Plaza Esfera. Col. el Jacal. Cp. 76187,Querétaro,Santiago de Querétaro,20.574076,-100.408704
Carne Res,1 Kg. Granel. Chambarete con Hueso,S/M,Carne y Vísceras de Res,Pacic,100,2025/12/23,Wal-mart,Supermercado / Tienda de Autoservicio,Walmart Sucursal Balbuena,Fray Servando Teresa de Mier 881. Entre Fernando Iglesia Calderon y Genaro Garcia. Col. Jardín Balbuena. Cp. 15900,Ciudad de México,Venustiano Carranza,19.418067,-99.105639
Carne Res,1 Kg. Granel. Chambarete con Hueso,S/M,Carne y Vísceras de Res,Pacic,100,2025/12/23,Wal-mart,Supermercado / Tienda de Autoservicio,Walmart Sucursal Unidad Plaza de Toros,Autopista Querétaro Celaya 5501. Int. del Centro Comercial Plaza Esfera. Col. el Jacal. Cp. 76187,Querétaro,Santiago de Querétaro,20.574076,-100.408704
Carne Res,1 Kg. Granel. Costilla para Asar. Rdfs,S/M,Carne y Vísceras de Res,Pacic,159,2025/12/22,Hipermercado Soriana,Supermercado / Tienda de Autoservicio,Soriana Hiper Sucursal Cimatario,Ctra. a Huimilpan 1001. Int. del Centro Comercial Plaza del Sol. Col. Plazas del Sol. Iii Sección. Cp. 76099,Querétaro,Santiago de Querétaro,20.563227,-100.375284
Carne Res,1 Kg. Granel. Costilla para Asar. Rdfs,S/M,Carne y Vísceras de Res,Pacic,159,2025/12/31,Hipermercado Soriana,Supermercado / Tienda de Autoservicio,Soriana Hiper Sucursal Cimatario,Ctra. a Huimilpan 1001. Int. del Centro Comercial Plaza del Sol. Col. Plazas del Sol. Iii Sección. Cp. 76099,Querétaro,Santiago de Querétaro,20.563227,-100.375284
Carne Res,1 Kg. Granel. Costilla para Cocer,S/M,Carne y Vísceras de Res,Pacic,170,2025/12/19,Bodega Aurrera,Supermercado / Tienda de Autoservicio,Bodega Aurrera Sucursal Centro Constituyentes,Constituyentes Oriente 334. Entre Pasteur y Manuel Ponce. Col. MercuRío. Cp. 76040,Querétaro,Santiago de Querétaro,20.586349,-100.382801
Carne Res,1 Kg. Granel. Costilla para Cocer,S/M,Carne y Vísceras de Res,Pacic,170,2025/12/23,Bodega Aurrera,Supermercado / Tienda de Autoservicio,Bodega Aurrera Sucursal Centro Constituyentes,Constituyentes Oriente 334. Entre Pasteur y Manuel Ponce. Col. MercuRío. Cp. 76040,Querétaro,Santiago de Querétaro,20.586349,-100.382801
Carne Res,1 Kg. Granel. Costilla para Cocer,S/M,Carne y Vísceras de Res,Pacic,173,2025/12/17,Wal-mart,Supermercado / Tienda de Autoservicio,Walmart Sucursal Unidad Plaza de Toros,Autopista Querétaro Celaya 5501. Int. del Centro Comercial Plaza Esfera. Col. el Jacal. Cp. 76187,Querétaro,Santiago de Querétaro,20.574076,-100.408704
Carne Res,1 Kg. Granel. Costilla para Cocer,S/M,Carne y Vísceras de Res,Pacic,173,2025/12/18,Wal-mart,Supermercado / Tienda de Autoservicio,Walmart Sucursal Balbuena,Fray Servando Teresa de Mier 881. Entre Fernando Iglesia Calderon y Genaro Garcia. Col. Jardín Balbuena. Cp. 15900,Ciudad de México,Venustiano Carranza,19.418067,-99.105639
Carne Res,1 Kg. Granel. Costilla para Cocer,S/M,Carne y Vísceras de Res,Pacic,173,2025/12/23,Wal-mart,Supermercado / Tienda de Autoservicio,Walmart Sucursal Unidad Plaza de Toros,Autopista Querétaro Celaya 5501. Int. del Centro Comercial Plaza Esfera. Col. el Jacal. Cp. 76187,Querétaro,Santiago de Querétaro,20.574076,-100.408704
Carne Res,1 Kg. Granel. Falda o para Deshebrar o Deshebrada,S/M,Carne y Vísceras de Res,Basicos,224,2025/12/18,Wal-mart,Supermercado / Tienda de Autoservicio,Walmart Sucursal Aeropuerto,Calz. Ignacio Zaragoza 58. Esq. Blvd. Puerto Aereo. Col. Federal. Cp. 15700,Ciudad de México,Venustiano Carranza,19.41926,-99.094521
Carne Res,1 Kg. Granel. Falda o para Deshebrar o Deshebrada,S/M,Carne y Vísceras de Res,Basicos,224,2025/12/23,Wal-mart,Supermercado / Tienda de Autoservicio,Walmart Sucursal Balbuena,Fray Servando Teresa de Mier 881. Entre Fernando Iglesia Calderon y Genaro Garcia. Col. Jardín Balbuena. Cp. 15900,Ciudad de México,Venustiano Carranza,19.418067,-99.105639
Carne Res,1 Kg. Granel. Falda o para Deshebrar o Deshebrada,S/M,Carne y Vísceras de Res,Basicos,229,2025/12/18,Chedraui,Supermercado / Tienda de Autoservicio,Chedraui Sucursal Anfora,Anfora 71. Esq. Eje 1 Norte. Col. Madero. Cp. 15320,Ciudad de México,Venustiano Carranza,19.437353,-99.110088
Carne Res,1 Kg. Granel. Falda para Cocer o Guisar,S/M,Carne y Vísceras de Res,Basicos,224,2025/12/18,Wal-mart,Supermercado / Tienda de Autoservicio,Walmart Sucursal Balbuena,Fray Servando Teresa de Mier 881. Entre Fernando Iglesia Calderon y Genaro Garcia. Col. Jardín Balbuena. Cp. 15900,Ciudad de México,Venustiano Carranza,19.418067,-99.105639
Carne Res,1 Kg. Granel. Filete Limpio,S/M,Carne y Vísceras de Res,Basicos,549,2025/12/22,Chedraui,Supermercado / Tienda de Autoservicio,Chedraui Sucursal Centro Sur,Blvd. Bernardo Quintana 502. Carr. con Direccion a Centro Civico. Col. Centro Sur. Cp. 76087,Querétaro,Santiago de Querétaro,20.569354,-100.358831
Carne Res,1 Kg. Granel. Flecha con Hueso para Asar,S/M,Carne y Vísceras de Res,Pacic,125.6,2025/12/22,Hipermercado Soriana,Supermercado / Tienda de Autoservicio,Soriana Hiper Sucursal Cimatario,Ctra. a Huimilpan 1001. Int. del Centro Comercial Plaza del Sol. Col. Plazas del Sol. Iii Sección. Cp. 76099,Querétaro,Santiago de Querétaro,20.563227,-100.375284
Carne Res,1 Kg. Granel. Milanesa de Bola o Auténtica de Bola o de Bola Corte Delgado o de Pulpa Bola,S/M,Carne y Vísceras de Res,Basicos,248,2025/12/18,Bodega Aurrera,Supermercado / Tienda de Autoservicio,Bodega Aurrera Sucursal la Viga,Calz. de la Viga 136 Esq. del Taller. Col. Lorenzo Boturini. Cp. 15820,Ciudad de México,Venustiano Carranza,19.414749,-99.127874
Carne Res,1 Kg. Granel. Milanesa de Bola o Auténtica de Bola o de Bola Corte Delgado o de Pulpa Bola,S/M,Carne y Vísceras de Res,Basicos,248,2025/12/18,Chedraui,Supermercado / Tienda de Autoservicio,Chedraui Sucursal Anfora,Anfora 71. Esq. Eje 1 Norte. Col. Madero. Cp. 15320,Ciudad de México,Venustiano Carranza,19.437353,-99.110088
Carne Res,1 Kg. Granel. Milanesa de Bola o Auténtica de Bola o de Bola Corte Delgado o de Pulpa Bola,S/M,Carne y Vísceras de Res,Basicos,248,2025/12/23,Bodega Aurrera,Supermercado / Tienda de Autoservicio,Bodega Aurrera Sucursal Centro Constituyentes,Constituyentes Oriente 334. Entre Pasteur y Manuel Ponce. Col. MercuRío. Cp. 76040,Querétaro,Santiago de Querétaro,20.586349,-100.382801
Carne Res,1 Kg. Granel. Milanesa de Bola o Auténtica de Bola o de Bola Corte Delgado o de Pulpa Bola,S/M,Carne y Vísceras de Res,Basicos,250,2025/12/18,Wal-mart,Supermercado / Tienda de Autoservicio,Walmart Sucursal Balbuena,Fray Servando Teresa de Mier 881. Entre Fernando Iglesia Calderon y Genaro Garcia. Col. Jardín Balbuena. Cp. 15900,Ciudad de México,Venustiano Carranza,19.418067,-99.105639
Carne Res,1 Kg. Granel. Milanesa de Bola o Auténtica de Bola o de Bola Corte Delgado o de Pulpa Bola,S/M,Carne y Vísceras de Res,Basicos,259,2025/12/22,Hipermercado Soriana,Supermercado / Tienda de Autoservicio,Soriana Hiper Sucursal Cimatario,Ctra. a Huimilpan 1001. Int. del Centro Comercial Plaza del Sol. Col. Plazas del Sol. Iii Sección. Cp. 76099,Querétaro,Santiago de Querétaro,20.563227,-100.375284
Carne Res,1 Kg. Granel. Milanesa de Bola o Auténtica de Bola o de Bola Corte Delgado o de Pulpa Bola,S/M,Carne y Vísceras de Res,Basicos,274,2025/12/18,La Comer,Supermercado / Tienda de Autoservicio,Lacomer Sucursal Queretaro Estadio,Luis M. Vega y Monroy 1300. Esq.cimataRío . Col. CimataRío. Cp. 76090,Querétaro,Santiago de Querétaro,20.577804,-100.373626
Carne Res,1 Kg. Granel. Milanesa o de Corte Delgado o de Pulpa Blanca,S/M,Carne y Vísceras de Res,Basicos,223,2025/12/19,Bodega Aurrera,Supermercado / Tienda de Autoservicio,Bodega Aurrera Sucursal Centro Constituyentes,Constituyentes Oriente 334. Entre Pasteur y Manuel Ponce. Col. MercuRío. Cp. 76040,Querétaro,Santiago de Querétaro,20.586349,-100.382801
Carne Res,1 Kg. Granel. Milanesa o de Corte Delgado o de Pulpa Blanca,S/M,Carne y Vísceras de Res,Basicos,223,2025/12/23,Bodega Aurrera,Supermercado / Tienda de Autoservicio,Bodega Aurrera Sucursal Centro Constituyentes,Constituyentes Oriente 334. Entre Pasteur y Manuel Ponce. Col. MercuRío. Cp. 76040,Querétaro,Santiago de Querétaro,20.586349,-100.382801
Carne Res,1 Kg. Granel. Milanesa o de Corte Delgado o de Pulpa Blanca,S/M,Carne y Vísceras de Res,Basicos,227,2025/12/18,Chedraui,Supermercado / Tienda de Autoservicio,Chedraui Sucursal Anfora,Anfora 71. Esq. Eje 1 Norte. Col. Madero. Cp. 15320,Ciudad de México,Venustiano Carranza,19.437353,-99.110088
Carne Res,1 Kg. Granel. Molida,S/M,Carne y Vísceras de Res,Basicos,146,2025/12/17,Chedraui,Supermercado / Tienda de Autoservicio,Chedraui Sucursal Centro Sur,Blvd. Bernardo Quintana 502. Carr. con Direccion a Centro Civico. Col. Centro Sur. Cp. 76087,Querétaro,Santiago de Querétaro,20.569354,-100.358831
Carne Res,1 Kg. Granel. Molida,S/M,Carne y Vísceras de Res,Basicos,146,2025/12/22,Chedraui,Supermercado / Tienda de Autoservicio,Chedraui Sucursal Centro Sur,Blvd. Bernardo Quintana 502. Carr. con Direccion a Centro Civico. Col. Centro Sur. Cp. 76087,Querétaro,Santiago de Querétaro,20.569354,-100.358831
Carne Res,1 Kg. Granel. Molida,S/M,Carne y Vísceras de Res,Basicos,237,2025/12/18,La Comer,Supermercado / Tienda de Autoservicio,Lacomer Sucursal Queretaro Estadio,Luis M. Vega y Monroy 1300. Esq.cimataRío . Col. CimataRío. Cp. 76090,Querétaro,Santiago de Querétaro,20.577804,-100.373626
Carne Res,1 Kg. Granel. Molida Especial 80/20,S/M,Carne y Vísceras de Res,Basicos,107,2025/12/31,Hipermercado Soriana,Supermercado / Tienda de Autoservicio,Soriana Hiper Sucursal Cimatario,Ctra. a Huimilpan 1001. Int. del Centro Comercial Plaza del Sol. Col. Plazas del Sol. Iii Sección. Cp. 76099,Querétaro,Santiago de Querétaro,20.563227,-100.375284
Carne Res,1 Kg. Granel. Molida Especial 80/20,S/M,Carne y Vísceras de Res,Basicos,134,2025/12/22,Hipermercado Soriana,Supermercado / Tienda de Autoservicio,Soriana Hiper Sucursal Cimatario,Ctra. a Huimilpan 1001. Int. del Centro Comercial Plaza del Sol. Col. Plazas del Sol. Iii Sección. Cp. 76099,Querétaro,Santiago de Querétaro,20.563227,-100.375284
Carne Res,1 Kg. Granel. Molida Especial 80/20,S/M,Carne y Vísceras de Res,Basicos,142,2025/12/16,Wal-mart,Supermercado / Tienda de Autoservicio,Walmart Sucursal Unidad Plaza de Toros,Autopista Querétaro Celaya 5501. Int. del Centro Comercial Plaza Esfera. Col. el Jacal. Cp. 76187,Querétaro,Santiago de Querétaro,20.574076,-100.408704
Carne Res,1 Kg. Granel. Molida Especial 80/20,S/M,Carne y Vísceras de Res,Basicos,142,2025/12/18,Wal-mart,Supermercado / Tienda de Autoservicio,Walmart Sucursal Balbuena,Fray Servando Teresa de Mier 881. Entre Fernando Iglesia Calderon y Genaro Garcia. Col. Jardín Balbuena. Cp. 15900,Ciudad de México,Venustiano Carranza,19.418067,-99.105639
Carne Res,1 Kg. Granel. Molida Especial 80/20,S/M,Carne y Vísceras de Res,Basicos,142,2025/12/23,Bodega Aurrera,Supermercado / Tienda de Autoservicio,Bodega Aurrera Sucursal Centro Constituyentes,Constituyentes Oriente 334. Entre Pasteur y Manuel Ponce. Col. MercuRío. Cp. 76040,Querétaro,Santiago de Querétaro,20.586349,-100.382801
Carne Res,1 Kg. Granel. Molida Especial 80/20,S/M,Carne y Vísceras de Res,Basicos,142,2025/12/23,Wal-mart,Supermercado / Tienda de Autoservicio,Walmart Sucursal Balbuena,Fray Servando Teresa de Mier 881. Entre Fernando Iglesia Calderon y Genaro Garcia. Col. Jardín Balbuena. Cp. 15900,Ciudad de México,Venustiano Carranza,19.418067,-99.105639
Carne Res,1 Kg. Granel. Molida Especial 80/20,S/M,Carne y Vísceras de Res,Basicos,142,2025/12/23,Wal-mart,Supermercado / Tienda de Autoservicio,Walmart Sucursal Unidad Plaza de Toros,Autopista Querétaro Celaya 5501. Int. del Centro Comercial Plaza Esfera. Col. el Jacal. Cp. 76187,Querétaro,Santiago de Querétaro,20.574076,-100.408704
Carne Res,1 Kg. Granel. Molida Top Sirlion 90/10 o de Sirlion 90/10,S/M,Carne y Vísceras de Res,Basicos,219,2025/12/22,Hipermercado Soriana,Supermercado / Tienda de Autoservicio,Soriana Hiper Sucursal Cimatario,Ctra. a Huimilpan 1001. Int. del Centro Comercial Plaza del Sol. Col. Plazas del Sol. Iii Sección. Cp. 76099,Querétaro,Santiago de Querétaro,20.563227,-100.375284
Carne Res,1 Kg. Granel. Molida Top Sirlion 90/10 o de Sirlion 90/10,S/M,Carne y Vísceras de Res,Basicos,229,2025/12/18,Wal-mart,Supermercado / Tienda de Autoservicio,Walmart Sucursal Aeropuerto,Calz. Ignacio Zaragoza 58. Esq. Blvd. Puerto Aereo. Col. Federal. Cp. 15700,Ciudad de México,Venustiano Carranza,19.41926,-99.094521
Carne Res,1 Kg. Granel. Molida Top Sirlion 90/10 o de Sirlion 90/10,S/M,Carne y Vísceras de Res,Basicos,229,2025/12/23,Wal-mart,Supermercado / Tienda de Autoservicio,Walmart Sucursal Balbuena,Fray Servando Teresa de Mier 881. Entre Fernando Iglesia Calderon y Genaro Garcia. Col. Jardín Balbuena. Cp. 15900,Ciudad de México,Venustiano Carranza,19.418067,-99.105639
Carne Res,1 Kg. Granel. Molida Top Sirlion 90/10 o de Sirlion 90/10,S/M,Carne y Vísceras de Res,Basicos,229,2025/12/23,Wal-mart,Supermercado / Tienda de Autoservicio,Walmart Sucursal Unidad Plaza de Toros,Autopista Querétaro Celaya 5501. Int. del Centro Comercial Plaza Esfera. Col. el Jacal. Cp. 76187,Querétaro,Santiago de Querétaro,20.574076,-100.408704
Carne Res,1 Kg. Granel. Molida Top Sirlion 90/10 o de Sirlion 90/10,S/M,Carne y Vísceras de Res,Basicos,239,2025/12/31,Hipermercado Soriana,Supermercado / Tienda de Autoservicio,Soriana Hiper Sucursal Cimatario,Ctra. a Huimilpan 1001. Int. del Centro Comercial Plaza del Sol. Col. Plazas del Sol. Iii Sección. Cp. 76099,Querétaro,Santiago de Querétaro,20.563227,-100.375284
Carne Res,1 Kg. Granel. Panza o Menudo. Cocidos,S/M,Carne y Vísceras de Res,Basicos,109,2025/12/16,Wal-mart,Supermercado / Tienda de Autoservicio,Walmart Sucursal Unidad Plaza de Toros,Autopista Querétaro Celaya 5501. Int. del Centro Comercial Plaza Esfera. Col. el Jacal. Cp. 76187,Querétaro,Santiago de Querétaro,20.574076,-100.408704
Carne Res,1 Kg. Granel. Panza o Menudo. Cocidos,S/M,Carne y Vísceras de Res,Basicos,109,2025/12/18,La Comer,Supermercado / Tienda de Autoservicio,Lacomer Sucursal Queretaro Estadio,Luis M. Vega y Monroy 1300. Esq.cimataRío . Col. CimataRío. Cp. 76090,Querétaro,Santiago de Querétaro,20.577804,-100.373626
Carne Res,1 Kg. Granel. Panza o Menudo. Cocidos,S/M,Carne y Vísceras de Res,Basicos,160,2025/12/23,Bodega Aurrera,Supermercado / Tienda de Autoservicio,Bodega Aurrera Sucursal Centro Constituyentes,Constituyentes Oriente 334. Entre Pasteur y Manuel Ponce. Col. MercuRío. Cp. 76040,Querétaro,Santiago de Querétaro,20.586349,-100.382801
Carne Res,1 Kg. Granel. Panza o Menudo. Crudos,S/M,Carne y Vísceras de Res,Basicos,145,2025/12/18,La Comer,Supermercado / Tienda de Autoservicio,Lacomer Sucursal Queretaro Estadio,Luis M. Vega y Monroy 1300. Esq.cimataRío . Col. CimataRío. Cp. 76090,Querétaro,Santiago de Querétaro,20.577804,-100.373626
Carne Res,1 Kg. Granel. Retazo con Hueso o Cocido Comercial,S/M,Carne y Vísceras de Res,Basicos,139,2025/12/22,Hipermercado Soriana,Supermercado / Tienda de Autoservicio,Soriana Hiper Sucursal Cimatario,Ctra. a Huimilpan 1001. Int. del Centro Comercial Plaza del Sol. Col. Plazas del Sol. Iii Sección. Cp. 76099,Querétaro,Santiago de Querétaro,20.563227,-100.375284
Carne Res,1 Kg. Granel. Retazo con Hueso o Cocido Comercial,S/M,Carne y Vísceras de Res,Basicos,149,2025/12/19,Bodega Aurrera,Supermercado / Tienda de Autoservicio,Bodega Aurrera Sucursal Centro Constituyentes,Constituyentes Oriente 334. Entre Pasteur y Manuel Ponce. Col. MercuRío. Cp. 76040,Querétaro,Santiago de Querétaro,20.586349,-100.382801
Carne Res,1 Kg. Granel. Retazo con Hueso o Cocido Comercial,S/M,Carne y Vísceras de Res,Basicos,149,2025/12/23,Bodega Aurrera,Supermercado / Tienda de Autoservicio,Bodega Aurrera Sucursal Centro Constituyentes,Constituyentes Oriente 334. Entre Pasteur y Manuel Ponce. Col. MercuRío. Cp. 76040,Querétaro,Santiago de Querétaro,20.586349,-100.382801
Carne Res,1 Kg. Granel. Retazo con Hueso para Cocer o Guisar,S/M,Carne y Vísceras de Res,Basicos,154.7,2025/12/18,La Comer,Supermercado / Tienda de Autoservicio,Lacomer Sucursal Queretaro Estadio,Luis M. Vega y Monroy 1300. Esq.cimataRío . Col. CimataRío. Cp. 76090,Querétaro,Santiago de Querétaro,20.577804,-100.373626
Caña,1 Kg. Granel,S/M,Productos de Temporada (navideños),Frutas y Legumbres,25,2025/12/23,Bodega Aurrera,Supermercado / Tienda de Autoservicio,Bodega Aurrera Sucursal Centro Constituyentes,Constituyentes Oriente 334. Entre Pasteur y Manuel Ponce. Col. MercuRío. Cp. 76040,Querétaro,Santiago de Querétaro,20.586349,-100.382801
Cebolla,1 Kg. Granel. Amarilla,S/M,Hortalizas Frescas,Pacic,14.9,2025/12/31,Hipermercado Soriana,Supermercado / Tienda de Autoservicio,Soriana Hiper Sucursal Cimatario,Ctra. a Huimilpan 1001. Int. del Centro Comercial Plaza del Sol. Col. Plazas del Sol. Iii Sección. Cp. 76099,Querétaro,Santiago de Querétaro,20.563227,-100.375284
Cebolla,1 Kg. Granel. Amarilla,S/M,Hortalizas Frescas,Pacic,18.9,2025/12/22,Hipermercado Soriana,Supermercado / Tienda de Autoservicio,Soriana Hiper Sucursal Cimatario,Ctra. a Huimilpan 1001. Int. del Centro Comercial Plaza del Sol. Col. Plazas del Sol. Iii Sección. Cp. 76099,Querétaro,Santiago de Querétaro,20.563227,-100.375284
Cebolla,1 Kg. Granel. Blanca Sin Rabo,S/M,Hortalizas Frescas,Frutas y Legumbres,17.9,2025/12/19,Superissste,Supermercado / Tienda de Autoservicio,Superissste Sucursal 011,Calle Peluqueros No. 310 Esquina Calle Tizayuca. Col. Michoacána. Cp. 15240,Ciudad de México,Venustiano Carranza,19.446139,-99.113372
Cebolla,1 Kg. Granel. Blanca Sin Rabo,S/M,Hortalizas Frescas,Frutas y Legumbres,17.9,2025/12/19,Superissste,Supermercado / Tienda de Autoservicio,Superissste Sucursal 022,Av. del Taller y Retorno No. 38 Dentro del Retorno 38. Col. Jardín Balbuena. Cp. 15900,Ciudad de México,Venustiano Carranza,19.412842,-99.105666
Cebolla,1 Kg. Granel. Blanca Sin Rabo,S/M,Hortalizas Frescas,Frutas y Legumbres,17.9,2025/12/26,Superissste,Supermercado / Tienda de Autoservicio,Superissste Sucursal 011,Calle Peluqueros No. 310 Esquina Calle Tizayuca. Col. Michoacána. Cp. 15240,Ciudad de México,Venustiano Carranza,19.446139,-99.113372
Cebolla,1 Kg. Granel. Blanca Sin Rabo,S/M,Hortalizas Frescas,Frutas y Legumbres,17.9,2025/12/26,Superissste,Supermercado / Tienda de Autoservicio,Superissste Sucursal 022,Av. del Taller y Retorno No. 38 Dentro del Retorno 38. Col. Jardín Balbuena. Cp. 15900,Ciudad de México,Venustiano Carranza,19.412842,-99.105666
Cebolla,1 Kg. Granel. Blanca Sin Rabo,S/M,Hortalizas Frescas,Frutas y Legumbres,19.9,2025/12/24,La Comer,Supermercado / Tienda de Autoservicio,Lacomer Sucursal Queretaro Estadio,Luis M. Vega y Monroy 1300. Esq.cimataRío . Col. CimataRío. Cp. 76090,Querétaro,Santiago de Querétaro,20.577804,-100.373626
Cebolla,1 Kg. Granel. Blanca Sin Rabo,S/M,Hortalizas Frescas,Frutas y Legumbres,20,2025/12/22,Mercado Publico,Mercados,Mercado Lomas de Casablanca,Avenida 10. Esq. Calle 23. Col. Lomas de Casa Blanca. Cp. 76080,Querétaro,Santiago de Querétaro,20.603024,-100.396263
Cebolla,1 Kg. Granel. Blanca Sin Rabo,S/M,Hortalizas Frescas,Frutas y Legumbres,24,2025/12/22,Chedraui,Supermercado / Tienda de Autoservicio,Chedraui Sucursal Centro Sur,Blvd. Bernardo Quintana 502. Carr. con Direccion a Centro Civico. Col. Centro Sur. Cp. 76087,Querétaro,Santiago de Querétaro,20.569354,-100.358831
Cebolla,1 Kg. Granel. Blanca Sin Rabo,S/M,Hortalizas Frescas,Frutas y Legumbres,26,2025/12/17,Chedraui,Supermercado / Tienda de Autoservicio,Chedraui Sucursal Centro Sur,Blvd. Bernardo Quintana 502. Carr. con Direccion a Centro Civico. Col. Centro Sur. Cp. 76087,Querétaro,Santiago de Querétaro,20.569354,-100.358831
Cebolla,1 Kg. Granel. Blanca Sin Rabo,S/M,Hortalizas Frescas,Frutas y Legumbres,26,2025/12/18,Chedraui,Supermercado / Tienda de Autoservicio,Chedraui Sucursal Anfora,Anfora 71. Esq. Eje 1 Norte. Col. Madero. Cp. 15320,Ciudad de México,Venustiano Carranza,19.437353,-99.110088
Cebolla,1 Kg. Granel. Blanca Sin Rabo,S/M,Hortalizas Frescas,Frutas y Legumbres,29.8,2025/12/22,Hipermercado Soriana,Supermercado / Tienda de Autoservicio,Soriana Hiper Sucursal Cimatario,Ctra. a Huimilpan 1001. Int. del Centro Comercial Plaza del Sol. Col. Plazas del Sol. Iii Sección. Cp. 76099,Querétaro,Santiago de Querétaro,20.563227,-100.375284
Cebolla,1 Kg. Granel. Blanca Sin Rabo,S/M,Hortalizas Frescas,Frutas y Legumbres,29.9,2025/12/31,Hipermercado Soriana,Supermercado / Tienda de Autoservicio,Soriana Hiper Sucursal Cimatario,Ctra. a Huimilpan 1001. Int. del Centro Comercial Plaza del Sol. Col. Plazas del Sol. Iii Sección. Cp. 76099,Querétaro,Santiago de Querétaro,20.563227,-100.375284
Cebolla,1 Kg. Granel. Blanca Sin Rabo,S/M,Hortalizas Frescas,Frutas y Legumbres,32.9,2025/12/18,Bodega Aurrera,Supermercado / Tienda de Autoservicio,Bodega Aurrera Sucursal la Viga,Calz. de la Viga 136 Esq. del Taller. Col. Lorenzo Boturini. Cp. 15820,Ciudad de México,Venustiano Carranza,19.414749,-99.127874
Cebolla,1 Kg. Granel. Blanca Sin Rabo,S/M,Hortalizas Frescas,Frutas y Legumbres,32.9,2025/12/18,La Comer,Supermercado / Tienda de Autoservicio,Lacomer Sucursal Queretaro Estadio,Luis M. Vega y Monroy 1300. Esq.cimataRío . Col. CimataRío. Cp. 76090,Querétaro,Santiago de Querétaro,20.577804,-100.373626
Cebolla,1 Kg. Granel. Blanca Sin Rabo,S/M,Hortalizas Frescas,Frutas y Legumbres,32.9,2025/12/19,Bodega Aurrera,Supermercado / Tienda de Autoservicio,Bodega Aurrera Sucursal Centro Constituyentes,Constituyentes Oriente 334. Entre Pasteur y Manuel Ponce. Col. MercuRío. Cp. 76040,Querétaro,Santiago de Querétaro,20.586349,-100.382801
Cebolla,1 Kg. Granel. Blanca Sin Rabo,S/M,Hortalizas Frescas,Frutas y Legumbres,32.9,2025/12/23,Bodega Aurrera,Supermercado / Tienda de Autoservicio,Bodega Aurrera Sucursal Centro Constituyentes,Constituyentes Oriente 334. Entre Pasteur y Manuel Ponce. Col. MercuRío. Cp. 76040,Querétaro,Santiago de Querétaro,20.586349,-100.382801
Cebolla,1 Kg. Granel. Blanca Sin Rabo,S/M,Hortalizas Frescas,Frutas y Legumbres,39.9,2025/12/18,Wal-mart,Supermercado / Tienda de Autoservicio,Walmart Sucursal Aeropuerto,Calz. Ignacio Zaragoza 58. Esq. Blvd. Puerto Aereo. Col. Federal. Cp. 15700,Ciudad de México,Venustiano Carranza,19.41926,-99.094521
Cebolla,1 Kg. Granel. Blanca Sin Rabo,S/M,Hortalizas Frescas,Frutas y Legumbres,39.9,2025/12/18,Wal-mart,Supermercado / Tienda de Autoservicio,Walmart Sucursal Balbuena,Fray Servando Teresa de Mier 881. Entre Fernando Iglesia Calderon y Genaro Garcia. Col. Jardín Balbuena. Cp. 15900,Ciudad de México,Venustiano Carranza,19.418067,-99.105639
Cebolla,1 Kg. Granel. Blanca Sin Rabo,S/M,Hortalizas Frescas,Frutas y Legumbres,39.9,2025/12/23,Wal-mart,Supermercado / Tienda de Autoservicio,Walmart Sucursal Balbuena,Fray Servando Teresa de Mier 881. Entre Fernando Iglesia Calderon y Genaro Garcia. Col. Jardín Balbuena. Cp. 15900,Ciudad de México,Venustiano Carranza,19.418067,-99.105639
Cebolla,1 Kg. Granel. Blanca Sin Rabo,S/M,Hortalizas Frescas,Pacic,19.9,2025/12/24,La Comer,Supermercado / Tienda de Autoservicio,Lacomer Sucursal Queretaro Estadio,Luis M. Vega y Monroy 1300. Esq.cimataRío . Col. CimataRío. Cp. 76090,Querétaro,Santiago de Querétaro,20.577804,-100.373626
Cebolla,1 Kg. Granel. Blanca Sin Rabo,S/M,Hortalizas Frescas,Pacic,24,2025/12/22,Chedraui,Supermercado / Tienda de Autoservicio,Chedraui Sucursal Centro Sur,Blvd. Bernardo Quintana 502. Carr. con Direccion a Centro Civico. Col. Centro Sur. Cp. 76087,Querétaro,Santiago de Querétaro,20.569354,-100.358831
Cebolla,1 Kg. Granel. Blanca Sin Rabo,S/M,Hortalizas Frescas,Pacic,26,2025/12/17,Chedraui,Supermercado / Tienda de Autoservicio,Chedraui Sucursal Centro Sur,Blvd. Bernardo Quintana 502. Carr. con Direccion a Centro Civico. Col. Centro Sur. Cp. 76087,Querétaro,Santiago de Querétaro,20.569354,-100.358831
Cebolla,1 Kg. Granel. Blanca Sin Rabo,S/M,Hortalizas Frescas,Pacic,26,2025/12/18,Chedraui,Supermercado / Tienda de Autoservicio,Chedraui Sucursal Anfora,Anfora 71. Esq. Eje 1 Norte. Col. Madero. Cp. 15320,Ciudad de México,Venustiano Carranza,19.437353,-99.110088
Cebolla,1 Kg. Granel. Blanca Sin Rabo,S/M,Hortalizas Frescas,Pacic,26.9,2025/12/23,Wal-mart,Supermercado / Tienda de Autoservicio,Walmart Sucursal Unidad Plaza de Toros,Autopista Querétaro Celaya 5501. Int. del Centro Comercial Plaza Esfera. Col. el Jacal. Cp. 76187,Querétaro,Santiago de Querétaro,20.574076,-100.408704
Cebolla,1 Kg. Granel. Blanca Sin Rabo,S/M,Hortalizas Frescas,Pacic,29.8,2025/12/22,Hipermercado Soriana,Supermercado / Tienda de Autoservicio,Soriana Hiper Sucursal Cimatario,Ctra. a Huimilpan 1001. Int. del Centro Comercial Plaza del Sol. Col. Plazas del Sol. Iii Sección. Cp. 76099,Querétaro,Santiago de Querétaro,20.563227,-100.375284
Cebolla,1 Kg. Granel. Blanca Sin Rabo,S/M,Hortalizas Frescas,Pacic,29.9,2025/12/31,Hipermercado Soriana,Supermercado / Tienda de Autoservicio,Soriana Hiper Sucursal Cimatario,Ctra. a Huimilpan 1001. Int. del Centro Comercial Plaza del Sol. Col. Plazas del Sol. Iii Sección. Cp. 76099,Querétaro,Santiago de Querétaro,20.563227,-100.375284
Cebolla,1 Kg. Granel. Blanca Sin Rabo,S/M,Hortalizas Frescas,Pacic,32.9,2025/12/18,Bodega Aurrera,Supermercado / Tienda de Autoservicio,Bodega Aurrera Sucursal la Viga,Calz. de la Viga 136 Esq. del Taller. Col. Lorenzo Boturini. Cp. 15820,Ciudad de México,Venustiano Carranza,19.414749,-99.127874
Cebolla,1 Kg. Granel. Blanca Sin Rabo,S/M,Hortalizas Frescas,Pacic,32.9,2025/12/18,La Comer,Supermercado / Tienda de Autoservicio,Lacomer Sucursal Queretaro Estadio,Luis M. Vega y Monroy 1300. Esq.cimataRío . Col. CimataRío. Cp. 76090,Querétaro,Santiago de Querétaro,20.577804,-100.373626
Cebolla,1 Kg. Granel. Blanca Sin Rabo,S/M,Hortalizas Frescas,Pacic,32.9,2025/12/19,Bodega Aurrera,Supermercado / Tienda de Autoservicio,Bodega Aurrera Sucursal Centro Constituyentes,Constituyentes Oriente 334. Entre Pasteur y Manuel Ponce. Col. MercuRío. Cp. 76040,Querétaro,Santiago de Querétaro,20.586349,-100.382801
Cebolla,1 Kg. Granel. Blanca Sin Rabo,S/M,Hortalizas Frescas,Pacic,32.9,2025/12/23,Bodega Aurrera,Supermercado / Tienda de Autoservicio,Bodega Aurrera Sucursal Centro Constituyentes,Constituyentes Oriente 334. Entre Pasteur y Manuel Ponce. Col. MercuRío. Cp. 76040,Querétaro,Santiago de Querétaro,20.586349,-100.382801
Cebolla,1 Kg. Granel. Blanca Sin Rabo,S/M,Hortalizas Frescas,Pacic,39.9,2025/12/17,Wal-mart,Supermercado / Tienda de Autoservicio,Walmart Sucursal Unidad Plaza de Toros,Autopista Querétaro Celaya 5501. Int. del Centro Comercial Plaza Esfera. Col. el Jacal. Cp. 76187,Querétaro,Santiago de Querétaro,20.574076,-100.408704
Cebolla,1 Kg. Granel. Blanca Sin Rabo,S/M,Hortalizas Frescas,Pacic,39.9,2025/12/18,Wal-mart,Supermercado / Tienda de Autoservicio,Walmart Sucursal Aeropuerto,Calz. Ignacio Zaragoza 58. Esq. Blvd. Puerto Aereo. Col. Federal. Cp. 15700,Ciudad de México,Venustiano Carranza,19.41926,-99.094521
Cebolla,1 Kg. Granel. Blanca Sin Rabo,S/M,Hortalizas Frescas,Pacic,39.9,2025/12/18,Wal-mart,Supermercado / Tienda de Autoservicio,Walmart Sucursal Balbuena,Fray Servando Teresa de Mier 881. Entre Fernando Iglesia Calderon y Genaro Garcia. Col. Jardín Balbuena. Cp. 15900,Ciudad de México,Venustiano Carranza,19.418067,-99.105639
Cebolla,1 Kg. Granel. Blanca Sin Rabo,S/M,Hortalizas Frescas,Pacic,39.9,2025/12/23,Wal-mart,Supermercado / Tienda de Autoservicio,Walmart Sucursal Balbuena,Fray Servando Teresa de Mier 881. Entre Fernando Iglesia Calderon y Genaro Garcia. Col. Jardín Balbuena. Cp. 15900,Ciudad de México,Venustiano Carranza,19.418067,-99.105639
Cebolla,1 Kg. Granel. Blanca Sin Rabo. en Malla,S/M,Hortalizas Frescas,Pacic,26.9,2025/12/17,Wal-mart,Supermercado / Tienda de Autoservicio,Walmart Sucursal Unidad Plaza de Toros,Autopista Querétaro Celaya 5501. Int. del Centro Comercial Plaza Esfera. Col. el Jacal. Cp. 76187,Querétaro,Santiago de Querétaro,20.574076,-100.408704
Cebolla,1 Kg. Granel. Blanca Sin Rabo. en Malla,S/M,Hortalizas Frescas,Pacic,26.9,2025/12/18,Bodega Aurrera,Supermercado / Tienda de Autoservicio,Bodega Aurrera Sucursal la Viga,Calz. de la Viga 136 Esq. del Taller. Col. Lorenzo Boturini. Cp. 15820,Ciudad de México,Venustiano Carranza,19.414749,-99.127874
Cebolla,1 Kg. Granel. Blanca Sin Rabo. en Malla,S/M,Hortalizas Frescas,Pacic,26.9,2025/12/18,Wal-mart,Supermercado / Tienda de Autoservicio,Walmart Sucursal Aeropuerto,Calz. Ignacio Zaragoza 58. Esq. Blvd. Puerto Aereo. Col. Federal. Cp. 15700,Ciudad de México,Venustiano Carranza,19.41926,-99.094521
Cebolla,1 Kg. Granel. Blanca Sin Rabo. en Malla,S/M,Hortalizas Frescas,Pacic,26.9,2025/12/18,Wal-mart,Supermercado / Tienda de Autoservicio,Walmart Sucursal Balbuena,Fray Servando Teresa de Mier 881. Entre Fernando Iglesia Calderon y Genaro Garcia. Col. Jardín Balbuena. Cp. 15900,Ciudad de México,Venustiano Carranza,19.418067,-99.105639
Cebolla,1 Kg. Granel. Blanca Sin Rabo. en Malla,S/M,Hortalizas Frescas,Pacic,26.9,2025/12/19,Bodega Aurrera,Supermercado / Tienda de Autoservicio,Bodega Aurrera Sucursal Centro Constituyentes,Constituyentes Oriente 334. Entre Pasteur y Manuel Ponce. Col. MercuRío. Cp. 76040,Querétaro,Santiago de Querétaro,20.586349,-100.382801
Cebolla,1 Kg. Granel. Blanca Sin Rabo. en Malla,S/M,Hortalizas Frescas,Pacic,26.9,2025/12/23,Bodega Aurrera,Supermercado / Tienda de Autoservicio,Bodega Aurrera Sucursal Centro Constituyentes,Constituyentes Oriente 334. Entre Pasteur y Manuel Ponce. Col. MercuRío. Cp. 76040,Querétaro,Santiago de Querétaro,20.586349,-100.382801
Cebolla,1 Kg. Granel. Morada,S/M,Hortalizas Frescas,Pacic,35.9,2025/12/31,Hipermercado Soriana,Supermercado / Tienda de Autoservicio,Soriana Hiper Sucursal Cimatario,Ctra. a Huimilpan 1001. Int. del Centro Comercial Plaza del Sol. Col. Plazas del Sol. Iii Sección. Cp. 76099,Querétaro,Santiago de Querétaro,20.563227,-100.375284
Cebolla,1 Kg. Granel. Morada,S/M,Hortalizas Frescas,Pacic,40.5,2025/12/22,Hipermercado Soriana,Supermercado / Tienda de Autoservicio,Soriana Hiper Sucursal Cimatario,Ctra. a Huimilpan 1001. Int. del Centro Comercial Plaza del Sol. Col. Plazas del Sol. Iii Sección. Cp. 76099,Querétaro,Santiago de Querétaro,20.563227,-100.375284
Cebolla,Manojo. Cambray,S/M,Hortalizas Frescas,Frutas y Legumbres,14.8,2025/12/22,Hipermercado Soriana,Supermercado / Tienda de Autoservicio,Soriana Hiper Sucursal Cimatario,Ctra. a Huimilpan 1001. Int. del Centro Comercial Plaza del Sol. Col. Plazas del Sol. Iii Sección. Cp. 76099,Querétaro,Santiago de Querétaro,20.563227,-100.375284
Cebolla,Manojo. Cambray,S/M,Hortalizas Frescas,Frutas y Legumbres,14.9,2025/12/17,Chedraui,Supermercado / Tienda de Autoservicio,Chedraui Sucursal Centro Sur,Blvd. Bernardo Quintana 502. Carr. con Direccion a Centro Civico. Col. Centro Sur. Cp. 76087,Querétaro,Santiago de Querétaro,20.569354,-100.358831
Cebolla,Manojo. Cambray,S/M,Hortalizas Frescas,Frutas y Legumbres,14.9,2025/12/18,Chedraui,Supermercado / Tienda de Autoservicio,Chedraui Sucursal Anfora,Anfora 71. Esq. Eje 1 Norte. Col. Madero. Cp. 15320,Ciudad de México,Venustiano Carranza,19.437353,-99.110088
Cebolla,Manojo. Cambray,S/M,Hortalizas Frescas,Frutas y Legumbres,16.9,2025/12/18,Bodega Aurrera,Supermercado / Tienda de Autoservicio,Bodega Aurrera Sucursal la Viga,Calz. de la Viga 136 Esq. del Taller. Col. Lorenzo Boturini. Cp. 15820,Ciudad de México,Venustiano Carranza,19.414749,-99.127874
Cebolla,Manojo. Cambray,S/M,Hortalizas Frescas,Frutas y Legumbres,16.9,2025/12/18,Wal-mart,Supermercado / Tienda de Autoservicio,Walmart Sucursal Aeropuerto,Calz. Ignacio Zaragoza 58. Esq. Blvd. Puerto Aereo. Col. Federal. Cp. 15700,Ciudad de México,Venustiano Carranza,19.41926,-99.094521
Cebolla,Manojo. Cambray,S/M,Hortalizas Frescas,Frutas y Legumbres,16.9,2025/12/18,Wal-mart,Supermercado / Tienda de Autoservicio,Walmart Sucursal Balbuena,Fray Servando Teresa de Mier 881. Entre Fernando Iglesia Calderon y Genaro Garcia. Col. Jardín Balbuena. Cp. 15900,Ciudad de México,Venustiano Carranza,19.418067,-99.105639
Cebolla,Manojo. Cambray,S/M,Hortalizas Frescas,Frutas y Legumbres,16.9,2025/12/19,Bodega Aurrera,Supermercado / Tienda de Autoservicio,Bodega Aurrera Sucursal Centro Constituyentes,Constituyentes Oriente 334. Entre Pasteur y Manuel Ponce. Col. MercuRío. Cp. 76040,Querétaro,Santiago de Querétaro,20.586349,-100.382801
Cebolla,Manojo. Cambray,S/M,Hortalizas Frescas,Frutas y Legumbres,16.9,2025/12/23,Bodega Aurrera,Supermercado / Tienda de Autoservicio,Bodega Aurrera Sucursal Centro Constituyentes,Constituyentes Oriente 334. Entre Pasteur y Manuel Ponce. Col. MercuRío. Cp. 76040,Querétaro,Santiago de Querétaro,20.586349,-100.382801
Cebolla,Manojo. Cambray,S/M,Hortalizas Frescas,Frutas y Legumbres,16.9,2025/12/23,Wal-mart,Supermercado / Tienda de Autoservicio,Walmart Sucursal Unidad Plaza de Toros,Autopista Querétaro Celaya 5501. Int. del Centro Comercial Plaza Esfera. Col. el Jacal. Cp. 76187,Querétaro,Santiago de Querétaro,20.574076,-100.408704
Cebolla,Manojo. Cambray,S/M,Hortalizas Frescas,Frutas y Legumbres,25,2025/12/22,Mercado Publico,Mercados,Mercado Lomas de Casablanca,Avenida 10. Esq. Calle 23. Col. Lomas de Casa Blanca. Cp. 76080,Querétaro,Santiago de Querétaro,20.603024,-100.396263
Celebrex,Caja con 10 Cápsulas de 200 Mg.,S/M,Medicamentos,Medicamentos,730,2025/12/18,Chedraui,Supermercado / Tienda de Autoservicio,Chedraui Sucursal Anfora,Anfora 71. Esq. Eje 1 Norte. Col. Madero. Cp. 15320,Ciudad de México,Venustiano Carranza,19.437353,-99.110088
Celebrex,Caja con 10 Cápsulas de 200 Mg.,S/M,Medicamentos,Medicamentos,925,2025/12/19,Bodega Aurrera,Supermercado / Tienda de Autoservicio,Bodega Aurrera Sucursal Centro Constituyentes,Constituyentes Oriente 334. Entre Pasteur y Manuel Ponce. Col. MercuRío. Cp. 76040,Querétaro,Santiago de Querétaro,20.586349,-100.382801
Celulares,Moto G15. Android 15/memoria Interna 256 GB. Cámara 50 MP + 5 MP/frontal 8 MP. 6.6 Plgs. Micro Sd Hasta 1 TB,Motorola,Aparatos Electrónicos,Electrodomesticos,3599,2025/12/17,Salinas y Rocha,Tienda de Electrodomésticos,Salinas y Rocha,Constituyentes Ote. 1204. Entre Popocatepetl y Nevado de Colima. Col. Palmas. Cp. 76040,Querétaro,Santiago de Querétaro,20.586768,-100.375909
Cepillo Dental,Blister 2 Piezas. Mediano 40,Oral-b. Complete,Arts. para el Cuidado Personal,Basicos,30.6,2025/12/26,Superissste,Supermercado / Tienda de Autoservicio,Superissste Sucursal 011,Calle Peluqueros No. 310 Esquina Calle Tizayuca. Col. Michoacána. Cp. 15240,Ciudad de México,Venustiano Carranza,19.446139,-99.113372
Cereales,Caja 570 Gr. Original,Fitness. Nestlé,Arroz y Cereales Preparados,Basicos,65,2025/12/26,Superissste,Supermercado / Tienda de Autoservicio,Superissste Sucursal 022,Av. del Taller y Retorno No. 38 Dentro del Retorno 38. Col. Jardín Balbuena. Cp. 15900,Ciudad de México,Venustiano Carranza,19.412842,-99.105666
Cerillos,Paquete 10 Cajas. 50 Piezas C/u,La Central. Clásicos,Cigarrillos,Basicos,23.9,2025/12/19,Superissste,Supermercado / Tienda de Autoservicio,Superissste Sucursal 011,Calle Peluqueros No. 310 Esquina Calle Tizayuca. Col. Michoacána. Cp. 15240,Ciudad de México,Venustiano Carranza,19.446139,-99.113372
Cetirizina,Caja con 10 Tabletas de 10 Mg.,S/M,Medicamentos,Medicamentos,45,2025/12/19,Bodega Aurrera,Supermercado / Tienda de Autoservicio,Bodega Aurrera Sucursal Centro Constituyentes,Constituyentes Oriente 334. Entre Pasteur y Manuel Ponce. Col. MercuRío. Cp. 76040,Querétaro,Santiago de Querétaro,20.586349,-100.382801
Cetirizina,Caja con 10 Tabletas de 10 Mg.,S/M,Medicamentos,Medicamentos,60,2025/12/17,Farmacias Similares,Farmacias,Farmacias Similares Sucursal 7462,Canada 268 . Int. Plaza las Americas. Col. Centro. Cp. 76050,Querétaro,Santiago de Querétaro,20.588396,-100.373612
Champiñones,1 Kg. Granel,S/M,Hortalizas Frescas,Frutas y Legumbres,69,2025/12/17,Chedraui,Supermercado / Tienda de Autoservicio,Chedraui Sucursal Centro Sur,Blvd. Bernardo Quintana 502. Carr. con Direccion a Centro Civico. Col. Centro Sur. Cp. 76087,Querétaro,Santiago de Querétaro,20.569354,-100.358831
Chayote,1 Kg. Granel. Sin Espinas,S/M,Hortalizas Frescas,Frutas y Legumbres,19.9,2025/12/22,Chedraui,Supermercado / Tienda de Autoservicio,Chedraui Sucursal Centro Sur,Blvd. Bernardo Quintana 502. Carr. con Direccion a Centro Civico. Col. Centro Sur. Cp. 76087,Querétaro,Santiago de Querétaro,20.569354,-100.358831
Chile Fresco,1 Kg. Granel. Guero-largo,S/M,Hortalizas Frescas,Frutas y Legumbres,107.1,2025/12/24,La Comer,Supermercado / Tienda de Autoservicio,Lacomer Sucursal Queretaro Estadio,Luis M. Vega y Monroy 1300. Esq.cimataRío . Col. CimataRío. Cp. 76090,Querétaro,Santiago de Querétaro,20.577804,-100.373626
Chile Fresco,1 Kg. Granel. Guero-largo,S/M,Hortalizas Frescas,Frutas y Legumbres,129,2025/12/18,Wal-mart,Supermercado / Tienda de Autoservicio,Walmart Sucursal Aeropuerto,Calz. Ignacio Zaragoza 58. Esq. Blvd. Puerto Aereo. Col. Federal. Cp. 15700,Ciudad de México,Venustiano Carranza,19.41926,-99.094521
Chile Fresco,1 Kg. Granel. Jalapeño o Cuaresmeño,S/M,Hortalizas Frescas,Frutas y Legumbres,25.9,2025/12/31,Hipermercado Soriana,Supermercado / Tienda de Autoservicio,Soriana Hiper Sucursal Cimatario,Ctra. a Huimilpan 1001. Int. del Centro Comercial Plaza del Sol. Col. Plazas del Sol. Iii Sección. Cp. 76099,Querétaro,Santiago de Querétaro,20.563227,-100.375284
Chile Fresco,1 Kg. Granel. Jalapeño o Cuaresmeño,S/M,Hortalizas Frescas,Pacic,24.5,2025/12/23,Bodega Aurrera,Supermercado / Tienda de Autoservicio,Bodega Aurrera Sucursal Centro Constituyentes,Constituyentes Oriente 334. Entre Pasteur y Manuel Ponce. Col. MercuRío. Cp. 76040,Querétaro,Santiago de Querétaro,20.586349,-100.382801
Chiles,Lata 220 Gr. Chipotles Adobados,La Costeña,Frutas y Legumbres Procesadas,Basicos,35.5,2025/12/16,Oxxo,Tienda de Conveniencia,Oxxo Sucursal Corregidora 50 Cr,Circuito Moises Solana No. 128. Esq. Gertrudis Bocanegra. Col. Burocratas. Cp. 76070,Querétaro,Santiago de Querétaro,20.57462,-100.384232
Chiles,Lata 380 Gr. Jalapeños Rajas,La Costeña,Frutas y Legumbres Procesadas,Basicos,28.5,2025/12/19,Superissste,Supermercado / Tienda de Autoservicio,Superissste Sucursal 022,Av. del Taller y Retorno No. 38 Dentro del Retorno 38. Col. Jardín Balbuena. Cp. 15900,Ciudad de México,Venustiano Carranza,19.412842,-99.105666
Chícharos en Lata,Lata 220 Gr.,La Costeña,Frutas y Legumbres Procesadas,Basicos,9.5,2025/12/26,Superissste,Supermercado / Tienda de Autoservicio,Superissste Sucursal 022,Av. del Taller y Retorno No. 38 Dentro del Retorno 38. Col. Jardín Balbuena. Cp. 15900,Ciudad de México,Venustiano Carranza,19.412842,-99.105666
Cialis,Caja con 28 Tabletas de 5 Mg.,S/M,Medicamentos,Medicamentos,3204,2025/12/31,Sanborn S Hnos.,Farmacias,Sanborns Sucursal los Arquitos,Constituyentes Oriente 172. Esq. de los Arquitos. Col. los Arquitos. Cp. 76050,Querétaro,Santiago de Querétaro,20.588117,-100.36869
Co-diovan,Caja con 14 Tabletas de 160 Mg./12.5 Mg.,S/M,Medicamentos,Medicamentos,645,2025/12/17,Chedraui,Supermercado / Tienda de Autoservicio,Chedraui Sucursal Centro Sur,Blvd. Bernardo Quintana 502. Carr. con Direccion a Centro Civico. Col. Centro Sur. Cp. 76087,Querétaro,Santiago de Querétaro,20.569354,-100.358831
Coliflor,Pieza,S/M,Hortalizas Frescas,Frutas y Legumbres,62,2025/12/23,Bodega Aurrera,Supermercado / Tienda de Autoservicio,Bodega Aurrera Sucursal Centro Constituyentes,Constituyentes Oriente 334. Entre Pasteur y Manuel Ponce. Col. MercuRío. Cp. 76040,Querétaro,Santiago de Querétaro,20.586349,-100.382801
Combivent,Caja con 10 Ampolletas de 2.5 Ml. 0.5 Mg./2.5 Mg. Solución,S/M,Medicamentos,Medicamentos,595,2025/12/18,La Comer,Supermercado / Tienda de Autoservicio,Lacomer Sucursal Queretaro Estadio,Luis M. Vega y Monroy 1300. Esq.cimataRío . Col. CimataRío. Cp. 76090,Querétaro,Santiago de Querétaro,20.577804,-100.373626
Competact,Caja con 14 Tabletas de 15 Mg./850 Mg.,S/M,Medicamentos,Medicamentos,885,2025/12/18,Benavides,Farmacias,Farmacia Benavides Sucursal Isla de Montecristo,Av. del Parque 401. Esq. Calle Isla de Montecristo. Col. Lindavista. Cp. 76070,Querétaro,Santiago de Querétaro,20.568451,-100.380021
Crema,Bote 417 Gr.,Lala,Derivados de Leche,Basicos,46.5,2025/12/19,Superissste,Supermercado / Tienda de Autoservicio,Superissste Sucursal 022,Av. del Taller y Retorno No. 38 Dentro del Retorno 38. Col. Jardín Balbuena. Cp. 15900,Ciudad de México,Venustiano Carranza,19.412842,-99.105666
Crema Líquida,Botella 400 Ml. Piel Normal,Palmolive. Neutro Balance,Arts. para el Cuidado Personal,Basicos,105,2025/12/19,Bodega Aurrera,Supermercado / Tienda de Autoservicio,Bodega Aurrera Sucursal Centro Constituyentes,Constituyentes Oriente 334. Entre Pasteur y Manuel Ponce. Col. MercuRío. Cp. 76040,Querétaro,Santiago de Querétaro,20.586349,-100.382801
Crema Sólida,Frasco 200 Gr.,Pond´s. S,Arts. para el Cuidado Personal,Basicos,80,2025/12/26,Superissste,Supermercado / Tienda de Autoservicio,Superissste Sucursal 022,Av. del Taller y Retorno No. 38 Dentro del Retorno 38. Col. Jardín Balbuena. Cp. 15900,Ciudad de México,Venustiano Carranza,19.412842,-99.105666
Crema Sólida,Frasco 200 Gr.,Pond´s. S,Arts. para el Cuidado Personal,Basicos,92,2025/12/19,Bodega Aurrera,Supermercado / Tienda de Autoservicio,Bodega Aurrera Sucursal Centro Constituyentes,Constituyentes Oriente 334. Entre Pasteur y Manuel Ponce. Col. MercuRío. Cp. 76040,Querétaro,Santiago de Querétaro,20.586349,-100.382801
Crestor,Caja con 30 Tabletas de 10 Mg.,S/M,Medicamentos,Medicamentos,1659,2025/12/31,Sanborn S Hnos.,Farmacias,Sanborns Sucursal los Arquitos,Constituyentes Oriente 172. Esq. de los Arquitos. Col. los Arquitos. Cp. 76050,Querétaro,Santiago de Querétaro,20.588117,-100.36869
Cubrebocas,Bolsa con 10 Piezas. Desechable. Liso. Económico,S/M,Arts. para el Cuidado Personal,Medicamentos,44,2025/12/17,Wal-mart,Supermercado / Tienda de Autoservicio,Walmart Sucursal Unidad Plaza de Toros,Autopista Querétaro Celaya 5501. Int. del Centro Comercial Plaza Esfera. Col. el Jacal. Cp. 76187,Querétaro,Santiago de Querétaro,20.574076,-100.408704
Daflon,Caja con 20 Tabletas de 500 Mg.,S/M,Medicamentos,Medicamentos,693,2025/12/17,Chedraui,Supermercado / Tienda de Autoservicio,Chedraui Sucursal Centro Sur,Blvd. Bernardo Quintana 502. Carr. con Direccion a Centro Civico. Col. Centro Sur. Cp. 76087,Querétaro,Santiago de Querétaro,20.569354,-100.358831
Dagla,Caja con 30 Tabletas de 50 Mg.,S/M,Medicamentos,Medicamentos,572,2025/12/18,Benavides,Farmacias,Farmacia Benavides Sucursal Isla de Montecristo,Av. del Parque 401. Esq. Calle Isla de Montecristo. Col. Lindavista. Cp. 76070,Querétaro,Santiago de Querétaro,20.568451,-100.380021
Dagla,Caja con 30 Tabletas de 50 Mg.,S/M,Medicamentos,Medicamentos,655,2025/12/18,Wal-mart,Supermercado / Tienda de Autoservicio,Walmart Sucursal Aeropuerto,Calz. Ignacio Zaragoza 58. Esq. Blvd. Puerto Aereo. Col. Federal. Cp. 15700,Ciudad de México,Venustiano Carranza,19.41926,-99.094521
Desenfriol-d,Caja con 12 Tabletas,S/M,Medicamentos,Medicamentos,37,2025/12/19,Bodega Aurrera,Supermercado / Tienda de Autoservicio,Bodega Aurrera Sucursal Centro Constituyentes,Constituyentes Oriente 334. Entre Pasteur y Manuel Ponce. Col. MercuRío. Cp. 76040,Querétaro,Santiago de Querétaro,20.586349,-100.382801
Desodorante,Barra 50 Gr. Fresh. para Caballero,Old Spice,Arts. para el Cuidado Personal,Basicos,51.9,2025/12/19,Superissste,Supermercado / Tienda de Autoservicio,Superissste Sucursal 022,Av. del Taller y Retorno No. 38 Dentro del Retorno 38. Col. Jardín Balbuena. Cp. 15900,Ciudad de México,Venustiano Carranza,19.412842,-99.105666
Desodorante,Roll On 50 Ml. Powder Dry. para Dama,Rexona,Arts. para el Cuidado Personal,Basicos,42,2025/12/17,Chedraui,Supermercado / Tienda de Autoservicio,Chedraui Sucursal Centro Sur,Blvd. Bernardo Quintana 502. Carr. con Direccion a Centro Civico. Col. Centro Sur. Cp. 76087,Querétaro,Santiago de Querétaro,20.569354,-100.358831
Detergente P/ropa,Bolsa 1 Kg. Polvo,Blanca Nieves,Detergentes y Productos Similares,Basicos,40.5,2025/12/19,Superissste,Supermercado / Tienda de Autoservicio,Superissste Sucursal 011,Calle Peluqueros No. 310 Esquina Calle Tizayuca. Col. Michoacána. Cp. 15240,Ciudad de México,Venustiano Carranza,19.446139,-99.113372
Detergente P/ropa,Bolsa 1 Kg. Polvo,Blanca Nieves,Detergentes y Productos Similares,Basicos,40.5,2025/12/19,Superissste,Supermercado / Tienda de Autoservicio,Superissste Sucursal 022,Av. del Taller y Retorno No. 38 Dentro del Retorno 38. Col. Jardín Balbuena. Cp. 15900,Ciudad de México,Venustiano Carranza,19.412842,-99.105666
Detergente P/ropa,Bolsa 1 Kg. Polvo,Blanca Nieves,Detergentes y Productos Similares,Basicos,40.5,2025/12/26,Superissste,Supermercado / Tienda de Autoservicio,Superissste Sucursal 011,Calle Peluqueros No. 310 Esquina Calle Tizayuca. Col. Michoacána. Cp. 15240,Ciudad de México,Venustiano Carranza,19.446139,-99.113372
Detergente P/ropa,Bolsa 1 Kg. Polvo,Blanca Nieves,Detergentes y Productos Similares,Basicos,40.5,2025/12/26,Superissste,Supermercado / Tienda de Autoservicio,Superissste Sucursal 022,Av. del Taller y Retorno No. 38 Dentro del Retorno 38. Col. Jardín Balbuena. Cp. 15900,Ciudad de México,Venustiano Carranza,19.412842,-99.105666
Detergente P/ropa,Bolsa 5 Kg. Polvo,Foca,Detergentes y Productos Similares,Basicos,205,2025/12/19,Superissste,Supermercado / Tienda de Autoservicio,Superissste Sucursal 011,Calle Peluqueros No. 310 Esquina Calle Tizayuca. Col. Michoacána. Cp. 15240,Ciudad de México,Venustiano Carranza,19.446139,-99.113372
Detergente P/ropa,Bolsa 5 Kg. Polvo,Foca,Detergentes y Productos Similares,Basicos,205,2025/12/19,Superissste,Supermercado / Tienda de Autoservicio,Superissste Sucursal 022,Av. del Taller y Retorno No. 38 Dentro del Retorno 38. Col. Jardín Balbuena. Cp. 15900,Ciudad de México,Venustiano Carranza,19.412842,-99.105666
Detergente P/ropa,Bolsa 5 Kg. Polvo,Foca,Detergentes y Productos Similares,Basicos,205,2025/12/26,Superissste,Supermercado / Tienda de Autoservicio,Superissste Sucursal 011,Calle Peluqueros No. 310 Esquina Calle Tizayuca. Col. Michoacána. Cp. 15240,Ciudad de México,Venustiano Carranza,19.446139,-99.113372
Detergente P/ropa,Bolsa 5 Kg. Polvo,Foca,Detergentes y Productos Similares,Basicos,205,2025/12/26,Superissste,Supermercado / Tienda de Autoservicio,Superissste Sucursal 022,Av. del Taller y Retorno No. 38 Dentro del Retorno 38. Col. Jardín Balbuena. Cp. 15900,Ciudad de México,Venustiano Carranza,19.412842,-99.105666
Detergente P/ropa,Bolsa 800 Gr. Polvo,1_2_3,Detergentes y Productos Similares,Basicos,32,2025/12/19,Superissste,Supermercado / Tienda de Autoservicio,Superissste Sucursal 011,Calle Peluqueros No. 310 Esquina Calle Tizayuca. Col. Michoacána. Cp. 15240,Ciudad de México,Venustiano Carranza,19.446139,-99.113372
Detergente P/ropa,Bolsa 800 Gr. Polvo,1_2_3,Detergentes y Productos Similares,Basicos,32,2025/12/19,Superissste,Supermercado / Tienda de Autoservicio,Superissste Sucursal 022,Av. del Taller y Retorno No. 38 Dentro del Retorno 38. Col. Jardín Balbuena. Cp. 15900,Ciudad de México,Venustiano Carranza,19.412842,-99.105666
Detergente P/ropa,Bolsa 800 Gr. Polvo,1_2_3,Detergentes y Productos Similares,Basicos,32,2025/12/26,Superissste,Supermercado / Tienda de Autoservicio,Superissste Sucursal 011,Calle Peluqueros No. 310 Esquina Calle Tizayuca. Col. Michoacána. Cp. 15240,Ciudad de México,Venustiano Carranza,19.446139,-99.113372
Detergente P/ropa,Bolsa 800 Gr. Polvo,1_2_3,Detergentes y Productos Similares,Basicos,32,2025/12/26,Superissste,Supermercado / Tienda de Autoservicio,Superissste Sucursal 022,Av. del Taller y Retorno No. 38 Dentro del Retorno 38. Col. Jardín Balbuena. Cp. 15900,Ciudad de México,Venustiano Carranza,19.412842,-99.105666
Detergente P/ropa,Bolsa 850 Gr. Polvo,Viva,Detergentes y Productos Similares,Basicos,35,2025/12/16,Oxxo,Tienda de Conveniencia,Oxxo Sucursal Corregidora 50 Cr,Circuito Moises Solana No. 128. Esq. Gertrudis Bocanegra. Col. Burocratas. Cp. 76070,Querétaro,Santiago de Querétaro,20.57462,-100.384232
Detergente P/ropa,Bolsa 850 Gr. Polvo,Viva. Fresca Lavanda,Detergentes y Productos Similares,Basicos,37.9,2025/12/19,Superissste,Supermercado / Tienda de Autoservicio,Superissste Sucursal 011,Calle Peluqueros No. 310 Esquina Calle Tizayuca. Col. Michoacána. Cp. 15240,Ciudad de México,Venustiano Carranza,19.446139,-99.113372
Detergente P/ropa,Bolsa 850 Gr. Polvo,Viva. Fresca Lavanda,Detergentes y Productos Similares,Basicos,37.9,2025/12/19,Superissste,Supermercado / Tienda de Autoservicio,Superissste Sucursal 022,Av. del Taller y Retorno No. 38 Dentro del Retorno 38. Col. Jardín Balbuena. Cp. 15900,Ciudad de México,Venustiano Carranza,19.412842,-99.105666
Detergente P/ropa,Bolsa 850 Gr. Polvo,Viva. Fresca Lavanda,Detergentes y Productos Similares,Basicos,37.9,2025/12/26,Superissste,Supermercado / Tienda de Autoservicio,Superissste Sucursal 011,Calle Peluqueros No. 310 Esquina Calle Tizayuca. Col. Michoacána. Cp. 15240,Ciudad de México,Venustiano Carranza,19.446139,-99.113372
Detergente P/ropa,Bolsa 850 Gr. Polvo,Viva. Fresca Lavanda,Detergentes y Productos Similares,Basicos,37.9,2025/12/26,Superissste,Supermercado / Tienda de Autoservicio,Superissste Sucursal 022,Av. del Taller y Retorno No. 38 Dentro del Retorno 38. Col. Jardín Balbuena. Cp. 15900,Ciudad de México,Venustiano Carranza,19.412842,-99.105666
Detergente P/ropa,Bolsa 850 Gr. Polvo. Aromas de Primavera,Bold 3,Detergentes y Productos Similares,Basicos,29.9,2025/12/19,Superissste,Supermercado / Tienda de Autoservicio,Superissste Sucursal 011,Calle Peluqueros No. 310 Esquina Calle Tizayuca. Col. Michoacána. Cp. 15240,Ciudad de México,Venustiano Carranza,19.446139,-99.113372
Detergente P/ropa,Bolsa 850 Gr. Polvo. Aromas de Primavera,Bold 3,Detergentes y Productos Similares,Basicos,29.9,2025/12/19,Superissste,Supermercado / Tienda de Autoservicio,Superissste Sucursal 022,Av. del Taller y Retorno No. 38 Dentro del Retorno 38. Col. Jardín Balbuena. Cp. 15900,Ciudad de México,Venustiano Carranza,19.412842,-99.105666
Detergente P/ropa,Bolsa 850 Gr. Polvo. Aromas de Primavera,Bold 3,Detergentes y Productos Similares,Basicos,29.9,2025/12/26,Superissste,Supermercado / Tienda de Autoservicio,Superissste Sucursal 011,Calle Peluqueros No. 310 Esquina Calle Tizayuca. Col. Michoacána. Cp. 15240,Ciudad de México,Venustiano Carranza,19.446139,-99.113372
Detergente P/ropa,Bolsa 850 Gr. Polvo. Aromas de Primavera,Bold 3,Detergentes y Productos Similares,Basicos,29.9,2025/12/26,Superissste,Supermercado / Tienda de Autoservicio,Superissste Sucursal 022,Av. del Taller y Retorno No. 38 Dentro del Retorno 38. Col. Jardín Balbuena. Cp. 15900,Ciudad de México,Venustiano Carranza,19.412842,-99.105666
Detergente P/ropa,Bolsa 850 Gr. Polvo. Aromas de Primavera,Bold 3,Detergentes y Productos Similares,Basicos,32,2025/12/16,Oxxo,Tienda de Conveniencia,Oxxo Sucursal Corregidora 50 Cr,Circuito Moises Solana No. 128. Esq. Gertrudis Bocanegra. Col. Burocratas. Cp. 76070,Querétaro,Santiago de Querétaro,20.57462,-100.384232
Detergente P/ropa,Bolsa 900 Gr. Polvo. Universal,Persil,Detergentes y Productos Similares,Basicos,44.9,2025/12/19,Superissste,Supermercado / Tienda de Autoservicio,Superissste Sucursal 011,Calle Peluqueros No. 310 Esquina Calle Tizayuca. Col. Michoacána. Cp. 15240,Ciudad de México,Venustiano Carranza,19.446139,-99.113372
Detergente P/ropa,Bolsa 900 Gr. Polvo. Universal,Persil,Detergentes y Productos Similares,Basicos,44.9,2025/12/19,Superissste,Supermercado / Tienda de Autoservicio,Superissste Sucursal 022,Av. del Taller y Retorno No. 38 Dentro del Retorno 38. Col. Jardín Balbuena. Cp. 15900,Ciudad de México,Venustiano Carranza,19.412842,-99.105666
Detergente P/ropa,Bolsa 900 Gr. Polvo. Universal,Persil,Detergentes y Productos Similares,Basicos,44.9,2025/12/26,Superissste,Supermercado / Tienda de Autoservicio,Superissste Sucursal 011,Calle Peluqueros No. 310 Esquina Calle Tizayuca. Col. Michoacána. Cp. 15240,Ciudad de México,Venustiano Carranza,19.446139,-99.113372
Detergente P/ropa,Bolsa 900 Gr. Polvo. Universal,Persil,Detergentes y Productos Similares,Basicos,44.9,2025/12/26,Superissste,Supermercado / Tienda de Autoservicio,Superissste Sucursal 022,Av. del Taller y Retorno No. 38 Dentro del Retorno 38. Col. Jardín Balbuena. Cp. 15900,Ciudad de México,Venustiano Carranza,19.412842,-99.105666
Detergente P/ropa,Botella 1 Lt. Líquido. Delicada,Vel Rosita,Detergentes y Productos Similares,Basicos,83.5,2025/12/19,Superissste,Supermercado / Tienda de Autoservicio,Superissste Sucursal 011,Calle Peluqueros No. 310 Esquina Calle Tizayuca. Col. Michoacána. Cp. 15240,Ciudad de México,Venustiano Carranza,19.446139,-99.113372
Detergente P/ropa,Botella 1 Lt. Líquido. Delicada,Vel Rosita,Detergentes y Productos Similares,Basicos,83.5,2025/12/19,Superissste,Supermercado / Tienda de Autoservicio,Superissste Sucursal 022,Av. del Taller y Retorno No. 38 Dentro del Retorno 38. Col. Jardín Balbuena. Cp. 15900,Ciudad de México,Venustiano Carranza,19.412842,-99.105666
Detergente P/ropa,Botella 1 Lt. Líquido. Delicada,Vel Rosita,Detergentes y Productos Similares,Basicos,83.5,2025/12/26,Superissste,Supermercado / Tienda de Autoservicio,Superissste Sucursal 011,Calle Peluqueros No. 310 Esquina Calle Tizayuca. Col. Michoacána. Cp. 15240,Ciudad de México,Venustiano Carranza,19.446139,-99.113372
Detergente P/ropa,Botella 1 Lt. Líquido. Delicada,Vel Rosita,Detergentes y Productos Similares,Basicos,83.5,2025/12/26,Superissste,Supermercado / Tienda de Autoservicio,Superissste Sucursal 022,Av. del Taller y Retorno No. 38 Dentro del Retorno 38. Col. Jardín Balbuena. Cp. 15900,Ciudad de México,Venustiano Carranza,19.412842,-99.105666
Detergente P/ropa,Botella 2.8 Lt. 1 para Todo,Ace,Detergentes y Productos Similares,Basicos,112,2025/12/19,Superissste,Supermercado / Tienda de Autoservicio,Superissste Sucursal 011,Calle Peluqueros No. 310 Esquina Calle Tizayuca. Col. Michoacána. Cp. 15240,Ciudad de México,Venustiano Carranza,19.446139,-99.113372
Detergente P/ropa,Botella 2.8 Lt. 1 para Todo,Ace,Detergentes y Productos Similares,Basicos,112,2025/12/19,Superissste,Supermercado / Tienda de Autoservicio,Superissste Sucursal 022,Av. del Taller y Retorno No. 38 Dentro del Retorno 38. Col. Jardín Balbuena. Cp. 15900,Ciudad de México,Venustiano Carranza,19.412842,-99.105666
Detergente P/ropa,Botella 2.8 Lt. 1 para Todo,Ace,Detergentes y Productos Similares,Basicos,112,2025/12/26,Superissste,Supermercado / Tienda de Autoservicio,Superissste Sucursal 011,Calle Peluqueros No. 310 Esquina Calle Tizayuca. Col. Michoacána. Cp. 15240,Ciudad de México,Venustiano Carranza,19.446139,-99.113372
Detergente P/ropa,Botella 2.8 Lt. 1 para Todo,Ace,Detergentes y Productos Similares,Basicos,112,2025/12/26,Superissste,Supermercado / Tienda de Autoservicio,Superissste Sucursal 022,Av. del Taller y Retorno No. 38 Dentro del Retorno 38. Col. Jardín Balbuena. Cp. 15900,Ciudad de México,Venustiano Carranza,19.412842,-99.105666
Detergente P/ropa,Botella 2.8 Lt. Concentrado. Color,Ariel,Detergentes y Productos Similares,Basicos,132,2025/12/19,Superissste,Supermercado / Tienda de Autoservicio,Superissste Sucursal 011,Calle Peluqueros No. 310 Esquina Calle Tizayuca. Col. Michoacána. Cp. 15240,Ciudad de México,Venustiano Carranza,19.446139,-99.113372
Detergente P/ropa,Botella 2.8 Lt. Concentrado. Color,Ariel,Detergentes y Productos Similares,Basicos,132,2025/12/19,Superissste,Supermercado / Tienda de Autoservicio,Superissste Sucursal 022,Av. del Taller y Retorno No. 38 Dentro del Retorno 38. Col. Jardín Balbuena. Cp. 15900,Ciudad de México,Venustiano Carranza,19.412842,-99.105666
Detergente P/ropa,Botella 2.8 Lt. Concentrado. Color,Ariel,Detergentes y Productos Similares,Basicos,132,2025/12/26,Superissste,Supermercado / Tienda de Autoservicio,Superissste Sucursal 011,Calle Peluqueros No. 310 Esquina Calle Tizayuca. Col. Michoacána. Cp. 15240,Ciudad de México,Venustiano Carranza,19.446139,-99.113372
Detergente P/ropa,Botella 2.8 Lt. Concentrado. Color,Ariel,Detergentes y Productos Similares,Basicos,132,2025/12/26,Superissste,Supermercado / Tienda de Autoservicio,Superissste Sucursal 022,Av. del Taller y Retorno No. 38 Dentro del Retorno 38. Col. Jardín Balbuena. Cp. 15900,Ciudad de México,Venustiano Carranza,19.412842,-99.105666
Detergente P/trastes,Bolsa 720 Gr. Polvo. (verde),Salvo,Detergentes y Productos Similares,Basicos,34.5,2025/12/26,Superissste,Supermercado / Tienda de Autoservicio,Superissste Sucursal 011,Calle Peluqueros No. 310 Esquina Calle Tizayuca. Col. Michoacána. Cp. 15240,Ciudad de México,Venustiano Carranza,19.446139,-99.113372
Dextrometorfano Guaifenesina,Frasco con 120 Ml. Solución Adulto,S/M,Medicamentos,Medicamentos,39,2025/12/31,Sanborn S Hnos.,Farmacias,Sanborns Sucursal los Arquitos,Constituyentes Oriente 172. Esq. de los Arquitos. Col. los Arquitos. Cp. 76050,Querétaro,Santiago de Querétaro,20.588117,-100.36869
Dolo-neurobión Forte,Caja con 1 Jeringa Prellenada Doble Cámara con 3 Ml. y Aguja Desechable Esterilizada,S/M,Medicamentos,Medicamentos,365,2025/12/19,Bodega Aurrera,Supermercado / Tienda de Autoservicio,Bodega Aurrera Sucursal Centro Constituyentes,Constituyentes Oriente 334. Entre Pasteur y Manuel Ponce. Col. MercuRío. Cp. 76040,Querétaro,Santiago de Querétaro,20.586349,-100.382801
Dolo-neurobión Forte,Caja con Frasco con 30 Tabletas,S/M,Medicamentos,Medicamentos,595,2025/12/17,Chedraui,Supermercado / Tienda de Autoservicio,Chedraui Sucursal Centro Sur,Blvd. Bernardo Quintana 502. Carr. con Direccion a Centro Civico. Col. Centro Sur. Cp. 76087,Querétaro,Santiago de Querétaro,20.569354,-100.358831
Dolocartigen,Caja con 20 Cápsulas de 50 Mg./15 Mg.,S/M,Medicamentos,Medicamentos,1624,2025/12/31,Sanborn S Hnos.,Farmacias,Sanborns Sucursal los Arquitos,Constituyentes Oriente 172. Esq. de los Arquitos. Col. los Arquitos. Cp. 76050,Querétaro,Santiago de Querétaro,20.588117,-100.36869
Efexor Xr,Caja con 20 Cápsulas de 75 Mg. Liberación Prolongada,S/M,Medicamentos,Medicamentos,1540,2025/12/18,Benavides,Farmacias,Farmacia Benavides Sucursal Isla de Montecristo,Av. del Parque 401. Esq. Calle Isla de Montecristo. Col. Lindavista. Cp. 76070,Querétaro,Santiago de Querétaro,20.568451,-100.380021
Elatec,Caja con 30 Tabletas de 500 Mg.,S/M,Medicamentos,Medicamentos,729,2025/12/17,Sanborn S Hnos.,Farmacias,Sanborns Sucursal los Arquitos,Constituyentes Oriente 172. Esq. de los Arquitos. Col. los Arquitos. Cp. 76050,Querétaro,Santiago de Querétaro,20.588117,-100.36869
Elequine,Caja con 5 Tabletas de 750 Mg.,S/M,Medicamentos,Medicamentos,1086,2025/12/31,Hipermercado Soriana,Supermercado / Tienda de Autoservicio,Soriana Hiper Sucursal Cimatario,Ctra. a Huimilpan 1001. Int. del Centro Comercial Plaza del Sol. Col. Plazas del Sol. Iii Sección. Cp. 76099,Querétaro,Santiago de Querétaro,20.563227,-100.375284
Elote,Lata 220 Gr. en Grano,La Costeña,Hortalizas Frescas,Basicos,11.9,2025/12/19,Superissste,Supermercado / Tienda de Autoservicio,Superissste Sucursal 011,Calle Peluqueros No. 310 Esquina Calle Tizayuca. Col. Michoacána. Cp. 15240,Ciudad de México,Venustiano Carranza,19.446139,-99.113372
Elote,Lata 400 Gr. en Grano,Herdez,Hortalizas Frescas,Basicos,17.5,2025/12/26,Superissste,Supermercado / Tienda de Autoservicio,Superissste Sucursal 022,Av. del Taller y Retorno No. 38 Dentro del Retorno 38. Col. Jardín Balbuena. Cp. 15900,Ciudad de México,Venustiano Carranza,19.412842,-99.105666
Empanizadores,Bolsa 175 Gr. Crujiente (galleta Molida),Bimbo,Pan,Basicos,28.5,2025/12/19,Superissste,Supermercado / Tienda de Autoservicio,Superissste Sucursal 022,Av. del Taller y Retorno No. 38 Dentro del Retorno 38. Col. Jardín Balbuena. Cp. 15900,Ciudad de México,Venustiano Carranza,19.412842,-99.105666
Enaladil,Caja con 30 Comprimidos de 10 Mg. (1+1 Promoción Dos Cajas),S/M,Medicamentos,Medicamentos,1029,2025/12/17,Sanborn S Hnos.,Farmacias,Sanborns Sucursal los Arquitos,Constituyentes Oriente 172. Esq. de los Arquitos. Col. los Arquitos. Cp. 76050,Querétaro,Santiago de Querétaro,20.588117,-100.36869
Espaven,Frasco Gotero con 30 Ml. Pediátrico,S/M,Medicamentos,Medicamentos,285,2025/12/31,Hipermercado Soriana,Supermercado / Tienda de Autoservicio,Soriana Hiper Sucursal Cimatario,Ctra. a Huimilpan 1001. Int. del Centro Comercial Plaza del Sol. Col. Plazas del Sol. Iii Sección. Cp. 76099,Querétaro,Santiago de Querétaro,20.563227,-100.375284
Estufas,Eke-506. Frente 30 Plgs. 6 Quemadores. Encendido Electrónico. Color Acero,Koblenz. Palermo,Aparatos Eléctricos,Electrodomesticos,15299,2025/12/17,Salinas y Rocha,Tienda de Electrodomésticos,Salinas y Rocha,Constituyentes Ote. 1204. Entre Popocatepetl y Nevado de Colima. Col. Palmas. Cp. 76040,Querétaro,Santiago de Querétaro,20.586768,-100.375909
Ferranina Fol,Caja con 30 Tabletas o Grageas de 100 Mg./800 Mcg.,S/M,Medicamentos,Medicamentos,600,2025/12/17,Wal-mart,Supermercado / Tienda de Autoservicio,Walmart Sucursal Unidad Plaza de Toros,Autopista Querétaro Celaya 5501. Int. del Centro Comercial Plaza Esfera. Col. el Jacal. Cp. 76187,Querétaro,Santiago de Querétaro,20.574076,-100.408704
Flan,Caja 84 Gr. (50 Gr Caramelo). con Caramelo. Sabor Vainilla,D´gari,Chocolates y Golosinas,Mercados,15.9,2025/12/19,Superissste,Supermercado / Tienda de Autoservicio,Superissste Sucursal 011,Calle Peluqueros No. 310 Esquina Calle Tizayuca. Col. Michoacána. Cp. 15240,Ciudad de México,Venustiano Carranza,19.446139,-99.113372
Flanax,Caja con 12 Tabletas de 550 Mg. Recubiertas,S/M,Medicamentos,Medicamentos,249,2025/12/19,Bodega Aurrera,Supermercado / Tienda de Autoservicio,Bodega Aurrera Sucursal Centro Constituyentes,Constituyentes Oriente 334. Entre Pasteur y Manuel Ponce. Col. MercuRío. Cp. 76040,Querétaro,Santiago de Querétaro,20.586349,-100.382801
Fosfocil,Caja con Frasco Ámpula y Ampolleta 1 G. Im. Solución Inyectable,S/M,Medicamentos,Medicamentos,344,2025/12/31,Sanborn S Hnos.,Farmacias,Sanborns Sucursal los Arquitos,Constituyentes Oriente 172. Esq. de los Arquitos. Col. los Arquitos. Cp. 76050,Querétaro,Santiago de Querétaro,20.588117,-100.36869
Fosfocil,Caja con Frasco Ámpula y Ampolleta 1 G. Im. Solución Inyectable,S/M,Medicamentos,Medicamentos,345,2025/12/18,Benavides,Farmacias,Farmacia Benavides Sucursal Isla de Montecristo,Av. del Parque 401. Esq. Calle Isla de Montecristo. Col. Lindavista. Cp. 76070,Querétaro,Santiago de Querétaro,20.568451,-100.380021
Frijol,Bolsa 1 Kg. Negro,Verde Valle,Legumbres Secas,Basicos,54,2025/12/18,Bodega Aurrera,Supermercado / Tienda de Autoservicio,Bodega Aurrera Sucursal la Viga,Calz. de la Viga 136 Esq. del Taller. Col. Lorenzo Boturini. Cp. 15820,Ciudad de México,Venustiano Carranza,19.414749,-99.127874
Frijol,Bolsa 1 Kg. Negro,Verde Valle,Legumbres Secas,Basicos,54,2025/12/18,Wal-mart,Supermercado / Tienda de Autoservicio,Walmart Sucursal Aeropuerto,Calz. Ignacio Zaragoza 58. Esq. Blvd. Puerto Aereo. Col. Federal. Cp. 15700,Ciudad de México,Venustiano Carranza,19.41926,-99.094521
Frijol,Bolsa 1 Kg. Negro,Verde Valle,Legumbres Secas,Basicos,54,2025/12/18,Wal-mart,Supermercado / Tienda de Autoservicio,Walmart Sucursal Balbuena,Fray Servando Teresa de Mier 881. Entre Fernando Iglesia Calderon y Genaro Garcia. Col. Jardín Balbuena. Cp. 15900,Ciudad de México,Venustiano Carranza,19.418067,-99.105639
Frijol,Bolsa 1 Kg. Negro,Verde Valle,Legumbres Secas,Basicos,55,2025/12/19,Superissste,Supermercado / Tienda de Autoservicio,Superissste Sucursal 011,Calle Peluqueros No. 310 Esquina Calle Tizayuca. Col. Michoacána. Cp. 15240,Ciudad de México,Venustiano Carranza,19.446139,-99.113372
Frijol,Bolsa 1 Kg. Negro,Verde Valle,Legumbres Secas,Basicos,55,2025/12/19,Superissste,Supermercado / Tienda de Autoservicio,Superissste Sucursal 022,Av. del Taller y Retorno No. 38 Dentro del Retorno 38. Col. Jardín Balbuena. Cp. 15900,Ciudad de México,Venustiano Carranza,19.412842,-99.105666
Frijol,Bolsa 1 Kg. Negro,Verde Valle,Legumbres Secas,Basicos,55,2025/12/26,Superissste,Supermercado / Tienda de Autoservicio,Superissste Sucursal 011,Calle Peluqueros No. 310 Esquina Calle Tizayuca. Col. Michoacána. Cp. 15240,Ciudad de México,Venustiano Carranza,19.446139,-99.113372
Frijol,Bolsa 1 Kg. Negro,Verde Valle,Legumbres Secas,Basicos,55,2025/12/26,Superissste,Supermercado / Tienda de Autoservicio,Superissste Sucursal 022,Av. del Taller y Retorno No. 38 Dentro del Retorno 38. Col. Jardín Balbuena. Cp. 15900,Ciudad de México,Venustiano Carranza,19.412842,-99.105666
Frijol,Bolsa 1 Kg. Negro,Verde Valle,Legumbres Secas,Basicos,57,2025/12/19,Bodega Aurrera,Supermercado / Tienda de Autoservicio,Bodega Aurrera Sucursal Centro Constituyentes,Constituyentes Oriente 334. Entre Pasteur y Manuel Ponce. Col. MercuRío. Cp. 76040,Querétaro,Santiago de Querétaro,20.586349,-100.382801
Frijol,Bolsa 1 Kg. Negro,Verde Valle,Legumbres Secas,Basicos,57,2025/12/23,Bodega Aurrera,Supermercado / Tienda de Autoservicio,Bodega Aurrera Sucursal Centro Constituyentes,Constituyentes Oriente 334. Entre Pasteur y Manuel Ponce. Col. MercuRío. Cp. 76040,Querétaro,Santiago de Querétaro,20.586349,-100.382801
Frijol,Bolsa 1 Kg. Negro,Verde Valle,Legumbres Secas,Basicos,57,2025/12/23,Wal-mart,Supermercado / Tienda de Autoservicio,Walmart Sucursal Unidad Plaza de Toros,Autopista Querétaro Celaya 5501. Int. del Centro Comercial Plaza Esfera. Col. el Jacal. Cp. 76187,Querétaro,Santiago de Querétaro,20.574076,-100.408704
Frijol,Bolsa 1 Kg. Negro. Jamapa,Verde Valle,Legumbres Secas,Basicos,64.5,2025/12/19,Superissste,Supermercado / Tienda de Autoservicio,Superissste Sucursal 011,Calle Peluqueros No. 310 Esquina Calle Tizayuca. Col. Michoacána. Cp. 15240,Ciudad de México,Venustiano Carranza,19.446139,-99.113372
Frijol,Bolsa 1 Kg. Negro. Jamapa,Verde Valle,Legumbres Secas,Basicos,64.5,2025/12/19,Superissste,Supermercado / Tienda de Autoservicio,Superissste Sucursal 022,Av. del Taller y Retorno No. 38 Dentro del Retorno 38. Col. Jardín Balbuena. Cp. 15900,Ciudad de México,Venustiano Carranza,19.412842,-99.105666
Frijol,Bolsa 1 Kg. Negro. Jamapa,Verde Valle,Legumbres Secas,Basicos,64.5,2025/12/26,Superissste,Supermercado / Tienda de Autoservicio,Superissste Sucursal 011,Calle Peluqueros No. 310 Esquina Calle Tizayuca. Col. Michoacána. Cp. 15240,Ciudad de México,Venustiano Carranza,19.446139,-99.113372
Frijol,Bolsa 1 Kg. Negro. Jamapa,Verde Valle,Legumbres Secas,Basicos,64.5,2025/12/26,Superissste,Supermercado / Tienda de Autoservicio,Superissste Sucursal 022,Av. del Taller y Retorno No. 38 Dentro del Retorno 38. Col. Jardín Balbuena. Cp. 15900,Ciudad de México,Venustiano Carranza,19.412842,-99.105666
Frijol,Bolsa 1 Kg. Negro. Jamapa,Verde Valle,Legumbres Secas,Basicos,65,2025/12/18,Bodega Aurrera,Supermercado / Tienda de Autoservicio,Bodega Aurrera Sucursal la Viga,Calz. de la Viga 136 Esq. del Taller. Col. Lorenzo Boturini. Cp. 15820,Ciudad de México,Venustiano Carranza,19.414749,-99.127874
Frijol,Bolsa 1 Kg. Negro. Jamapa,Verde Valle,Legumbres Secas,Basicos,65,2025/12/18,Wal-mart,Supermercado / Tienda de Autoservicio,Walmart Sucursal Aeropuerto,Calz. Ignacio Zaragoza 58. Esq. Blvd. Puerto Aereo. Col. Federal. Cp. 15700,Ciudad de México,Venustiano Carranza,19.41926,-99.094521
Frijol,Bolsa 1 Kg. Negro. Jamapa,Verde Valle,Legumbres Secas,Basicos,65,2025/12/18,Wal-mart,Supermercado / Tienda de Autoservicio,Walmart Sucursal Balbuena,Fray Servando Teresa de Mier 881. Entre Fernando Iglesia Calderon y Genaro Garcia. Col. Jardín Balbuena. Cp. 15900,Ciudad de México,Venustiano Carranza,19.418067,-99.105639
Frijol,Bolsa 1 Kg. Negro. Jamapa,Verde Valle,Legumbres Secas,Basicos,65,2025/12/19,Bodega Aurrera,Supermercado / Tienda de Autoservicio,Bodega Aurrera Sucursal Centro Constituyentes,Constituyentes Oriente 334. Entre Pasteur y Manuel Ponce. Col. MercuRío. Cp. 76040,Querétaro,Santiago de Querétaro,20.586349,-100.382801
Frijol,Bolsa 1 Kg. Negro. Jamapa,Verde Valle,Legumbres Secas,Basicos,65,2025/12/23,Wal-mart,Supermercado / Tienda de Autoservicio,Walmart Sucursal Unidad Plaza de Toros,Autopista Querétaro Celaya 5501. Int. del Centro Comercial Plaza Esfera. Col. el Jacal. Cp. 76187,Querétaro,Santiago de Querétaro,20.574076,-100.408704
Frijol,Bolsa 1 Kg. Pinto,Verde Valle,Legumbres Secas,Basicos,54,2025/12/19,Bodega Aurrera,Supermercado / Tienda de Autoservicio,Bodega Aurrera Sucursal Centro Constituyentes,Constituyentes Oriente 334. Entre Pasteur y Manuel Ponce. Col. MercuRío. Cp. 76040,Querétaro,Santiago de Querétaro,20.586349,-100.382801
Frijol,Bolsa 1 Kg. Pinto,Verde Valle,Legumbres Secas,Basicos,54.9,2025/12/19,Superissste,Supermercado / Tienda de Autoservicio,Superissste Sucursal 011,Calle Peluqueros No. 310 Esquina Calle Tizayuca. Col. Michoacána. Cp. 15240,Ciudad de México,Venustiano Carranza,19.446139,-99.113372
Frijol,Bolsa 1 Kg. Pinto,Verde Valle,Legumbres Secas,Basicos,54.9,2025/12/19,Superissste,Supermercado / Tienda de Autoservicio,Superissste Sucursal 022,Av. del Taller y Retorno No. 38 Dentro del Retorno 38. Col. Jardín Balbuena. Cp. 15900,Ciudad de México,Venustiano Carranza,19.412842,-99.105666
Frijol,Bolsa 1 Kg. Pinto,Verde Valle,Legumbres Secas,Basicos,54.9,2025/12/26,Superissste,Supermercado / Tienda de Autoservicio,Superissste Sucursal 011,Calle Peluqueros No. 310 Esquina Calle Tizayuca. Col. Michoacána. Cp. 15240,Ciudad de México,Venustiano Carranza,19.446139,-99.113372
Frijol,Bolsa 1 Kg. Pinto,Verde Valle,Legumbres Secas,Basicos,54.9,2025/12/26,Superissste,Supermercado / Tienda de Autoservicio,Superissste Sucursal 022,Av. del Taller y Retorno No. 38 Dentro del Retorno 38. Col. Jardín Balbuena. Cp. 15900,Ciudad de México,Venustiano Carranza,19.412842,-99.105666
Frijol,Bolsa 1 Kg. Pinto,Verde Valle,Legumbres Secas,Basicos,55,2025/12/23,Wal-mart,Supermercado / Tienda de Autoservicio,Walmart Sucursal Unidad Plaza de Toros,Autopista Querétaro Celaya 5501. Int. del Centro Comercial Plaza Esfera. Col. el Jacal. Cp. 76187,Querétaro,Santiago de Querétaro,20.574076,-100.408704
Frijol,Bolsa 750 Gr. Flor de Mayo,La Merced,Legumbres Secas,Basicos,45,2025/12/18,Wal-mart,Supermercado / Tienda de Autoservicio,Walmart Sucursal Aeropuerto,Calz. Ignacio Zaragoza 58. Esq. Blvd. Puerto Aereo. Col. Federal. Cp. 15700,Ciudad de México,Venustiano Carranza,19.41926,-99.094521
Frijol,Bolsa 750 Gr. Flor de Mayo,La Merced,Legumbres Secas,Basicos,45,2025/12/23,Wal-mart,Supermercado / Tienda de Autoservicio,Walmart Sucursal Unidad Plaza de Toros,Autopista Querétaro Celaya 5501. Int. del Centro Comercial Plaza Esfera. Col. el Jacal. Cp. 76187,Querétaro,Santiago de Querétaro,20.574076,-100.408704
Frijol,Bolsa 900 Gr. Bayo,La Merced,Legumbres Secas,Basicos,46.5,2025/12/19,Superissste,Supermercado / Tienda de Autoservicio,Superissste Sucursal 011,Calle Peluqueros No. 310 Esquina Calle Tizayuca. Col. Michoacána. Cp. 15240,Ciudad de México,Venustiano Carranza,19.446139,-99.113372
Frijol,Bolsa 900 Gr. Bayo,La Merced,Legumbres Secas,Basicos,46.5,2025/12/19,Superissste,Supermercado / Tienda de Autoservicio,Superissste Sucursal 022,Av. del Taller y Retorno No. 38 Dentro del Retorno 38. Col. Jardín Balbuena. Cp. 15900,Ciudad de México,Venustiano Carranza,19.412842,-99.105666
Frijol,Bolsa 900 Gr. Bayo,La Merced,Legumbres Secas,Basicos,46.5,2025/12/26,Superissste,Supermercado / Tienda de Autoservicio,Superissste Sucursal 011,Calle Peluqueros No. 310 Esquina Calle Tizayuca. Col. Michoacána. Cp. 15240,Ciudad de México,Venustiano Carranza,19.446139,-99.113372
Frijol,Bolsa 900 Gr. Bayo,La Merced,Legumbres Secas,Basicos,46.5,2025/12/26,Superissste,Supermercado / Tienda de Autoservicio,Superissste Sucursal 022,Av. del Taller y Retorno No. 38 Dentro del Retorno 38. Col. Jardín Balbuena. Cp. 15900,Ciudad de México,Venustiano Carranza,19.412842,-99.105666
Frijol,Bolsa 900 Gr. Flor de Mayo,Great Value,Legumbres Secas,Basicos,37,2025/12/23,Wal-mart,Supermercado / Tienda de Autoservicio,Walmart Sucursal Unidad Plaza de Toros,Autopista Querétaro Celaya 5501. Int. del Centro Comercial Plaza Esfera. Col. el Jacal. Cp. 76187,Querétaro,Santiago de Querétaro,20.574076,-100.408704
Frijol,Bolsa 900 Gr. Flor de Mayo,La Merced,Legumbres Secas,Basicos,44.5,2025/12/19,Superissste,Supermercado / Tienda de Autoservicio,Superissste Sucursal 011,Calle Peluqueros No. 310 Esquina Calle Tizayuca. Col. Michoacána. Cp. 15240,Ciudad de México,Venustiano Carranza,19.446139,-99.113372
Frijol,Bolsa 900 Gr. Flor de Mayo,La Merced,Legumbres Secas,Basicos,44.5,2025/12/19,Superissste,Supermercado / Tienda de Autoservicio,Superissste Sucursal 022,Av. del Taller y Retorno No. 38 Dentro del Retorno 38. Col. Jardín Balbuena. Cp. 15900,Ciudad de México,Venustiano Carranza,19.412842,-99.105666
Frijol,Bolsa 900 Gr. Flor de Mayo,La Merced,Legumbres Secas,Basicos,44.5,2025/12/26,Superissste,Supermercado / Tienda de Autoservicio,Superissste Sucursal 011,Calle Peluqueros No. 310 Esquina Calle Tizayuca. Col. Michoacána. Cp. 15240,Ciudad de México,Venustiano Carranza,19.446139,-99.113372
Frijol,Bolsa 900 Gr. Flor de Mayo,La Merced,Legumbres Secas,Basicos,44.5,2025/12/26,Superissste,Supermercado / Tienda de Autoservicio,Superissste Sucursal 022,Av. del Taller y Retorno No. 38 Dentro del Retorno 38. Col. Jardín Balbuena. Cp. 15900,Ciudad de México,Venustiano Carranza,19.412842,-99.105666
Frijol,Bolsa 900 Gr. Flor de Mayo,Verde Valle,Legumbres Secas,Basicos,59,2025/12/19,Superissste,Supermercado / Tienda de Autoservicio,Superissste Sucursal 011,Calle Peluqueros No. 310 Esquina Calle Tizayuca. Col. Michoacána. Cp. 15240,Ciudad de México,Venustiano Carranza,19.446139,-99.113372
Frijol,Bolsa 900 Gr. Flor de Mayo,Verde Valle,Legumbres Secas,Basicos,59,2025/12/19,Superissste,Supermercado / Tienda de Autoservicio,Superissste Sucursal 022,Av. del Taller y Retorno No. 38 Dentro del Retorno 38. Col. Jardín Balbuena. Cp. 15900,Ciudad de México,Venustiano Carranza,19.412842,-99.105666
Frijol,Bolsa 900 Gr. Flor de Mayo,Verde Valle,Legumbres Secas,Basicos,59,2025/12/26,Superissste,Supermercado / Tienda de Autoservicio,Superissste Sucursal 011,Calle Peluqueros No. 310 Esquina Calle Tizayuca. Col. Michoacána. Cp. 15240,Ciudad de México,Venustiano Carranza,19.446139,-99.113372
Frijol,Bolsa 900 Gr. Flor de Mayo,Verde Valle,Legumbres Secas,Basicos,59,2025/12/26,Superissste,Supermercado / Tienda de Autoservicio,Superissste Sucursal 022,Av. del Taller y Retorno No. 38 Dentro del Retorno 38. Col. Jardín Balbuena. Cp. 15900,Ciudad de México,Venustiano Carranza,19.412842,-99.105666
Frijol,Bolsa 900 Gr. Flor de Mayo,Verde Valle,Legumbres Secas,Basicos,68,2025/12/18,Wal-mart,Supermercado / Tienda de Autoservicio,Walmart Sucursal Aeropuerto,Calz. Ignacio Zaragoza 58. Esq. Blvd. Puerto Aereo. Col. Federal. Cp. 15700,Ciudad de México,Venustiano Carranza,19.41926,-99.094521
Frijol,Bolsa 900 Gr. Flor de Mayo,Verde Valle,Legumbres Secas,Basicos,68,2025/12/19,Bodega Aurrera,Supermercado / Tienda de Autoservicio,Bodega Aurrera Sucursal Centro Constituyentes,Constituyentes Oriente 334. Entre Pasteur y Manuel Ponce. Col. MercuRío. Cp. 76040,Querétaro,Santiago de Querétaro,20.586349,-100.382801
Frijol,Bolsa 900 Gr. Flor de Mayo,Verde Valle,Legumbres Secas,Basicos,68,2025/12/23,Wal-mart,Supermercado / Tienda de Autoservicio,Walmart Sucursal Unidad Plaza de Toros,Autopista Querétaro Celaya 5501. Int. del Centro Comercial Plaza Esfera. Col. el Jacal. Cp. 76187,Querétaro,Santiago de Querétaro,20.574076,-100.408704
Frijol,Bolsa 900 Gr. Negro,Chedraui,Legumbres Secas,Basicos,25,2025/12/17,Chedraui,Supermercado / Tienda de Autoservicio,Chedraui Sucursal Centro Sur,Blvd. Bernardo Quintana 502. Carr. con Direccion a Centro Civico. Col. Centro Sur. Cp. 76087,Querétaro,Santiago de Querétaro,20.569354,-100.358831
Frijol,Bolsa 900 Gr. Negro,Chedraui,Legumbres Secas,Basicos,25,2025/12/18,Chedraui,Supermercado / Tienda de Autoservicio,Chedraui Sucursal Anfora,Anfora 71. Esq. Eje 1 Norte. Col. Madero. Cp. 15320,Ciudad de México,Venustiano Carranza,19.437353,-99.110088
Frijol,Bolsa 900 Gr. Negro,Chedraui,Legumbres Secas,Basicos,25,2025/12/22,Chedraui,Supermercado / Tienda de Autoservicio,Chedraui Sucursal Centro Sur,Blvd. Bernardo Quintana 502. Carr. con Direccion a Centro Civico. Col. Centro Sur. Cp. 76087,Querétaro,Santiago de Querétaro,20.569354,-100.358831
Frijol,Bolsa 900 Gr. Negro,Chedraui,Legumbres Secas,Pacic,25,2025/12/17,Chedraui,Supermercado / Tienda de Autoservicio,Chedraui Sucursal Centro Sur,Blvd. Bernardo Quintana 502. Carr. con Direccion a Centro Civico. Col. Centro Sur. Cp. 76087,Querétaro,Santiago de Querétaro,20.569354,-100.358831
Frijol,Bolsa 900 Gr. Negro,Chedraui,Legumbres Secas,Pacic,25,2025/12/18,Chedraui,Supermercado / Tienda de Autoservicio,Chedraui Sucursal Anfora,Anfora 71. Esq. Eje 1 Norte. Col. Madero. Cp. 15320,Ciudad de México,Venustiano Carranza,19.437353,-99.110088
Frijol,Bolsa 900 Gr. Negro,Chedraui,Legumbres Secas,Pacic,25,2025/12/22,Chedraui,Supermercado / Tienda de Autoservicio,Chedraui Sucursal Centro Sur,Blvd. Bernardo Quintana 502. Carr. con Direccion a Centro Civico. Col. Centro Sur. Cp. 76087,Querétaro,Santiago de Querétaro,20.569354,-100.358831
Frijol,Bolsa 900 Gr. Negro,Great Value,Legumbres Secas,Basicos,24,2025/12/18,Wal-mart,Supermercado / Tienda de Autoservicio,Walmart Sucursal Balbuena,Fray Servando Teresa de Mier 881. Entre Fernando Iglesia Calderon y Genaro Garcia. Col. Jardín Balbuena. Cp. 15900,Ciudad de México,Venustiano Carranza,19.418067,-99.105639
Frijol,Bolsa 900 Gr. Negro,Great Value,Legumbres Secas,Basicos,24,2025/12/23,Wal-mart,Supermercado / Tienda de Autoservicio,Walmart Sucursal Unidad Plaza de Toros,Autopista Querétaro Celaya 5501. Int. del Centro Comercial Plaza Esfera. Col. el Jacal. Cp. 76187,Querétaro,Santiago de Querétaro,20.574076,-100.408704
Frijol,Bolsa 900 Gr. Negro,Verde Valle,Legumbres Secas,Basicos,45.5,2025/12/22,Chedraui,Supermercado / Tienda de Autoservicio,Chedraui Sucursal Centro Sur,Blvd. Bernardo Quintana 502. Carr. con Direccion a Centro Civico. Col. Centro Sur. Cp. 76087,Querétaro,Santiago de Querétaro,20.569354,-100.358831
Frijol,Bolsa 900 Gr. Negro,Verde Valle,Legumbres Secas,Basicos,45.5,2025/12/24,La Comer,Supermercado / Tienda de Autoservicio,Lacomer Sucursal Queretaro Estadio,Luis M. Vega y Monroy 1300. Esq.cimataRío . Col. CimataRío. Cp. 76090,Querétaro,Santiago de Querétaro,20.577804,-100.373626
Frijol,Bolsa 900 Gr. Negro,Verde Valle,Legumbres Secas,Basicos,50,2025/12/18,La Comer,Supermercado / Tienda de Autoservicio,Lacomer Sucursal Queretaro Estadio,Luis M. Vega y Monroy 1300. Esq.cimataRío . Col. CimataRío. Cp. 76090,Querétaro,Santiago de Querétaro,20.577804,-100.373626
Frijol,Bolsa 900 Gr. Negro,Verde Valle,Legumbres Secas,Basicos,53,2025/12/16,Oxxo,Tienda de Conveniencia,Oxxo Sucursal Corregidora 50 Cr,Circuito Moises Solana No. 128. Esq. Gertrudis Bocanegra. Col. Burocratas. Cp. 76070,Querétaro,Santiago de Querétaro,20.57462,-100.384232
Frijol,Bolsa 900 Gr. Negro,Verde Valle,Legumbres Secas,Basicos,53.9,2025/12/31,Hipermercado Soriana,Supermercado / Tienda de Autoservicio,Soriana Hiper Sucursal Cimatario,Ctra. a Huimilpan 1001. Int. del Centro Comercial Plaza del Sol. Col. Plazas del Sol. Iii Sección. Cp. 76099,Querétaro,Santiago de Querétaro,20.563227,-100.375284
Frijol,Bolsa 900 Gr. Negro. Jamapa,Verde Valle,Legumbres Secas,Basicos,56,2025/12/22,Chedraui,Supermercado / Tienda de Autoservicio,Chedraui Sucursal Centro Sur,Blvd. Bernardo Quintana 502. Carr. con Direccion a Centro Civico. Col. Centro Sur. Cp. 76087,Querétaro,Santiago de Querétaro,20.569354,-100.358831
Frijol,Bolsa 900 Gr. Negro. Jamapa,Verde Valle,Legumbres Secas,Basicos,65.5,2025/12/31,Hipermercado Soriana,Supermercado / Tienda de Autoservicio,Soriana Hiper Sucursal Cimatario,Ctra. a Huimilpan 1001. Int. del Centro Comercial Plaza del Sol. Col. Plazas del Sol. Iii Sección. Cp. 76099,Querétaro,Santiago de Querétaro,20.563227,-100.375284
Frijol,Bolsa 900 Gr. Negro. Jamapa,Verde Valle,Legumbres Secas,Basicos,66.9,2025/12/18,La Comer,Supermercado / Tienda de Autoservicio,Lacomer Sucursal Queretaro Estadio,Luis M. Vega y Monroy 1300. Esq.cimataRío . Col. CimataRío. Cp. 76090,Querétaro,Santiago de Querétaro,20.577804,-100.373626
Frijol,Bolsa 900 Gr. Negro. Jamapa,Verde Valle,Legumbres Secas,Basicos,66.9,2025/12/24,La Comer,Supermercado / Tienda de Autoservicio,Lacomer Sucursal Queretaro Estadio,Luis M. Vega y Monroy 1300. Esq.cimataRío . Col. CimataRío. Cp. 76090,Querétaro,Santiago de Querétaro,20.577804,-100.373626
Frijol,Bolsa 900 Gr. Negro. Querétaro,Aurrera,Legumbres Secas,Pacic,24,2025/12/23,Bodega Aurrera,Supermercado / Tienda de Autoservicio,Bodega Aurrera Sucursal Centro Constituyentes,Constituyentes Oriente 334. Entre Pasteur y Manuel Ponce. Col. MercuRío. Cp. 76040,Querétaro,Santiago de Querétaro,20.586349,-100.382801
Frijol,Bolsa 900 Gr. Negro. Querétaro,Aurrera,Legumbres Secas,Pacic,25,2025/12/17,Wal-mart,Supermercado / Tienda de Autoservicio,Walmart Sucursal Unidad Plaza de Toros,Autopista Querétaro Celaya 5501. Int. del Centro Comercial Plaza Esfera. Col. el Jacal. Cp. 76187,Querétaro,Santiago de Querétaro,20.574076,-100.408704
Frijol,Bolsa 900 Gr. Negro. Querétaro,Aurrera,Legumbres Secas,Pacic,25,2025/12/19,Bodega Aurrera,Supermercado / Tienda de Autoservicio,Bodega Aurrera Sucursal Centro Constituyentes,Constituyentes Oriente 334. Entre Pasteur y Manuel Ponce. Col. MercuRío. Cp. 76040,Querétaro,Santiago de Querétaro,20.586349,-100.382801
Frijol,Bolsa 900 Gr. Negro. Querétaro,Aurrera,Legumbres Secas,Pacic,25,2025/12/23,Wal-mart,Supermercado / Tienda de Autoservicio,Walmart Sucursal Balbuena,Fray Servando Teresa de Mier 881. Entre Fernando Iglesia Calderon y Genaro Garcia. Col. Jardín Balbuena. Cp. 15900,Ciudad de México,Venustiano Carranza,19.418067,-99.105639
Frijol,Bolsa 900 Gr. Negro. Querétaro,Aurrera,Legumbres Secas,Pacic,25,2025/12/23,Wal-mart,Supermercado / Tienda de Autoservicio,Walmart Sucursal Unidad Plaza de Toros,Autopista Querétaro Celaya 5501. Int. del Centro Comercial Plaza Esfera. Col. el Jacal. Cp. 76187,Querétaro,Santiago de Querétaro,20.574076,-100.408704
Frijol,Bolsa 900 Gr. Negro. Querétaro,La Merced,Legumbres Secas,Basicos,39,2025/12/19,Superissste,Supermercado / Tienda de Autoservicio,Superissste Sucursal 011,Calle Peluqueros No. 310 Esquina Calle Tizayuca. Col. Michoacána. Cp. 15240,Ciudad de México,Venustiano Carranza,19.446139,-99.113372
Frijol,Bolsa 900 Gr. Negro. Querétaro,La Merced,Legumbres Secas,Basicos,39,2025/12/19,Superissste,Supermercado / Tienda de Autoservicio,Superissste Sucursal 022,Av. del Taller y Retorno No. 38 Dentro del Retorno 38. Col. Jardín Balbuena. Cp. 15900,Ciudad de México,Venustiano Carranza,19.412842,-99.105666
Frijol,Bolsa 900 Gr. Negro. Querétaro,La Merced,Legumbres Secas,Basicos,39,2025/12/26,Superissste,Supermercado / Tienda de Autoservicio,Superissste Sucursal 011,Calle Peluqueros No. 310 Esquina Calle Tizayuca. Col. Michoacána. Cp. 15240,Ciudad de México,Venustiano Carranza,19.446139,-99.113372
Frijol,Bolsa 900 Gr. Negro. Querétaro,La Merced,Legumbres Secas,Basicos,39,2025/12/26,Superissste,Supermercado / Tienda de Autoservicio,Superissste Sucursal 022,Av. del Taller y Retorno No. 38 Dentro del Retorno 38. Col. Jardín Balbuena. Cp. 15900,Ciudad de México,Venustiano Carranza,19.412842,-99.105666
Frijol,Bolsa 900 Gr. Negro. Querétaro,La Merced,Legumbres Secas,Basicos,39.5,2025/12/18,Chedraui,Supermercado / Tienda de Autoservicio,Chedraui Sucursal Anfora,Anfora 71. Esq. Eje 1 Norte. Col. Madero. Cp. 15320,Ciudad de México,Venustiano Carranza,19.437353,-99.110088
Frijol,Bolsa 900 Gr. Negro. Querétaro,Schettino,Legumbres Secas,Basicos,22.1,2025/12/18,La Comer,Supermercado / Tienda de Autoservicio,Lacomer Sucursal Queretaro Estadio,Luis M. Vega y Monroy 1300. Esq.cimataRío . Col. CimataRío. Cp. 76090,Querétaro,Santiago de Querétaro,20.577804,-100.373626
Frijol,Bolsa 900 Gr. Negro. Querétaro,Schettino,Legumbres Secas,Basicos,22.2,2025/12/24,La Comer,Supermercado / Tienda de Autoservicio,Lacomer Sucursal Queretaro Estadio,Luis M. Vega y Monroy 1300. Esq.cimataRío . Col. CimataRío. Cp. 76090,Querétaro,Santiago de Querétaro,20.577804,-100.373626
Frijol,Bolsa 900 Gr. Negro. Querétaro,Schettino,Legumbres Secas,Basicos,26.5,2025/12/19,Superissste,Supermercado / Tienda de Autoservicio,Superissste Sucursal 011,Calle Peluqueros No. 310 Esquina Calle Tizayuca. Col. Michoacána. Cp. 15240,Ciudad de México,Venustiano Carranza,19.446139,-99.113372
Frijol,Bolsa 900 Gr. Negro. Querétaro,Schettino,Legumbres Secas,Basicos,26.5,2025/12/19,Superissste,Supermercado / Tienda de Autoservicio,Superissste Sucursal 022,Av. del Taller y Retorno No. 38 Dentro del Retorno 38. Col. Jardín Balbuena. Cp. 15900,Ciudad de México,Venustiano Carranza,19.412842,-99.105666
Frijol,Bolsa 900 Gr. Negro. Querétaro,Schettino,Legumbres Secas,Basicos,26.5,2025/12/26,Superissste,Supermercado / Tienda de Autoservicio,Superissste Sucursal 011,Calle Peluqueros No. 310 Esquina Calle Tizayuca. Col. Michoacána. Cp. 15240,Ciudad de México,Venustiano Carranza,19.446139,-99.113372
Frijol,Bolsa 900 Gr. Negro. Querétaro,Schettino,Legumbres Secas,Basicos,26.5,2025/12/26,Superissste,Supermercado / Tienda de Autoservicio,Superissste Sucursal 022,Av. del Taller y Retorno No. 38 Dentro del Retorno 38. Col. Jardín Balbuena. Cp. 15900,Ciudad de México,Venustiano Carranza,19.412842,-99.105666
Frijol,Bolsa 900 Gr. Negro. Querétaro,Schettino,Legumbres Secas,Basicos,30,2025/12/17,Chedraui,Supermercado / Tienda de Autoservicio,Chedraui Sucursal Centro Sur,Blvd. Bernardo Quintana 502. Carr. con Direccion a Centro Civico. Col. Centro Sur. Cp. 76087,Querétaro,Santiago de Querétaro,20.569354,-100.358831
Frijol,Bolsa 900 Gr. Negro. Querétaro,Schettino,Legumbres Secas,Basicos,30,2025/12/18,Chedraui,Supermercado / Tienda de Autoservicio,Chedraui Sucursal Anfora,Anfora 71. Esq. Eje 1 Norte. Col. Madero. Cp. 15320,Ciudad de México,Venustiano Carranza,19.437353,-99.110088
Frijol,Bolsa 900 Gr. Negro. Querétaro,Schettino,Legumbres Secas,Basicos,30,2025/12/22,Chedraui,Supermercado / Tienda de Autoservicio,Chedraui Sucursal Centro Sur,Blvd. Bernardo Quintana 502. Carr. con Direccion a Centro Civico. Col. Centro Sur. Cp. 76087,Querétaro,Santiago de Querétaro,20.569354,-100.358831
Frijol,Bolsa 900 Gr. Negro. Querétaro,Schettino,Legumbres Secas,Basicos,40.9,2025/12/31,Hipermercado Soriana,Supermercado / Tienda de Autoservicio,Soriana Hiper Sucursal Cimatario,Ctra. a Huimilpan 1001. Int. del Centro Comercial Plaza del Sol. Col. Plazas del Sol. Iii Sección. Cp. 76099,Querétaro,Santiago de Querétaro,20.563227,-100.375284
Frijol,Bolsa 900 Gr. Negro. Querétaro,Schettino,Legumbres Secas,Pacic,22.2,2025/12/24,La Comer,Supermercado / Tienda de Autoservicio,Lacomer Sucursal Queretaro Estadio,Luis M. Vega y Monroy 1300. Esq.cimataRío . Col. CimataRío. Cp. 76090,Querétaro,Santiago de Querétaro,20.577804,-100.373626
Frijol,Bolsa 900 Gr. Negro. Querétaro,Schettino,Legumbres Secas,Pacic,22.4,2025/12/18,La Comer,Supermercado / Tienda de Autoservicio,Lacomer Sucursal Queretaro Estadio,Luis M. Vega y Monroy 1300. Esq.cimataRío . Col. CimataRío. Cp. 76090,Querétaro,Santiago de Querétaro,20.577804,-100.373626
Frijol,Bolsa 900 Gr. Negro. Querétaro,Schettino,Legumbres Secas,Pacic,30,2025/12/17,Chedraui,Supermercado / Tienda de Autoservicio,Chedraui Sucursal Centro Sur,Blvd. Bernardo Quintana 502. Carr. con Direccion a Centro Civico. Col. Centro Sur. Cp. 76087,Querétaro,Santiago de Querétaro,20.569354,-100.358831
Frijol,Bolsa 900 Gr. Negro. Querétaro,Schettino,Legumbres Secas,Pacic,30,2025/12/18,Chedraui,Supermercado / Tienda de Autoservicio,Chedraui Sucursal Anfora,Anfora 71. Esq. Eje 1 Norte. Col. Madero. Cp. 15320,Ciudad de México,Venustiano Carranza,19.437353,-99.110088
Frijol,Bolsa 900 Gr. Negro. Querétaro,Schettino,Legumbres Secas,Pacic,30,2025/12/22,Chedraui,Supermercado / Tienda de Autoservicio,Chedraui Sucursal Centro Sur,Blvd. Bernardo Quintana 502. Carr. con Direccion a Centro Civico. Col. Centro Sur. Cp. 76087,Querétaro,Santiago de Querétaro,20.569354,-100.358831
Frijol,Bolsa 900 Gr. Peruano,Verde Valle,Legumbres Secas,Basicos,62,2025/12/18,Wal-mart,Supermercado / Tienda de Autoservicio,Walmart Sucursal Aeropuerto,Calz. Ignacio Zaragoza 58. Esq. Blvd. Puerto Aereo. Col. Federal. Cp. 15700,Ciudad de México,Venustiano Carranza,19.41926,-99.094521
Frijol,Bolsa 900 Gr. Peruano,Verde Valle,Legumbres Secas,Basicos,62,2025/12/23,Wal-mart,Supermercado / Tienda de Autoservicio,Walmart Sucursal Unidad Plaza de Toros,Autopista Querétaro Celaya 5501. Int. del Centro Comercial Plaza Esfera. Col. el Jacal. Cp. 76187,Querétaro,Santiago de Querétaro,20.574076,-100.408704
Frijol,Bolsa 900 Gr. Pinto,Great Value,Legumbres Secas,Basicos,28,2025/12/23,Wal-mart,Supermercado / Tienda de Autoservicio,Walmart Sucursal Unidad Plaza de Toros,Autopista Querétaro Celaya 5501. Int. del Centro Comercial Plaza Esfera. Col. el Jacal. Cp. 76187,Querétaro,Santiago de Querétaro,20.574076,-100.408704
Frijol,Bolsa 900 Gr. Pinto,Schettino,Legumbres Secas,Basicos,29,2025/12/19,Superissste,Supermercado / Tienda de Autoservicio,Superissste Sucursal 011,Calle Peluqueros No. 310 Esquina Calle Tizayuca. Col. Michoacána. Cp. 15240,Ciudad de México,Venustiano Carranza,19.446139,-99.113372
Frijol,Bolsa 900 Gr. Pinto,Schettino,Legumbres Secas,Basicos,29,2025/12/19,Superissste,Supermercado / Tienda de Autoservicio,Superissste Sucursal 022,Av. del Taller y Retorno No. 38 Dentro del Retorno 38. Col. Jardín Balbuena. Cp. 15900,Ciudad de México,Venustiano Carranza,19.412842,-99.105666
Frijol,Bolsa 900 Gr. Pinto,Schettino,Legumbres Secas,Basicos,29,2025/12/26,Superissste,Supermercado / Tienda de Autoservicio,Superissste Sucursal 011,Calle Peluqueros No. 310 Esquina Calle Tizayuca. Col. Michoacána. Cp. 15240,Ciudad de México,Venustiano Carranza,19.446139,-99.113372
Frijol,Bolsa 900 Gr. Pinto,Schettino,Legumbres Secas,Basicos,29,2025/12/26,Superissste,Supermercado / Tienda de Autoservicio,Superissste Sucursal 022,Av. del Taller y Retorno No. 38 Dentro del Retorno 38. Col. Jardín Balbuena. Cp. 15900,Ciudad de México,Venustiano Carranza,19.412842,-99.105666
Frijol,Bolsa 900 Gr. Pinto,Schettino,Legumbres Secas,Basicos,40.9,2025/12/31,Hipermercado Soriana,Supermercado / Tienda de Autoservicio,Soriana Hiper Sucursal Cimatario,Ctra. a Huimilpan 1001. Int. del Centro Comercial Plaza del Sol. Col. Plazas del Sol. Iii Sección. Cp. 76099,Querétaro,Santiago de Querétaro,20.563227,-100.375284
Frijol,Bolsa 900 Gr. Pinto,Verde Valle,Legumbres Secas,Basicos,53,2025/12/16,Oxxo,Tienda de Conveniencia,Oxxo Sucursal Corregidora 50 Cr,Circuito Moises Solana No. 128. Esq. Gertrudis Bocanegra. Col. Burocratas. Cp. 76070,Querétaro,Santiago de Querétaro,20.57462,-100.384232
Frijol,Bolsa 900 Gr. Pinto,Verde Valle,Legumbres Secas,Basicos,53.9,2025/12/31,Hipermercado Soriana,Supermercado / Tienda de Autoservicio,Soriana Hiper Sucursal Cimatario,Ctra. a Huimilpan 1001. Int. del Centro Comercial Plaza del Sol. Col. Plazas del Sol. Iii Sección. Cp. 76099,Querétaro,Santiago de Querétaro,20.563227,-100.375284
Frijol,Bolsa 900 Gr. Pinto (nacional),La Merced,Legumbres Secas,Basicos,39,2025/12/19,Superissste,Supermercado / Tienda de Autoservicio,Superissste Sucursal 011,Calle Peluqueros No. 310 Esquina Calle Tizayuca. Col. Michoacána. Cp. 15240,Ciudad de México,Venustiano Carranza,19.446139,-99.113372
Frijol,Bolsa 900 Gr. Pinto (nacional),La Merced,Legumbres Secas,Basicos,39,2025/12/19,Superissste,Supermercado / Tienda de Autoservicio,Superissste Sucursal 022,Av. del Taller y Retorno No. 38 Dentro del Retorno 38. Col. Jardín Balbuena. Cp. 15900,Ciudad de México,Venustiano Carranza,19.412842,-99.105666
Frijol,Bolsa 900 Gr. Pinto (nacional),La Merced,Legumbres Secas,Basicos,39,2025/12/26,Superissste,Supermercado / Tienda de Autoservicio,Superissste Sucursal 011,Calle Peluqueros No. 310 Esquina Calle Tizayuca. Col. Michoacána. Cp. 15240,Ciudad de México,Venustiano Carranza,19.446139,-99.113372
Frijol,Bolsa 900 Gr. Pinto (nacional),La Merced,Legumbres Secas,Basicos,39,2025/12/26,Superissste,Supermercado / Tienda de Autoservicio,Superissste Sucursal 022,Av. del Taller y Retorno No. 38 Dentro del Retorno 38. Col. Jardín Balbuena. Cp. 15900,Ciudad de México,Venustiano Carranza,19.412842,-99.105666
Frijol,Bolsa 907 Gr. Negro. Querétaro,La Merced,Legumbres Secas,Pacic,37,2025/12/18,Bodega Aurrera,Supermercado / Tienda de Autoservicio,Bodega Aurrera Sucursal la Viga,Calz. de la Viga 136 Esq. del Taller. Col. Lorenzo Boturini. Cp. 15820,Ciudad de México,Venustiano Carranza,19.414749,-99.127874
Frijol,Bolsa 907 Gr. Negro. Querétaro,La Merced,Legumbres Secas,Pacic,37,2025/12/19,Bodega Aurrera,Supermercado / Tienda de Autoservicio,Bodega Aurrera Sucursal Centro Constituyentes,Constituyentes Oriente 334. Entre Pasteur y Manuel Ponce. Col. MercuRío. Cp. 76040,Querétaro,Santiago de Querétaro,20.586349,-100.382801
Frijol,Bolsa 907 Gr. Negro. Querétaro,La Merced,Legumbres Secas,Pacic,38,2025/12/17,Wal-mart,Supermercado / Tienda de Autoservicio,Walmart Sucursal Unidad Plaza de Toros,Autopista Querétaro Celaya 5501. Int. del Centro Comercial Plaza Esfera. Col. el Jacal. Cp. 76187,Querétaro,Santiago de Querétaro,20.574076,-100.408704
Frijol,Bolsa 907 Gr. Negro. Querétaro,La Merced,Legumbres Secas,Pacic,38,2025/12/18,Wal-mart,Supermercado / Tienda de Autoservicio,Walmart Sucursal Aeropuerto,Calz. Ignacio Zaragoza 58. Esq. Blvd. Puerto Aereo. Col. Federal. Cp. 15700,Ciudad de México,Venustiano Carranza,19.41926,-99.094521
Frijol,Bolsa 907 Gr. Negro. Querétaro,La Merced,Legumbres Secas,Pacic,38,2025/12/18,Wal-mart,Supermercado / Tienda de Autoservicio,Walmart Sucursal Balbuena,Fray Servando Teresa de Mier 881. Entre Fernando Iglesia Calderon y Genaro Garcia. Col. Jardín Balbuena. Cp. 15900,Ciudad de México,Venustiano Carranza,19.418067,-99.105639
Frijol,Bolsa 907 Gr. Negro. Querétaro,La Merced,Legumbres Secas,Pacic,38,2025/12/23,Wal-mart,Supermercado / Tienda de Autoservicio,Walmart Sucursal Balbuena,Fray Servando Teresa de Mier 881. Entre Fernando Iglesia Calderon y Genaro Garcia. Col. Jardín Balbuena. Cp. 15900,Ciudad de México,Venustiano Carranza,19.418067,-99.105639
Frijol,Bolsa 907 Gr. Negro. Querétaro,La Merced,Legumbres Secas,Pacic,38,2025/12/23,Wal-mart,Supermercado / Tienda de Autoservicio,Walmart Sucursal Unidad Plaza de Toros,Autopista Querétaro Celaya 5501. Int. del Centro Comercial Plaza Esfera. Col. el Jacal. Cp. 76187,Querétaro,Santiago de Querétaro,20.574076,-100.408704
Frijol,Bolsa 907 Gr. Negro. Querétaro,Schettino,Legumbres Secas,Pacic,31,2025/12/17,Wal-mart,Supermercado / Tienda de Autoservicio,Walmart Sucursal Unidad Plaza de Toros,Autopista Querétaro Celaya 5501. Int. del Centro Comercial Plaza Esfera. Col. el Jacal. Cp. 76187,Querétaro,Santiago de Querétaro,20.574076,-100.408704
Frijol,Bolsa 907 Gr. Negro. Querétaro,Schettino,Legumbres Secas,Pacic,31,2025/12/18,Bodega Aurrera,Supermercado / Tienda de Autoservicio,Bodega Aurrera Sucursal la Viga,Calz. de la Viga 136 Esq. del Taller. Col. Lorenzo Boturini. Cp. 15820,Ciudad de México,Venustiano Carranza,19.414749,-99.127874
Frijol,Bolsa 907 Gr. Negro. Querétaro,Schettino,Legumbres Secas,Pacic,31,2025/12/18,Wal-mart,Supermercado / Tienda de Autoservicio,Walmart Sucursal Aeropuerto,Calz. Ignacio Zaragoza 58. Esq. Blvd. Puerto Aereo. Col. Federal. Cp. 15700,Ciudad de México,Venustiano Carranza,19.41926,-99.094521
Frijol,Bolsa 907 Gr. Negro. Querétaro,Schettino,Legumbres Secas,Pacic,31,2025/12/18,Wal-mart,Supermercado / Tienda de Autoservicio,Walmart Sucursal Balbuena,Fray Servando Teresa de Mier 881. Entre Fernando Iglesia Calderon y Genaro Garcia. Col. Jardín Balbuena. Cp. 15900,Ciudad de México,Venustiano Carranza,19.418067,-99.105639
Frijol,Bolsa 907 Gr. Negro. Querétaro,Schettino,Legumbres Secas,Pacic,31,2025/12/19,Bodega Aurrera,Supermercado / Tienda de Autoservicio,Bodega Aurrera Sucursal Centro Constituyentes,Constituyentes Oriente 334. Entre Pasteur y Manuel Ponce. Col. MercuRío. Cp. 76040,Querétaro,Santiago de Querétaro,20.586349,-100.382801
Frijol,Bolsa 907 Gr. Negro. Querétaro,Schettino,Legumbres Secas,Pacic,31,2025/12/23,Bodega Aurrera,Supermercado / Tienda de Autoservicio,Bodega Aurrera Sucursal Centro Constituyentes,Constituyentes Oriente 334. Entre Pasteur y Manuel Ponce. Col. MercuRío. Cp. 76040,Querétaro,Santiago de Querétaro,20.586349,-100.382801
Frijol,Bolsa 907 Gr. Negro. Querétaro,Schettino,Legumbres Secas,Pacic,31,2025/12/23,Wal-mart,Supermercado / Tienda de Autoservicio,Walmart Sucursal Balbuena,Fray Servando Teresa de Mier 881. Entre Fernando Iglesia Calderon y Genaro Garcia. Col. Jardín Balbuena. Cp. 15900,Ciudad de México,Venustiano Carranza,19.418067,-99.105639
Frijol,Bolsa 907 Gr. Negro. Querétaro,Schettino,Legumbres Secas,Pacic,31,2025/12/23,Wal-mart,Supermercado / Tienda de Autoservicio,Walmart Sucursal Unidad Plaza de Toros,Autopista Querétaro Celaya 5501. Int. del Centro Comercial Plaza Esfera. Col. el Jacal. Cp. 76187,Querétaro,Santiago de Querétaro,20.574076,-100.408704
Frijol,Bolsa 907 Gr. Pinto,La Merced,Legumbres Secas,Basicos,36,2025/12/23,Wal-mart,Supermercado / Tienda de Autoservicio,Walmart Sucursal Unidad Plaza de Toros,Autopista Querétaro Celaya 5501. Int. del Centro Comercial Plaza Esfera. Col. el Jacal. Cp. 76187,Querétaro,Santiago de Querétaro,20.574076,-100.408704
Frijol,Bolsa 907 Gr. Pinto,Schettino,Legumbres Secas,Basicos,33,2025/12/18,Wal-mart,Supermercado / Tienda de Autoservicio,Walmart Sucursal Aeropuerto,Calz. Ignacio Zaragoza 58. Esq. Blvd. Puerto Aereo. Col. Federal. Cp. 15700,Ciudad de México,Venustiano Carranza,19.41926,-99.094521
Frijol,Bolsa 907 Gr. Pinto,Schettino,Legumbres Secas,Basicos,33,2025/12/19,Bodega Aurrera,Supermercado / Tienda de Autoservicio,Bodega Aurrera Sucursal Centro Constituyentes,Constituyentes Oriente 334. Entre Pasteur y Manuel Ponce. Col. MercuRío. Cp. 76040,Querétaro,Santiago de Querétaro,20.586349,-100.382801
Frijol,Bolsa 908 Gr. Negro,Precíssimo,Legumbres Secas,Basicos,21.9,2025/12/22,Hipermercado Soriana,Supermercado / Tienda de Autoservicio,Soriana Hiper Sucursal Cimatario,Ctra. a Huimilpan 1001. Int. del Centro Comercial Plaza del Sol. Col. Plazas del Sol. Iii Sección. Cp. 76099,Querétaro,Santiago de Querétaro,20.563227,-100.375284
Frijol,Bolsa 908 Gr. Negro,Precíssimo,Legumbres Secas,Basicos,24,2025/12/31,Hipermercado Soriana,Supermercado / Tienda de Autoservicio,Soriana Hiper Sucursal Cimatario,Ctra. a Huimilpan 1001. Int. del Centro Comercial Plaza del Sol. Col. Plazas del Sol. Iii Sección. Cp. 76099,Querétaro,Santiago de Querétaro,20.563227,-100.375284
Frijol,Bolsa 908 Gr. Negro,Precíssimo,Legumbres Secas,Pacic,21.9,2025/12/22,Hipermercado Soriana,Supermercado / Tienda de Autoservicio,Soriana Hiper Sucursal Cimatario,Ctra. a Huimilpan 1001. Int. del Centro Comercial Plaza del Sol. Col. Plazas del Sol. Iii Sección. Cp. 76099,Querétaro,Santiago de Querétaro,20.563227,-100.375284
Frijol,Bolsa 908 Gr. Negro,Precíssimo,Legumbres Secas,Pacic,24,2025/12/31,Hipermercado Soriana,Supermercado / Tienda de Autoservicio,Soriana Hiper Sucursal Cimatario,Ctra. a Huimilpan 1001. Int. del Centro Comercial Plaza del Sol. Col. Plazas del Sol. Iii Sección. Cp. 76099,Querétaro,Santiago de Querétaro,20.563227,-100.375284
Frijol,Bolsa 908 Gr. Pinto,Precíssimo,Legumbres Secas,Basicos,28.5,2025/12/22,Hipermercado Soriana,Supermercado / Tienda de Autoservicio,Soriana Hiper Sucursal Cimatario,Ctra. a Huimilpan 1001. Int. del Centro Comercial Plaza del Sol. Col. Plazas del Sol. Iii Sección. Cp. 76099,Querétaro,Santiago de Querétaro,20.563227,-100.375284
Frijol,Bolsa 908 Gr. Pinto,Precíssimo,Legumbres Secas,Basicos,28.5,2025/12/31,Hipermercado Soriana,Supermercado / Tienda de Autoservicio,Soriana Hiper Sucursal Cimatario,Ctra. a Huimilpan 1001. Int. del Centro Comercial Plaza del Sol. Col. Plazas del Sol. Iii Sección. Cp. 76099,Querétaro,Santiago de Querétaro,20.563227,-100.375284
Gabapentina,Caja con 30 Cápsulas de 300 Mg.,S/M,Medicamentos,Medicamentos,120,2025/12/24,La Comer,Supermercado / Tienda de Autoservicio,Lacomer Sucursal Queretaro Estadio,Luis M. Vega y Monroy 1300. Esq.cimataRío . Col. CimataRío. Cp. 76090,Querétaro,Santiago de Querétaro,20.577804,-100.373626
Gel Antibacterial,Botella 1 Lt. Básico o Puro. 70% Alcohol Etílico,S/M,Arts. para el Cuidado Personal,Medicamentos,160,2025/12/31,Sanborn S Hnos.,Farmacias,Sanborns Sucursal los Arquitos,Constituyentes Oriente 172. Esq. de los Arquitos. Col. los Arquitos. Cp. 76050,Querétaro,Santiago de Querétaro,20.588117,-100.36869
Gel Antibacterial,Botella 60 Ml.,Zuum. Klin,Arts. para el Cuidado Personal,Medicamentos,30,2025/12/17,Chedraui,Supermercado / Tienda de Autoservicio,Chedraui Sucursal Centro Sur,Blvd. Bernardo Quintana 502. Carr. con Direccion a Centro Civico. Col. Centro Sur. Cp. 76087,Querétaro,Santiago de Querétaro,20.569354,-100.358831
Gentamicina,Caja con 1 Ampolleta de 2 Ml. Solución Inyectable 160 Mg./2 Ml.,S/M,Medicamentos,Medicamentos,17,2025/12/24,Farmacias Similares,Farmacias,Farmacias Similares Sucursal 7462,Canada 268 . Int. Plaza las Americas. Col. Centro. Cp. 76050,Querétaro,Santiago de Querétaro,20.588396,-100.373612
Glimepirida,Caja con 30 Tabletas de 2 Mg.,S/M,Medicamentos,Medicamentos,196,2025/12/24,Benavides,Farmacias,Farmacia Benavides Sucursal Isla de Montecristo,Av. del Parque 401. Esq. Calle Isla de Montecristo. Col. Lindavista. Cp. 76070,Querétaro,Santiago de Querétaro,20.568451,-100.380021
Glimepirida,Caja con 30 Tabletas de 4 Mg.,S/M,Medicamentos,Medicamentos,236,2025/12/24,Benavides,Farmacias,Farmacia Benavides Sucursal Isla de Montecristo,Av. del Parque 401. Esq. Calle Isla de Montecristo. Col. Lindavista. Cp. 76070,Querétaro,Santiago de Querétaro,20.568451,-100.380021
Glucómetro,Caja con 1 Pieza. Free Style. Sensor,Abbott,Arts. para el Cuidado Personal,Medicamentos,1512,2025/12/24,Sanborn S Hnos.,Farmacias,Sanborns Sucursal los Arquitos,Constituyentes Oriente 172. Esq. de los Arquitos. Col. los Arquitos. Cp. 76050,Querétaro,Santiago de Querétaro,20.588117,-100.36869
Glucómetro,Caja con 1 Pieza. Modelo Active Ref. 07133766036. C.b. 4015630082988,Accu-chek,Arts. para el Cuidado Personal,Medicamentos,632,2025/12/24,La Comer,Supermercado / Tienda de Autoservicio,Lacomer Sucursal Queretaro Estadio,Luis M. Vega y Monroy 1300. Esq.cimataRío . Col. CimataRío. Cp. 76090,Querétaro,Santiago de Querétaro,20.577804,-100.373626
Glucómetro,Caja con 1 Pieza. Modelo Instant Ref. 07819307023,Accu-chek,Arts. para el Cuidado Personal,Medicamentos,890,2025/12/24,Bodega Aurrera,Supermercado / Tienda de Autoservicio,Bodega Aurrera Sucursal Centro Constituyentes,Constituyentes Oriente 334. Entre Pasteur y Manuel Ponce. Col. MercuRío. Cp. 76040,Querétaro,Santiago de Querétaro,20.586349,-100.382801
Glucómetro,Caja con 1 Pieza. Modelo Instant Ref. 07819307023,Accu-chek,Arts. para el Cuidado Personal,Medicamentos,891,2025/12/23,Wal-mart,Supermercado / Tienda de Autoservicio,Walmart Sucursal Unidad Plaza de Toros,Autopista Querétaro Celaya 5501. Int. del Centro Comercial Plaza Esfera. Col. el Jacal. Cp. 76187,Querétaro,Santiago de Querétaro,20.574076,-100.408704
Granos de Elote,Bolsa 500 Gr. Hortalizas Congeladas,La Huerta,Frutas y Legumbres Procesadas,Basicos,56,2025/12/26,Superissste,Supermercado / Tienda de Autoservicio,Superissste Sucursal 022,Av. del Taller y Retorno No. 38 Dentro del Retorno 38. Col. Jardín Balbuena. Cp. 15900,Ciudad de México,Venustiano Carranza,19.412842,-99.105666
Guarnición de Verduras,Bolsa 500 Gr. Hortalizas Congeladas,La Huerta,Frutas y Legumbres Procesadas,Basicos,34,2025/12/19,Superissste,Supermercado / Tienda de Autoservicio,Superissste Sucursal 022,Av. del Taller y Retorno No. 38 Dentro del Retorno 38. Col. Jardín Balbuena. Cp. 15900,Ciudad de México,Venustiano Carranza,19.412842,-99.105666
Guayaba,1 Kg. Granel,S/M,Frutas Frescas,Frutas y Legumbres,50,2025/12/23,Bodega Aurrera,Supermercado / Tienda de Autoservicio,Bodega Aurrera Sucursal Centro Constituyentes,Constituyentes Oriente 334. Entre Pasteur y Manuel Ponce. Col. MercuRío. Cp. 76040,Querétaro,Santiago de Querétaro,20.586349,-100.382801
Haba,Bolsa 500 Gr. Pelada,La Merced,Legumbres Secas,Basicos,25.9,2025/12/26,Superissste,Supermercado / Tienda de Autoservicio,Superissste Sucursal 011,Calle Peluqueros No. 310 Esquina Calle Tizayuca. Col. Michoacána. Cp. 15240,Ciudad de México,Venustiano Carranza,19.446139,-99.113372
Harina de Maíz,Paquete 1 Kg.,Alimentación para el Bienestar,Tortillas y Derivados del Maíz,Basicos,20,2025/12/19,Superissste,Supermercado / Tienda de Autoservicio,Superissste Sucursal 011,Calle Peluqueros No. 310 Esquina Calle Tizayuca. Col. Michoacána. Cp. 15240,Ciudad de México,Venustiano Carranza,19.446139,-99.113372
Harina de Maíz,Paquete 1 Kg.,Alimentación para el Bienestar,Tortillas y Derivados del Maíz,Basicos,20,2025/12/19,Superissste,Supermercado / Tienda de Autoservicio,Superissste Sucursal 022,Av. del Taller y Retorno No. 38 Dentro del Retorno 38. Col. Jardín Balbuena. Cp. 15900,Ciudad de México,Venustiano Carranza,19.412842,-99.105666
Harina de Maíz,Paquete 1 Kg.,Alimentación para el Bienestar,Tortillas y Derivados del Maíz,Basicos,20,2025/12/26,Superissste,Supermercado / Tienda de Autoservicio,Superissste Sucursal 011,Calle Peluqueros No. 310 Esquina Calle Tizayuca. Col. Michoacána. Cp. 15240,Ciudad de México,Venustiano Carranza,19.446139,-99.113372
Harina de Maíz,Paquete 1 Kg.,Alimentación para el Bienestar,Tortillas y Derivados del Maíz,Basicos,20,2025/12/26,Superissste,Supermercado / Tienda de Autoservicio,Superissste Sucursal 022,Av. del Taller y Retorno No. 38 Dentro del Retorno 38. Col. Jardín Balbuena. Cp. 15900,Ciudad de México,Venustiano Carranza,19.412842,-99.105666
Harina de Maíz,Paquete 1 Kg.,Maseca,Tortillas y Derivados del Maíz,Basicos,20,2025/12/16,Oxxo,Tienda de Conveniencia,Oxxo Sucursal Corregidora 50 Cr,Circuito Moises Solana No. 128. Esq. Gertrudis Bocanegra. Col. Burocratas. Cp. 76070,Querétaro,Santiago de Querétaro,20.57462,-100.384232
Harina de Maíz,Paquete 1 Kg.,Maseca,Tortillas y Derivados del Maíz,Basicos,20,2025/12/22,Hipermercado Soriana,Supermercado / Tienda de Autoservicio,Soriana Hiper Sucursal Cimatario,Ctra. a Huimilpan 1001. Int. del Centro Comercial Plaza del Sol. Col. Plazas del Sol. Iii Sección. Cp. 76099,Querétaro,Santiago de Querétaro,20.563227,-100.375284
Harina de Maíz,Paquete 1 Kg.,Maseca,Tortillas y Derivados del Maíz,Basicos,20,2025/12/31,Hipermercado Soriana,Supermercado / Tienda de Autoservicio,Soriana Hiper Sucursal Cimatario,Ctra. a Huimilpan 1001. Int. del Centro Comercial Plaza del Sol. Col. Plazas del Sol. Iii Sección. Cp. 76099,Querétaro,Santiago de Querétaro,20.563227,-100.375284
Harina de Trigo,Paquete 1 Kg.,Alimentación para el Bienestar,Galletas Pastas y Harinas de Trigo,Basicos,18,2025/12/19,Superissste,Supermercado / Tienda de Autoservicio,Superissste Sucursal 011,Calle Peluqueros No. 310 Esquina Calle Tizayuca. Col. Michoacána. Cp. 15240,Ciudad de México,Venustiano Carranza,19.446139,-99.113372
Harina de Trigo,Paquete 1 Kg.,Alimentación para el Bienestar,Galletas Pastas y Harinas de Trigo,Basicos,18,2025/12/26,Superissste,Supermercado / Tienda de Autoservicio,Superissste Sucursal 022,Av. del Taller y Retorno No. 38 Dentro del Retorno 38. Col. Jardín Balbuena. Cp. 15900,Ciudad de México,Venustiano Carranza,19.412842,-99.105666
Histiacil Nf,Frasco con 150 Ml. Jarabe Adulto,S/M,Medicamentos,Medicamentos,152,2025/12/19,Bodega Aurrera,Supermercado / Tienda de Autoservicio,Bodega Aurrera Sucursal Centro Constituyentes,Constituyentes Oriente 334. Entre Pasteur y Manuel Ponce. Col. MercuRío. Cp. 76040,Querétaro,Santiago de Querétaro,20.586349,-100.382801
Huevo,Paquete C/12 Blanco,Aurrera,Huevo,Basicos,33,2025/12/19,Bodega Aurrera,Supermercado / Tienda de Autoservicio,Bodega Aurrera Sucursal Centro Constituyentes,Constituyentes Oriente 334. Entre Pasteur y Manuel Ponce. Col. MercuRío. Cp. 76040,Querétaro,Santiago de Querétaro,20.586349,-100.382801
Huevo,Paquete C/12 Blanco,Aurrera,Huevo,Basicos,33,2025/12/23,Bodega Aurrera,Supermercado / Tienda de Autoservicio,Bodega Aurrera Sucursal Centro Constituyentes,Constituyentes Oriente 334. Entre Pasteur y Manuel Ponce. Col. MercuRío. Cp. 76040,Querétaro,Santiago de Querétaro,20.586349,-100.382801
Huevo,Paquete C/12 Blanco,Aurrera,Huevo,Basicos,34,2025/12/18,Wal-mart,Supermercado / Tienda de Autoservicio,Walmart Sucursal Aeropuerto,Calz. Ignacio Zaragoza 58. Esq. Blvd. Puerto Aereo. Col. Federal. Cp. 15700,Ciudad de México,Venustiano Carranza,19.41926,-99.094521
Huevo,Paquete C/12 Blanco,Aurrera,Huevo,Basicos,34,2025/12/23,Wal-mart,Supermercado / Tienda de Autoservicio,Walmart Sucursal Unidad Plaza de Toros,Autopista Querétaro Celaya 5501. Int. del Centro Comercial Plaza Esfera. Col. el Jacal. Cp. 76187,Querétaro,Santiago de Querétaro,20.574076,-100.408704
Huevo,Paquete C/12 Blanco,Aurrera,Huevo,Basicos,35,2025/12/18,Bodega Aurrera,Supermercado / Tienda de Autoservicio,Bodega Aurrera Sucursal la Viga,Calz. de la Viga 136 Esq. del Taller. Col. Lorenzo Boturini. Cp. 15820,Ciudad de México,Venustiano Carranza,19.414749,-99.127874
Huevo,Paquete C/12 Blanco,Aurrera,Huevo,Basicos,36,2025/12/18,Wal-mart,Supermercado / Tienda de Autoservicio,Walmart Sucursal Balbuena,Fray Servando Teresa de Mier 881. Entre Fernando Iglesia Calderon y Genaro Garcia. Col. Jardín Balbuena. Cp. 15900,Ciudad de México,Venustiano Carranza,19.418067,-99.105639
Huevo,Paquete C/12 Blanco,Aurrera,Huevo,Basicos,36.9,2025/12/16,Wal-mart,Supermercado / Tienda de Autoservicio,Walmart Sucursal Unidad Plaza de Toros,Autopista Querétaro Celaya 5501. Int. del Centro Comercial Plaza Esfera. Col. el Jacal. Cp. 76187,Querétaro,Santiago de Querétaro,20.574076,-100.408704
Huevo,Paquete C/12 Blanco,Bachoco,Huevo,Basicos,43.5,2025/12/19,Superissste,Supermercado / Tienda de Autoservicio,Superissste Sucursal 011,Calle Peluqueros No. 310 Esquina Calle Tizayuca. Col. Michoacána. Cp. 15240,Ciudad de México,Venustiano Carranza,19.446139,-99.113372
Huevo,Paquete C/12 Blanco,Bachoco,Huevo,Basicos,43.5,2025/12/19,Superissste,Supermercado / Tienda de Autoservicio,Superissste Sucursal 022,Av. del Taller y Retorno No. 38 Dentro del Retorno 38. Col. Jardín Balbuena. Cp. 15900,Ciudad de México,Venustiano Carranza,19.412842,-99.105666
Huevo,Paquete C/12 Blanco,Bachoco,Huevo,Basicos,43.5,2025/12/26,Superissste,Supermercado / Tienda de Autoservicio,Superissste Sucursal 011,Calle Peluqueros No. 310 Esquina Calle Tizayuca. Col. Michoacána. Cp. 15240,Ciudad de México,Venustiano Carranza,19.446139,-99.113372
Huevo,Paquete C/12 Blanco,Bachoco,Huevo,Basicos,43.5,2025/12/26,Superissste,Supermercado / Tienda de Autoservicio,Superissste Sucursal 022,Av. del Taller y Retorno No. 38 Dentro del Retorno 38. Col. Jardín Balbuena. Cp. 15900,Ciudad de México,Venustiano Carranza,19.412842,-99.105666
Huevo,Paquete C/12 Blanco,Bachoco,Huevo,Basicos,43.9,2025/12/31,Hipermercado Soriana,Supermercado / Tienda de Autoservicio,Soriana Hiper Sucursal Cimatario,Ctra. a Huimilpan 1001. Int. del Centro Comercial Plaza del Sol. Col. Plazas del Sol. Iii Sección. Cp. 76099,Querétaro,Santiago de Querétaro,20.563227,-100.375284
Huevo,Paquete C/12 Blanco,Bachoco,Huevo,Basicos,44,2025/12/18,Bodega Aurrera,Supermercado / Tienda de Autoservicio,Bodega Aurrera Sucursal la Viga,Calz. de la Viga 136 Esq. del Taller. Col. Lorenzo Boturini. Cp. 15820,Ciudad de México,Venustiano Carranza,19.414749,-99.127874
Huevo,Paquete C/12 Blanco,Bachoco,Huevo,Basicos,44,2025/12/19,Bodega Aurrera,Supermercado / Tienda de Autoservicio,Bodega Aurrera Sucursal Centro Constituyentes,Constituyentes Oriente 334. Entre Pasteur y Manuel Ponce. Col. MercuRío. Cp. 76040,Querétaro,Santiago de Querétaro,20.586349,-100.382801
Huevo,Paquete C/12 Blanco,Bachoco,Huevo,Basicos,45,2025/12/16,Wal-mart,Supermercado / Tienda de Autoservicio,Walmart Sucursal Unidad Plaza de Toros,Autopista Querétaro Celaya 5501. Int. del Centro Comercial Plaza Esfera. Col. el Jacal. Cp. 76187,Querétaro,Santiago de Querétaro,20.574076,-100.408704
Huevo,Paquete C/12 Blanco,Bachoco,Huevo,Basicos,45,2025/12/17,Chedraui,Supermercado / Tienda de Autoservicio,Chedraui Sucursal Centro Sur,Blvd. Bernardo Quintana 502. Carr. con Direccion a Centro Civico. Col. Centro Sur. Cp. 76087,Querétaro,Santiago de Querétaro,20.569354,-100.358831
Huevo,Paquete C/12 Blanco,Bachoco,Huevo,Basicos,45,2025/12/18,La Comer,Supermercado / Tienda de Autoservicio,Lacomer Sucursal Queretaro Estadio,Luis M. Vega y Monroy 1300. Esq.cimataRío . Col. CimataRío. Cp. 76090,Querétaro,Santiago de Querétaro,20.577804,-100.373626
Huevo,Paquete C/12 Blanco,Bachoco,Huevo,Basicos,45,2025/12/18,Wal-mart,Supermercado / Tienda de Autoservicio,Walmart Sucursal Aeropuerto,Calz. Ignacio Zaragoza 58. Esq. Blvd. Puerto Aereo. Col. Federal. Cp. 15700,Ciudad de México,Venustiano Carranza,19.41926,-99.094521
Huevo,Paquete C/12 Blanco,Bachoco,Huevo,Basicos,45,2025/12/18,Wal-mart,Supermercado / Tienda de Autoservicio,Walmart Sucursal Balbuena,Fray Servando Teresa de Mier 881. Entre Fernando Iglesia Calderon y Genaro Garcia. Col. Jardín Balbuena. Cp. 15900,Ciudad de México,Venustiano Carranza,19.418067,-99.105639
Huevo,Paquete C/12 Blanco,Bachoco,Huevo,Basicos,45,2025/12/22,Chedraui,Supermercado / Tienda de Autoservicio,Chedraui Sucursal Centro Sur,Blvd. Bernardo Quintana 502. Carr. con Direccion a Centro Civico. Col. Centro Sur. Cp. 76087,Querétaro,Santiago de Querétaro,20.569354,-100.358831
Huevo,Paquete C/12 Blanco,Bachoco,Huevo,Basicos,45,2025/12/23,Wal-mart,Supermercado / Tienda de Autoservicio,Walmart Sucursal Unidad Plaza de Toros,Autopista Querétaro Celaya 5501. Int. del Centro Comercial Plaza Esfera. Col. el Jacal. Cp. 76187,Querétaro,Santiago de Querétaro,20.574076,-100.408704
Huevo,Paquete C/12 Blanco,Bachoco,Huevo,Basicos,45.6,2025/12/24,La Comer,Supermercado / Tienda de Autoservicio,Lacomer Sucursal Queretaro Estadio,Luis M. Vega y Monroy 1300. Esq.cimataRío . Col. CimataRío. Cp. 76090,Querétaro,Santiago de Querétaro,20.577804,-100.373626
Huevo,Paquete C/12 Blanco,Bachoco,Huevo,Basicos,46.9,2025/12/22,Hipermercado Soriana,Supermercado / Tienda de Autoservicio,Soriana Hiper Sucursal Cimatario,Ctra. a Huimilpan 1001. Int. del Centro Comercial Plaza del Sol. Col. Plazas del Sol. Iii Sección. Cp. 76099,Querétaro,Santiago de Querétaro,20.563227,-100.375284
Huevo,Paquete C/12 Blanco,El Calvario,Huevo,Basicos,35,2025/12/18,Bodega Aurrera,Supermercado / Tienda de Autoservicio,Bodega Aurrera Sucursal la Viga,Calz. de la Viga 136 Esq. del Taller. Col. Lorenzo Boturini. Cp. 15820,Ciudad de México,Venustiano Carranza,19.414749,-99.127874
Huevo,Paquete C/12 Blanco,El Calvario,Huevo,Basicos,35,2025/12/23,Bodega Aurrera,Supermercado / Tienda de Autoservicio,Bodega Aurrera Sucursal Centro Constituyentes,Constituyentes Oriente 334. Entre Pasteur y Manuel Ponce. Col. MercuRío. Cp. 76040,Querétaro,Santiago de Querétaro,20.586349,-100.382801
Huevo,Paquete C/12 Blanco,El Calvario,Huevo,Basicos,36,2025/12/18,Wal-mart,Supermercado / Tienda de Autoservicio,Walmart Sucursal Aeropuerto,Calz. Ignacio Zaragoza 58. Esq. Blvd. Puerto Aereo. Col. Federal. Cp. 15700,Ciudad de México,Venustiano Carranza,19.41926,-99.094521
Huevo,Paquete C/12 Blanco,El Calvario,Huevo,Basicos,36,2025/12/18,Wal-mart,Supermercado / Tienda de Autoservicio,Walmart Sucursal Balbuena,Fray Servando Teresa de Mier 881. Entre Fernando Iglesia Calderon y Genaro Garcia. Col. Jardín Balbuena. Cp. 15900,Ciudad de México,Venustiano Carranza,19.418067,-99.105639
Huevo,Paquete C/12 Blanco,El Calvario,Huevo,Basicos,36,2025/12/19,Superissste,Supermercado / Tienda de Autoservicio,Superissste Sucursal 011,Calle Peluqueros No. 310 Esquina Calle Tizayuca. Col. Michoacána. Cp. 15240,Ciudad de México,Venustiano Carranza,19.446139,-99.113372
Huevo,Paquete C/12 Blanco,El Calvario,Huevo,Basicos,36,2025/12/19,Superissste,Supermercado / Tienda de Autoservicio,Superissste Sucursal 022,Av. del Taller y Retorno No. 38 Dentro del Retorno 38. Col. Jardín Balbuena. Cp. 15900,Ciudad de México,Venustiano Carranza,19.412842,-99.105666
Huevo,Paquete C/12 Blanco,El Calvario,Huevo,Basicos,36,2025/12/23,Wal-mart,Supermercado / Tienda de Autoservicio,Walmart Sucursal Unidad Plaza de Toros,Autopista Querétaro Celaya 5501. Int. del Centro Comercial Plaza Esfera. Col. el Jacal. Cp. 76187,Querétaro,Santiago de Querétaro,20.574076,-100.408704
Huevo,Paquete C/12 Blanco,El Calvario,Huevo,Basicos,36,2025/12/26,Superissste,Supermercado / Tienda de Autoservicio,Superissste Sucursal 011,Calle Peluqueros No. 310 Esquina Calle Tizayuca. Col. Michoacána. Cp. 15240,Ciudad de México,Venustiano Carranza,19.446139,-99.113372
Huevo,Paquete C/12 Blanco,El Calvario,Huevo,Basicos,36,2025/12/26,Superissste,Supermercado / Tienda de Autoservicio,Superissste Sucursal 022,Av. del Taller y Retorno No. 38 Dentro del Retorno 38. Col. Jardín Balbuena. Cp. 15900,Ciudad de México,Venustiano Carranza,19.412842,-99.105666
Huevo,Paquete C/12 Blanco,El Calvario,Huevo,Basicos,41.9,2025/12/31,Hipermercado Soriana,Supermercado / Tienda de Autoservicio,Soriana Hiper Sucursal Cimatario,Ctra. a Huimilpan 1001. Int. del Centro Comercial Plaza del Sol. Col. Plazas del Sol. Iii Sección. Cp. 76099,Querétaro,Santiago de Querétaro,20.563227,-100.375284
Huevo,Paquete C/12 Blanco,Guadalupe,Huevo,Basicos,48,2025/12/18,Wal-mart,Supermercado / Tienda de Autoservicio,Walmart Sucursal Aeropuerto,Calz. Ignacio Zaragoza 58. Esq. Blvd. Puerto Aereo. Col. Federal. Cp. 15700,Ciudad de México,Venustiano Carranza,19.41926,-99.094521
Huevo,Paquete C/12 Blanco,Precíssimo,Huevo,Basicos,42.9,2025/12/22,Hipermercado Soriana,Supermercado / Tienda de Autoservicio,Soriana Hiper Sucursal Cimatario,Ctra. a Huimilpan 1001. Int. del Centro Comercial Plaza del Sol. Col. Plazas del Sol. Iii Sección. Cp. 76099,Querétaro,Santiago de Querétaro,20.563227,-100.375284
Huevo,Paquete C/12 Blanco,Precíssimo,Huevo,Basicos,42.9,2025/12/31,Hipermercado Soriana,Supermercado / Tienda de Autoservicio,Soriana Hiper Sucursal Cimatario,Ctra. a Huimilpan 1001. Int. del Centro Comercial Plaza del Sol. Col. Plazas del Sol. Iii Sección. Cp. 76099,Querétaro,Santiago de Querétaro,20.563227,-100.375284
Huevo,Paquete C/12 Blanco,San Juan,Huevo,Basicos,39,2025/12/18,Chedraui,Supermercado / Tienda de Autoservicio,Chedraui Sucursal Anfora,Anfora 71. Esq. Eje 1 Norte. Col. Madero. Cp. 15320,Ciudad de México,Venustiano Carranza,19.437353,-99.110088
Huevo,Paquete C/12 Blanco,San Juan,Huevo,Basicos,39,2025/12/23,Bodega Aurrera,Supermercado / Tienda de Autoservicio,Bodega Aurrera Sucursal Centro Constituyentes,Constituyentes Oriente 334. Entre Pasteur y Manuel Ponce. Col. MercuRío. Cp. 76040,Querétaro,Santiago de Querétaro,20.586349,-100.382801
Huevo,Paquete C/12 Blanco,San Juan,Huevo,Basicos,40,2025/12/16,Wal-mart,Supermercado / Tienda de Autoservicio,Walmart Sucursal Unidad Plaza de Toros,Autopista Querétaro Celaya 5501. Int. del Centro Comercial Plaza Esfera. Col. el Jacal. Cp. 76187,Querétaro,Santiago de Querétaro,20.574076,-100.408704
Huevo,Paquete C/12 Blanco,San Juan,Huevo,Basicos,40,2025/12/17,Chedraui,Supermercado / Tienda de Autoservicio,Chedraui Sucursal Centro Sur,Blvd. Bernardo Quintana 502. Carr. con Direccion a Centro Civico. Col. Centro Sur. Cp. 76087,Querétaro,Santiago de Querétaro,20.569354,-100.358831
Huevo,Paquete C/12 Blanco,San Juan,Huevo,Basicos,40,2025/12/18,Wal-mart,Supermercado / Tienda de Autoservicio,Walmart Sucursal Aeropuerto,Calz. Ignacio Zaragoza 58. Esq. Blvd. Puerto Aereo. Col. Federal. Cp. 15700,Ciudad de México,Venustiano Carranza,19.41926,-99.094521
Huevo,Paquete C/12 Blanco,San Juan,Huevo,Basicos,40,2025/12/18,Wal-mart,Supermercado / Tienda de Autoservicio,Walmart Sucursal Balbuena,Fray Servando Teresa de Mier 881. Entre Fernando Iglesia Calderon y Genaro Garcia. Col. Jardín Balbuena. Cp. 15900,Ciudad de México,Venustiano Carranza,19.418067,-99.105639
Huevo,Paquete C/12 Blanco,San Juan,Huevo,Basicos,40,2025/12/22,Chedraui,Supermercado / Tienda de Autoservicio,Chedraui Sucursal Centro Sur,Blvd. Bernardo Quintana 502. Carr. con Direccion a Centro Civico. Col. Centro Sur. Cp. 76087,Querétaro,Santiago de Querétaro,20.569354,-100.358831
Huevo,Paquete C/12 Blanco,San Juan,Huevo,Basicos,40,2025/12/23,Wal-mart,Supermercado / Tienda de Autoservicio,Walmart Sucursal Unidad Plaza de Toros,Autopista Querétaro Celaya 5501. Int. del Centro Comercial Plaza Esfera. Col. el Jacal. Cp. 76187,Querétaro,Santiago de Querétaro,20.574076,-100.408704
Huevo,Paquete C/12 Blanco,San Juan,Huevo,Basicos,40.15,2025/12/18,La Comer,Supermercado / Tienda de Autoservicio,Lacomer Sucursal Queretaro Estadio,Luis M. Vega y Monroy 1300. Esq.cimataRío . Col. CimataRío. Cp. 76090,Querétaro,Santiago de Querétaro,20.577804,-100.373626
Huevo,Paquete C/12 Blanco,San Juan,Huevo,Basicos,40.15,2025/12/24,La Comer,Supermercado / Tienda de Autoservicio,Lacomer Sucursal Queretaro Estadio,Luis M. Vega y Monroy 1300. Esq.cimataRío . Col. CimataRío. Cp. 76090,Querétaro,Santiago de Querétaro,20.577804,-100.373626
Huevo,Paquete C/12 Blanco,San Juan,Huevo,Basicos,40.5,2025/12/19,Superissste,Supermercado / Tienda de Autoservicio,Superissste Sucursal 011,Calle Peluqueros No. 310 Esquina Calle Tizayuca. Col. Michoacána. Cp. 15240,Ciudad de México,Venustiano Carranza,19.446139,-99.113372
Huevo,Paquete C/12 Blanco,San Juan,Huevo,Basicos,40.5,2025/12/19,Superissste,Supermercado / Tienda de Autoservicio,Superissste Sucursal 022,Av. del Taller y Retorno No. 38 Dentro del Retorno 38. Col. Jardín Balbuena. Cp. 15900,Ciudad de México,Venustiano Carranza,19.412842,-99.105666
Huevo,Paquete C/12 Blanco,San Juan,Huevo,Basicos,40.5,2025/12/26,Superissste,Supermercado / Tienda de Autoservicio,Superissste Sucursal 011,Calle Peluqueros No. 310 Esquina Calle Tizayuca. Col. Michoacána. Cp. 15240,Ciudad de México,Venustiano Carranza,19.446139,-99.113372
Huevo,Paquete C/12 Blanco,San Juan,Huevo,Basicos,40.5,2025/12/26,Superissste,Supermercado / Tienda de Autoservicio,Superissste Sucursal 022,Av. del Taller y Retorno No. 38 Dentro del Retorno 38. Col. Jardín Balbuena. Cp. 15900,Ciudad de México,Venustiano Carranza,19.412842,-99.105666
Huevo,Paquete C/12 Blanco,Tehuacán,Huevo,Basicos,45,2025/12/18,La Comer,Supermercado / Tienda de Autoservicio,Lacomer Sucursal Queretaro Estadio,Luis M. Vega y Monroy 1300. Esq.cimataRío . Col. CimataRío. Cp. 76090,Querétaro,Santiago de Querétaro,20.577804,-100.373626
Huevo,Paquete C/12 Rojo,Bachoco,Huevo,Basicos,45.9,2025/12/31,Hipermercado Soriana,Supermercado / Tienda de Autoservicio,Soriana Hiper Sucursal Cimatario,Ctra. a Huimilpan 1001. Int. del Centro Comercial Plaza del Sol. Col. Plazas del Sol. Iii Sección. Cp. 76099,Querétaro,Santiago de Querétaro,20.563227,-100.375284
Huevo,Paquete C/12 Rojo,Bachoco,Huevo,Basicos,47,2025/12/16,Wal-mart,Supermercado / Tienda de Autoservicio,Walmart Sucursal Unidad Plaza de Toros,Autopista Querétaro Celaya 5501. Int. del Centro Comercial Plaza Esfera. Col. el Jacal. Cp. 76187,Querétaro,Santiago de Querétaro,20.574076,-100.408704
Huevo,Paquete C/12 Rojo,Bachoco,Huevo,Basicos,47,2025/12/18,Bodega Aurrera,Supermercado / Tienda de Autoservicio,Bodega Aurrera Sucursal la Viga,Calz. de la Viga 136 Esq. del Taller. Col. Lorenzo Boturini. Cp. 15820,Ciudad de México,Venustiano Carranza,19.414749,-99.127874
Huevo,Paquete C/12 Rojo,Bachoco,Huevo,Basicos,47,2025/12/18,Chedraui,Supermercado / Tienda de Autoservicio,Chedraui Sucursal Anfora,Anfora 71. Esq. Eje 1 Norte. Col. Madero. Cp. 15320,Ciudad de México,Venustiano Carranza,19.437353,-99.110088
Huevo,Paquete C/12 Rojo,Bachoco,Huevo,Basicos,47,2025/12/18,Wal-mart,Supermercado / Tienda de Autoservicio,Walmart Sucursal Balbuena,Fray Servando Teresa de Mier 881. Entre Fernando Iglesia Calderon y Genaro Garcia. Col. Jardín Balbuena. Cp. 15900,Ciudad de México,Venustiano Carranza,19.418067,-99.105639
Huevo,Paquete C/12 Rojo,Bachoco,Huevo,Basicos,47,2025/12/19,Bodega Aurrera,Supermercado / Tienda de Autoservicio,Bodega Aurrera Sucursal Centro Constituyentes,Constituyentes Oriente 334. Entre Pasteur y Manuel Ponce. Col. MercuRío. Cp. 76040,Querétaro,Santiago de Querétaro,20.586349,-100.382801
Huevo,Paquete C/12 Rojo,Bachoco,Huevo,Basicos,47,2025/12/23,Wal-mart,Supermercado / Tienda de Autoservicio,Walmart Sucursal Unidad Plaza de Toros,Autopista Querétaro Celaya 5501. Int. del Centro Comercial Plaza Esfera. Col. el Jacal. Cp. 76187,Querétaro,Santiago de Querétaro,20.574076,-100.408704
Huevo,Paquete C/12 Rojo,Bachoco,Huevo,Basicos,53,2025/12/18,La Comer,Supermercado / Tienda de Autoservicio,Lacomer Sucursal Queretaro Estadio,Luis M. Vega y Monroy 1300. Esq.cimataRío . Col. CimataRío. Cp. 76090,Querétaro,Santiago de Querétaro,20.577804,-100.373626
Huevo,Paquete C/12 Rojo,Bachoco,Huevo,Basicos,53,2025/12/24,La Comer,Supermercado / Tienda de Autoservicio,Lacomer Sucursal Queretaro Estadio,Luis M. Vega y Monroy 1300. Esq.cimataRío . Col. CimataRío. Cp. 76090,Querétaro,Santiago de Querétaro,20.577804,-100.373626
Huevo,Paquete C/12 Rojo,Bachoco,Huevo,Basicos,55,2025/12/17,Chedraui,Supermercado / Tienda de Autoservicio,Chedraui Sucursal Centro Sur,Blvd. Bernardo Quintana 502. Carr. con Direccion a Centro Civico. Col. Centro Sur. Cp. 76087,Querétaro,Santiago de Querétaro,20.569354,-100.358831
Huevo,Paquete C/12 Rojo,Bachoco,Huevo,Basicos,55,2025/12/22,Chedraui,Supermercado / Tienda de Autoservicio,Chedraui Sucursal Centro Sur,Blvd. Bernardo Quintana 502. Carr. con Direccion a Centro Civico. Col. Centro Sur. Cp. 76087,Querétaro,Santiago de Querétaro,20.569354,-100.358831
Huevo,Paquete C/18 Blanco,Aurrera,Huevo,Basicos,45,2025/12/18,Wal-mart,Supermercado / Tienda de Autoservicio,Walmart Sucursal Balbuena,Fray Servando Teresa de Mier 881. Entre Fernando Iglesia Calderon y Genaro Garcia. Col. Jardín Balbuena. Cp. 15900,Ciudad de México,Venustiano Carranza,19.418067,-99.105639
Huevo,Paquete C/18 Blanco,Aurrera,Huevo,Basicos,45,2025/12/19,Bodega Aurrera,Supermercado / Tienda de Autoservicio,Bodega Aurrera Sucursal Centro Constituyentes,Constituyentes Oriente 334. Entre Pasteur y Manuel Ponce. Col. MercuRío. Cp. 76040,Querétaro,Santiago de Querétaro,20.586349,-100.382801
Huevo,Paquete C/18 Blanco,Aurrera,Huevo,Basicos,51,2025/12/16,Wal-mart,Supermercado / Tienda de Autoservicio,Walmart Sucursal Unidad Plaza de Toros,Autopista Querétaro Celaya 5501. Int. del Centro Comercial Plaza Esfera. Col. el Jacal. Cp. 76187,Querétaro,Santiago de Querétaro,20.574076,-100.408704
Huevo,Paquete C/18 Blanco,Aurrera,Huevo,Basicos,51,2025/12/18,Wal-mart,Supermercado / Tienda de Autoservicio,Walmart Sucursal Aeropuerto,Calz. Ignacio Zaragoza 58. Esq. Blvd. Puerto Aereo. Col. Federal. Cp. 15700,Ciudad de México,Venustiano Carranza,19.41926,-99.094521
Huevo,Paquete C/18 Blanco,Aurrera,Huevo,Basicos,51,2025/12/23,Bodega Aurrera,Supermercado / Tienda de Autoservicio,Bodega Aurrera Sucursal Centro Constituyentes,Constituyentes Oriente 334. Entre Pasteur y Manuel Ponce. Col. MercuRío. Cp. 76040,Querétaro,Santiago de Querétaro,20.586349,-100.382801
Huevo,Paquete C/18 Blanco,Aurrera,Huevo,Basicos,51,2025/12/23,Wal-mart,Supermercado / Tienda de Autoservicio,Walmart Sucursal Unidad Plaza de Toros,Autopista Querétaro Celaya 5501. Int. del Centro Comercial Plaza Esfera. Col. el Jacal. Cp. 76187,Querétaro,Santiago de Querétaro,20.574076,-100.408704
Huevo,Paquete C/18 Blanco,Aurrera,Huevo,Pacic,45,2025/12/18,Bodega Aurrera,Supermercado / Tienda de Autoservicio,Bodega Aurrera Sucursal la Viga,Calz. de la Viga 136 Esq. del Taller. Col. Lorenzo Boturini. Cp. 15820,Ciudad de México,Venustiano Carranza,19.414749,-99.127874
Huevo,Paquete C/18 Blanco,Aurrera,Huevo,Pacic,45,2025/12/18,Wal-mart,Supermercado / Tienda de Autoservicio,Walmart Sucursal Balbuena,Fray Servando Teresa de Mier 881. Entre Fernando Iglesia Calderon y Genaro Garcia. Col. Jardín Balbuena. Cp. 15900,Ciudad de México,Venustiano Carranza,19.418067,-99.105639
Huevo,Paquete C/18 Blanco,Aurrera,Huevo,Pacic,45,2025/12/19,Bodega Aurrera,Supermercado / Tienda de Autoservicio,Bodega Aurrera Sucursal Centro Constituyentes,Constituyentes Oriente 334. Entre Pasteur y Manuel Ponce. Col. MercuRío. Cp. 76040,Querétaro,Santiago de Querétaro,20.586349,-100.382801
Huevo,Paquete C/18 Blanco,Aurrera,Huevo,Pacic,45,2025/12/23,Wal-mart,Supermercado / Tienda de Autoservicio,Walmart Sucursal Balbuena,Fray Servando Teresa de Mier 881. Entre Fernando Iglesia Calderon y Genaro Garcia. Col. Jardín Balbuena. Cp. 15900,Ciudad de México,Venustiano Carranza,19.418067,-99.105639
Huevo,Paquete C/18 Blanco,Aurrera,Huevo,Pacic,51,2025/12/17,Wal-mart,Supermercado / Tienda de Autoservicio,Walmart Sucursal Unidad Plaza de Toros,Autopista Querétaro Celaya 5501. Int. del Centro Comercial Plaza Esfera. Col. el Jacal. Cp. 76187,Querétaro,Santiago de Querétaro,20.574076,-100.408704
Huevo,Paquete C/18 Blanco,Aurrera,Huevo,Pacic,51,2025/12/18,Wal-mart,Supermercado / Tienda de Autoservicio,Walmart Sucursal Aeropuerto,Calz. Ignacio Zaragoza 58. Esq. Blvd. Puerto Aereo. Col. Federal. Cp. 15700,Ciudad de México,Venustiano Carranza,19.41926,-99.094521
Huevo,Paquete C/18 Blanco,Aurrera,Huevo,Pacic,51,2025/12/23,Bodega Aurrera,Supermercado / Tienda de Autoservicio,Bodega Aurrera Sucursal Centro Constituyentes,Constituyentes Oriente 334. Entre Pasteur y Manuel Ponce. Col. MercuRío. Cp. 76040,Querétaro,Santiago de Querétaro,20.586349,-100.382801
Huevo,Paquete C/18 Blanco,Aurrera,Huevo,Pacic,51,2025/12/23,Wal-mart,Supermercado / Tienda de Autoservicio,Walmart Sucursal Unidad Plaza de Toros,Autopista Querétaro Celaya 5501. Int. del Centro Comercial Plaza Esfera. Col. el Jacal. Cp. 76187,Querétaro,Santiago de Querétaro,20.574076,-100.408704
Huevo,Paquete C/18 Blanco,Bachoco,Huevo,Basicos,46,2025/12/18,La Comer,Supermercado / Tienda de Autoservicio,Lacomer Sucursal Queretaro Estadio,Luis M. Vega y Monroy 1300. Esq.cimataRío . Col. CimataRío. Cp. 76090,Querétaro,Santiago de Querétaro,20.577804,-100.373626
Huevo,Paquete C/18 Blanco,Bachoco,Huevo,Basicos,46,2025/12/24,La Comer,Supermercado / Tienda de Autoservicio,Lacomer Sucursal Queretaro Estadio,Luis M. Vega y Monroy 1300. Esq.cimataRío . Col. CimataRío. Cp. 76090,Querétaro,Santiago de Querétaro,20.577804,-100.373626
Huevo,Paquete C/18 Blanco,Bachoco,Huevo,Basicos,47.1,2025/12/22,Hipermercado Soriana,Supermercado / Tienda de Autoservicio,Soriana Hiper Sucursal Cimatario,Ctra. a Huimilpan 1001. Int. del Centro Comercial Plaza del Sol. Col. Plazas del Sol. Iii Sección. Cp. 76099,Querétaro,Santiago de Querétaro,20.563227,-100.375284
Huevo,Paquete C/18 Blanco,Bachoco,Huevo,Basicos,47.1,2025/12/31,Hipermercado Soriana,Supermercado / Tienda de Autoservicio,Soriana Hiper Sucursal Cimatario,Ctra. a Huimilpan 1001. Int. del Centro Comercial Plaza del Sol. Col. Plazas del Sol. Iii Sección. Cp. 76099,Querétaro,Santiago de Querétaro,20.563227,-100.375284
Huevo,Paquete C/18 Blanco,Bachoco,Huevo,Basicos,49.9,2025/12/17,Chedraui,Supermercado / Tienda de Autoservicio,Chedraui Sucursal Centro Sur,Blvd. Bernardo Quintana 502. Carr. con Direccion a Centro Civico. Col. Centro Sur. Cp. 76087,Querétaro,Santiago de Querétaro,20.569354,-100.358831
Huevo,Paquete C/18 Blanco,Bachoco,Huevo,Basicos,49.9,2025/12/18,Chedraui,Supermercado / Tienda de Autoservicio,Chedraui Sucursal Anfora,Anfora 71. Esq. Eje 1 Norte. Col. Madero. Cp. 15320,Ciudad de México,Venustiano Carranza,19.437353,-99.110088
Huevo,Paquete C/18 Blanco,Bachoco,Huevo,Basicos,49.9,2025/12/22,Chedraui,Supermercado / Tienda de Autoservicio,Chedraui Sucursal Centro Sur,Blvd. Bernardo Quintana 502. Carr. con Direccion a Centro Civico. Col. Centro Sur. Cp. 76087,Querétaro,Santiago de Querétaro,20.569354,-100.358831
Huevo,Paquete C/18 Blanco,Bachoco,Huevo,Basicos,58,2025/12/18,Bodega Aurrera,Supermercado / Tienda de Autoservicio,Bodega Aurrera Sucursal la Viga,Calz. de la Viga 136 Esq. del Taller. Col. Lorenzo Boturini. Cp. 15820,Ciudad de México,Venustiano Carranza,19.414749,-99.127874
Huevo,Paquete C/18 Blanco,Bachoco,Huevo,Basicos,58,2025/12/18,Wal-mart,Supermercado / Tienda de Autoservicio,Walmart Sucursal Aeropuerto,Calz. Ignacio Zaragoza 58. Esq. Blvd. Puerto Aereo. Col. Federal. Cp. 15700,Ciudad de México,Venustiano Carranza,19.41926,-99.094521
Huevo,Paquete C/18 Blanco,Bachoco,Huevo,Basicos,58,2025/12/18,Wal-mart,Supermercado / Tienda de Autoservicio,Walmart Sucursal Balbuena,Fray Servando Teresa de Mier 881. Entre Fernando Iglesia Calderon y Genaro Garcia. Col. Jardín Balbuena. Cp. 15900,Ciudad de México,Venustiano Carranza,19.418067,-99.105639
Huevo,Paquete C/18 Blanco,Bachoco,Huevo,Basicos,58,2025/12/19,Bodega Aurrera,Supermercado / Tienda de Autoservicio,Bodega Aurrera Sucursal Centro Constituyentes,Constituyentes Oriente 334. Entre Pasteur y Manuel Ponce. Col. MercuRío. Cp. 76040,Querétaro,Santiago de Querétaro,20.586349,-100.382801
Huevo,Paquete C/18 Blanco,Bachoco,Huevo,Basicos,59.5,2025/12/19,Superissste,Supermercado / Tienda de Autoservicio,Superissste Sucursal 011,Calle Peluqueros No. 310 Esquina Calle Tizayuca. Col. Michoacána. Cp. 15240,Ciudad de México,Venustiano Carranza,19.446139,-99.113372
Huevo,Paquete C/18 Blanco,Bachoco,Huevo,Basicos,59.5,2025/12/19,Superissste,Supermercado / Tienda de Autoservicio,Superissste Sucursal 022,Av. del Taller y Retorno No. 38 Dentro del Retorno 38. Col. Jardín Balbuena. Cp. 15900,Ciudad de México,Venustiano Carranza,19.412842,-99.105666
Huevo,Paquete C/18 Blanco,Bachoco,Huevo,Basicos,59.5,2025/12/26,Superissste,Supermercado / Tienda de Autoservicio,Superissste Sucursal 011,Calle Peluqueros No. 310 Esquina Calle Tizayuca. Col. Michoacána. Cp. 15240,Ciudad de México,Venustiano Carranza,19.446139,-99.113372
Huevo,Paquete C/18 Blanco,Bachoco,Huevo,Basicos,59.5,2025/12/26,Superissste,Supermercado / Tienda de Autoservicio,Superissste Sucursal 022,Av. del Taller y Retorno No. 38 Dentro del Retorno 38. Col. Jardín Balbuena. Cp. 15900,Ciudad de México,Venustiano Carranza,19.412842,-99.105666
Huevo,Paquete C/18 Blanco,Bachoco,Huevo,Basicos,64,2025/12/16,Wal-mart,Supermercado / Tienda de Autoservicio,Walmart Sucursal Unidad Plaza de Toros,Autopista Querétaro Celaya 5501. Int. del Centro Comercial Plaza Esfera. Col. el Jacal. Cp. 76187,Querétaro,Santiago de Querétaro,20.574076,-100.408704
Huevo,Paquete C/18 Blanco,Bachoco,Huevo,Basicos,64,2025/12/23,Wal-mart,Supermercado / Tienda de Autoservicio,Walmart Sucursal Unidad Plaza de Toros,Autopista Querétaro Celaya 5501. Int. del Centro Comercial Plaza Esfera. Col. el Jacal. Cp. 76187,Querétaro,Santiago de Querétaro,20.574076,-100.408704
Huevo,Paquete C/18 Blanco,Bachoco,Huevo,Pacic,46,2025/12/18,La Comer,Supermercado / Tienda de Autoservicio,Lacomer Sucursal Queretaro Estadio,Luis M. Vega y Monroy 1300. Esq.cimataRío . Col. CimataRío. Cp. 76090,Querétaro,Santiago de Querétaro,20.577804,-100.373626
Huevo,Paquete C/18 Blanco,Bachoco,Huevo,Pacic,46,2025/12/24,La Comer,Supermercado / Tienda de Autoservicio,Lacomer Sucursal Queretaro Estadio,Luis M. Vega y Monroy 1300. Esq.cimataRío . Col. CimataRío. Cp. 76090,Querétaro,Santiago de Querétaro,20.577804,-100.373626
Huevo,Paquete C/18 Blanco,Bachoco,Huevo,Pacic,47.1,2025/12/22,Hipermercado Soriana,Supermercado / Tienda de Autoservicio,Soriana Hiper Sucursal Cimatario,Ctra. a Huimilpan 1001. Int. del Centro Comercial Plaza del Sol. Col. Plazas del Sol. Iii Sección. Cp. 76099,Querétaro,Santiago de Querétaro,20.563227,-100.375284
Huevo,Paquete C/18 Blanco,Bachoco,Huevo,Pacic,47.1,2025/12/31,Hipermercado Soriana,Supermercado / Tienda de Autoservicio,Soriana Hiper Sucursal Cimatario,Ctra. a Huimilpan 1001. Int. del Centro Comercial Plaza del Sol. Col. Plazas del Sol. Iii Sección. Cp. 76099,Querétaro,Santiago de Querétaro,20.563227,-100.375284
Huevo,Paquete C/18 Blanco,Bachoco,Huevo,Pacic,49.9,2025/12/17,Chedraui,Supermercado / Tienda de Autoservicio,Chedraui Sucursal Centro Sur,Blvd. Bernardo Quintana 502. Carr. con Direccion a Centro Civico. Col. Centro Sur. Cp. 76087,Querétaro,Santiago de Querétaro,20.569354,-100.358831
Huevo,Paquete C/18 Blanco,Bachoco,Huevo,Pacic,49.9,2025/12/18,Chedraui,Supermercado / Tienda de Autoservicio,Chedraui Sucursal Anfora,Anfora 71. Esq. Eje 1 Norte. Col. Madero. Cp. 15320,Ciudad de México,Venustiano Carranza,19.437353,-99.110088
Huevo,Paquete C/18 Blanco,Bachoco,Huevo,Pacic,49.9,2025/12/22,Chedraui,Supermercado / Tienda de Autoservicio,Chedraui Sucursal Centro Sur,Blvd. Bernardo Quintana 502. Carr. con Direccion a Centro Civico. Col. Centro Sur. Cp. 76087,Querétaro,Santiago de Querétaro,20.569354,-100.358831
Huevo,Paquete C/18 Blanco,Bachoco,Huevo,Pacic,58,2025/12/18,Bodega Aurrera,Supermercado / Tienda de Autoservicio,Bodega Aurrera Sucursal la Viga,Calz. de la Viga 136 Esq. del Taller. Col. Lorenzo Boturini. Cp. 15820,Ciudad de México,Venustiano Carranza,19.414749,-99.127874
Huevo,Paquete C/18 Blanco,Bachoco,Huevo,Pacic,58,2025/12/18,Wal-mart,Supermercado / Tienda de Autoservicio,Walmart Sucursal Aeropuerto,Calz. Ignacio Zaragoza 58. Esq. Blvd. Puerto Aereo. Col. Federal. Cp. 15700,Ciudad de México,Venustiano Carranza,19.41926,-99.094521
Huevo,Paquete C/18 Blanco,Bachoco,Huevo,Pacic,58,2025/12/18,Wal-mart,Supermercado / Tienda de Autoservicio,Walmart Sucursal Balbuena,Fray Servando Teresa de Mier 881. Entre Fernando Iglesia Calderon y Genaro Garcia. Col. Jardín Balbuena. Cp. 15900,Ciudad de México,Venustiano Carranza,19.418067,-99.105639
Huevo,Paquete C/18 Blanco,Bachoco,Huevo,Pacic,58,2025/12/19,Bodega Aurrera,Supermercado / Tienda de Autoservicio,Bodega Aurrera Sucursal Centro Constituyentes,Constituyentes Oriente 334. Entre Pasteur y Manuel Ponce. Col. MercuRío. Cp. 76040,Querétaro,Santiago de Querétaro,20.586349,-100.382801
Huevo,Paquete C/18 Blanco,Bachoco,Huevo,Pacic,58,2025/12/23,Bodega Aurrera,Supermercado / Tienda de Autoservicio,Bodega Aurrera Sucursal Centro Constituyentes,Constituyentes Oriente 334. Entre Pasteur y Manuel Ponce. Col. MercuRío. Cp. 76040,Querétaro,Santiago de Querétaro,20.586349,-100.382801
Huevo,Paquete C/18 Blanco,Bachoco,Huevo,Pacic,58,2025/12/23,Wal-mart,Supermercado / Tienda de Autoservicio,Walmart Sucursal Balbuena,Fray Servando Teresa de Mier 881. Entre Fernando Iglesia Calderon y Genaro Garcia. Col. Jardín Balbuena. Cp. 15900,Ciudad de México,Venustiano Carranza,19.418067,-99.105639
Huevo,Paquete C/18 Blanco,Bachoco,Huevo,Pacic,64,2025/12/17,Wal-mart,Supermercado / Tienda de Autoservicio,Walmart Sucursal Unidad Plaza de Toros,Autopista Querétaro Celaya 5501. Int. del Centro Comercial Plaza Esfera. Col. el Jacal. Cp. 76187,Querétaro,Santiago de Querétaro,20.574076,-100.408704
Huevo,Paquete C/18 Blanco,Bachoco,Huevo,Pacic,64,2025/12/23,Wal-mart,Supermercado / Tienda de Autoservicio,Walmart Sucursal Unidad Plaza de Toros,Autopista Querétaro Celaya 5501. Int. del Centro Comercial Plaza Esfera. Col. el Jacal. Cp. 76187,Querétaro,Santiago de Querétaro,20.574076,-100.408704
Huevo,Paquete C/18 Blanco,El Calvario,Huevo,Basicos,49.9,2025/12/18,Chedraui,Supermercado / Tienda de Autoservicio,Chedraui Sucursal Anfora,Anfora 71. Esq. Eje 1 Norte. Col. Madero. Cp. 15320,Ciudad de México,Venustiano Carranza,19.437353,-99.110088
Huevo,Paquete C/18 Blanco,El Calvario,Huevo,Basicos,51,2025/12/19,Superissste,Supermercado / Tienda de Autoservicio,Superissste Sucursal 011,Calle Peluqueros No. 310 Esquina Calle Tizayuca. Col. Michoacána. Cp. 15240,Ciudad de México,Venustiano Carranza,19.446139,-99.113372
Huevo,Paquete C/18 Blanco,El Calvario,Huevo,Basicos,51,2025/12/19,Superissste,Supermercado / Tienda de Autoservicio,Superissste Sucursal 022,Av. del Taller y Retorno No. 38 Dentro del Retorno 38. Col. Jardín Balbuena. Cp. 15900,Ciudad de México,Venustiano Carranza,19.412842,-99.105666
Huevo,Paquete C/18 Blanco,El Calvario,Huevo,Basicos,51,2025/12/26,Superissste,Supermercado / Tienda de Autoservicio,Superissste Sucursal 011,Calle Peluqueros No. 310 Esquina Calle Tizayuca. Col. Michoacána. Cp. 15240,Ciudad de México,Venustiano Carranza,19.446139,-99.113372
Huevo,Paquete C/18 Blanco,El Calvario,Huevo,Basicos,51,2025/12/26,Superissste,Supermercado / Tienda de Autoservicio,Superissste Sucursal 022,Av. del Taller y Retorno No. 38 Dentro del Retorno 38. Col. Jardín Balbuena. Cp. 15900,Ciudad de México,Venustiano Carranza,19.412842,-99.105666
Huevo,Paquete C/18 Blanco,El Calvario,Huevo,Basicos,55,2025/12/18,Bodega Aurrera,Supermercado / Tienda de Autoservicio,Bodega Aurrera Sucursal la Viga,Calz. de la Viga 136 Esq. del Taller. Col. Lorenzo Boturini. Cp. 15820,Ciudad de México,Venustiano Carranza,19.414749,-99.127874
Huevo,Paquete C/18 Blanco,El Calvario,Huevo,Basicos,55,2025/12/23,Bodega Aurrera,Supermercado / Tienda de Autoservicio,Bodega Aurrera Sucursal Centro Constituyentes,Constituyentes Oriente 334. Entre Pasteur y Manuel Ponce. Col. MercuRío. Cp. 76040,Querétaro,Santiago de Querétaro,20.586349,-100.382801
Huevo,Paquete C/18 Blanco,El Calvario,Huevo,Basicos,57,2025/12/18,Wal-mart,Supermercado / Tienda de Autoservicio,Walmart Sucursal Aeropuerto,Calz. Ignacio Zaragoza 58. Esq. Blvd. Puerto Aereo. Col. Federal. Cp. 15700,Ciudad de México,Venustiano Carranza,19.41926,-99.094521
Huevo,Paquete C/18 Blanco,El Calvario,Huevo,Basicos,57,2025/12/18,Wal-mart,Supermercado / Tienda de Autoservicio,Walmart Sucursal Balbuena,Fray Servando Teresa de Mier 881. Entre Fernando Iglesia Calderon y Genaro Garcia. Col. Jardín Balbuena. Cp. 15900,Ciudad de México,Venustiano Carranza,19.418067,-99.105639
Huevo,Paquete C/18 Blanco,El Calvario,Huevo,Basicos,57,2025/12/23,Wal-mart,Supermercado / Tienda de Autoservicio,Walmart Sucursal Unidad Plaza de Toros,Autopista Querétaro Celaya 5501. Int. del Centro Comercial Plaza Esfera. Col. el Jacal. Cp. 76187,Querétaro,Santiago de Querétaro,20.574076,-100.408704
Huevo,Paquete C/18 Blanco,El Calvario,Huevo,Basicos,59.9,2025/12/31,Hipermercado Soriana,Supermercado / Tienda de Autoservicio,Soriana Hiper Sucursal Cimatario,Ctra. a Huimilpan 1001. Int. del Centro Comercial Plaza del Sol. Col. Plazas del Sol. Iii Sección. Cp. 76099,Querétaro,Santiago de Querétaro,20.563227,-100.375284
Huevo,Paquete C/18 Blanco,El Calvario,Huevo,Basicos,60,2025/12/16,Wal-mart,Supermercado / Tienda de Autoservicio,Walmart Sucursal Unidad Plaza de Toros,Autopista Querétaro Celaya 5501. Int. del Centro Comercial Plaza Esfera. Col. el Jacal. Cp. 76187,Querétaro,Santiago de Querétaro,20.574076,-100.408704
Huevo,Paquete C/18 Blanco,El Calvario,Huevo,Pacic,49.9,2025/12/18,Chedraui,Supermercado / Tienda de Autoservicio,Chedraui Sucursal Anfora,Anfora 71. Esq. Eje 1 Norte. Col. Madero. Cp. 15320,Ciudad de México,Venustiano Carranza,19.437353,-99.110088
Huevo,Paquete C/18 Blanco,Guadalupe,Huevo,Pacic,67,2025/12/23,Wal-mart,Supermercado / Tienda de Autoservicio,Walmart Sucursal Balbuena,Fray Servando Teresa de Mier 881. Entre Fernando Iglesia Calderon y Genaro Garcia. Col. Jardín Balbuena. Cp. 15900,Ciudad de México,Venustiano Carranza,19.418067,-99.105639
Huevo,Paquete C/18 Blanco,Precíssimo,Huevo,Basicos,47.1,2025/12/31,Hipermercado Soriana,Supermercado / Tienda de Autoservicio,Soriana Hiper Sucursal Cimatario,Ctra. a Huimilpan 1001. Int. del Centro Comercial Plaza del Sol. Col. Plazas del Sol. Iii Sección. Cp. 76099,Querétaro,Santiago de Querétaro,20.563227,-100.375284
Huevo,Paquete C/18 Blanco,Precíssimo,Huevo,Basicos,59.9,2025/12/22,Hipermercado Soriana,Supermercado / Tienda de Autoservicio,Soriana Hiper Sucursal Cimatario,Ctra. a Huimilpan 1001. Int. del Centro Comercial Plaza del Sol. Col. Plazas del Sol. Iii Sección. Cp. 76099,Querétaro,Santiago de Querétaro,20.563227,-100.375284
Huevo,Paquete C/18 Blanco,Precíssimo,Huevo,Pacic,47.1,2025/12/31,Hipermercado Soriana,Supermercado / Tienda de Autoservicio,Soriana Hiper Sucursal Cimatario,Ctra. a Huimilpan 1001. Int. del Centro Comercial Plaza del Sol. Col. Plazas del Sol. Iii Sección. Cp. 76099,Querétaro,Santiago de Querétaro,20.563227,-100.375284
Huevo,Paquete C/18 Blanco,Precíssimo,Huevo,Pacic,59.9,2025/12/22,Hipermercado Soriana,Supermercado / Tienda de Autoservicio,Soriana Hiper Sucursal Cimatario,Ctra. a Huimilpan 1001. Int. del Centro Comercial Plaza del Sol. Col. Plazas del Sol. Iii Sección. Cp. 76099,Querétaro,Santiago de Querétaro,20.563227,-100.375284
Huevo,Paquete C/18 Blanco,San Juan,Huevo,Basicos,49.9,2025/12/17,Chedraui,Supermercado / Tienda de Autoservicio,Chedraui Sucursal Centro Sur,Blvd. Bernardo Quintana 502. Carr. con Direccion a Centro Civico. Col. Centro Sur. Cp. 76087,Querétaro,Santiago de Querétaro,20.569354,-100.358831
Huevo,Paquete C/18 Blanco,San Juan,Huevo,Basicos,49.9,2025/12/18,Chedraui,Supermercado / Tienda de Autoservicio,Chedraui Sucursal Anfora,Anfora 71. Esq. Eje 1 Norte. Col. Madero. Cp. 15320,Ciudad de México,Venustiano Carranza,19.437353,-99.110088
Huevo,Paquete C/18 Blanco,San Juan,Huevo,Basicos,49.9,2025/12/22,Chedraui,Supermercado / Tienda de Autoservicio,Chedraui Sucursal Centro Sur,Blvd. Bernardo Quintana 502. Carr. con Direccion a Centro Civico. Col. Centro Sur. Cp. 76087,Querétaro,Santiago de Querétaro,20.569354,-100.358831
Huevo,Paquete C/18 Blanco,San Juan,Huevo,Basicos,57,2025/12/19,Bodega Aurrera,Supermercado / Tienda de Autoservicio,Bodega Aurrera Sucursal Centro Constituyentes,Constituyentes Oriente 334. Entre Pasteur y Manuel Ponce. Col. MercuRío. Cp. 76040,Querétaro,Santiago de Querétaro,20.586349,-100.382801
Huevo,Paquete C/18 Blanco,San Juan,Huevo,Basicos,57,2025/12/23,Bodega Aurrera,Supermercado / Tienda de Autoservicio,Bodega Aurrera Sucursal Centro Constituyentes,Constituyentes Oriente 334. Entre Pasteur y Manuel Ponce. Col. MercuRío. Cp. 76040,Querétaro,Santiago de Querétaro,20.586349,-100.382801
Huevo,Paquete C/18 Blanco,San Juan,Huevo,Basicos,57.5,2025/12/19,Superissste,Supermercado / Tienda de Autoservicio,Superissste Sucursal 011,Calle Peluqueros No. 310 Esquina Calle Tizayuca. Col. Michoacána. Cp. 15240,Ciudad de México,Venustiano Carranza,19.446139,-99.113372
Huevo,Paquete C/18 Blanco,San Juan,Huevo,Basicos,57.5,2025/12/19,Superissste,Supermercado / Tienda de Autoservicio,Superissste Sucursal 022,Av. del Taller y Retorno No. 38 Dentro del Retorno 38. Col. Jardín Balbuena. Cp. 15900,Ciudad de México,Venustiano Carranza,19.412842,-99.105666
Huevo,Paquete C/18 Blanco,San Juan,Huevo,Basicos,57.5,2025/12/26,Superissste,Supermercado / Tienda de Autoservicio,Superissste Sucursal 011,Calle Peluqueros No. 310 Esquina Calle Tizayuca. Col. Michoacána. Cp. 15240,Ciudad de México,Venustiano Carranza,19.446139,-99.113372
Huevo,Paquete C/18 Blanco,San Juan,Huevo,Basicos,57.5,2025/12/26,Superissste,Supermercado / Tienda de Autoservicio,Superissste Sucursal 022,Av. del Taller y Retorno No. 38 Dentro del Retorno 38. Col. Jardín Balbuena. Cp. 15900,Ciudad de México,Venustiano Carranza,19.412842,-99.105666
Huevo,Paquete C/18 Blanco,San Juan,Huevo,Basicos,58,2025/12/16,Wal-mart,Supermercado / Tienda de Autoservicio,Walmart Sucursal Unidad Plaza de Toros,Autopista Querétaro Celaya 5501. Int. del Centro Comercial Plaza Esfera. Col. el Jacal. Cp. 76187,Querétaro,Santiago de Querétaro,20.574076,-100.408704
Huevo,Paquete C/18 Blanco,San Juan,Huevo,Basicos,58,2025/12/18,La Comer,Supermercado / Tienda de Autoservicio,Lacomer Sucursal Queretaro Estadio,Luis M. Vega y Monroy 1300. Esq.cimataRío . Col. CimataRío. Cp. 76090,Querétaro,Santiago de Querétaro,20.577804,-100.373626
Huevo,Paquete C/18 Blanco,San Juan,Huevo,Basicos,58,2025/12/18,Wal-mart,Supermercado / Tienda de Autoservicio,Walmart Sucursal Aeropuerto,Calz. Ignacio Zaragoza 58. Esq. Blvd. Puerto Aereo. Col. Federal. Cp. 15700,Ciudad de México,Venustiano Carranza,19.41926,-99.094521
Huevo,Paquete C/18 Blanco,San Juan,Huevo,Basicos,58,2025/12/18,Wal-mart,Supermercado / Tienda de Autoservicio,Walmart Sucursal Balbuena,Fray Servando Teresa de Mier 881. Entre Fernando Iglesia Calderon y Genaro Garcia. Col. Jardín Balbuena. Cp. 15900,Ciudad de México,Venustiano Carranza,19.418067,-99.105639
Huevo,Paquete C/18 Blanco,San Juan,Huevo,Basicos,58,2025/12/23,Wal-mart,Supermercado / Tienda de Autoservicio,Walmart Sucursal Unidad Plaza de Toros,Autopista Querétaro Celaya 5501. Int. del Centro Comercial Plaza Esfera. Col. el Jacal. Cp. 76187,Querétaro,Santiago de Querétaro,20.574076,-100.408704
Huevo,Paquete C/18 Blanco,San Juan,Huevo,Basicos,58,2025/12/24,La Comer,Supermercado / Tienda de Autoservicio,Lacomer Sucursal Queretaro Estadio,Luis M. Vega y Monroy 1300. Esq.cimataRío . Col. CimataRío. Cp. 76090,Querétaro,Santiago de Querétaro,20.577804,-100.373626
Huevo,Paquete C/18 Blanco,San Juan,Huevo,Basicos,58.9,2025/12/22,Hipermercado Soriana,Supermercado / Tienda de Autoservicio,Soriana Hiper Sucursal Cimatario,Ctra. a Huimilpan 1001. Int. del Centro Comercial Plaza del Sol. Col. Plazas del Sol. Iii Sección. Cp. 76099,Querétaro,Santiago de Querétaro,20.563227,-100.375284
Huevo,Paquete C/18 Blanco,San Juan,Huevo,Basicos,58.9,2025/12/31,Hipermercado Soriana,Supermercado / Tienda de Autoservicio,Soriana Hiper Sucursal Cimatario,Ctra. a Huimilpan 1001. Int. del Centro Comercial Plaza del Sol. Col. Plazas del Sol. Iii Sección. Cp. 76099,Querétaro,Santiago de Querétaro,20.563227,-100.375284
Huevo,Paquete C/18 Blanco,San Juan,Huevo,Pacic,49.9,2025/12/17,Chedraui,Supermercado / Tienda de Autoservicio,Chedraui Sucursal Centro Sur,Blvd. Bernardo Quintana 502. Carr. con Direccion a Centro Civico. Col. Centro Sur. Cp. 76087,Querétaro,Santiago de Querétaro,20.569354,-100.358831
Huevo,Paquete C/18 Blanco,San Juan,Huevo,Pacic,49.9,2025/12/18,Chedraui,Supermercado / Tienda de Autoservicio,Chedraui Sucursal Anfora,Anfora 71. Esq. Eje 1 Norte. Col. Madero. Cp. 15320,Ciudad de México,Venustiano Carranza,19.437353,-99.110088
Huevo,Paquete C/18 Blanco,San Juan,Huevo,Pacic,49.9,2025/12/22,Chedraui,Supermercado / Tienda de Autoservicio,Chedraui Sucursal Centro Sur,Blvd. Bernardo Quintana 502. Carr. con Direccion a Centro Civico. Col. Centro Sur. Cp. 76087,Querétaro,Santiago de Querétaro,20.569354,-100.358831
Huevo,Paquete C/18 Blanco,San Juan,Huevo,Pacic,57,2025/12/19,Bodega Aurrera,Supermercado / Tienda de Autoservicio,Bodega Aurrera Sucursal Centro Constituyentes,Constituyentes Oriente 334. Entre Pasteur y Manuel Ponce. Col. MercuRío. Cp. 76040,Querétaro,Santiago de Querétaro,20.586349,-100.382801
Huevo,Paquete C/18 Blanco,San Juan,Huevo,Pacic,57,2025/12/23,Bodega Aurrera,Supermercado / Tienda de Autoservicio,Bodega Aurrera Sucursal Centro Constituyentes,Constituyentes Oriente 334. Entre Pasteur y Manuel Ponce. Col. MercuRío. Cp. 76040,Querétaro,Santiago de Querétaro,20.586349,-100.382801
Huevo,Paquete C/18 Blanco,San Juan,Huevo,Pacic,58,2025/12/17,Wal-mart,Supermercado / Tienda de Autoservicio,Walmart Sucursal Unidad Plaza de Toros,Autopista Querétaro Celaya 5501. Int. del Centro Comercial Plaza Esfera. Col. el Jacal. Cp. 76187,Querétaro,Santiago de Querétaro,20.574076,-100.408704
Huevo,Paquete C/18 Blanco,San Juan,Huevo,Pacic,58,2025/12/18,Wal-mart,Supermercado / Tienda de Autoservicio,Walmart Sucursal Aeropuerto,Calz. Ignacio Zaragoza 58. Esq. Blvd. Puerto Aereo. Col. Federal. Cp. 15700,Ciudad de México,Venustiano Carranza,19.41926,-99.094521
Huevo,Paquete C/18 Blanco,San Juan,Huevo,Pacic,58,2025/12/18,Wal-mart,Supermercado / Tienda de Autoservicio,Walmart Sucursal Balbuena,Fray Servando Teresa de Mier 881. Entre Fernando Iglesia Calderon y Genaro Garcia. Col. Jardín Balbuena. Cp. 15900,Ciudad de México,Venustiano Carranza,19.418067,-99.105639
Huevo,Paquete C/18 Blanco,San Juan,Huevo,Pacic,58,2025/12/23,Wal-mart,Supermercado / Tienda de Autoservicio,Walmart Sucursal Balbuena,Fray Servando Teresa de Mier 881. Entre Fernando Iglesia Calderon y Genaro Garcia. Col. Jardín Balbuena. Cp. 15900,Ciudad de México,Venustiano Carranza,19.418067,-99.105639
Huevo,Paquete C/18 Blanco,San Juan,Huevo,Pacic,58,2025/12/23,Wal-mart,Supermercado / Tienda de Autoservicio,Walmart Sucursal Unidad Plaza de Toros,Autopista Querétaro Celaya 5501. Int. del Centro Comercial Plaza Esfera. Col. el Jacal. Cp. 76187,Querétaro,Santiago de Querétaro,20.574076,-100.408704
Huevo,Paquete C/18 Blanco,Tehuacán,Huevo,Basicos,60,2025/12/22,Chedraui,Supermercado / Tienda de Autoservicio,Chedraui Sucursal Centro Sur,Blvd. Bernardo Quintana 502. Carr. con Direccion a Centro Civico. Col. Centro Sur. Cp. 76087,Querétaro,Santiago de Querétaro,20.569354,-100.358831
Huevo,Paquete C/18 Blanco,Tehuacán,Huevo,Basicos,60,2025/12/23,Wal-mart,Supermercado / Tienda de Autoservicio,Walmart Sucursal Unidad Plaza de Toros,Autopista Querétaro Celaya 5501. Int. del Centro Comercial Plaza Esfera. Col. el Jacal. Cp. 76187,Querétaro,Santiago de Querétaro,20.574076,-100.408704
Huevo,Paquete C/18 Blanco,Tehuacán,Huevo,Basicos,64,2025/12/18,La Comer,Supermercado / Tienda de Autoservicio,Lacomer Sucursal Queretaro Estadio,Luis M. Vega y Monroy 1300. Esq.cimataRío . Col. CimataRío. Cp. 76090,Querétaro,Santiago de Querétaro,20.577804,-100.373626
Huevo,Paquete C/18 Rojo,Bachoco,Huevo,Basicos,64.9,2025/12/31,Hipermercado Soriana,Supermercado / Tienda de Autoservicio,Soriana Hiper Sucursal Cimatario,Ctra. a Huimilpan 1001. Int. del Centro Comercial Plaza del Sol. Col. Plazas del Sol. Iii Sección. Cp. 76099,Querétaro,Santiago de Querétaro,20.563227,-100.375284
Huevo,Paquete C/18 Rojo,Bachoco,Huevo,Basicos,66,2025/12/16,Wal-mart,Supermercado / Tienda de Autoservicio,Walmart Sucursal Unidad Plaza de Toros,Autopista Querétaro Celaya 5501. Int. del Centro Comercial Plaza Esfera. Col. el Jacal. Cp. 76187,Querétaro,Santiago de Querétaro,20.574076,-100.408704
Huevo,Paquete C/18 Rojo,Bachoco,Huevo,Basicos,66,2025/12/18,Bodega Aurrera,Supermercado / Tienda de Autoservicio,Bodega Aurrera Sucursal la Viga,Calz. de la Viga 136 Esq. del Taller. Col. Lorenzo Boturini. Cp. 15820,Ciudad de México,Venustiano Carranza,19.414749,-99.127874
Huevo,Paquete C/18 Rojo,Bachoco,Huevo,Basicos,66,2025/12/18,Chedraui,Supermercado / Tienda de Autoservicio,Chedraui Sucursal Anfora,Anfora 71. Esq. Eje 1 Norte. Col. Madero. Cp. 15320,Ciudad de México,Venustiano Carranza,19.437353,-99.110088
Huevo,Paquete C/18 Rojo,Bachoco,Huevo,Basicos,66,2025/12/18,La Comer,Supermercado / Tienda de Autoservicio,Lacomer Sucursal Queretaro Estadio,Luis M. Vega y Monroy 1300. Esq.cimataRío . Col. CimataRío. Cp. 76090,Querétaro,Santiago de Querétaro,20.577804,-100.373626
Huevo,Paquete C/18 Rojo,Bachoco,Huevo,Basicos,66,2025/12/18,Wal-mart,Supermercado / Tienda de Autoservicio,Walmart Sucursal Balbuena,Fray Servando Teresa de Mier 881. Entre Fernando Iglesia Calderon y Genaro Garcia. Col. Jardín Balbuena. Cp. 15900,Ciudad de México,Venustiano Carranza,19.418067,-99.105639
Huevo,Paquete C/18 Rojo,Bachoco,Huevo,Basicos,66,2025/12/19,Bodega Aurrera,Supermercado / Tienda de Autoservicio,Bodega Aurrera Sucursal Centro Constituyentes,Constituyentes Oriente 334. Entre Pasteur y Manuel Ponce. Col. MercuRío. Cp. 76040,Querétaro,Santiago de Querétaro,20.586349,-100.382801
Huevo,Paquete C/18 Rojo,Bachoco,Huevo,Basicos,66,2025/12/23,Wal-mart,Supermercado / Tienda de Autoservicio,Walmart Sucursal Unidad Plaza de Toros,Autopista Querétaro Celaya 5501. Int. del Centro Comercial Plaza Esfera. Col. el Jacal. Cp. 76187,Querétaro,Santiago de Querétaro,20.574076,-100.408704
Huevo,Paquete C/18 Rojo,Bachoco,Huevo,Basicos,66,2025/12/24,La Comer,Supermercado / Tienda de Autoservicio,Lacomer Sucursal Queretaro Estadio,Luis M. Vega y Monroy 1300. Esq.cimataRío . Col. CimataRío. Cp. 76090,Querétaro,Santiago de Querétaro,20.577804,-100.373626
Huevo,Paquete C/18 Rojo,Bachoco,Huevo,Basicos,73.5,2025/12/17,Chedraui,Supermercado / Tienda de Autoservicio,Chedraui Sucursal Centro Sur,Blvd. Bernardo Quintana 502. Carr. con Direccion a Centro Civico. Col. Centro Sur. Cp. 76087,Querétaro,Santiago de Querétaro,20.569354,-100.358831
Huevo,Paquete C/30 Blanco,El Calvario,Huevo,Basicos,85,2025/12/19,Bodega Aurrera,Supermercado / Tienda de Autoservicio,Bodega Aurrera Sucursal Centro Constituyentes,Constituyentes Oriente 334. Entre Pasteur y Manuel Ponce. Col. MercuRío. Cp. 76040,Querétaro,Santiago de Querétaro,20.586349,-100.382801
Huevo,Paquete C/30 Blanco,El Calvario,Huevo,Basicos,85,2025/12/23,Bodega Aurrera,Supermercado / Tienda de Autoservicio,Bodega Aurrera Sucursal Centro Constituyentes,Constituyentes Oriente 334. Entre Pasteur y Manuel Ponce. Col. MercuRío. Cp. 76040,Querétaro,Santiago de Querétaro,20.586349,-100.382801
Huevo,Paquete C/30 Blanco,El Calvario,Huevo,Basicos,87,2025/12/18,Wal-mart,Supermercado / Tienda de Autoservicio,Walmart Sucursal Aeropuerto,Calz. Ignacio Zaragoza 58. Esq. Blvd. Puerto Aereo. Col. Federal. Cp. 15700,Ciudad de México,Venustiano Carranza,19.41926,-99.094521
Huevo,Paquete C/30 Blanco,El Calvario,Huevo,Basicos,88,2025/12/19,Superissste,Supermercado / Tienda de Autoservicio,Superissste Sucursal 011,Calle Peluqueros No. 310 Esquina Calle Tizayuca. Col. Michoacána. Cp. 15240,Ciudad de México,Venustiano Carranza,19.446139,-99.113372
Huevo,Paquete C/30 Blanco,El Calvario,Huevo,Basicos,88,2025/12/19,Superissste,Supermercado / Tienda de Autoservicio,Superissste Sucursal 022,Av. del Taller y Retorno No. 38 Dentro del Retorno 38. Col. Jardín Balbuena. Cp. 15900,Ciudad de México,Venustiano Carranza,19.412842,-99.105666
Huevo,Paquete C/30 Blanco,El Calvario,Huevo,Basicos,88,2025/12/26,Superissste,Supermercado / Tienda de Autoservicio,Superissste Sucursal 011,Calle Peluqueros No. 310 Esquina Calle Tizayuca. Col. Michoacána. Cp. 15240,Ciudad de México,Venustiano Carranza,19.446139,-99.113372
Huevo,Paquete C/30 Blanco,El Calvario,Huevo,Basicos,88,2025/12/26,Superissste,Supermercado / Tienda de Autoservicio,Superissste Sucursal 022,Av. del Taller y Retorno No. 38 Dentro del Retorno 38. Col. Jardín Balbuena. Cp. 15900,Ciudad de México,Venustiano Carranza,19.412842,-99.105666
Huevo,Paquete C/30 Blanco,El Calvario,Huevo,Basicos,92.9,2025/12/31,Hipermercado Soriana,Supermercado / Tienda de Autoservicio,Soriana Hiper Sucursal Cimatario,Ctra. a Huimilpan 1001. Int. del Centro Comercial Plaza del Sol. Col. Plazas del Sol. Iii Sección. Cp. 76099,Querétaro,Santiago de Querétaro,20.563227,-100.375284
Huevo,Paquete C/30 Blanco,San Juan,Huevo,Basicos,87,2025/12/18,Bodega Aurrera,Supermercado / Tienda de Autoservicio,Bodega Aurrera Sucursal la Viga,Calz. de la Viga 136 Esq. del Taller. Col. Lorenzo Boturini. Cp. 15820,Ciudad de México,Venustiano Carranza,19.414749,-99.127874
Huevo,Paquete C/30 Blanco,San Juan,Huevo,Basicos,87,2025/12/23,Bodega Aurrera,Supermercado / Tienda de Autoservicio,Bodega Aurrera Sucursal Centro Constituyentes,Constituyentes Oriente 334. Entre Pasteur y Manuel Ponce. Col. MercuRío. Cp. 76040,Querétaro,Santiago de Querétaro,20.586349,-100.382801
Huevo,Paquete C/30 Blanco,San Juan,Huevo,Basicos,88,2025/12/19,Bodega Aurrera,Supermercado / Tienda de Autoservicio,Bodega Aurrera Sucursal Centro Constituyentes,Constituyentes Oriente 334. Entre Pasteur y Manuel Ponce. Col. MercuRío. Cp. 76040,Querétaro,Santiago de Querétaro,20.586349,-100.382801
Huevo,Paquete C/30 Blanco,San Juan,Huevo,Basicos,89,2025/12/16,Wal-mart,Supermercado / Tienda de Autoservicio,Walmart Sucursal Unidad Plaza de Toros,Autopista Querétaro Celaya 5501. Int. del Centro Comercial Plaza Esfera. Col. el Jacal. Cp. 76187,Querétaro,Santiago de Querétaro,20.574076,-100.408704
Huevo,Paquete C/30 Blanco,San Juan,Huevo,Basicos,89,2025/12/17,Chedraui,Supermercado / Tienda de Autoservicio,Chedraui Sucursal Centro Sur,Blvd. Bernardo Quintana 502. Carr. con Direccion a Centro Civico. Col. Centro Sur. Cp. 76087,Querétaro,Santiago de Querétaro,20.569354,-100.358831
Huevo,Paquete C/30 Blanco,San Juan,Huevo,Basicos,89,2025/12/18,Wal-mart,Supermercado / Tienda de Autoservicio,Walmart Sucursal Balbuena,Fray Servando Teresa de Mier 881. Entre Fernando Iglesia Calderon y Genaro Garcia. Col. Jardín Balbuena. Cp. 15900,Ciudad de México,Venustiano Carranza,19.418067,-99.105639
Huevo,Paquete C/30 Blanco,San Juan,Huevo,Basicos,89,2025/12/23,Wal-mart,Supermercado / Tienda de Autoservicio,Walmart Sucursal Unidad Plaza de Toros,Autopista Querétaro Celaya 5501. Int. del Centro Comercial Plaza Esfera. Col. el Jacal. Cp. 76187,Querétaro,Santiago de Querétaro,20.574076,-100.408704
Huevo,Paquete C/30 Blanco,San Juan,Huevo,Basicos,89.5,2025/12/24,La Comer,Supermercado / Tienda de Autoservicio,Lacomer Sucursal Queretaro Estadio,Luis M. Vega y Monroy 1300. Esq.cimataRío . Col. CimataRío. Cp. 76090,Querétaro,Santiago de Querétaro,20.577804,-100.373626
Huevo,Paquete C/30 Blanco,San Juan,Huevo,Basicos,91,2025/12/19,Superissste,Supermercado / Tienda de Autoservicio,Superissste Sucursal 011,Calle Peluqueros No. 310 Esquina Calle Tizayuca. Col. Michoacána. Cp. 15240,Ciudad de México,Venustiano Carranza,19.446139,-99.113372
Huevo,Paquete C/30 Blanco,San Juan,Huevo,Basicos,91,2025/12/19,Superissste,Supermercado / Tienda de Autoservicio,Superissste Sucursal 022,Av. del Taller y Retorno No. 38 Dentro del Retorno 38. Col. Jardín Balbuena. Cp. 15900,Ciudad de México,Venustiano Carranza,19.412842,-99.105666
Huevo,Paquete C/30 Blanco,San Juan,Huevo,Basicos,91,2025/12/26,Superissste,Supermercado / Tienda de Autoservicio,Superissste Sucursal 011,Calle Peluqueros No. 310 Esquina Calle Tizayuca. Col. Michoacána. Cp. 15240,Ciudad de México,Venustiano Carranza,19.446139,-99.113372
Huevo,Paquete C/30 Blanco,San Juan,Huevo,Basicos,91,2025/12/26,Superissste,Supermercado / Tienda de Autoservicio,Superissste Sucursal 022,Av. del Taller y Retorno No. 38 Dentro del Retorno 38. Col. Jardín Balbuena. Cp. 15900,Ciudad de México,Venustiano Carranza,19.412842,-99.105666
Huevo,Paquete C/30 Blanco,San Juan,Huevo,Basicos,91.9,2025/12/22,Hipermercado Soriana,Supermercado / Tienda de Autoservicio,Soriana Hiper Sucursal Cimatario,Ctra. a Huimilpan 1001. Int. del Centro Comercial Plaza del Sol. Col. Plazas del Sol. Iii Sección. Cp. 76099,Querétaro,Santiago de Querétaro,20.563227,-100.375284
Huevo,Paquete C/30 Blanco,San Juan,Huevo,Basicos,91.9,2025/12/31,Hipermercado Soriana,Supermercado / Tienda de Autoservicio,Soriana Hiper Sucursal Cimatario,Ctra. a Huimilpan 1001. Int. del Centro Comercial Plaza del Sol. Col. Plazas del Sol. Iii Sección. Cp. 76099,Querétaro,Santiago de Querétaro,20.563227,-100.375284
Huevo,Paquete C/30 Blanco,San Juan,Huevo,Basicos,93.5,2025/12/18,La Comer,Supermercado / Tienda de Autoservicio,Lacomer Sucursal Queretaro Estadio,Luis M. Vega y Monroy 1300. Esq.cimataRío . Col. CimataRío. Cp. 76090,Querétaro,Santiago de Querétaro,20.577804,-100.373626
Huevo,Paquete C/30 Blanco,Tehuacán,Huevo,Basicos,91,2025/12/18,Bodega Aurrera,Supermercado / Tienda de Autoservicio,Bodega Aurrera Sucursal la Viga,Calz. de la Viga 136 Esq. del Taller. Col. Lorenzo Boturini. Cp. 15820,Ciudad de México,Venustiano Carranza,19.414749,-99.127874
Huevo,Paquete C/30 Blanco,Tehuacán,Huevo,Basicos,91,2025/12/19,Bodega Aurrera,Supermercado / Tienda de Autoservicio,Bodega Aurrera Sucursal Centro Constituyentes,Constituyentes Oriente 334. Entre Pasteur y Manuel Ponce. Col. MercuRío. Cp. 76040,Querétaro,Santiago de Querétaro,20.586349,-100.382801
Huevo,Paquete C/30 Blanco,Tehuacán,Huevo,Basicos,91,2025/12/23,Bodega Aurrera,Supermercado / Tienda de Autoservicio,Bodega Aurrera Sucursal Centro Constituyentes,Constituyentes Oriente 334. Entre Pasteur y Manuel Ponce. Col. MercuRío. Cp. 76040,Querétaro,Santiago de Querétaro,20.586349,-100.382801
Huevo,Paquete C/30 Blanco,Tehuacán,Huevo,Basicos,94.9,2025/12/16,Wal-mart,Supermercado / Tienda de Autoservicio,Walmart Sucursal Unidad Plaza de Toros,Autopista Querétaro Celaya 5501. Int. del Centro Comercial Plaza Esfera. Col. el Jacal. Cp. 76187,Querétaro,Santiago de Querétaro,20.574076,-100.408704
Humulin N. Insulina Humana,Frasco Ámpula 10 Ml. Suspensión 100 Ui /ml. Inyectable,S/M,Medicamentos,Medicamentos,682,2025/12/16,Farmacias del Ahorro,Farmacias,Farmacias del Ahorro Sucursal Queretaro,Constituyentes Pte. 46. Entre Fernando de Tapia y Melchor Ocampo. Col. Centro. Cp. 76000,Querétaro,Santiago de Querétaro,20.584013,-100.394346
Insecticida Aerosol,Bote 285 Gr. (sin Promoción) o Bote 342 Gr. (con Promoción),H-24. Poder Fulminante. Ultra Eficaz,Detergentes y Productos Similares,Basicos,75,2025/12/19,Superissste,Supermercado / Tienda de Autoservicio,Superissste Sucursal 011,Calle Peluqueros No. 310 Esquina Calle Tizayuca. Col. Michoacána. Cp. 15240,Ciudad de México,Venustiano Carranza,19.446139,-99.113372
Itraconazol,Caja o Frasco con 15 Cápsulas de 100 Mg.,S/M,Medicamentos,Medicamentos,121,2025/12/24,Sanborn S Hnos.,Farmacias,Sanborns Sucursal los Arquitos,Constituyentes Oriente 172. Esq. de los Arquitos. Col. los Arquitos. Cp. 76050,Querétaro,Santiago de Querétaro,20.588117,-100.36869
Jabón de Pasta,Barra 200 Gr. (blanco),Zote,Detergentes y Productos Similares,Basicos,12.5,2025/12/19,Superissste,Supermercado / Tienda de Autoservicio,Superissste Sucursal 011,Calle Peluqueros No. 310 Esquina Calle Tizayuca. Col. Michoacána. Cp. 15240,Ciudad de México,Venustiano Carranza,19.446139,-99.113372
Jabón de Pasta,Barra 200 Gr. (blanco),Zote,Detergentes y Productos Similares,Basicos,12.5,2025/12/19,Superissste,Supermercado / Tienda de Autoservicio,Superissste Sucursal 022,Av. del Taller y Retorno No. 38 Dentro del Retorno 38. Col. Jardín Balbuena. Cp. 15900,Ciudad de México,Venustiano Carranza,19.412842,-99.105666
Jabón de Pasta,Barra 200 Gr. (blanco),Zote,Detergentes y Productos Similares,Basicos,12.5,2025/12/26,Superissste,Supermercado / Tienda de Autoservicio,Superissste Sucursal 011,Calle Peluqueros No. 310 Esquina Calle Tizayuca. Col. Michoacána. Cp. 15240,Ciudad de México,Venustiano Carranza,19.446139,-99.113372
Jabón de Pasta,Barra 200 Gr. (blanco),Zote,Detergentes y Productos Similares,Basicos,12.5,2025/12/26,Superissste,Supermercado / Tienda de Autoservicio,Superissste Sucursal 022,Av. del Taller y Retorno No. 38 Dentro del Retorno 38. Col. Jardín Balbuena. Cp. 15900,Ciudad de México,Venustiano Carranza,19.412842,-99.105666
Jabón de Pasta,Barra 400 Gr. con Envoltura,Roma,Detergentes y Productos Similares,Basicos,23.5,2025/12/19,Superissste,Supermercado / Tienda de Autoservicio,Superissste Sucursal 011,Calle Peluqueros No. 310 Esquina Calle Tizayuca. Col. Michoacána. Cp. 15240,Ciudad de México,Venustiano Carranza,19.446139,-99.113372
Jabón de Pasta,Barra 400 Gr. con Envoltura,Roma,Detergentes y Productos Similares,Basicos,23.5,2025/12/19,Superissste,Supermercado / Tienda de Autoservicio,Superissste Sucursal 022,Av. del Taller y Retorno No. 38 Dentro del Retorno 38. Col. Jardín Balbuena. Cp. 15900,Ciudad de México,Venustiano Carranza,19.412842,-99.105666
Jabón de Pasta,Barra 400 Gr. con Envoltura,Roma,Detergentes y Productos Similares,Basicos,23.5,2025/12/26,Superissste,Supermercado / Tienda de Autoservicio,Superissste Sucursal 011,Calle Peluqueros No. 310 Esquina Calle Tizayuca. Col. Michoacána. Cp. 15240,Ciudad de México,Venustiano Carranza,19.446139,-99.113372
Jabón de Pasta,Barra 400 Gr. con Envoltura,Roma,Detergentes y Productos Similares,Basicos,23.5,2025/12/26,Superissste,Supermercado / Tienda de Autoservicio,Superissste Sucursal 022,Av. del Taller y Retorno No. 38 Dentro del Retorno 38. Col. Jardín Balbuena. Cp. 15900,Ciudad de México,Venustiano Carranza,19.412842,-99.105666
Jabón de Pasta,Barra 400 Gr. con Envoltura. (amarillo),Tepeyac,Detergentes y Productos Similares,Basicos,23.9,2025/12/19,Superissste,Supermercado / Tienda de Autoservicio,Superissste Sucursal 011,Calle Peluqueros No. 310 Esquina Calle Tizayuca. Col. Michoacána. Cp. 15240,Ciudad de México,Venustiano Carranza,19.446139,-99.113372
Jabón de Pasta,Barra 400 Gr. con Envoltura. (amarillo),Tepeyac,Detergentes y Productos Similares,Basicos,23.9,2025/12/19,Superissste,Supermercado / Tienda de Autoservicio,Superissste Sucursal 022,Av. del Taller y Retorno No. 38 Dentro del Retorno 38. Col. Jardín Balbuena. Cp. 15900,Ciudad de México,Venustiano Carranza,19.412842,-99.105666
Jabón de Pasta,Barra 400 Gr. con Envoltura. (amarillo),Tepeyac,Detergentes y Productos Similares,Basicos,23.9,2025/12/26,Superissste,Supermercado / Tienda de Autoservicio,Superissste Sucursal 011,Calle Peluqueros No. 310 Esquina Calle Tizayuca. Col. Michoacána. Cp. 15240,Ciudad de México,Venustiano Carranza,19.446139,-99.113372
Jabón de Pasta,Barra 400 Gr. con Envoltura. (amarillo),Tepeyac,Detergentes y Productos Similares,Basicos,23.9,2025/12/26,Superissste,Supermercado / Tienda de Autoservicio,Superissste Sucursal 022,Av. del Taller y Retorno No. 38 Dentro del Retorno 38. Col. Jardín Balbuena. Cp. 15900,Ciudad de México,Venustiano Carranza,19.412842,-99.105666
Jabón de Pasta,Barra 400 Gr. con Envoltura. Frescura Agradable,Carisma,Detergentes y Productos Similares,Basicos,24,2025/12/19,Superissste,Supermercado / Tienda de Autoservicio,Superissste Sucursal 011,Calle Peluqueros No. 310 Esquina Calle Tizayuca. Col. Michoacána. Cp. 15240,Ciudad de México,Venustiano Carranza,19.446139,-99.113372
Jabón de Pasta,Barra 400 Gr. con Envoltura. Frescura Agradable,Carisma,Detergentes y Productos Similares,Basicos,24,2025/12/19,Superissste,Supermercado / Tienda de Autoservicio,Superissste Sucursal 022,Av. del Taller y Retorno No. 38 Dentro del Retorno 38. Col. Jardín Balbuena. Cp. 15900,Ciudad de México,Venustiano Carranza,19.412842,-99.105666
Jabón de Pasta,Barra 400 Gr. con Envoltura. Frescura Agradable,Carisma,Detergentes y Productos Similares,Basicos,24,2025/12/26,Superissste,Supermercado / Tienda de Autoservicio,Superissste Sucursal 011,Calle Peluqueros No. 310 Esquina Calle Tizayuca. Col. Michoacána. Cp. 15240,Ciudad de México,Venustiano Carranza,19.446139,-99.113372
Jabón de Pasta,Barra 400 Gr. con Envoltura. Frescura Agradable,Carisma,Detergentes y Productos Similares,Basicos,24,2025/12/26,Superissste,Supermercado / Tienda de Autoservicio,Superissste Sucursal 022,Av. del Taller y Retorno No. 38 Dentro del Retorno 38. Col. Jardín Balbuena. Cp. 15900,Ciudad de México,Venustiano Carranza,19.412842,-99.105666
Jabón de Pasta,Barra 400 Gr. con Envoltura. Lavanderia,Lirio,Detergentes y Productos Similares,Basicos,23,2025/12/19,Superissste,Supermercado / Tienda de Autoservicio,Superissste Sucursal 011,Calle Peluqueros No. 310 Esquina Calle Tizayuca. Col. Michoacána. Cp. 15240,Ciudad de México,Venustiano Carranza,19.446139,-99.113372
Jabón de Pasta,Barra 400 Gr. con Envoltura. Lavanderia,Lirio,Detergentes y Productos Similares,Basicos,23,2025/12/19,Superissste,Supermercado / Tienda de Autoservicio,Superissste Sucursal 022,Av. del Taller y Retorno No. 38 Dentro del Retorno 38. Col. Jardín Balbuena. Cp. 15900,Ciudad de México,Venustiano Carranza,19.412842,-99.105666
Jabón de Pasta,Barra 400 Gr. con Envoltura. Lavanderia,Lirio,Detergentes y Productos Similares,Basicos,23,2025/12/26,Superissste,Supermercado / Tienda de Autoservicio,Superissste Sucursal 011,Calle Peluqueros No. 310 Esquina Calle Tizayuca. Col. Michoacána. Cp. 15240,Ciudad de México,Venustiano Carranza,19.446139,-99.113372
Jabón de Pasta,Barra 400 Gr. con Envoltura. Lavanderia,Lirio,Detergentes y Productos Similares,Basicos,23,2025/12/26,Superissste,Supermercado / Tienda de Autoservicio,Superissste Sucursal 022,Av. del Taller y Retorno No. 38 Dentro del Retorno 38. Col. Jardín Balbuena. Cp. 15900,Ciudad de México,Venustiano Carranza,19.412842,-99.105666
Jabón de Tocador,Barra 120 Gr. Dermolimpiador,Palmolive. Neutro Balance,Arts. para el Cuidado Personal,Basicos,30.95,2025/12/18,La Comer,Supermercado / Tienda de Autoservicio,Lacomer Sucursal Queretaro Estadio,Luis M. Vega y Monroy 1300. Esq.cimataRío . Col. CimataRío. Cp. 76090,Querétaro,Santiago de Querétaro,20.577804,-100.373626
Jabón de Tocador,Barra 120 Gr. Dermolimpiador,Palmolive. Neutro Balance,Arts. para el Cuidado Personal,Basicos,32.5,2025/12/22,Hipermercado Soriana,Supermercado / Tienda de Autoservicio,Soriana Hiper Sucursal Cimatario,Ctra. a Huimilpan 1001. Int. del Centro Comercial Plaza del Sol. Col. Plazas del Sol. Iii Sección. Cp. 76099,Querétaro,Santiago de Querétaro,20.563227,-100.375284
Jabón de Tocador,Barra 120 Gr. Sensación Humectante. Oliva y Aloe,Palmolive. Naturals,Arts. para el Cuidado Personal,Basicos,19,2025/12/18,Bodega Aurrera,Supermercado / Tienda de Autoservicio,Bodega Aurrera Sucursal la Viga,Calz. de la Viga 136 Esq. del Taller. Col. Lorenzo Boturini. Cp. 15820,Ciudad de México,Venustiano Carranza,19.414749,-99.127874
Jabón de Tocador,Barra 120 Gr. Sensación Humectante. Oliva y Aloe,Palmolive. Naturals,Arts. para el Cuidado Personal,Basicos,22,2025/12/22,Chedraui,Supermercado / Tienda de Autoservicio,Chedraui Sucursal Centro Sur,Blvd. Bernardo Quintana 502. Carr. con Direccion a Centro Civico. Col. Centro Sur. Cp. 76087,Querétaro,Santiago de Querétaro,20.569354,-100.358831
Jabón de Tocador,Barra 135 Gr. Aqua,Zest,Arts. para el Cuidado Personal,Basicos,16.9,2025/12/26,Superissste,Supermercado / Tienda de Autoservicio,Superissste Sucursal 022,Av. del Taller y Retorno No. 38 Dentro del Retorno 38. Col. Jardín Balbuena. Cp. 15900,Ciudad de México,Venustiano Carranza,19.412842,-99.105666
Jabón de Tocador,Caja C/barra 200 Gr. Neutro,Grisi,Arts. para el Cuidado Personal,Basicos,33.9,2025/12/22,Hipermercado Soriana,Supermercado / Tienda de Autoservicio,Soriana Hiper Sucursal Cimatario,Ctra. a Huimilpan 1001. Int. del Centro Comercial Plaza del Sol. Col. Plazas del Sol. Iii Sección. Cp. 76099,Querétaro,Santiago de Querétaro,20.563227,-100.375284
Jamaica,1 Kg. Granel,S/M,Productos de Temporada (navideños),Frutas y Legumbres,289.9,2025/12/22,Hipermercado Soriana,Supermercado / Tienda de Autoservicio,Soriana Hiper Sucursal Cimatario,Ctra. a Huimilpan 1001. Int. del Centro Comercial Plaza del Sol. Col. Plazas del Sol. Iii Sección. Cp. 76099,Querétaro,Santiago de Querétaro,20.563227,-100.375284
Janumet,Caja con 56 Comprimidos de 50 Mg./500 Mg.,S/M,Medicamentos,Medicamentos,2000,2025/12/16,Farmacias del Ahorro,Farmacias,Farmacias del Ahorro Sucursal Queretaro,Constituyentes Pte. 46. Entre Fernando de Tapia y Melchor Ocampo. Col. Centro. Cp. 76000,Querétaro,Santiago de Querétaro,20.584013,-100.394346
Jitomate,1 Kg. Granel. Bola/sinaloa o Tomate Bola,S/M,Hortalizas Frescas,Frutas y Legumbres,21.9,2025/12/31,Hipermercado Soriana,Supermercado / Tienda de Autoservicio,Soriana Hiper Sucursal Cimatario,Ctra. a Huimilpan 1001. Int. del Centro Comercial Plaza del Sol. Col. Plazas del Sol. Iii Sección. Cp. 76099,Querétaro,Santiago de Querétaro,20.563227,-100.375284
Jitomate,1 Kg. Granel. Bola/sinaloa o Tomate Bola,S/M,Hortalizas Frescas,Frutas y Legumbres,23,2025/12/23,Bodega Aurrera,Supermercado / Tienda de Autoservicio,Bodega Aurrera Sucursal Centro Constituyentes,Constituyentes Oriente 334. Entre Pasteur y Manuel Ponce. Col. MercuRío. Cp. 76040,Querétaro,Santiago de Querétaro,20.586349,-100.382801
Jitomate,1 Kg. Granel. Bola/sinaloa o Tomate Bola,S/M,Hortalizas Frescas,Frutas y Legumbres,27.9,2025/12/22,Hipermercado Soriana,Supermercado / Tienda de Autoservicio,Soriana Hiper Sucursal Cimatario,Ctra. a Huimilpan 1001. Int. del Centro Comercial Plaza del Sol. Col. Plazas del Sol. Iii Sección. Cp. 76099,Querétaro,Santiago de Querétaro,20.563227,-100.375284
Jitomate,1 Kg. Granel. Bola/sinaloa o Tomate Bola,S/M,Hortalizas Frescas,Frutas y Legumbres,29.5,2025/12/18,Chedraui,Supermercado / Tienda de Autoservicio,Chedraui Sucursal Anfora,Anfora 71. Esq. Eje 1 Norte. Col. Madero. Cp. 15320,Ciudad de México,Venustiano Carranza,19.437353,-99.110088
Jitomate,1 Kg. Granel. Bola/sinaloa o Tomate Bola,S/M,Hortalizas Frescas,Frutas y Legumbres,29.9,2025/12/22,Chedraui,Supermercado / Tienda de Autoservicio,Chedraui Sucursal Centro Sur,Blvd. Bernardo Quintana 502. Carr. con Direccion a Centro Civico. Col. Centro Sur. Cp. 76087,Querétaro,Santiago de Querétaro,20.569354,-100.358831
Jitomate,1 Kg. Granel. Bola/sinaloa o Tomate Bola,S/M,Hortalizas Frescas,Frutas y Legumbres,39.9,2025/12/18,La Comer,Supermercado / Tienda de Autoservicio,Lacomer Sucursal Queretaro Estadio,Luis M. Vega y Monroy 1300. Esq.cimataRío . Col. CimataRío. Cp. 76090,Querétaro,Santiago de Querétaro,20.577804,-100.373626
Jitomate,1 Kg. Granel. Bola/sinaloa o Tomate Bola,S/M,Hortalizas Frescas,Frutas y Legumbres,39.9,2025/12/24,La Comer,Supermercado / Tienda de Autoservicio,Lacomer Sucursal Queretaro Estadio,Luis M. Vega y Monroy 1300. Esq.cimataRío . Col. CimataRío. Cp. 76090,Querétaro,Santiago de Querétaro,20.577804,-100.373626
Jitomate,1 Kg. Granel. Bola/sinaloa o Tomate Bola,S/M,Hortalizas Frescas,Pacic,21.9,2025/12/31,Hipermercado Soriana,Supermercado / Tienda de Autoservicio,Soriana Hiper Sucursal Cimatario,Ctra. a Huimilpan 1001. Int. del Centro Comercial Plaza del Sol. Col. Plazas del Sol. Iii Sección. Cp. 76099,Querétaro,Santiago de Querétaro,20.563227,-100.375284
Jitomate,1 Kg. Granel. Bola/sinaloa o Tomate Bola,S/M,Hortalizas Frescas,Pacic,23,2025/12/23,Bodega Aurrera,Supermercado / Tienda de Autoservicio,Bodega Aurrera Sucursal Centro Constituyentes,Constituyentes Oriente 334. Entre Pasteur y Manuel Ponce. Col. MercuRío. Cp. 76040,Querétaro,Santiago de Querétaro,20.586349,-100.382801
Jitomate,1 Kg. Granel. Bola/sinaloa o Tomate Bola,S/M,Hortalizas Frescas,Pacic,27.9,2025/12/22,Hipermercado Soriana,Supermercado / Tienda de Autoservicio,Soriana Hiper Sucursal Cimatario,Ctra. a Huimilpan 1001. Int. del Centro Comercial Plaza del Sol. Col. Plazas del Sol. Iii Sección. Cp. 76099,Querétaro,Santiago de Querétaro,20.563227,-100.375284
Jitomate,1 Kg. Granel. Saladette/huaje o Tomate Saladette/huaje,S/M,Hortalizas Frescas,Frutas y Legumbres,12.5,2025/12/17,Chedraui,Supermercado / Tienda de Autoservicio,Chedraui Sucursal Centro Sur,Blvd. Bernardo Quintana 502. Carr. con Direccion a Centro Civico. Col. Centro Sur. Cp. 76087,Querétaro,Santiago de Querétaro,20.569354,-100.358831
Jitomate,1 Kg. Granel. Saladette/huaje o Tomate Saladette/huaje,S/M,Hortalizas Frescas,Frutas y Legumbres,19.9,2025/12/18,Chedraui,Supermercado / Tienda de Autoservicio,Chedraui Sucursal Anfora,Anfora 71. Esq. Eje 1 Norte. Col. Madero. Cp. 15320,Ciudad de México,Venustiano Carranza,19.437353,-99.110088
Jitomate,1 Kg. Granel. Saladette/huaje o Tomate Saladette/huaje,S/M,Hortalizas Frescas,Frutas y Legumbres,19.9,2025/12/19,Superissste,Supermercado / Tienda de Autoservicio,Superissste Sucursal 011,Calle Peluqueros No. 310 Esquina Calle Tizayuca. Col. Michoacána. Cp. 15240,Ciudad de México,Venustiano Carranza,19.446139,-99.113372
Jitomate,1 Kg. Granel. Saladette/huaje o Tomate Saladette/huaje,S/M,Hortalizas Frescas,Frutas y Legumbres,19.9,2025/12/19,Superissste,Supermercado / Tienda de Autoservicio,Superissste Sucursal 022,Av. del Taller y Retorno No. 38 Dentro del Retorno 38. Col. Jardín Balbuena. Cp. 15900,Ciudad de México,Venustiano Carranza,19.412842,-99.105666
Jitomate,1 Kg. Granel. Saladette/huaje o Tomate Saladette/huaje,S/M,Hortalizas Frescas,Frutas y Legumbres,19.9,2025/12/24,La Comer,Supermercado / Tienda de Autoservicio,Lacomer Sucursal Queretaro Estadio,Luis M. Vega y Monroy 1300. Esq.cimataRío . Col. CimataRío. Cp. 76090,Querétaro,Santiago de Querétaro,20.577804,-100.373626
Jitomate,1 Kg. Granel. Saladette/huaje o Tomate Saladette/huaje,S/M,Hortalizas Frescas,Frutas y Legumbres,19.9,2025/12/26,Superissste,Supermercado / Tienda de Autoservicio,Superissste Sucursal 011,Calle Peluqueros No. 310 Esquina Calle Tizayuca. Col. Michoacána. Cp. 15240,Ciudad de México,Venustiano Carranza,19.446139,-99.113372
Jitomate,1 Kg. Granel. Saladette/huaje o Tomate Saladette/huaje,S/M,Hortalizas Frescas,Frutas y Legumbres,19.9,2025/12/26,Superissste,Supermercado / Tienda de Autoservicio,Superissste Sucursal 022,Av. del Taller y Retorno No. 38 Dentro del Retorno 38. Col. Jardín Balbuena. Cp. 15900,Ciudad de México,Venustiano Carranza,19.412842,-99.105666
Jitomate,1 Kg. Granel. Saladette/huaje o Tomate Saladette/huaje,S/M,Hortalizas Frescas,Frutas y Legumbres,20,2025/12/18,Bodega Aurrera,Supermercado / Tienda de Autoservicio,Bodega Aurrera Sucursal la Viga,Calz. de la Viga 136 Esq. del Taller. Col. Lorenzo Boturini. Cp. 15820,Ciudad de México,Venustiano Carranza,19.414749,-99.127874
Jitomate,1 Kg. Granel. Saladette/huaje o Tomate Saladette/huaje,S/M,Hortalizas Frescas,Frutas y Legumbres,22,2025/12/22,Chedraui,Supermercado / Tienda de Autoservicio,Chedraui Sucursal Centro Sur,Blvd. Bernardo Quintana 502. Carr. con Direccion a Centro Civico. Col. Centro Sur. Cp. 76087,Querétaro,Santiago de Querétaro,20.569354,-100.358831
Jitomate,1 Kg. Granel. Saladette/huaje o Tomate Saladette/huaje,S/M,Hortalizas Frescas,Frutas y Legumbres,23,2025/12/19,Bodega Aurrera,Supermercado / Tienda de Autoservicio,Bodega Aurrera Sucursal Centro Constituyentes,Constituyentes Oriente 334. Entre Pasteur y Manuel Ponce. Col. MercuRío. Cp. 76040,Querétaro,Santiago de Querétaro,20.586349,-100.382801
Jitomate,1 Kg. Granel. Saladette/huaje o Tomate Saladette/huaje,S/M,Hortalizas Frescas,Frutas y Legumbres,23,2025/12/23,Bodega Aurrera,Supermercado / Tienda de Autoservicio,Bodega Aurrera Sucursal Centro Constituyentes,Constituyentes Oriente 334. Entre Pasteur y Manuel Ponce. Col. MercuRío. Cp. 76040,Querétaro,Santiago de Querétaro,20.586349,-100.382801
Jitomate,1 Kg. Granel. Saladette/huaje o Tomate Saladette/huaje,S/M,Hortalizas Frescas,Frutas y Legumbres,24,2025/12/18,Wal-mart,Supermercado / Tienda de Autoservicio,Walmart Sucursal Aeropuerto,Calz. Ignacio Zaragoza 58. Esq. Blvd. Puerto Aereo. Col. Federal. Cp. 15700,Ciudad de México,Venustiano Carranza,19.41926,-99.094521
Jitomate,1 Kg. Granel. Saladette/huaje o Tomate Saladette/huaje,S/M,Hortalizas Frescas,Frutas y Legumbres,24,2025/12/23,Wal-mart,Supermercado / Tienda de Autoservicio,Walmart Sucursal Balbuena,Fray Servando Teresa de Mier 881. Entre Fernando Iglesia Calderon y Genaro Garcia. Col. Jardín Balbuena. Cp. 15900,Ciudad de México,Venustiano Carranza,19.418067,-99.105639
Jitomate,1 Kg. Granel. Saladette/huaje o Tomate Saladette/huaje,S/M,Hortalizas Frescas,Frutas y Legumbres,24,2025/12/23,Wal-mart,Supermercado / Tienda de Autoservicio,Walmart Sucursal Unidad Plaza de Toros,Autopista Querétaro Celaya 5501. Int. del Centro Comercial Plaza Esfera. Col. el Jacal. Cp. 76187,Querétaro,Santiago de Querétaro,20.574076,-100.408704
Jitomate,1 Kg. Granel. Saladette/huaje o Tomate Saladette/huaje,S/M,Hortalizas Frescas,Frutas y Legumbres,24.9,2025/12/16,Wal-mart,Supermercado / Tienda de Autoservicio,Walmart Sucursal Unidad Plaza de Toros,Autopista Querétaro Celaya 5501. Int. del Centro Comercial Plaza Esfera. Col. el Jacal. Cp. 76187,Querétaro,Santiago de Querétaro,20.574076,-100.408704
Jitomate,1 Kg. Granel. Saladette/huaje o Tomate Saladette/huaje,S/M,Hortalizas Frescas,Frutas y Legumbres,24.9,2025/12/18,Wal-mart,Supermercado / Tienda de Autoservicio,Walmart Sucursal Balbuena,Fray Servando Teresa de Mier 881. Entre Fernando Iglesia Calderon y Genaro Garcia. Col. Jardín Balbuena. Cp. 15900,Ciudad de México,Venustiano Carranza,19.418067,-99.105639
Jitomate,1 Kg. Granel. Saladette/huaje o Tomate Saladette/huaje,S/M,Hortalizas Frescas,Frutas y Legumbres,24.9,2025/12/31,Hipermercado Soriana,Supermercado / Tienda de Autoservicio,Soriana Hiper Sucursal Cimatario,Ctra. a Huimilpan 1001. Int. del Centro Comercial Plaza del Sol. Col. Plazas del Sol. Iii Sección. Cp. 76099,Querétaro,Santiago de Querétaro,20.563227,-100.375284
Jitomate,1 Kg. Granel. Saladette/huaje o Tomate Saladette/huaje,S/M,Hortalizas Frescas,Frutas y Legumbres,26,2025/12/22,Mercado Publico,Mercados,Mercado Lomas de Casablanca,Avenida 10. Esq. Calle 23. Col. Lomas de Casa Blanca. Cp. 76080,Querétaro,Santiago de Querétaro,20.603024,-100.396263
Jitomate,1 Kg. Granel. Saladette/huaje o Tomate Saladette/huaje,S/M,Hortalizas Frescas,Frutas y Legumbres,27.9,2025/12/18,La Comer,Supermercado / Tienda de Autoservicio,Lacomer Sucursal Queretaro Estadio,Luis M. Vega y Monroy 1300. Esq.cimataRío . Col. CimataRío. Cp. 76090,Querétaro,Santiago de Querétaro,20.577804,-100.373626
Jitomate,1 Kg. Granel. Saladette/huaje o Tomate Saladette/huaje,S/M,Hortalizas Frescas,Pacic,12.5,2025/12/17,Chedraui,Supermercado / Tienda de Autoservicio,Chedraui Sucursal Centro Sur,Blvd. Bernardo Quintana 502. Carr. con Direccion a Centro Civico. Col. Centro Sur. Cp. 76087,Querétaro,Santiago de Querétaro,20.569354,-100.358831
Jitomate,1 Kg. Granel. Saladette/huaje o Tomate Saladette/huaje,S/M,Hortalizas Frescas,Pacic,19.8,2025/12/22,Hipermercado Soriana,Supermercado / Tienda de Autoservicio,Soriana Hiper Sucursal Cimatario,Ctra. a Huimilpan 1001. Int. del Centro Comercial Plaza del Sol. Col. Plazas del Sol. Iii Sección. Cp. 76099,Querétaro,Santiago de Querétaro,20.563227,-100.375284
Jitomate,1 Kg. Granel. Saladette/huaje o Tomate Saladette/huaje,S/M,Hortalizas Frescas,Pacic,19.9,2025/12/18,Chedraui,Supermercado / Tienda de Autoservicio,Chedraui Sucursal Anfora,Anfora 71. Esq. Eje 1 Norte. Col. Madero. Cp. 15320,Ciudad de México,Venustiano Carranza,19.437353,-99.110088
Jitomate,1 Kg. Granel. Saladette/huaje o Tomate Saladette/huaje,S/M,Hortalizas Frescas,Pacic,19.9,2025/12/24,La Comer,Supermercado / Tienda de Autoservicio,Lacomer Sucursal Queretaro Estadio,Luis M. Vega y Monroy 1300. Esq.cimataRío . Col. CimataRío. Cp. 76090,Querétaro,Santiago de Querétaro,20.577804,-100.373626
Jitomate,1 Kg. Granel. Saladette/huaje o Tomate Saladette/huaje,S/M,Hortalizas Frescas,Pacic,20,2025/12/18,Bodega Aurrera,Supermercado / Tienda de Autoservicio,Bodega Aurrera Sucursal la Viga,Calz. de la Viga 136 Esq. del Taller. Col. Lorenzo Boturini. Cp. 15820,Ciudad de México,Venustiano Carranza,19.414749,-99.127874
Jitomate,1 Kg. Granel. Saladette/huaje o Tomate Saladette/huaje,S/M,Hortalizas Frescas,Pacic,22,2025/12/22,Chedraui,Supermercado / Tienda de Autoservicio,Chedraui Sucursal Centro Sur,Blvd. Bernardo Quintana 502. Carr. con Direccion a Centro Civico. Col. Centro Sur. Cp. 76087,Querétaro,Santiago de Querétaro,20.569354,-100.358831
Jitomate,1 Kg. Granel. Saladette/huaje o Tomate Saladette/huaje,S/M,Hortalizas Frescas,Pacic,23,2025/12/19,Bodega Aurrera,Supermercado / Tienda de Autoservicio,Bodega Aurrera Sucursal Centro Constituyentes,Constituyentes Oriente 334. Entre Pasteur y Manuel Ponce. Col. MercuRío. Cp. 76040,Querétaro,Santiago de Querétaro,20.586349,-100.382801
Jitomate,1 Kg. Granel. Saladette/huaje o Tomate Saladette/huaje,S/M,Hortalizas Frescas,Pacic,23,2025/12/23,Bodega Aurrera,Supermercado / Tienda de Autoservicio,Bodega Aurrera Sucursal Centro Constituyentes,Constituyentes Oriente 334. Entre Pasteur y Manuel Ponce. Col. MercuRío. Cp. 76040,Querétaro,Santiago de Querétaro,20.586349,-100.382801
Jitomate,1 Kg. Granel. Saladette/huaje o Tomate Saladette/huaje,S/M,Hortalizas Frescas,Pacic,24,2025/12/18,Wal-mart,Supermercado / Tienda de Autoservicio,Walmart Sucursal Aeropuerto,Calz. Ignacio Zaragoza 58. Esq. Blvd. Puerto Aereo. Col. Federal. Cp. 15700,Ciudad de México,Venustiano Carranza,19.41926,-99.094521
Jitomate,1 Kg. Granel. Saladette/huaje o Tomate Saladette/huaje,S/M,Hortalizas Frescas,Pacic,24,2025/12/23,Wal-mart,Supermercado / Tienda de Autoservicio,Walmart Sucursal Balbuena,Fray Servando Teresa de Mier 881. Entre Fernando Iglesia Calderon y Genaro Garcia. Col. Jardín Balbuena. Cp. 15900,Ciudad de México,Venustiano Carranza,19.418067,-99.105639
Jitomate,1 Kg. Granel. Saladette/huaje o Tomate Saladette/huaje,S/M,Hortalizas Frescas,Pacic,24,2025/12/23,Wal-mart,Supermercado / Tienda de Autoservicio,Walmart Sucursal Unidad Plaza de Toros,Autopista Querétaro Celaya 5501. Int. del Centro Comercial Plaza Esfera. Col. el Jacal. Cp. 76187,Querétaro,Santiago de Querétaro,20.574076,-100.408704
Jitomate,1 Kg. Granel. Saladette/huaje o Tomate Saladette/huaje,S/M,Hortalizas Frescas,Pacic,24.9,2025/12/17,Wal-mart,Supermercado / Tienda de Autoservicio,Walmart Sucursal Unidad Plaza de Toros,Autopista Querétaro Celaya 5501. Int. del Centro Comercial Plaza Esfera. Col. el Jacal. Cp. 76187,Querétaro,Santiago de Querétaro,20.574076,-100.408704
Jitomate,1 Kg. Granel. Saladette/huaje o Tomate Saladette/huaje,S/M,Hortalizas Frescas,Pacic,24.9,2025/12/18,Wal-mart,Supermercado / Tienda de Autoservicio,Walmart Sucursal Balbuena,Fray Servando Teresa de Mier 881. Entre Fernando Iglesia Calderon y Genaro Garcia. Col. Jardín Balbuena. Cp. 15900,Ciudad de México,Venustiano Carranza,19.418067,-99.105639
Jitomate,1 Kg. Granel. Saladette/huaje o Tomate Saladette/huaje,S/M,Hortalizas Frescas,Pacic,24.9,2025/12/31,Hipermercado Soriana,Supermercado / Tienda de Autoservicio,Soriana Hiper Sucursal Cimatario,Ctra. a Huimilpan 1001. Int. del Centro Comercial Plaza del Sol. Col. Plazas del Sol. Iii Sección. Cp. 76099,Querétaro,Santiago de Querétaro,20.563227,-100.375284
Jitomate,1 Kg. Granel. Saladette/huaje o Tomate Saladette/huaje,S/M,Hortalizas Frescas,Pacic,27.9,2025/12/18,La Comer,Supermercado / Tienda de Autoservicio,Lacomer Sucursal Queretaro Estadio,Luis M. Vega y Monroy 1300. Esq.cimataRío . Col. CimataRío. Cp. 76090,Querétaro,Santiago de Querétaro,20.577804,-100.373626
Juegos de Mesa,#6054418. Hedbanz. Adulting. Ponte Serio,Spin Master,Arts. de Esparcimiento (juguetes),Juguetes,425,2025/12/18,Chedraui,Supermercado / Tienda de Autoservicio,Chedraui Sucursal Anfora,Anfora 71. Esq. Eje 1 Norte. Col. Madero. Cp. 15320,Ciudad de México,Venustiano Carranza,19.437353,-99.110088
Juegos de Mesa,6062371. Jumanji,Spin Master,Arts. de Esparcimiento (juguetes),Juguetes,509,2025/12/16,Juguetron,Jugueterías,Juguetron Sucursal Galerias Queretaro,Av. 5 de Febrero 99 Loc. 219. Int. Plaza Galerías Querétaro. Col. Virreyes. Cp. 76175,Querétaro,Santiago de Querétaro,20.578045,-100.405892
Juegos de Mesa,A5640. el Clásico Juego. Connect 4,Hasbro/gaming,Arts. de Esparcimiento (juguetes),Juguetes,299,2025/12/18,Wal-mart,Supermercado / Tienda de Autoservicio,Walmart Sucursal Aeropuerto,Calz. Ignacio Zaragoza 58. Esq. Blvd. Puerto Aereo. Col. Federal. Cp. 15700,Ciudad de México,Venustiano Carranza,19.41926,-99.094521
Juegos de Mesa,C.b. 013196. el Clásico Ahorcado,F de M. Fotorama de México,Arts. de Esparcimiento (juguetes),Juguetes,399,2025/12/23,Wal-mart,Supermercado / Tienda de Autoservicio,Walmart Sucursal Unidad Plaza de Toros,Autopista Querétaro Celaya 5501. Int. del Centro Comercial Plaza Esfera. Col. el Jacal. Cp. 76187,Querétaro,Santiago de Querétaro,20.574076,-100.408704
Juegos de Mesa,Cb: 016593. ¡corro Corro Abejorro!,F de M. Fotorama de México,Arts. de Esparcimiento (juguetes),Juguetes,649,2025/12/23,Wal-mart,Supermercado / Tienda de Autoservicio,Walmart Sucursal Unidad Plaza de Toros,Autopista Querétaro Celaya 5501. Int. del Centro Comercial Plaza Esfera. Col. el Jacal. Cp. 76187,Querétaro,Santiago de Querétaro,20.574076,-100.408704
Juegos de Mesa,G1424. Monopoly. Banco Virtual,Hasbro/games,Arts. de Esparcimiento (juguetes),Juguetes,639.9,2025/12/19,Del Sol,Uniformes,Del Sol,Madero Pte. 18. Entre Juárez y Allende. Col. Centro. Cp. 76000,Querétaro,Santiago de Querétaro,20.592269,-100.392821
Juegos de Mesa,Hxm54. Scrabble.clásico,Mattel/games,Arts. de Esparcimiento (juguetes),Juguetes,599,2025/12/16,Juguetron,Jugueterías,Juguetron Sucursal Galerias Queretaro,Av. 5 de Febrero 99 Loc. 219. Int. Plaza Galerías Querétaro. Col. Virreyes. Cp. 76175,Querétaro,Santiago de Querétaro,20.578045,-100.405892
Juegos de Mesa,Jca-1944. 5 Segundos para Ganar,Novelty,Arts. de Esparcimiento (juguetes),Juguetes,329,2025/12/18,Chedraui,Supermercado / Tienda de Autoservicio,Chedraui Sucursal Anfora,Anfora 71. Esq. Eje 1 Norte. Col. Madero. Cp. 15320,Ciudad de México,Venustiano Carranza,19.437353,-99.110088
Juegos de Mesa,Jhc58. Pictionary. Pic Tato,Mattel/games,Arts. de Esparcimiento (juguetes),Juguetes,559,2025/12/23,Wal-mart,Supermercado / Tienda de Autoservicio,Walmart Sucursal Unidad Plaza de Toros,Autopista Querétaro Celaya 5501. Int. del Centro Comercial Plaza Esfera. Col. el Jacal. Cp. 76187,Querétaro,Santiago de Querétaro,20.574076,-100.408704
Juegos de Mesa,Jhc58. Pictionary. Pic Tato,Mattel/games,Arts. de Esparcimiento (juguetes),Juguetes,599,2025/12/18,La Comer,Supermercado / Tienda de Autoservicio,Lacomer Sucursal Queretaro Estadio,Luis M. Vega y Monroy 1300. Esq.cimataRío . Col. CimataRío. Cp. 76090,Querétaro,Santiago de Querétaro,20.577804,-100.373626
Juguetes Educativos,Gfx 33. Perrito. Piano Sonidos Divertidos,Fisher-price,Arts. de Esparcimiento (juguetes),Juguetes,619,2025/12/16,Juguetron,Jugueterías,Juguetron Sucursal Galerias Queretaro,Av. 5 de Febrero 99 Loc. 219. Int. Plaza Galerías Querétaro. Col. Virreyes. Cp. 76175,Querétaro,Santiago de Querétaro,20.578045,-100.405892
Juguetes de Destreza,B4253. Jirafa Bloques Divertidos,Fisher-price,Arts. de Esparcimiento (juguetes),Juguetes,499,2025/12/17,Chedraui,Supermercado / Tienda de Autoservicio,Chedraui Sucursal Centro Sur,Blvd. Bernardo Quintana 502. Carr. con Direccion a Centro Civico. Col. Centro Sur. Cp. 76087,Querétaro,Santiago de Querétaro,20.569354,-100.358831
Juguetes de Destreza,Dpn22. Teléfono Parlanchín,Fisher-price,Arts. de Esparcimiento (juguetes),Juguetes,209,2025/12/18,Wal-mart,Supermercado / Tienda de Autoservicio,Walmart Sucursal Aeropuerto,Calz. Ignacio Zaragoza 58. Esq. Blvd. Puerto Aereo. Col. Federal. Cp. 15700,Ciudad de México,Venustiano Carranza,19.41926,-99.094521
Juguetes de Destreza,Gkw58. Pila de Aritos,Fisher-price,Arts. de Esparcimiento (juguetes),Juguetes,179,2025/12/16,Juguetron,Jugueterías,Juguetron Sucursal Galerias Queretaro,Av. 5 de Febrero 99 Loc. 219. Int. Plaza Galerías Querétaro. Col. Virreyes. Cp. 76175,Querétaro,Santiago de Querétaro,20.578045,-100.405892
Juguetes de Destreza,Y8651. Elefante Camina Conmigo,Fisher-price,Arts. de Esparcimiento (juguetes),Juguetes,339,2025/12/23,Wal-mart,Supermercado / Tienda de Autoservicio,Walmart Sucursal Unidad Plaza de Toros,Autopista Querétaro Celaya 5501. Int. del Centro Comercial Plaza Esfera. Col. el Jacal. Cp. 76187,Querétaro,Santiago de Querétaro,20.574076,-100.408704
Kiwi,1 Kg. Granel,S/M,Frutas Frescas,Frutas y Legumbres,101.5,2025/12/22,Hipermercado Soriana,Supermercado / Tienda de Autoservicio,Soriana Hiper Sucursal Cimatario,Ctra. a Huimilpan 1001. Int. del Centro Comercial Plaza del Sol. Col. Plazas del Sol. Iii Sección. Cp. 76099,Querétaro,Santiago de Querétaro,20.563227,-100.375284
Leche Pasteurizada,Caja 1 Lt. Parcialmente Descremada. Baja en Grasa. Light,Lala,Leche Fresca,Basicos,29.5,2025/12/26,Superissste,Supermercado / Tienda de Autoservicio,Superissste Sucursal 011,Calle Peluqueros No. 310 Esquina Calle Tizayuca. Col. Michoacána. Cp. 15240,Ciudad de México,Venustiano Carranza,19.446139,-99.113372
Leche Ultrapasteurizada,Bolsa 1 Lt. Entera,Valley Foods,Leche Procesada,Pacic,14.9,2025/12/22,Hipermercado Soriana,Supermercado / Tienda de Autoservicio,Soriana Hiper Sucursal Cimatario,Ctra. a Huimilpan 1001. Int. del Centro Comercial Plaza del Sol. Col. Plazas del Sol. Iii Sección. Cp. 76099,Querétaro,Santiago de Querétaro,20.563227,-100.375284
Leche Ultrapasteurizada,Bolsa 1 Lt. Entera,Valley Foods,Leche Procesada,Pacic,14.9,2025/12/31,Hipermercado Soriana,Supermercado / Tienda de Autoservicio,Soriana Hiper Sucursal Cimatario,Ctra. a Huimilpan 1001. Int. del Centro Comercial Plaza del Sol. Col. Plazas del Sol. Iii Sección. Cp. 76099,Querétaro,Santiago de Querétaro,20.563227,-100.375284
Leche Ultrapasteurizada,Caja 1 Lt. Entera,Araceli,Leche Procesada,Pacic,28,2025/12/17,Wal-mart,Supermercado / Tienda de Autoservicio,Walmart Sucursal Unidad Plaza de Toros,Autopista Querétaro Celaya 5501. Int. del Centro Comercial Plaza Esfera. Col. el Jacal. Cp. 76187,Querétaro,Santiago de Querétaro,20.574076,-100.408704
Leche Ultrapasteurizada,Caja 1 Lt. Entera,Araceli,Leche Procesada,Pacic,28,2025/12/19,Bodega Aurrera,Supermercado / Tienda de Autoservicio,Bodega Aurrera Sucursal Centro Constituyentes,Constituyentes Oriente 334. Entre Pasteur y Manuel Ponce. Col. MercuRío. Cp. 76040,Querétaro,Santiago de Querétaro,20.586349,-100.382801
Leche Ultrapasteurizada,Caja 1 Lt. Entera,Araceli,Leche Procesada,Pacic,28,2025/12/23,Bodega Aurrera,Supermercado / Tienda de Autoservicio,Bodega Aurrera Sucursal Centro Constituyentes,Constituyentes Oriente 334. Entre Pasteur y Manuel Ponce. Col. MercuRío. Cp. 76040,Querétaro,Santiago de Querétaro,20.586349,-100.382801
Leche Ultrapasteurizada,Caja 1 Lt. Entera,Araceli,Leche Procesada,Pacic,28,2025/12/23,Wal-mart,Supermercado / Tienda de Autoservicio,Walmart Sucursal Unidad Plaza de Toros,Autopista Querétaro Celaya 5501. Int. del Centro Comercial Plaza Esfera. Col. el Jacal. Cp. 76187,Querétaro,Santiago de Querétaro,20.574076,-100.408704
Leche Ultrapasteurizada,Caja 1 Lt. Entera,Lala,Leche Procesada,Basicos,31,2025/12/19,Bodega Aurrera,Supermercado / Tienda de Autoservicio,Bodega Aurrera Sucursal Centro Constituyentes,Constituyentes Oriente 334. Entre Pasteur y Manuel Ponce. Col. MercuRío. Cp. 76040,Querétaro,Santiago de Querétaro,20.586349,-100.382801
Leche Ultrapasteurizada,Caja 1 Lt. Entera,Lala,Leche Procesada,Basicos,31,2025/12/23,Bodega Aurrera,Supermercado / Tienda de Autoservicio,Bodega Aurrera Sucursal Centro Constituyentes,Constituyentes Oriente 334. Entre Pasteur y Manuel Ponce. Col. MercuRío. Cp. 76040,Querétaro,Santiago de Querétaro,20.586349,-100.382801
Leche Ultrapasteurizada,Caja 1 Lt. Entera,Lala,Leche Procesada,Basicos,34.5,2025/12/19,Superissste,Supermercado / Tienda de Autoservicio,Superissste Sucursal 011,Calle Peluqueros No. 310 Esquina Calle Tizayuca. Col. Michoacána. Cp. 15240,Ciudad de México,Venustiano Carranza,19.446139,-99.113372
Leche Ultrapasteurizada,Caja 1 Lt. Entera,Lala,Leche Procesada,Basicos,34.5,2025/12/19,Superissste,Supermercado / Tienda de Autoservicio,Superissste Sucursal 022,Av. del Taller y Retorno No. 38 Dentro del Retorno 38. Col. Jardín Balbuena. Cp. 15900,Ciudad de México,Venustiano Carranza,19.412842,-99.105666
Leche Ultrapasteurizada,Caja 1 Lt. Entera,Lala,Leche Procesada,Basicos,34.5,2025/12/26,Superissste,Supermercado / Tienda de Autoservicio,Superissste Sucursal 011,Calle Peluqueros No. 310 Esquina Calle Tizayuca. Col. Michoacána. Cp. 15240,Ciudad de México,Venustiano Carranza,19.446139,-99.113372
Leche Ultrapasteurizada,Caja 1 Lt. Entera,Lala,Leche Procesada,Basicos,34.5,2025/12/26,Superissste,Supermercado / Tienda de Autoservicio,Superissste Sucursal 022,Av. del Taller y Retorno No. 38 Dentro del Retorno 38. Col. Jardín Balbuena. Cp. 15900,Ciudad de México,Venustiano Carranza,19.412842,-99.105666
Leche Ultrapasteurizada,Caja 1 Lt. Entera,Lala,Leche Procesada,Basicos,36,2025/12/18,Bodega Aurrera,Supermercado / Tienda de Autoservicio,Bodega Aurrera Sucursal la Viga,Calz. de la Viga 136 Esq. del Taller. Col. Lorenzo Boturini. Cp. 15820,Ciudad de México,Venustiano Carranza,19.414749,-99.127874
Leche Ultrapasteurizada,Caja 1 Lt. Entera,Lala,Leche Procesada,Basicos,36,2025/12/18,Chedraui,Supermercado / Tienda de Autoservicio,Chedraui Sucursal Anfora,Anfora 71. Esq. Eje 1 Norte. Col. Madero. Cp. 15320,Ciudad de México,Venustiano Carranza,19.437353,-99.110088
Leche Ultrapasteurizada,Caja 1 Lt. Entera,Lala,Leche Procesada,Basicos,37,2025/12/16,Wal-mart,Supermercado / Tienda de Autoservicio,Walmart Sucursal Unidad Plaza de Toros,Autopista Querétaro Celaya 5501. Int. del Centro Comercial Plaza Esfera. Col. el Jacal. Cp. 76187,Querétaro,Santiago de Querétaro,20.574076,-100.408704
Leche Ultrapasteurizada,Caja 1 Lt. Entera,Lala,Leche Procesada,Basicos,37,2025/12/17,Chedraui,Supermercado / Tienda de Autoservicio,Chedraui Sucursal Centro Sur,Blvd. Bernardo Quintana 502. Carr. con Direccion a Centro Civico. Col. Centro Sur. Cp. 76087,Querétaro,Santiago de Querétaro,20.569354,-100.358831
Leche Ultrapasteurizada,Caja 1 Lt. Entera,Lala,Leche Procesada,Basicos,37,2025/12/18,Wal-mart,Supermercado / Tienda de Autoservicio,Walmart Sucursal Aeropuerto,Calz. Ignacio Zaragoza 58. Esq. Blvd. Puerto Aereo. Col. Federal. Cp. 15700,Ciudad de México,Venustiano Carranza,19.41926,-99.094521
Leche Ultrapasteurizada,Caja 1 Lt. Entera,Lala,Leche Procesada,Basicos,37,2025/12/18,Wal-mart,Supermercado / Tienda de Autoservicio,Walmart Sucursal Balbuena,Fray Servando Teresa de Mier 881. Entre Fernando Iglesia Calderon y Genaro Garcia. Col. Jardín Balbuena. Cp. 15900,Ciudad de México,Venustiano Carranza,19.418067,-99.105639
Leche Ultrapasteurizada,Caja 1 Lt. Entera,Lala,Leche Procesada,Basicos,37,2025/12/22,Chedraui,Supermercado / Tienda de Autoservicio,Chedraui Sucursal Centro Sur,Blvd. Bernardo Quintana 502. Carr. con Direccion a Centro Civico. Col. Centro Sur. Cp. 76087,Querétaro,Santiago de Querétaro,20.569354,-100.358831
Leche Ultrapasteurizada,Caja 1 Lt. Entera,Lala,Leche Procesada,Basicos,37,2025/12/23,Wal-mart,Supermercado / Tienda de Autoservicio,Walmart Sucursal Unidad Plaza de Toros,Autopista Querétaro Celaya 5501. Int. del Centro Comercial Plaza Esfera. Col. el Jacal. Cp. 76187,Querétaro,Santiago de Querétaro,20.574076,-100.408704
Leche Ultrapasteurizada,Caja 1 Lt. Entera,Lala,Leche Procesada,Basicos,38.9,2025/12/31,Hipermercado Soriana,Supermercado / Tienda de Autoservicio,Soriana Hiper Sucursal Cimatario,Ctra. a Huimilpan 1001. Int. del Centro Comercial Plaza del Sol. Col. Plazas del Sol. Iii Sección. Cp. 76099,Querétaro,Santiago de Querétaro,20.563227,-100.375284
Leche Ultrapasteurizada,Caja 1 Lt. Entera,Lala,Leche Procesada,Basicos,39,2025/12/16,Oxxo,Tienda de Conveniencia,Oxxo Sucursal Corregidora 50 Cr,Circuito Moises Solana No. 128. Esq. Gertrudis Bocanegra. Col. Burocratas. Cp. 76070,Querétaro,Santiago de Querétaro,20.57462,-100.384232
Leche Ultrapasteurizada,Caja 1 Lt. Entera,Lala,Leche Procesada,Basicos,39.6,2025/12/18,La Comer,Supermercado / Tienda de Autoservicio,Lacomer Sucursal Queretaro Estadio,Luis M. Vega y Monroy 1300. Esq.cimataRío . Col. CimataRío. Cp. 76090,Querétaro,Santiago de Querétaro,20.577804,-100.373626
Leche Ultrapasteurizada,Caja 1 Lt. Entera,Lala,Leche Procesada,Pacic,36,2025/12/18,Chedraui,Supermercado / Tienda de Autoservicio,Chedraui Sucursal Anfora,Anfora 71. Esq. Eje 1 Norte. Col. Madero. Cp. 15320,Ciudad de México,Venustiano Carranza,19.437353,-99.110088
Leche Ultrapasteurizada,Caja 1 Lt. Entera,Lala,Leche Procesada,Pacic,37,2025/12/17,Chedraui,Supermercado / Tienda de Autoservicio,Chedraui Sucursal Centro Sur,Blvd. Bernardo Quintana 502. Carr. con Direccion a Centro Civico. Col. Centro Sur. Cp. 76087,Querétaro,Santiago de Querétaro,20.569354,-100.358831
Leche Ultrapasteurizada,Caja 1 Lt. Entera,Lala,Leche Procesada,Pacic,37,2025/12/22,Chedraui,Supermercado / Tienda de Autoservicio,Chedraui Sucursal Centro Sur,Blvd. Bernardo Quintana 502. Carr. con Direccion a Centro Civico. Col. Centro Sur. Cp. 76087,Querétaro,Santiago de Querétaro,20.569354,-100.358831
Leche Ultrapasteurizada,Caja 1 Lt. Entera,Los Volcanes,Leche Procesada,Pacic,37,2025/12/17,Wal-mart,Supermercado / Tienda de Autoservicio,Walmart Sucursal Unidad Plaza de Toros,Autopista Querétaro Celaya 5501. Int. del Centro Comercial Plaza Esfera. Col. el Jacal. Cp. 76187,Querétaro,Santiago de Querétaro,20.574076,-100.408704
Leche Ultrapasteurizada,Caja 1 Lt. Entera,Los Volcanes,Leche Procesada,Pacic,37,2025/12/23,Wal-mart,Supermercado / Tienda de Autoservicio,Walmart Sucursal Unidad Plaza de Toros,Autopista Querétaro Celaya 5501. Int. del Centro Comercial Plaza Esfera. Col. el Jacal. Cp. 76187,Querétaro,Santiago de Querétaro,20.574076,-100.408704
Leche Ultrapasteurizada,Caja 1 Lt. Entera,San Marcos,Leche Procesada,Basicos,28,2025/12/18,Chedraui,Supermercado / Tienda de Autoservicio,Chedraui Sucursal Anfora,Anfora 71. Esq. Eje 1 Norte. Col. Madero. Cp. 15320,Ciudad de México,Venustiano Carranza,19.437353,-99.110088
Leche Ultrapasteurizada,Caja 1 Lt. Entera,San Marcos,Leche Procesada,Basicos,28,2025/12/22,Chedraui,Supermercado / Tienda de Autoservicio,Chedraui Sucursal Centro Sur,Blvd. Bernardo Quintana 502. Carr. con Direccion a Centro Civico. Col. Centro Sur. Cp. 76087,Querétaro,Santiago de Querétaro,20.569354,-100.358831
Leche Ultrapasteurizada,Caja 1 Lt. Entera,San Marcos,Leche Procesada,Basicos,28.5,2025/12/18,La Comer,Supermercado / Tienda de Autoservicio,Lacomer Sucursal Queretaro Estadio,Luis M. Vega y Monroy 1300. Esq.cimataRío . Col. CimataRío. Cp. 76090,Querétaro,Santiago de Querétaro,20.577804,-100.373626
Leche Ultrapasteurizada,Caja 1 Lt. Entera,San Marcos,Leche Procesada,Basicos,30,2025/12/17,Chedraui,Supermercado / Tienda de Autoservicio,Chedraui Sucursal Centro Sur,Blvd. Bernardo Quintana 502. Carr. con Direccion a Centro Civico. Col. Centro Sur. Cp. 76087,Querétaro,Santiago de Querétaro,20.569354,-100.358831
Leche Ultrapasteurizada,Caja 1 Lt. Entera,San Marcos,Leche Procesada,Basicos,34,2025/12/16,Wal-mart,Supermercado / Tienda de Autoservicio,Walmart Sucursal Unidad Plaza de Toros,Autopista Querétaro Celaya 5501. Int. del Centro Comercial Plaza Esfera. Col. el Jacal. Cp. 76187,Querétaro,Santiago de Querétaro,20.574076,-100.408704
Leche Ultrapasteurizada,Caja 1 Lt. Entera,San Marcos,Leche Procesada,Basicos,34,2025/12/18,Bodega Aurrera,Supermercado / Tienda de Autoservicio,Bodega Aurrera Sucursal la Viga,Calz. de la Viga 136 Esq. del Taller. Col. Lorenzo Boturini. Cp. 15820,Ciudad de México,Venustiano Carranza,19.414749,-99.127874
Leche Ultrapasteurizada,Caja 1 Lt. Entera,San Marcos,Leche Procesada,Basicos,34,2025/12/18,Wal-mart,Supermercado / Tienda de Autoservicio,Walmart Sucursal Aeropuerto,Calz. Ignacio Zaragoza 58. Esq. Blvd. Puerto Aereo. Col. Federal. Cp. 15700,Ciudad de México,Venustiano Carranza,19.41926,-99.094521
Leche Ultrapasteurizada,Caja 1 Lt. Entera,San Marcos,Leche Procesada,Basicos,34,2025/12/18,Wal-mart,Supermercado / Tienda de Autoservicio,Walmart Sucursal Balbuena,Fray Servando Teresa de Mier 881. Entre Fernando Iglesia Calderon y Genaro Garcia. Col. Jardín Balbuena. Cp. 15900,Ciudad de México,Venustiano Carranza,19.418067,-99.105639
Leche Ultrapasteurizada,Caja 1 Lt. Entera,San Marcos,Leche Procesada,Basicos,34,2025/12/19,Bodega Aurrera,Supermercado / Tienda de Autoservicio,Bodega Aurrera Sucursal Centro Constituyentes,Constituyentes Oriente 334. Entre Pasteur y Manuel Ponce. Col. MercuRío. Cp. 76040,Querétaro,Santiago de Querétaro,20.586349,-100.382801
Leche Ultrapasteurizada,Caja 1 Lt. Entera,San Marcos,Leche Procesada,Basicos,34,2025/12/23,Bodega Aurrera,Supermercado / Tienda de Autoservicio,Bodega Aurrera Sucursal Centro Constituyentes,Constituyentes Oriente 334. Entre Pasteur y Manuel Ponce. Col. MercuRío. Cp. 76040,Querétaro,Santiago de Querétaro,20.586349,-100.382801
Leche Ultrapasteurizada,Caja 1 Lt. Entera,San Marcos,Leche Procesada,Basicos,34,2025/12/23,Wal-mart,Supermercado / Tienda de Autoservicio,Walmart Sucursal Unidad Plaza de Toros,Autopista Querétaro Celaya 5501. Int. del Centro Comercial Plaza Esfera. Col. el Jacal. Cp. 76187,Querétaro,Santiago de Querétaro,20.574076,-100.408704
Leche Ultrapasteurizada,Caja 1 Lt. Entera,San Marcos,Leche Procesada,Pacic,34,2025/12/17,Wal-mart,Supermercado / Tienda de Autoservicio,Walmart Sucursal Unidad Plaza de Toros,Autopista Querétaro Celaya 5501. Int. del Centro Comercial Plaza Esfera. Col. el Jacal. Cp. 76187,Querétaro,Santiago de Querétaro,20.574076,-100.408704
Leche Ultrapasteurizada,Caja 1 Lt. Entera,San Marcos,Leche Procesada,Pacic,34,2025/12/18,Bodega Aurrera,Supermercado / Tienda de Autoservicio,Bodega Aurrera Sucursal la Viga,Calz. de la Viga 136 Esq. del Taller. Col. Lorenzo Boturini. Cp. 15820,Ciudad de México,Venustiano Carranza,19.414749,-99.127874
Leche Ultrapasteurizada,Caja 1 Lt. Entera,San Marcos,Leche Procesada,Pacic,34,2025/12/18,Wal-mart,Supermercado / Tienda de Autoservicio,Walmart Sucursal Aeropuerto,Calz. Ignacio Zaragoza 58. Esq. Blvd. Puerto Aereo. Col. Federal. Cp. 15700,Ciudad de México,Venustiano Carranza,19.41926,-99.094521
Leche Ultrapasteurizada,Caja 1 Lt. Entera,San Marcos,Leche Procesada,Pacic,34,2025/12/18,Wal-mart,Supermercado / Tienda de Autoservicio,Walmart Sucursal Balbuena,Fray Servando Teresa de Mier 881. Entre Fernando Iglesia Calderon y Genaro Garcia. Col. Jardín Balbuena. Cp. 15900,Ciudad de México,Venustiano Carranza,19.418067,-99.105639
Leche Ultrapasteurizada,Caja 1 Lt. Entera,San Marcos,Leche Procesada,Pacic,34,2025/12/19,Bodega Aurrera,Supermercado / Tienda de Autoservicio,Bodega Aurrera Sucursal Centro Constituyentes,Constituyentes Oriente 334. Entre Pasteur y Manuel Ponce. Col. MercuRío. Cp. 76040,Querétaro,Santiago de Querétaro,20.586349,-100.382801
Leche Ultrapasteurizada,Caja 1 Lt. Entera,San Marcos,Leche Procesada,Pacic,34,2025/12/23,Bodega Aurrera,Supermercado / Tienda de Autoservicio,Bodega Aurrera Sucursal Centro Constituyentes,Constituyentes Oriente 334. Entre Pasteur y Manuel Ponce. Col. MercuRío. Cp. 76040,Querétaro,Santiago de Querétaro,20.586349,-100.382801
Leche Ultrapasteurizada,Caja 1 Lt. Entera,San Marcos,Leche Procesada,Pacic,34,2025/12/23,Wal-mart,Supermercado / Tienda de Autoservicio,Walmart Sucursal Balbuena,Fray Servando Teresa de Mier 881. Entre Fernando Iglesia Calderon y Genaro Garcia. Col. Jardín Balbuena. Cp. 15900,Ciudad de México,Venustiano Carranza,19.418067,-99.105639
Leche Ultrapasteurizada,Caja 1 Lt. Entera,San Marcos,Leche Procesada,Pacic,34,2025/12/23,Wal-mart,Supermercado / Tienda de Autoservicio,Walmart Sucursal Unidad Plaza de Toros,Autopista Querétaro Celaya 5501. Int. del Centro Comercial Plaza Esfera. Col. el Jacal. Cp. 76187,Querétaro,Santiago de Querétaro,20.574076,-100.408704
Leche Ultrapasteurizada,Caja 1 Lt. Entera,Santa Clara,Leche Procesada,Basicos,33,2025/12/18,Wal-mart,Supermercado / Tienda de Autoservicio,Walmart Sucursal Aeropuerto,Calz. Ignacio Zaragoza 58. Esq. Blvd. Puerto Aereo. Col. Federal. Cp. 15700,Ciudad de México,Venustiano Carranza,19.41926,-99.094521
Leche Ultrapasteurizada,Caja 1 Lt. Entera,Santa Clara,Leche Procesada,Basicos,33,2025/12/19,Superissste,Supermercado / Tienda de Autoservicio,Superissste Sucursal 011,Calle Peluqueros No. 310 Esquina Calle Tizayuca. Col. Michoacána. Cp. 15240,Ciudad de México,Venustiano Carranza,19.446139,-99.113372
Leche Ultrapasteurizada,Caja 1 Lt. Entera,Santa Clara,Leche Procesada,Basicos,33,2025/12/19,Superissste,Supermercado / Tienda de Autoservicio,Superissste Sucursal 022,Av. del Taller y Retorno No. 38 Dentro del Retorno 38. Col. Jardín Balbuena. Cp. 15900,Ciudad de México,Venustiano Carranza,19.412842,-99.105666
Leche Ultrapasteurizada,Caja 1 Lt. Entera,Santa Clara,Leche Procesada,Basicos,33,2025/12/26,Superissste,Supermercado / Tienda de Autoservicio,Superissste Sucursal 011,Calle Peluqueros No. 310 Esquina Calle Tizayuca. Col. Michoacána. Cp. 15240,Ciudad de México,Venustiano Carranza,19.446139,-99.113372
Leche Ultrapasteurizada,Caja 1 Lt. Entera,Santa Clara,Leche Procesada,Basicos,33,2025/12/26,Superissste,Supermercado / Tienda de Autoservicio,Superissste Sucursal 022,Av. del Taller y Retorno No. 38 Dentro del Retorno 38. Col. Jardín Balbuena. Cp. 15900,Ciudad de México,Venustiano Carranza,19.412842,-99.105666
Leche Ultrapasteurizada,Caja 1 Lt. Entera,Santa Clara,Leche Procesada,Basicos,36,2025/12/17,Chedraui,Supermercado / Tienda de Autoservicio,Chedraui Sucursal Centro Sur,Blvd. Bernardo Quintana 502. Carr. con Direccion a Centro Civico. Col. Centro Sur. Cp. 76087,Querétaro,Santiago de Querétaro,20.569354,-100.358831
Leche Ultrapasteurizada,Caja 1 Lt. Entera,Santa Clara,Leche Procesada,Basicos,37,2025/12/16,Wal-mart,Supermercado / Tienda de Autoservicio,Walmart Sucursal Unidad Plaza de Toros,Autopista Querétaro Celaya 5501. Int. del Centro Comercial Plaza Esfera. Col. el Jacal. Cp. 76187,Querétaro,Santiago de Querétaro,20.574076,-100.408704
Leche Ultrapasteurizada,Caja 1 Lt. Entera,Santa Clara,Leche Procesada,Basicos,37,2025/12/18,Bodega Aurrera,Supermercado / Tienda de Autoservicio,Bodega Aurrera Sucursal la Viga,Calz. de la Viga 136 Esq. del Taller. Col. Lorenzo Boturini. Cp. 15820,Ciudad de México,Venustiano Carranza,19.414749,-99.127874
Leche Ultrapasteurizada,Caja 1 Lt. Entera,Santa Clara,Leche Procesada,Basicos,37,2025/12/18,Chedraui,Supermercado / Tienda de Autoservicio,Chedraui Sucursal Anfora,Anfora 71. Esq. Eje 1 Norte. Col. Madero. Cp. 15320,Ciudad de México,Venustiano Carranza,19.437353,-99.110088
Leche Ultrapasteurizada,Caja 1 Lt. Entera,Santa Clara,Leche Procesada,Basicos,37,2025/12/18,La Comer,Supermercado / Tienda de Autoservicio,Lacomer Sucursal Queretaro Estadio,Luis M. Vega y Monroy 1300. Esq.cimataRío . Col. CimataRío. Cp. 76090,Querétaro,Santiago de Querétaro,20.577804,-100.373626
Leche Ultrapasteurizada,Caja 1 Lt. Entera,Santa Clara,Leche Procesada,Basicos,37,2025/12/19,Bodega Aurrera,Supermercado / Tienda de Autoservicio,Bodega Aurrera Sucursal Centro Constituyentes,Constituyentes Oriente 334. Entre Pasteur y Manuel Ponce. Col. MercuRío. Cp. 76040,Querétaro,Santiago de Querétaro,20.586349,-100.382801
Leche Ultrapasteurizada,Caja 1 Lt. Entera,Santa Clara,Leche Procesada,Basicos,37,2025/12/22,Chedraui,Supermercado / Tienda de Autoservicio,Chedraui Sucursal Centro Sur,Blvd. Bernardo Quintana 502. Carr. con Direccion a Centro Civico. Col. Centro Sur. Cp. 76087,Querétaro,Santiago de Querétaro,20.569354,-100.358831
Leche Ultrapasteurizada,Caja 1 Lt. Entera,Santa Clara,Leche Procesada,Basicos,37,2025/12/23,Bodega Aurrera,Supermercado / Tienda de Autoservicio,Bodega Aurrera Sucursal Centro Constituyentes,Constituyentes Oriente 334. Entre Pasteur y Manuel Ponce. Col. MercuRío. Cp. 76040,Querétaro,Santiago de Querétaro,20.586349,-100.382801
Leche Ultrapasteurizada,Caja 1 Lt. Entera,Santa Clara,Leche Procesada,Basicos,37,2025/12/23,Wal-mart,Supermercado / Tienda de Autoservicio,Walmart Sucursal Unidad Plaza de Toros,Autopista Querétaro Celaya 5501. Int. del Centro Comercial Plaza Esfera. Col. el Jacal. Cp. 76187,Querétaro,Santiago de Querétaro,20.574076,-100.408704
Leche Ultrapasteurizada,Caja 1 Lt. Entera,Santa Clara,Leche Procesada,Basicos,37,2025/12/24,La Comer,Supermercado / Tienda de Autoservicio,Lacomer Sucursal Queretaro Estadio,Luis M. Vega y Monroy 1300. Esq.cimataRío . Col. CimataRío. Cp. 76090,Querétaro,Santiago de Querétaro,20.577804,-100.373626
Leche Ultrapasteurizada,Caja 1 Lt. Entera,Santa Clara,Leche Procesada,Basicos,37.9,2025/12/31,Hipermercado Soriana,Supermercado / Tienda de Autoservicio,Soriana Hiper Sucursal Cimatario,Ctra. a Huimilpan 1001. Int. del Centro Comercial Plaza del Sol. Col. Plazas del Sol. Iii Sección. Cp. 76099,Querétaro,Santiago de Querétaro,20.563227,-100.375284
Leche Ultrapasteurizada,Caja 1 Lt. Entera,Santa Clara,Leche Procesada,Pacic,33,2025/12/18,Wal-mart,Supermercado / Tienda de Autoservicio,Walmart Sucursal Aeropuerto,Calz. Ignacio Zaragoza 58. Esq. Blvd. Puerto Aereo. Col. Federal. Cp. 15700,Ciudad de México,Venustiano Carranza,19.41926,-99.094521
Leche Ultrapasteurizada,Caja 1 Lt. Entera,Santa Clara,Leche Procesada,Pacic,37,2025/12/17,Wal-mart,Supermercado / Tienda de Autoservicio,Walmart Sucursal Unidad Plaza de Toros,Autopista Querétaro Celaya 5501. Int. del Centro Comercial Plaza Esfera. Col. el Jacal. Cp. 76187,Querétaro,Santiago de Querétaro,20.574076,-100.408704
Leche Ultrapasteurizada,Caja 1 Lt. Entera,Santa Clara,Leche Procesada,Pacic,37,2025/12/18,Bodega Aurrera,Supermercado / Tienda de Autoservicio,Bodega Aurrera Sucursal la Viga,Calz. de la Viga 136 Esq. del Taller. Col. Lorenzo Boturini. Cp. 15820,Ciudad de México,Venustiano Carranza,19.414749,-99.127874
Leche Ultrapasteurizada,Caja 1 Lt. Entera,Santa Clara,Leche Procesada,Pacic,37,2025/12/18,Wal-mart,Supermercado / Tienda de Autoservicio,Walmart Sucursal Balbuena,Fray Servando Teresa de Mier 881. Entre Fernando Iglesia Calderon y Genaro Garcia. Col. Jardín Balbuena. Cp. 15900,Ciudad de México,Venustiano Carranza,19.418067,-99.105639
Leche Ultrapasteurizada,Caja 1 Lt. Entera,Santa Clara,Leche Procesada,Pacic,37,2025/12/19,Bodega Aurrera,Supermercado / Tienda de Autoservicio,Bodega Aurrera Sucursal Centro Constituyentes,Constituyentes Oriente 334. Entre Pasteur y Manuel Ponce. Col. MercuRío. Cp. 76040,Querétaro,Santiago de Querétaro,20.586349,-100.382801
Leche Ultrapasteurizada,Caja 1 Lt. Entera,Santa Clara,Leche Procesada,Pacic,37,2025/12/23,Bodega Aurrera,Supermercado / Tienda de Autoservicio,Bodega Aurrera Sucursal Centro Constituyentes,Constituyentes Oriente 334. Entre Pasteur y Manuel Ponce. Col. MercuRío. Cp. 76040,Querétaro,Santiago de Querétaro,20.586349,-100.382801
Leche Ultrapasteurizada,Caja 1 Lt. Entera,Santa Clara,Leche Procesada,Pacic,37,2025/12/23,Wal-mart,Supermercado / Tienda de Autoservicio,Walmart Sucursal Balbuena,Fray Servando Teresa de Mier 881. Entre Fernando Iglesia Calderon y Genaro Garcia. Col. Jardín Balbuena. Cp. 15900,Ciudad de México,Venustiano Carranza,19.418067,-99.105639
Leche Ultrapasteurizada,Caja 1 Lt. Entera,Santa Clara,Leche Procesada,Pacic,37,2025/12/23,Wal-mart,Supermercado / Tienda de Autoservicio,Walmart Sucursal Unidad Plaza de Toros,Autopista Querétaro Celaya 5501. Int. del Centro Comercial Plaza Esfera. Col. el Jacal. Cp. 76187,Querétaro,Santiago de Querétaro,20.574076,-100.408704
Leche Ultrapasteurizada,Caja 1 Lt. Entera,Selecto Brand,Leche Procesada,Pacic,18,2025/12/17,Chedraui,Supermercado / Tienda de Autoservicio,Chedraui Sucursal Centro Sur,Blvd. Bernardo Quintana 502. Carr. con Direccion a Centro Civico. Col. Centro Sur. Cp. 76087,Querétaro,Santiago de Querétaro,20.569354,-100.358831
Leche Ultrapasteurizada,Caja 1 Lt. Entera,Selecto Brand,Leche Procesada,Pacic,18,2025/12/18,Chedraui,Supermercado / Tienda de Autoservicio,Chedraui Sucursal Anfora,Anfora 71. Esq. Eje 1 Norte. Col. Madero. Cp. 15320,Ciudad de México,Venustiano Carranza,19.437353,-99.110088
Leche Ultrapasteurizada,Caja 1 Lt. Light,Santa Clara,Leche Procesada,Basicos,30,2025/12/18,Bodega Aurrera,Supermercado / Tienda de Autoservicio,Bodega Aurrera Sucursal la Viga,Calz. de la Viga 136 Esq. del Taller. Col. Lorenzo Boturini. Cp. 15820,Ciudad de México,Venustiano Carranza,19.414749,-99.127874
Leche Ultrapasteurizada,Caja 1 Lt. Light,Santa Clara,Leche Procesada,Basicos,30,2025/12/18,Chedraui,Supermercado / Tienda de Autoservicio,Chedraui Sucursal Anfora,Anfora 71. Esq. Eje 1 Norte. Col. Madero. Cp. 15320,Ciudad de México,Venustiano Carranza,19.437353,-99.110088
Leche Ultrapasteurizada,Caja 1 Lt. Light,Santa Clara,Leche Procesada,Basicos,34.5,2025/12/19,Superissste,Supermercado / Tienda de Autoservicio,Superissste Sucursal 011,Calle Peluqueros No. 310 Esquina Calle Tizayuca. Col. Michoacána. Cp. 15240,Ciudad de México,Venustiano Carranza,19.446139,-99.113372
Leche Ultrapasteurizada,Caja 1 Lt. Light,Santa Clara,Leche Procesada,Basicos,34.5,2025/12/19,Superissste,Supermercado / Tienda de Autoservicio,Superissste Sucursal 022,Av. del Taller y Retorno No. 38 Dentro del Retorno 38. Col. Jardín Balbuena. Cp. 15900,Ciudad de México,Venustiano Carranza,19.412842,-99.105666
Leche Ultrapasteurizada,Caja 1 Lt. Light,Santa Clara,Leche Procesada,Basicos,34.5,2025/12/26,Superissste,Supermercado / Tienda de Autoservicio,Superissste Sucursal 011,Calle Peluqueros No. 310 Esquina Calle Tizayuca. Col. Michoacána. Cp. 15240,Ciudad de México,Venustiano Carranza,19.446139,-99.113372
Leche Ultrapasteurizada,Caja 1 Lt. Light,Santa Clara,Leche Procesada,Basicos,34.5,2025/12/26,Superissste,Supermercado / Tienda de Autoservicio,Superissste Sucursal 022,Av. del Taller y Retorno No. 38 Dentro del Retorno 38. Col. Jardín Balbuena. Cp. 15900,Ciudad de México,Venustiano Carranza,19.412842,-99.105666
Leche Ultrapasteurizada,Caja 1 Lt. Light,Santa Clara,Leche Procesada,Basicos,37,2025/12/16,Wal-mart,Supermercado / Tienda de Autoservicio,Walmart Sucursal Unidad Plaza de Toros,Autopista Querétaro Celaya 5501. Int. del Centro Comercial Plaza Esfera. Col. el Jacal. Cp. 76187,Querétaro,Santiago de Querétaro,20.574076,-100.408704
Leche Ultrapasteurizada,Caja 1 Lt. Light,Santa Clara,Leche Procesada,Basicos,37,2025/12/18,La Comer,Supermercado / Tienda de Autoservicio,Lacomer Sucursal Queretaro Estadio,Luis M. Vega y Monroy 1300. Esq.cimataRío . Col. CimataRío. Cp. 76090,Querétaro,Santiago de Querétaro,20.577804,-100.373626
Leche Ultrapasteurizada,Caja 1 Lt. Light,Santa Clara,Leche Procesada,Basicos,37,2025/12/18,Wal-mart,Supermercado / Tienda de Autoservicio,Walmart Sucursal Aeropuerto,Calz. Ignacio Zaragoza 58. Esq. Blvd. Puerto Aereo. Col. Federal. Cp. 15700,Ciudad de México,Venustiano Carranza,19.41926,-99.094521
Leche Ultrapasteurizada,Caja 1 Lt. Light,Santa Clara,Leche Procesada,Basicos,37,2025/12/19,Bodega Aurrera,Supermercado / Tienda de Autoservicio,Bodega Aurrera Sucursal Centro Constituyentes,Constituyentes Oriente 334. Entre Pasteur y Manuel Ponce. Col. MercuRío. Cp. 76040,Querétaro,Santiago de Querétaro,20.586349,-100.382801
Leche Ultrapasteurizada,Caja 1 Lt. Light,Santa Clara,Leche Procesada,Basicos,37,2025/12/23,Bodega Aurrera,Supermercado / Tienda de Autoservicio,Bodega Aurrera Sucursal Centro Constituyentes,Constituyentes Oriente 334. Entre Pasteur y Manuel Ponce. Col. MercuRío. Cp. 76040,Querétaro,Santiago de Querétaro,20.586349,-100.382801
Leche Ultrapasteurizada,Caja 1 Lt. Light,Santa Clara,Leche Procesada,Basicos,37,2025/12/23,Wal-mart,Supermercado / Tienda de Autoservicio,Walmart Sucursal Unidad Plaza de Toros,Autopista Querétaro Celaya 5501. Int. del Centro Comercial Plaza Esfera. Col. el Jacal. Cp. 76187,Querétaro,Santiago de Querétaro,20.574076,-100.408704
Leche Ultrapasteurizada,Caja 1 Lt. Light,Santa Clara,Leche Procesada,Basicos,37,2025/12/24,La Comer,Supermercado / Tienda de Autoservicio,Lacomer Sucursal Queretaro Estadio,Luis M. Vega y Monroy 1300. Esq.cimataRío . Col. CimataRío. Cp. 76090,Querétaro,Santiago de Querétaro,20.577804,-100.373626
Leche Ultrapasteurizada,Caja 1 Lt. Light,Santa Clara,Leche Procesada,Basicos,37.9,2025/12/31,Hipermercado Soriana,Supermercado / Tienda de Autoservicio,Soriana Hiper Sucursal Cimatario,Ctra. a Huimilpan 1001. Int. del Centro Comercial Plaza del Sol. Col. Plazas del Sol. Iii Sección. Cp. 76099,Querétaro,Santiago de Querétaro,20.563227,-100.375284
Leche Ultrapasteurizada,Caja 1 Lt. Parcialmente Descremada. Azul,Alpura. Clásica,Leche Procesada,Basicos,30,2025/12/18,Bodega Aurrera,Supermercado / Tienda de Autoservicio,Bodega Aurrera Sucursal la Viga,Calz. de la Viga 136 Esq. del Taller. Col. Lorenzo Boturini. Cp. 15820,Ciudad de México,Venustiano Carranza,19.414749,-99.127874
Leche Ultrapasteurizada,Caja 1 Lt. Parcialmente Descremada. Azul,Alpura. Clásica,Leche Procesada,Basicos,30,2025/12/18,Chedraui,Supermercado / Tienda de Autoservicio,Chedraui Sucursal Anfora,Anfora 71. Esq. Eje 1 Norte. Col. Madero. Cp. 15320,Ciudad de México,Venustiano Carranza,19.437353,-99.110088
Leche Ultrapasteurizada,Caja 1 Lt. Parcialmente Descremada. Azul,Alpura. Clásica,Leche Procesada,Basicos,30,2025/12/19,Superissste,Supermercado / Tienda de Autoservicio,Superissste Sucursal 011,Calle Peluqueros No. 310 Esquina Calle Tizayuca. Col. Michoacána. Cp. 15240,Ciudad de México,Venustiano Carranza,19.446139,-99.113372
Leche Ultrapasteurizada,Caja 1 Lt. Parcialmente Descremada. Azul,Alpura. Clásica,Leche Procesada,Basicos,30,2025/12/19,Superissste,Supermercado / Tienda de Autoservicio,Superissste Sucursal 022,Av. del Taller y Retorno No. 38 Dentro del Retorno 38. Col. Jardín Balbuena. Cp. 15900,Ciudad de México,Venustiano Carranza,19.412842,-99.105666
Leche Ultrapasteurizada,Caja 1 Lt. Parcialmente Descremada. Azul,Alpura. Clásica,Leche Procesada,Basicos,30,2025/12/26,Superissste,Supermercado / Tienda de Autoservicio,Superissste Sucursal 011,Calle Peluqueros No. 310 Esquina Calle Tizayuca. Col. Michoacána. Cp. 15240,Ciudad de México,Venustiano Carranza,19.446139,-99.113372
Leche Ultrapasteurizada,Caja 1 Lt. Parcialmente Descremada. Azul,Alpura. Clásica,Leche Procesada,Basicos,30,2025/12/26,Superissste,Supermercado / Tienda de Autoservicio,Superissste Sucursal 022,Av. del Taller y Retorno No. 38 Dentro del Retorno 38. Col. Jardín Balbuena. Cp. 15900,Ciudad de México,Venustiano Carranza,19.412842,-99.105666
Leche Ultrapasteurizada,Caja 1 Lt. Parcialmente Descremada. Azul,Alpura. Clásica,Leche Procesada,Basicos,36,2025/12/16,Wal-mart,Supermercado / Tienda de Autoservicio,Walmart Sucursal Unidad Plaza de Toros,Autopista Querétaro Celaya 5501. Int. del Centro Comercial Plaza Esfera. Col. el Jacal. Cp. 76187,Querétaro,Santiago de Querétaro,20.574076,-100.408704
Leche Ultrapasteurizada,Caja 1 Lt. Parcialmente Descremada. Azul,Alpura. Clásica,Leche Procesada,Basicos,36,2025/12/18,La Comer,Supermercado / Tienda de Autoservicio,Lacomer Sucursal Queretaro Estadio,Luis M. Vega y Monroy 1300. Esq.cimataRío . Col. CimataRío. Cp. 76090,Querétaro,Santiago de Querétaro,20.577804,-100.373626
Leche Ultrapasteurizada,Caja 1 Lt. Parcialmente Descremada. Azul,Alpura. Clásica,Leche Procesada,Basicos,36,2025/12/18,Wal-mart,Supermercado / Tienda de Autoservicio,Walmart Sucursal Aeropuerto,Calz. Ignacio Zaragoza 58. Esq. Blvd. Puerto Aereo. Col. Federal. Cp. 15700,Ciudad de México,Venustiano Carranza,19.41926,-99.094521
Leche Ultrapasteurizada,Caja 1 Lt. Parcialmente Descremada. Azul,Alpura. Clásica,Leche Procesada,Basicos,36,2025/12/18,Wal-mart,Supermercado / Tienda de Autoservicio,Walmart Sucursal Balbuena,Fray Servando Teresa de Mier 881. Entre Fernando Iglesia Calderon y Genaro Garcia. Col. Jardín Balbuena. Cp. 15900,Ciudad de México,Venustiano Carranza,19.418067,-99.105639
Leche Ultrapasteurizada,Caja 1 Lt. Parcialmente Descremada. Azul,Alpura. Clásica,Leche Procesada,Basicos,36,2025/12/19,Bodega Aurrera,Supermercado / Tienda de Autoservicio,Bodega Aurrera Sucursal Centro Constituyentes,Constituyentes Oriente 334. Entre Pasteur y Manuel Ponce. Col. MercuRío. Cp. 76040,Querétaro,Santiago de Querétaro,20.586349,-100.382801
Leche Ultrapasteurizada,Caja 1 Lt. Parcialmente Descremada. Azul,Alpura. Clásica,Leche Procesada,Basicos,36,2025/12/23,Bodega Aurrera,Supermercado / Tienda de Autoservicio,Bodega Aurrera Sucursal Centro Constituyentes,Constituyentes Oriente 334. Entre Pasteur y Manuel Ponce. Col. MercuRío. Cp. 76040,Querétaro,Santiago de Querétaro,20.586349,-100.382801
Leche Ultrapasteurizada,Caja 1 Lt. Parcialmente Descremada. Azul,Alpura. Clásica,Leche Procesada,Basicos,36,2025/12/23,Wal-mart,Supermercado / Tienda de Autoservicio,Walmart Sucursal Unidad Plaza de Toros,Autopista Querétaro Celaya 5501. Int. del Centro Comercial Plaza Esfera. Col. el Jacal. Cp. 76187,Querétaro,Santiago de Querétaro,20.574076,-100.408704
Leche Ultrapasteurizada,Caja 1 Lt. Parcialmente Descremada. Azul,Alpura. Clásica,Leche Procesada,Basicos,36,2025/12/24,La Comer,Supermercado / Tienda de Autoservicio,Lacomer Sucursal Queretaro Estadio,Luis M. Vega y Monroy 1300. Esq.cimataRío . Col. CimataRío. Cp. 76090,Querétaro,Santiago de Querétaro,20.577804,-100.373626
Leche Ultrapasteurizada,Caja 1 Lt. Parcialmente Descremada. Azul,Alpura. Clásica,Leche Procesada,Basicos,36.5,2025/12/17,Chedraui,Supermercado / Tienda de Autoservicio,Chedraui Sucursal Centro Sur,Blvd. Bernardo Quintana 502. Carr. con Direccion a Centro Civico. Col. Centro Sur. Cp. 76087,Querétaro,Santiago de Querétaro,20.569354,-100.358831
Leche Ultrapasteurizada,Caja 1 Lt. Parcialmente Descremada. Azul,Alpura. Clásica,Leche Procesada,Basicos,36.5,2025/12/22,Chedraui,Supermercado / Tienda de Autoservicio,Chedraui Sucursal Centro Sur,Blvd. Bernardo Quintana 502. Carr. con Direccion a Centro Civico. Col. Centro Sur. Cp. 76087,Querétaro,Santiago de Querétaro,20.569354,-100.358831
Leche Ultrapasteurizada,Caja 1 Lt. Parcialmente Descremada. Azul,Alpura. Clásica,Leche Procesada,Basicos,37.5,2025/12/31,Hipermercado Soriana,Supermercado / Tienda de Autoservicio,Soriana Hiper Sucursal Cimatario,Ctra. a Huimilpan 1001. Int. del Centro Comercial Plaza del Sol. Col. Plazas del Sol. Iii Sección. Cp. 76099,Querétaro,Santiago de Querétaro,20.563227,-100.375284
Leche Ultrapasteurizada,Caja 1 Lt. Parcialmente Descremada. Azul,Alpura. Clásica,Leche Procesada,Basicos,37.9,2025/12/16,Oxxo,Tienda de Conveniencia,Oxxo Sucursal Corregidora 50 Cr,Circuito Moises Solana No. 128. Esq. Gertrudis Bocanegra. Col. Burocratas. Cp. 76070,Querétaro,Santiago de Querétaro,20.57462,-100.384232
Leche Ultrapasteurizada,Caja 1 Lt. Parcialmente Descremada. Light,Alpura,Leche Procesada,Basicos,30,2025/12/18,Bodega Aurrera,Supermercado / Tienda de Autoservicio,Bodega Aurrera Sucursal la Viga,Calz. de la Viga 136 Esq. del Taller. Col. Lorenzo Boturini. Cp. 15820,Ciudad de México,Venustiano Carranza,19.414749,-99.127874
Leche Ultrapasteurizada,Caja 1 Lt. Parcialmente Descremada. Light,Alpura,Leche Procesada,Basicos,30,2025/12/18,Chedraui,Supermercado / Tienda de Autoservicio,Chedraui Sucursal Anfora,Anfora 71. Esq. Eje 1 Norte. Col. Madero. Cp. 15320,Ciudad de México,Venustiano Carranza,19.437353,-99.110088
Leche Ultrapasteurizada,Caja 1 Lt. Parcialmente Descremada. Light,Alpura,Leche Procesada,Basicos,30,2025/12/19,Superissste,Supermercado / Tienda de Autoservicio,Superissste Sucursal 011,Calle Peluqueros No. 310 Esquina Calle Tizayuca. Col. Michoacána. Cp. 15240,Ciudad de México,Venustiano Carranza,19.446139,-99.113372
Leche Ultrapasteurizada,Caja 1 Lt. Parcialmente Descremada. Light,Alpura,Leche Procesada,Basicos,30,2025/12/19,Superissste,Supermercado / Tienda de Autoservicio,Superissste Sucursal 022,Av. del Taller y Retorno No. 38 Dentro del Retorno 38. Col. Jardín Balbuena. Cp. 15900,Ciudad de México,Venustiano Carranza,19.412842,-99.105666
Leche Ultrapasteurizada,Caja 1 Lt. Parcialmente Descremada. Light,Alpura,Leche Procesada,Basicos,30,2025/12/26,Superissste,Supermercado / Tienda de Autoservicio,Superissste Sucursal 011,Calle Peluqueros No. 310 Esquina Calle Tizayuca. Col. Michoacána. Cp. 15240,Ciudad de México,Venustiano Carranza,19.446139,-99.113372
Leche Ultrapasteurizada,Caja 1 Lt. Parcialmente Descremada. Light,Alpura,Leche Procesada,Basicos,30,2025/12/26,Superissste,Supermercado / Tienda de Autoservicio,Superissste Sucursal 022,Av. del Taller y Retorno No. 38 Dentro del Retorno 38. Col. Jardín Balbuena. Cp. 15900,Ciudad de México,Venustiano Carranza,19.412842,-99.105666
Leche Ultrapasteurizada,Caja 1 Lt. Parcialmente Descremada. Light,Alpura,Leche Procesada,Basicos,34.5,2025/12/19,Bodega Aurrera,Supermercado / Tienda de Autoservicio,Bodega Aurrera Sucursal Centro Constituyentes,Constituyentes Oriente 334. Entre Pasteur y Manuel Ponce. Col. MercuRío. Cp. 76040,Querétaro,Santiago de Querétaro,20.586349,-100.382801
Leche Ultrapasteurizada,Caja 1 Lt. Parcialmente Descremada. Light,Alpura,Leche Procesada,Basicos,34.5,2025/12/23,Bodega Aurrera,Supermercado / Tienda de Autoservicio,Bodega Aurrera Sucursal Centro Constituyentes,Constituyentes Oriente 334. Entre Pasteur y Manuel Ponce. Col. MercuRío. Cp. 76040,Querétaro,Santiago de Querétaro,20.586349,-100.382801
Leche Ultrapasteurizada,Caja 1 Lt. Parcialmente Descremada. Light,Alpura,Leche Procesada,Basicos,36,2025/12/16,Wal-mart,Supermercado / Tienda de Autoservicio,Walmart Sucursal Unidad Plaza de Toros,Autopista Querétaro Celaya 5501. Int. del Centro Comercial Plaza Esfera. Col. el Jacal. Cp. 76187,Querétaro,Santiago de Querétaro,20.574076,-100.408704
Leche Ultrapasteurizada,Caja 1 Lt. Parcialmente Descremada. Light,Alpura,Leche Procesada,Basicos,36,2025/12/18,La Comer,Supermercado / Tienda de Autoservicio,Lacomer Sucursal Queretaro Estadio,Luis M. Vega y Monroy 1300. Esq.cimataRío . Col. CimataRío. Cp. 76090,Querétaro,Santiago de Querétaro,20.577804,-100.373626
Leche Ultrapasteurizada,Caja 1 Lt. Parcialmente Descremada. Light,Alpura,Leche Procesada,Basicos,36,2025/12/18,Wal-mart,Supermercado / Tienda de Autoservicio,Walmart Sucursal Aeropuerto,Calz. Ignacio Zaragoza 58. Esq. Blvd. Puerto Aereo. Col. Federal. Cp. 15700,Ciudad de México,Venustiano Carranza,19.41926,-99.094521
Leche Ultrapasteurizada,Caja 1 Lt. Parcialmente Descremada. Light,Alpura,Leche Procesada,Basicos,36,2025/12/18,Wal-mart,Supermercado / Tienda de Autoservicio,Walmart Sucursal Balbuena,Fray Servando Teresa de Mier 881. Entre Fernando Iglesia Calderon y Genaro Garcia. Col. Jardín Balbuena. Cp. 15900,Ciudad de México,Venustiano Carranza,19.418067,-99.105639
Leche Ultrapasteurizada,Caja 1 Lt. Parcialmente Descremada. Light,Alpura,Leche Procesada,Basicos,36,2025/12/23,Wal-mart,Supermercado / Tienda de Autoservicio,Walmart Sucursal Unidad Plaza de Toros,Autopista Querétaro Celaya 5501. Int. del Centro Comercial Plaza Esfera. Col. el Jacal. Cp. 76187,Querétaro,Santiago de Querétaro,20.574076,-100.408704
Leche Ultrapasteurizada,Caja 1 Lt. Parcialmente Descremada. Light,Alpura,Leche Procesada,Basicos,36,2025/12/24,La Comer,Supermercado / Tienda de Autoservicio,Lacomer Sucursal Queretaro Estadio,Luis M. Vega y Monroy 1300. Esq.cimataRío . Col. CimataRío. Cp. 76090,Querétaro,Santiago de Querétaro,20.577804,-100.373626
Leche Ultrapasteurizada,Caja 1 Lt. Parcialmente Descremada. Light,Alpura,Leche Procesada,Basicos,36.5,2025/12/17,Chedraui,Supermercado / Tienda de Autoservicio,Chedraui Sucursal Centro Sur,Blvd. Bernardo Quintana 502. Carr. con Direccion a Centro Civico. Col. Centro Sur. Cp. 76087,Querétaro,Santiago de Querétaro,20.569354,-100.358831
Leche Ultrapasteurizada,Caja 1 Lt. Parcialmente Descremada. Light,Alpura,Leche Procesada,Basicos,36.5,2025/12/22,Chedraui,Supermercado / Tienda de Autoservicio,Chedraui Sucursal Centro Sur,Blvd. Bernardo Quintana 502. Carr. con Direccion a Centro Civico. Col. Centro Sur. Cp. 76087,Querétaro,Santiago de Querétaro,20.569354,-100.358831
Leche Ultrapasteurizada,Caja 1 Lt. Parcialmente Descremada. Light. Baja en Grasa,Lala,Leche Procesada,Basicos,35,2025/12/19,Superissste,Supermercado / Tienda de Autoservicio,Superissste Sucursal 011,Calle Peluqueros No. 310 Esquina Calle Tizayuca. Col. Michoacána. Cp. 15240,Ciudad de México,Venustiano Carranza,19.446139,-99.113372
Leche Ultrapasteurizada,Caja 1 Lt. Parcialmente Descremada. Light. Baja en Grasa,Lala,Leche Procesada,Basicos,35,2025/12/19,Superissste,Supermercado / Tienda de Autoservicio,Superissste Sucursal 022,Av. del Taller y Retorno No. 38 Dentro del Retorno 38. Col. Jardín Balbuena. Cp. 15900,Ciudad de México,Venustiano Carranza,19.412842,-99.105666
Leche Ultrapasteurizada,Caja 1 Lt. Parcialmente Descremada. Light. Baja en Grasa,Lala,Leche Procesada,Basicos,35,2025/12/26,Superissste,Supermercado / Tienda de Autoservicio,Superissste Sucursal 011,Calle Peluqueros No. 310 Esquina Calle Tizayuca. Col. Michoacána. Cp. 15240,Ciudad de México,Venustiano Carranza,19.446139,-99.113372
Leche Ultrapasteurizada,Caja 1 Lt. Parcialmente Descremada. Light. Baja en Grasa,Lala,Leche Procesada,Basicos,35,2025/12/26,Superissste,Supermercado / Tienda de Autoservicio,Superissste Sucursal 022,Av. del Taller y Retorno No. 38 Dentro del Retorno 38. Col. Jardín Balbuena. Cp. 15900,Ciudad de México,Venustiano Carranza,19.412842,-99.105666
Leche Ultrapasteurizada,Caja 1 Lt. Parcialmente Descremada. Light. Baja en Grasa,Lala,Leche Procesada,Basicos,36,2025/12/18,Bodega Aurrera,Supermercado / Tienda de Autoservicio,Bodega Aurrera Sucursal la Viga,Calz. de la Viga 136 Esq. del Taller. Col. Lorenzo Boturini. Cp. 15820,Ciudad de México,Venustiano Carranza,19.414749,-99.127874
Leche Ultrapasteurizada,Caja 1 Lt. Parcialmente Descremada. Light. Baja en Grasa,Lala,Leche Procesada,Basicos,36,2025/12/18,Chedraui,Supermercado / Tienda de Autoservicio,Chedraui Sucursal Anfora,Anfora 71. Esq. Eje 1 Norte. Col. Madero. Cp. 15320,Ciudad de México,Venustiano Carranza,19.437353,-99.110088
Leche Ultrapasteurizada,Caja 1 Lt. Parcialmente Descremada. Light. Baja en Grasa,Lala,Leche Procesada,Basicos,36,2025/12/19,Bodega Aurrera,Supermercado / Tienda de Autoservicio,Bodega Aurrera Sucursal Centro Constituyentes,Constituyentes Oriente 334. Entre Pasteur y Manuel Ponce. Col. MercuRío. Cp. 76040,Querétaro,Santiago de Querétaro,20.586349,-100.382801
Leche Ultrapasteurizada,Caja 1 Lt. Parcialmente Descremada. Light. Baja en Grasa,Lala,Leche Procesada,Basicos,36,2025/12/23,Bodega Aurrera,Supermercado / Tienda de Autoservicio,Bodega Aurrera Sucursal Centro Constituyentes,Constituyentes Oriente 334. Entre Pasteur y Manuel Ponce. Col. MercuRío. Cp. 76040,Querétaro,Santiago de Querétaro,20.586349,-100.382801
Leche Ultrapasteurizada,Caja 1 Lt. Parcialmente Descremada. Light. Baja en Grasa,Lala,Leche Procesada,Basicos,37,2025/12/16,Wal-mart,Supermercado / Tienda de Autoservicio,Walmart Sucursal Unidad Plaza de Toros,Autopista Querétaro Celaya 5501. Int. del Centro Comercial Plaza Esfera. Col. el Jacal. Cp. 76187,Querétaro,Santiago de Querétaro,20.574076,-100.408704
Leche Ultrapasteurizada,Caja 1 Lt. Parcialmente Descremada. Light. Baja en Grasa,Lala,Leche Procesada,Basicos,37,2025/12/18,Wal-mart,Supermercado / Tienda de Autoservicio,Walmart Sucursal Aeropuerto,Calz. Ignacio Zaragoza 58. Esq. Blvd. Puerto Aereo. Col. Federal. Cp. 15700,Ciudad de México,Venustiano Carranza,19.41926,-99.094521
Leche Ultrapasteurizada,Caja 1 Lt. Parcialmente Descremada. Light. Baja en Grasa,Lala,Leche Procesada,Basicos,37,2025/12/18,Wal-mart,Supermercado / Tienda de Autoservicio,Walmart Sucursal Balbuena,Fray Servando Teresa de Mier 881. Entre Fernando Iglesia Calderon y Genaro Garcia. Col. Jardín Balbuena. Cp. 15900,Ciudad de México,Venustiano Carranza,19.418067,-99.105639
Leche Ultrapasteurizada,Caja 1 Lt. Parcialmente Descremada. Light. Baja en Grasa,Lala,Leche Procesada,Basicos,37,2025/12/23,Wal-mart,Supermercado / Tienda de Autoservicio,Walmart Sucursal Unidad Plaza de Toros,Autopista Querétaro Celaya 5501. Int. del Centro Comercial Plaza Esfera. Col. el Jacal. Cp. 76187,Querétaro,Santiago de Querétaro,20.574076,-100.408704
Leche Ultrapasteurizada,Caja 1 Lt. Parcialmente Descremada. Light. Baja en Grasa,Lala,Leche Procesada,Basicos,38,2025/12/17,Chedraui,Supermercado / Tienda de Autoservicio,Chedraui Sucursal Centro Sur,Blvd. Bernardo Quintana 502. Carr. con Direccion a Centro Civico. Col. Centro Sur. Cp. 76087,Querétaro,Santiago de Querétaro,20.569354,-100.358831
Leche Ultrapasteurizada,Caja 1 Lt. Parcialmente Descremada. Light. Baja en Grasa,Lala,Leche Procesada,Basicos,38,2025/12/22,Chedraui,Supermercado / Tienda de Autoservicio,Chedraui Sucursal Centro Sur,Blvd. Bernardo Quintana 502. Carr. con Direccion a Centro Civico. Col. Centro Sur. Cp. 76087,Querétaro,Santiago de Querétaro,20.569354,-100.358831
Leche Ultrapasteurizada,Caja 1 Lt. Parcialmente Descremada. Light. Baja en Grasa,Lala,Leche Procesada,Basicos,39,2025/12/16,Oxxo,Tienda de Conveniencia,Oxxo Sucursal Corregidora 50 Cr,Circuito Moises Solana No. 128. Esq. Gertrudis Bocanegra. Col. Burocratas. Cp. 76070,Querétaro,Santiago de Querétaro,20.57462,-100.384232
Leche Ultrapasteurizada,Caja 1 Lt. Parcialmente Descremada. Light. Baja en Grasa,Lala,Leche Procesada,Basicos,39.5,2025/12/31,Hipermercado Soriana,Supermercado / Tienda de Autoservicio,Soriana Hiper Sucursal Cimatario,Ctra. a Huimilpan 1001. Int. del Centro Comercial Plaza del Sol. Col. Plazas del Sol. Iii Sección. Cp. 76099,Querétaro,Santiago de Querétaro,20.563227,-100.375284
Leche Ultrapasteurizada,Caja 1 Lt. Parcialmente Descremada. Semi,Alpura,Leche Procesada,Basicos,30,2025/12/18,Bodega Aurrera,Supermercado / Tienda de Autoservicio,Bodega Aurrera Sucursal la Viga,Calz. de la Viga 136 Esq. del Taller. Col. Lorenzo Boturini. Cp. 15820,Ciudad de México,Venustiano Carranza,19.414749,-99.127874
Leche Ultrapasteurizada,Caja 1 Lt. Parcialmente Descremada. Semi,Alpura,Leche Procesada,Basicos,30,2025/12/18,Chedraui,Supermercado / Tienda de Autoservicio,Chedraui Sucursal Anfora,Anfora 71. Esq. Eje 1 Norte. Col. Madero. Cp. 15320,Ciudad de México,Venustiano Carranza,19.437353,-99.110088
Leche Ultrapasteurizada,Caja 1 Lt. Parcialmente Descremada. Semi,Alpura,Leche Procesada,Basicos,30,2025/12/19,Superissste,Supermercado / Tienda de Autoservicio,Superissste Sucursal 011,Calle Peluqueros No. 310 Esquina Calle Tizayuca. Col. Michoacána. Cp. 15240,Ciudad de México,Venustiano Carranza,19.446139,-99.113372
Leche Ultrapasteurizada,Caja 1 Lt. Parcialmente Descremada. Semi,Alpura,Leche Procesada,Basicos,30,2025/12/19,Superissste,Supermercado / Tienda de Autoservicio,Superissste Sucursal 022,Av. del Taller y Retorno No. 38 Dentro del Retorno 38. Col. Jardín Balbuena. Cp. 15900,Ciudad de México,Venustiano Carranza,19.412842,-99.105666
Leche Ultrapasteurizada,Caja 1 Lt. Parcialmente Descremada. Semi,Alpura,Leche Procesada,Basicos,30,2025/12/26,Superissste,Supermercado / Tienda de Autoservicio,Superissste Sucursal 011,Calle Peluqueros No. 310 Esquina Calle Tizayuca. Col. Michoacána. Cp. 15240,Ciudad de México,Venustiano Carranza,19.446139,-99.113372
Leche Ultrapasteurizada,Caja 1 Lt. Parcialmente Descremada. Semi,Alpura,Leche Procesada,Basicos,30,2025/12/26,Superissste,Supermercado / Tienda de Autoservicio,Superissste Sucursal 022,Av. del Taller y Retorno No. 38 Dentro del Retorno 38. Col. Jardín Balbuena. Cp. 15900,Ciudad de México,Venustiano Carranza,19.412842,-99.105666
Leche Ultrapasteurizada,Caja 1 Lt. Parcialmente Descremada. Semi,Alpura,Leche Procesada,Basicos,32,2025/12/19,Bodega Aurrera,Supermercado / Tienda de Autoservicio,Bodega Aurrera Sucursal Centro Constituyentes,Constituyentes Oriente 334. Entre Pasteur y Manuel Ponce. Col. MercuRío. Cp. 76040,Querétaro,Santiago de Querétaro,20.586349,-100.382801
Leche Ultrapasteurizada,Caja 1 Lt. Parcialmente Descremada. Semi,Alpura,Leche Procesada,Basicos,32,2025/12/23,Bodega Aurrera,Supermercado / Tienda de Autoservicio,Bodega Aurrera Sucursal Centro Constituyentes,Constituyentes Oriente 334. Entre Pasteur y Manuel Ponce. Col. MercuRío. Cp. 76040,Querétaro,Santiago de Querétaro,20.586349,-100.382801
Leche Ultrapasteurizada,Caja 1 Lt. Parcialmente Descremada. Semi,Alpura,Leche Procesada,Basicos,36,2025/12/16,Wal-mart,Supermercado / Tienda de Autoservicio,Walmart Sucursal Unidad Plaza de Toros,Autopista Querétaro Celaya 5501. Int. del Centro Comercial Plaza Esfera. Col. el Jacal. Cp. 76187,Querétaro,Santiago de Querétaro,20.574076,-100.408704
Leche Ultrapasteurizada,Caja 1 Lt. Parcialmente Descremada. Semi,Alpura,Leche Procesada,Basicos,36,2025/12/18,La Comer,Supermercado / Tienda de Autoservicio,Lacomer Sucursal Queretaro Estadio,Luis M. Vega y Monroy 1300. Esq.cimataRío . Col. CimataRío. Cp. 76090,Querétaro,Santiago de Querétaro,20.577804,-100.373626
Leche Ultrapasteurizada,Caja 1 Lt. Parcialmente Descremada. Semi,Alpura,Leche Procesada,Basicos,36,2025/12/18,Wal-mart,Supermercado / Tienda de Autoservicio,Walmart Sucursal Aeropuerto,Calz. Ignacio Zaragoza 58. Esq. Blvd. Puerto Aereo. Col. Federal. Cp. 15700,Ciudad de México,Venustiano Carranza,19.41926,-99.094521
Leche Ultrapasteurizada,Caja 1 Lt. Parcialmente Descremada. Semi,Alpura,Leche Procesada,Basicos,36,2025/12/18,Wal-mart,Supermercado / Tienda de Autoservicio,Walmart Sucursal Balbuena,Fray Servando Teresa de Mier 881. Entre Fernando Iglesia Calderon y Genaro Garcia. Col. Jardín Balbuena. Cp. 15900,Ciudad de México,Venustiano Carranza,19.418067,-99.105639
Leche Ultrapasteurizada,Caja 1 Lt. Parcialmente Descremada. Semi,Alpura,Leche Procesada,Basicos,36,2025/12/23,Wal-mart,Supermercado / Tienda de Autoservicio,Walmart Sucursal Unidad Plaza de Toros,Autopista Querétaro Celaya 5501. Int. del Centro Comercial Plaza Esfera. Col. el Jacal. Cp. 76187,Querétaro,Santiago de Querétaro,20.574076,-100.408704
Leche Ultrapasteurizada,Caja 1 Lt. Parcialmente Descremada. Semi,Alpura,Leche Procesada,Basicos,36,2025/12/24,La Comer,Supermercado / Tienda de Autoservicio,Lacomer Sucursal Queretaro Estadio,Luis M. Vega y Monroy 1300. Esq.cimataRío . Col. CimataRío. Cp. 76090,Querétaro,Santiago de Querétaro,20.577804,-100.373626
Leche Ultrapasteurizada,Caja 1 Lt. Parcialmente Descremada. Semi,Alpura,Leche Procesada,Basicos,37.5,2025/12/31,Hipermercado Soriana,Supermercado / Tienda de Autoservicio,Soriana Hiper Sucursal Cimatario,Ctra. a Huimilpan 1001. Int. del Centro Comercial Plaza del Sol. Col. Plazas del Sol. Iii Sección. Cp. 76099,Querétaro,Santiago de Querétaro,20.563227,-100.375284
Leche Ultrapasteurizada,Caja 1 Lt. Semidescremada,San Marcos,Leche Procesada,Basicos,28,2025/12/18,Chedraui,Supermercado / Tienda de Autoservicio,Chedraui Sucursal Anfora,Anfora 71. Esq. Eje 1 Norte. Col. Madero. Cp. 15320,Ciudad de México,Venustiano Carranza,19.437353,-99.110088
Leche Ultrapasteurizada,Caja 1 Lt. Semidescremada,San Marcos,Leche Procesada,Basicos,28.5,2025/12/18,La Comer,Supermercado / Tienda de Autoservicio,Lacomer Sucursal Queretaro Estadio,Luis M. Vega y Monroy 1300. Esq.cimataRío . Col. CimataRío. Cp. 76090,Querétaro,Santiago de Querétaro,20.577804,-100.373626
Leche Ultrapasteurizada,Caja 1 Lt. Semidescremada,San Marcos,Leche Procesada,Basicos,34,2025/12/16,Wal-mart,Supermercado / Tienda de Autoservicio,Walmart Sucursal Unidad Plaza de Toros,Autopista Querétaro Celaya 5501. Int. del Centro Comercial Plaza Esfera. Col. el Jacal. Cp. 76187,Querétaro,Santiago de Querétaro,20.574076,-100.408704
Leche Ultrapasteurizada,Caja 1 Lt. Semidescremada,San Marcos,Leche Procesada,Basicos,34,2025/12/18,Bodega Aurrera,Supermercado / Tienda de Autoservicio,Bodega Aurrera Sucursal la Viga,Calz. de la Viga 136 Esq. del Taller. Col. Lorenzo Boturini. Cp. 15820,Ciudad de México,Venustiano Carranza,19.414749,-99.127874
Leche Ultrapasteurizada,Caja 1 Lt. Semidescremada,San Marcos,Leche Procesada,Basicos,34,2025/12/18,Wal-mart,Supermercado / Tienda de Autoservicio,Walmart Sucursal Aeropuerto,Calz. Ignacio Zaragoza 58. Esq. Blvd. Puerto Aereo. Col. Federal. Cp. 15700,Ciudad de México,Venustiano Carranza,19.41926,-99.094521
Leche Ultrapasteurizada,Caja 1 Lt. Semidescremada,San Marcos,Leche Procesada,Basicos,34,2025/12/19,Bodega Aurrera,Supermercado / Tienda de Autoservicio,Bodega Aurrera Sucursal Centro Constituyentes,Constituyentes Oriente 334. Entre Pasteur y Manuel Ponce. Col. MercuRío. Cp. 76040,Querétaro,Santiago de Querétaro,20.586349,-100.382801
Leche Ultrapasteurizada,Caja 1 Lt. Semidescremada,San Marcos,Leche Procesada,Basicos,34,2025/12/23,Bodega Aurrera,Supermercado / Tienda de Autoservicio,Bodega Aurrera Sucursal Centro Constituyentes,Constituyentes Oriente 334. Entre Pasteur y Manuel Ponce. Col. MercuRío. Cp. 76040,Querétaro,Santiago de Querétaro,20.586349,-100.382801
Leche Ultrapasteurizada,Caja 1 Lt. Semidescremada,San Marcos,Leche Procesada,Basicos,35,2025/12/18,Wal-mart,Supermercado / Tienda de Autoservicio,Walmart Sucursal Balbuena,Fray Servando Teresa de Mier 881. Entre Fernando Iglesia Calderon y Genaro Garcia. Col. Jardín Balbuena. Cp. 15900,Ciudad de México,Venustiano Carranza,19.418067,-99.105639
Leche Ultrapasteurizada,Caja 1 Lt. Semidescremada. Reducida en Grasa,Lala,Leche Procesada,Basicos,35,2025/12/19,Superissste,Supermercado / Tienda de Autoservicio,Superissste Sucursal 011,Calle Peluqueros No. 310 Esquina Calle Tizayuca. Col. Michoacána. Cp. 15240,Ciudad de México,Venustiano Carranza,19.446139,-99.113372
Leche Ultrapasteurizada,Caja 1 Lt. Semidescremada. Reducida en Grasa,Lala,Leche Procesada,Basicos,35,2025/12/19,Superissste,Supermercado / Tienda de Autoservicio,Superissste Sucursal 022,Av. del Taller y Retorno No. 38 Dentro del Retorno 38. Col. Jardín Balbuena. Cp. 15900,Ciudad de México,Venustiano Carranza,19.412842,-99.105666
Leche Ultrapasteurizada,Caja 1 Lt. Semidescremada. Reducida en Grasa,Lala,Leche Procesada,Basicos,35,2025/12/26,Superissste,Supermercado / Tienda de Autoservicio,Superissste Sucursal 011,Calle Peluqueros No. 310 Esquina Calle Tizayuca. Col. Michoacána. Cp. 15240,Ciudad de México,Venustiano Carranza,19.446139,-99.113372
Leche Ultrapasteurizada,Caja 1 Lt. Semidescremada. Reducida en Grasa,Lala,Leche Procesada,Basicos,35,2025/12/26,Superissste,Supermercado / Tienda de Autoservicio,Superissste Sucursal 022,Av. del Taller y Retorno No. 38 Dentro del Retorno 38. Col. Jardín Balbuena. Cp. 15900,Ciudad de México,Venustiano Carranza,19.412842,-99.105666
Leche Ultrapasteurizada,Caja 1 Lt. Semidescremada. Reducida en Grasa,Lala,Leche Procesada,Basicos,36,2025/12/18,Bodega Aurrera,Supermercado / Tienda de Autoservicio,Bodega Aurrera Sucursal la Viga,Calz. de la Viga 136 Esq. del Taller. Col. Lorenzo Boturini. Cp. 15820,Ciudad de México,Venustiano Carranza,19.414749,-99.127874
Leche Ultrapasteurizada,Caja 1 Lt. Semidescremada. Reducida en Grasa,Lala,Leche Procesada,Basicos,36,2025/12/18,Chedraui,Supermercado / Tienda de Autoservicio,Chedraui Sucursal Anfora,Anfora 71. Esq. Eje 1 Norte. Col. Madero. Cp. 15320,Ciudad de México,Venustiano Carranza,19.437353,-99.110088
Leche Ultrapasteurizada,Caja 1 Lt. Semidescremada. Reducida en Grasa,Lala,Leche Procesada,Basicos,36,2025/12/19,Bodega Aurrera,Supermercado / Tienda de Autoservicio,Bodega Aurrera Sucursal Centro Constituyentes,Constituyentes Oriente 334. Entre Pasteur y Manuel Ponce. Col. MercuRío. Cp. 76040,Querétaro,Santiago de Querétaro,20.586349,-100.382801
Leche Ultrapasteurizada,Caja 1 Lt. Semidescremada. Reducida en Grasa,Lala,Leche Procesada,Basicos,36,2025/12/23,Bodega Aurrera,Supermercado / Tienda de Autoservicio,Bodega Aurrera Sucursal Centro Constituyentes,Constituyentes Oriente 334. Entre Pasteur y Manuel Ponce. Col. MercuRío. Cp. 76040,Querétaro,Santiago de Querétaro,20.586349,-100.382801
Leche Ultrapasteurizada,Caja 1 Lt. Semidescremada. Reducida en Grasa,Lala,Leche Procesada,Basicos,37,2025/12/16,Wal-mart,Supermercado / Tienda de Autoservicio,Walmart Sucursal Unidad Plaza de Toros,Autopista Querétaro Celaya 5501. Int. del Centro Comercial Plaza Esfera. Col. el Jacal. Cp. 76187,Querétaro,Santiago de Querétaro,20.574076,-100.408704
Leche Ultrapasteurizada,Caja 1 Lt. Semidescremada. Reducida en Grasa,Lala,Leche Procesada,Basicos,37,2025/12/18,Wal-mart,Supermercado / Tienda de Autoservicio,Walmart Sucursal Aeropuerto,Calz. Ignacio Zaragoza 58. Esq. Blvd. Puerto Aereo. Col. Federal. Cp. 15700,Ciudad de México,Venustiano Carranza,19.41926,-99.094521
Leche Ultrapasteurizada,Caja 1 Lt. Semidescremada. Reducida en Grasa,Lala,Leche Procesada,Basicos,37,2025/12/18,Wal-mart,Supermercado / Tienda de Autoservicio,Walmart Sucursal Balbuena,Fray Servando Teresa de Mier 881. Entre Fernando Iglesia Calderon y Genaro Garcia. Col. Jardín Balbuena. Cp. 15900,Ciudad de México,Venustiano Carranza,19.418067,-99.105639
Leche Ultrapasteurizada,Caja 1 Lt. Semidescremada. Reducida en Grasa,Lala,Leche Procesada,Basicos,37,2025/12/23,Wal-mart,Supermercado / Tienda de Autoservicio,Walmart Sucursal Unidad Plaza de Toros,Autopista Querétaro Celaya 5501. Int. del Centro Comercial Plaza Esfera. Col. el Jacal. Cp. 76187,Querétaro,Santiago de Querétaro,20.574076,-100.408704
Leche Ultrapasteurizada,Caja 1 Lt. Semidescremada. Reducida en Grasa,Lala,Leche Procesada,Basicos,37.5,2025/12/31,Hipermercado Soriana,Supermercado / Tienda de Autoservicio,Soriana Hiper Sucursal Cimatario,Ctra. a Huimilpan 1001. Int. del Centro Comercial Plaza del Sol. Col. Plazas del Sol. Iii Sección. Cp. 76099,Querétaro,Santiago de Querétaro,20.563227,-100.375284
Leche Ultrapasteurizada,Caja 1 Lt. Semidescremada. Reducida en Grasa,Lala,Leche Procesada,Basicos,38,2025/12/17,Chedraui,Supermercado / Tienda de Autoservicio,Chedraui Sucursal Centro Sur,Blvd. Bernardo Quintana 502. Carr. con Direccion a Centro Civico. Col. Centro Sur. Cp. 76087,Querétaro,Santiago de Querétaro,20.569354,-100.358831
Leche Ultrapasteurizada,Caja 1 Lt. Semidescremada. Reducida en Grasa,Lala,Leche Procesada,Basicos,38,2025/12/22,Chedraui,Supermercado / Tienda de Autoservicio,Chedraui Sucursal Centro Sur,Blvd. Bernardo Quintana 502. Carr. con Direccion a Centro Civico. Col. Centro Sur. Cp. 76087,Querétaro,Santiago de Querétaro,20.569354,-100.358831
Leche Ultrapasteurizada,Caja 200 Ml. Parcialmente Descremada,Alpura. Clásica,Leche Procesada,Basicos,11,2025/12/18,La Comer,Supermercado / Tienda de Autoservicio,Lacomer Sucursal Queretaro Estadio,Luis M. Vega y Monroy 1300. Esq.cimataRío . Col. CimataRío. Cp. 76090,Querétaro,Santiago de Querétaro,20.577804,-100.373626
Leche Ultrapasteurizada,Caja 200 Ml. Parcialmente Descremada,Alpura. Clásica,Leche Procesada,Basicos,8,2025/12/19,Superissste,Supermercado / Tienda de Autoservicio,Superissste Sucursal 011,Calle Peluqueros No. 310 Esquina Calle Tizayuca. Col. Michoacána. Cp. 15240,Ciudad de México,Venustiano Carranza,19.446139,-99.113372
Leche Ultrapasteurizada,Caja 200 Ml. Parcialmente Descremada,Alpura. Clásica,Leche Procesada,Basicos,8,2025/12/19,Superissste,Supermercado / Tienda de Autoservicio,Superissste Sucursal 022,Av. del Taller y Retorno No. 38 Dentro del Retorno 38. Col. Jardín Balbuena. Cp. 15900,Ciudad de México,Venustiano Carranza,19.412842,-99.105666
Leche Ultrapasteurizada,Caja 200 Ml. Parcialmente Descremada,Alpura. Clásica,Leche Procesada,Basicos,8,2025/12/26,Superissste,Supermercado / Tienda de Autoservicio,Superissste Sucursal 011,Calle Peluqueros No. 310 Esquina Calle Tizayuca. Col. Michoacána. Cp. 15240,Ciudad de México,Venustiano Carranza,19.446139,-99.113372
Leche Ultrapasteurizada,Caja 200 Ml. Parcialmente Descremada,Alpura. Clásica,Leche Procesada,Basicos,8,2025/12/26,Superissste,Supermercado / Tienda de Autoservicio,Superissste Sucursal 022,Av. del Taller y Retorno No. 38 Dentro del Retorno 38. Col. Jardín Balbuena. Cp. 15900,Ciudad de México,Venustiano Carranza,19.412842,-99.105666
Leche Ultrapasteurizada,Caja 200 Ml. Parcialmente Descremada,Alpura. Clásica,Leche Procesada,Basicos,9,2025/12/17,Chedraui,Supermercado / Tienda de Autoservicio,Chedraui Sucursal Centro Sur,Blvd. Bernardo Quintana 502. Carr. con Direccion a Centro Civico. Col. Centro Sur. Cp. 76087,Querétaro,Santiago de Querétaro,20.569354,-100.358831
Leche Ultrapasteurizada,Caja 200 Ml. Parcialmente Descremada,Alpura. Clásica,Leche Procesada,Basicos,9,2025/12/19,Bodega Aurrera,Supermercado / Tienda de Autoservicio,Bodega Aurrera Sucursal Centro Constituyentes,Constituyentes Oriente 334. Entre Pasteur y Manuel Ponce. Col. MercuRío. Cp. 76040,Querétaro,Santiago de Querétaro,20.586349,-100.382801
Leche Ultrapasteurizada,Caja 200 Ml. Parcialmente Descremada,Alpura. Clásica,Leche Procesada,Basicos,9,2025/12/22,Chedraui,Supermercado / Tienda de Autoservicio,Chedraui Sucursal Centro Sur,Blvd. Bernardo Quintana 502. Carr. con Direccion a Centro Civico. Col. Centro Sur. Cp. 76087,Querétaro,Santiago de Querétaro,20.569354,-100.358831
Leche Ultrapasteurizada,Caja 200 Ml. Parcialmente Descremada,Alpura. Clásica,Leche Procesada,Basicos,9,2025/12/23,Bodega Aurrera,Supermercado / Tienda de Autoservicio,Bodega Aurrera Sucursal Centro Constituyentes,Constituyentes Oriente 334. Entre Pasteur y Manuel Ponce. Col. MercuRío. Cp. 76040,Querétaro,Santiago de Querétaro,20.586349,-100.382801
Leche Ultrapasteurizada,Caja 200 Ml. Parcialmente Descremada,Alpura. Clásica,Leche Procesada,Basicos,9,2025/12/24,La Comer,Supermercado / Tienda de Autoservicio,Lacomer Sucursal Queretaro Estadio,Luis M. Vega y Monroy 1300. Esq.cimataRío . Col. CimataRío. Cp. 76090,Querétaro,Santiago de Querétaro,20.577804,-100.373626
Leche Ultrapasteurizada,Caja 200 Ml. Parcialmente Descremada,Alpura. Clásica,Leche Procesada,Basicos,9.5,2025/12/16,Wal-mart,Supermercado / Tienda de Autoservicio,Walmart Sucursal Unidad Plaza de Toros,Autopista Querétaro Celaya 5501. Int. del Centro Comercial Plaza Esfera. Col. el Jacal. Cp. 76187,Querétaro,Santiago de Querétaro,20.574076,-100.408704
Leche Ultrapasteurizada,Caja 200 Ml. Parcialmente Descremada,Alpura. Clásica,Leche Procesada,Basicos,9.5,2025/12/23,Wal-mart,Supermercado / Tienda de Autoservicio,Walmart Sucursal Unidad Plaza de Toros,Autopista Querétaro Celaya 5501. Int. del Centro Comercial Plaza Esfera. Col. el Jacal. Cp. 76187,Querétaro,Santiago de Querétaro,20.574076,-100.408704
Leche Ultrapasteurizada,Caja 200 Ml. Parcialmente Descremada,Alpura. Clásica,Leche Procesada,Basicos,9.5,2025/12/31,Hipermercado Soriana,Supermercado / Tienda de Autoservicio,Soriana Hiper Sucursal Cimatario,Ctra. a Huimilpan 1001. Int. del Centro Comercial Plaza del Sol. Col. Plazas del Sol. Iii Sección. Cp. 76099,Querétaro,Santiago de Querétaro,20.563227,-100.375284
Leche Ultrapasteurizada,Caja 200 Ml. Semidescremada. Chocopower. Sabor Chocolate,Alpura. Vaquitas,Leche Procesada,Basicos,10,2025/12/19,Superissste,Supermercado / Tienda de Autoservicio,Superissste Sucursal 011,Calle Peluqueros No. 310 Esquina Calle Tizayuca. Col. Michoacána. Cp. 15240,Ciudad de México,Venustiano Carranza,19.446139,-99.113372
Leche Ultrapasteurizada,Caja 200 Ml. Semidescremada. Chocopower. Sabor Chocolate,Alpura. Vaquitas,Leche Procesada,Basicos,10,2025/12/19,Superissste,Supermercado / Tienda de Autoservicio,Superissste Sucursal 022,Av. del Taller y Retorno No. 38 Dentro del Retorno 38. Col. Jardín Balbuena. Cp. 15900,Ciudad de México,Venustiano Carranza,19.412842,-99.105666
Leche Ultrapasteurizada,Caja 200 Ml. Semidescremada. Chocopower. Sabor Chocolate,Alpura. Vaquitas,Leche Procesada,Basicos,10,2025/12/26,Superissste,Supermercado / Tienda de Autoservicio,Superissste Sucursal 011,Calle Peluqueros No. 310 Esquina Calle Tizayuca. Col. Michoacána. Cp. 15240,Ciudad de México,Venustiano Carranza,19.446139,-99.113372
Leche Ultrapasteurizada,Caja 200 Ml. Semidescremada. Chocopower. Sabor Chocolate,Alpura. Vaquitas,Leche Procesada,Basicos,10,2025/12/26,Superissste,Supermercado / Tienda de Autoservicio,Superissste Sucursal 022,Av. del Taller y Retorno No. 38 Dentro del Retorno 38. Col. Jardín Balbuena. Cp. 15900,Ciudad de México,Venustiano Carranza,19.412842,-99.105666
Leche Ultrapasteurizada,Caja 200 Ml. Semidescremada. Chocopower. Sabor Chocolate,Alpura. Vaquitas,Leche Procesada,Basicos,11,2025/12/24,La Comer,Supermercado / Tienda de Autoservicio,Lacomer Sucursal Queretaro Estadio,Luis M. Vega y Monroy 1300. Esq.cimataRío . Col. CimataRío. Cp. 76090,Querétaro,Santiago de Querétaro,20.577804,-100.373626
Leche Ultrapasteurizada,Caja 200 Ml. Semidescremada. Chocopower. Sabor Chocolate,Alpura. Vaquitas,Leche Procesada,Basicos,11.7,2025/12/31,Hipermercado Soriana,Supermercado / Tienda de Autoservicio,Soriana Hiper Sucursal Cimatario,Ctra. a Huimilpan 1001. Int. del Centro Comercial Plaza del Sol. Col. Plazas del Sol. Iii Sección. Cp. 76099,Querétaro,Santiago de Querétaro,20.563227,-100.375284
Leche Ultrapasteurizada,Caja 200 Ml. Semidescremada. Chocopower. Sabor Chocolate,Alpura. Vaquitas,Leche Procesada,Basicos,9.5,2025/12/17,Chedraui,Supermercado / Tienda de Autoservicio,Chedraui Sucursal Centro Sur,Blvd. Bernardo Quintana 502. Carr. con Direccion a Centro Civico. Col. Centro Sur. Cp. 76087,Querétaro,Santiago de Querétaro,20.569354,-100.358831
Leche Ultrapasteurizada,Caja 200 Ml. Semidescremada. Chocopower. Sabor Chocolate,Alpura. Vaquitas,Leche Procesada,Basicos,9.5,2025/12/18,La Comer,Supermercado / Tienda de Autoservicio,Lacomer Sucursal Queretaro Estadio,Luis M. Vega y Monroy 1300. Esq.cimataRío . Col. CimataRío. Cp. 76090,Querétaro,Santiago de Querétaro,20.577804,-100.373626
Leche Ultrapasteurizada,Envase o Caja 1 Lt. Entera,Aguascalientes,Leche Procesada,Pacic,20,2025/12/18,La Comer,Supermercado / Tienda de Autoservicio,Lacomer Sucursal Queretaro Estadio,Luis M. Vega y Monroy 1300. Esq.cimataRío . Col. CimataRío. Cp. 76090,Querétaro,Santiago de Querétaro,20.577804,-100.373626
Leche Ultrapasteurizada,Envase o Caja 1 Lt. Entera,Aguascalientes,Leche Procesada,Pacic,20,2025/12/24,La Comer,Supermercado / Tienda de Autoservicio,Lacomer Sucursal Queretaro Estadio,Luis M. Vega y Monroy 1300. Esq.cimataRío . Col. CimataRío. Cp. 76090,Querétaro,Santiago de Querétaro,20.577804,-100.373626
Leche Ultrapasteurizada,Envase o Caja 1 Lt. Entera,Great Value,Leche Procesada,Pacic,20,2025/12/17,Wal-mart,Supermercado / Tienda de Autoservicio,Walmart Sucursal Unidad Plaza de Toros,Autopista Querétaro Celaya 5501. Int. del Centro Comercial Plaza Esfera. Col. el Jacal. Cp. 76187,Querétaro,Santiago de Querétaro,20.574076,-100.408704
Leche Ultrapasteurizada,Envase o Caja 1 Lt. Entera,Great Value,Leche Procesada,Pacic,20,2025/12/18,Bodega Aurrera,Supermercado / Tienda de Autoservicio,Bodega Aurrera Sucursal la Viga,Calz. de la Viga 136 Esq. del Taller. Col. Lorenzo Boturini. Cp. 15820,Ciudad de México,Venustiano Carranza,19.414749,-99.127874
Leche Ultrapasteurizada,Envase o Caja 1 Lt. Entera,Great Value,Leche Procesada,Pacic,20,2025/12/18,Wal-mart,Supermercado / Tienda de Autoservicio,Walmart Sucursal Aeropuerto,Calz. Ignacio Zaragoza 58. Esq. Blvd. Puerto Aereo. Col. Federal. Cp. 15700,Ciudad de México,Venustiano Carranza,19.41926,-99.094521
Leche Ultrapasteurizada,Envase o Caja 1 Lt. Entera,Great Value,Leche Procesada,Pacic,20,2025/12/18,Wal-mart,Supermercado / Tienda de Autoservicio,Walmart Sucursal Balbuena,Fray Servando Teresa de Mier 881. Entre Fernando Iglesia Calderon y Genaro Garcia. Col. Jardín Balbuena. Cp. 15900,Ciudad de México,Venustiano Carranza,19.418067,-99.105639
Leche Ultrapasteurizada,Envase o Caja 1 Lt. Entera,Great Value,Leche Procesada,Pacic,20,2025/12/23,Wal-mart,Supermercado / Tienda de Autoservicio,Walmart Sucursal Unidad Plaza de Toros,Autopista Querétaro Celaya 5501. Int. del Centro Comercial Plaza Esfera. Col. el Jacal. Cp. 76187,Querétaro,Santiago de Querétaro,20.574076,-100.408704
Leche Ultrapasteurizada,Envase o Caja 1 Lt. Entera,Great Value,Leche Procesada,Pacic,23.5,2025/12/19,Bodega Aurrera,Supermercado / Tienda de Autoservicio,Bodega Aurrera Sucursal Centro Constituyentes,Constituyentes Oriente 334. Entre Pasteur y Manuel Ponce. Col. MercuRío. Cp. 76040,Querétaro,Santiago de Querétaro,20.586349,-100.382801
Leche Ultrapasteurizada,Envase o Caja 1 Lt. Entera,Great Value,Leche Procesada,Pacic,23.5,2025/12/23,Bodega Aurrera,Supermercado / Tienda de Autoservicio,Bodega Aurrera Sucursal Centro Constituyentes,Constituyentes Oriente 334. Entre Pasteur y Manuel Ponce. Col. MercuRío. Cp. 76040,Querétaro,Santiago de Querétaro,20.586349,-100.382801
Leche Ultrapasteurizada,Envase o Caja 1 Lt. Entera,Valley Foods,Leche Procesada,Pacic,20,2025/12/22,Hipermercado Soriana,Supermercado / Tienda de Autoservicio,Soriana Hiper Sucursal Cimatario,Ctra. a Huimilpan 1001. Int. del Centro Comercial Plaza del Sol. Col. Plazas del Sol. Iii Sección. Cp. 76099,Querétaro,Santiago de Querétaro,20.563227,-100.375284
Leche Ultrapasteurizada,Envase o Caja 1 Lt. Entera,Valley Foods,Leche Procesada,Pacic,20,2025/12/31,Hipermercado Soriana,Supermercado / Tienda de Autoservicio,Soriana Hiper Sucursal Cimatario,Ctra. a Huimilpan 1001. Int. del Centro Comercial Plaza del Sol. Col. Plazas del Sol. Iii Sección. Cp. 76099,Querétaro,Santiago de Querétaro,20.563227,-100.375284
Lechuga,Pieza. Romana,S/M,Hortalizas Frescas,Frutas y Legumbres,20,2025/12/19,Bodega Aurrera,Supermercado / Tienda de Autoservicio,Bodega Aurrera Sucursal Centro Constituyentes,Constituyentes Oriente 334. Entre Pasteur y Manuel Ponce. Col. MercuRío. Cp. 76040,Querétaro,Santiago de Querétaro,20.586349,-100.382801
Levitra,Caja con 4 Tabletas de 20 Mg.,S/M,Medicamentos,Medicamentos,1355,2025/12/22,Chedraui,Supermercado / Tienda de Autoservicio,Chedraui Sucursal Centro Sur,Blvd. Bernardo Quintana 502. Carr. con Direccion a Centro Civico. Col. Centro Sur. Cp. 76087,Querétaro,Santiago de Querétaro,20.569354,-100.358831
Lexapro,Caja con 28 Tabletas de 10 Mg.,S/M,Medicamentos,Medicamentos,1808,2025/12/24,Bodega Aurrera,Supermercado / Tienda de Autoservicio,Bodega Aurrera Sucursal Centro Constituyentes,Constituyentes Oriente 334. Entre Pasteur y Manuel Ponce. Col. MercuRío. Cp. 76040,Querétaro,Santiago de Querétaro,20.586349,-100.382801
Limón,1 Kg. Granel. Agrio Sin Semilla o Persa,S/M,Frutas Frescas,Frutas y Legumbres,16,2025/12/17,Chedraui,Supermercado / Tienda de Autoservicio,Chedraui Sucursal Centro Sur,Blvd. Bernardo Quintana 502. Carr. con Direccion a Centro Civico. Col. Centro Sur. Cp. 76087,Querétaro,Santiago de Querétaro,20.569354,-100.358831
Limón,1 Kg. Granel. Agrio Sin Semilla o Persa,S/M,Frutas Frescas,Frutas y Legumbres,16,2025/12/18,Chedraui,Supermercado / Tienda de Autoservicio,Chedraui Sucursal Anfora,Anfora 71. Esq. Eje 1 Norte. Col. Madero. Cp. 15320,Ciudad de México,Venustiano Carranza,19.437353,-99.110088
Limón,1 Kg. Granel. Agrio Sin Semilla o Persa,S/M,Frutas Frescas,Frutas y Legumbres,16,2025/12/22,Chedraui,Supermercado / Tienda de Autoservicio,Chedraui Sucursal Centro Sur,Blvd. Bernardo Quintana 502. Carr. con Direccion a Centro Civico. Col. Centro Sur. Cp. 76087,Querétaro,Santiago de Querétaro,20.569354,-100.358831
Limón,1 Kg. Granel. Agrio Sin Semilla o Persa,S/M,Frutas Frescas,Frutas y Legumbres,19.9,2025/12/16,Wal-mart,Supermercado / Tienda de Autoservicio,Walmart Sucursal Unidad Plaza de Toros,Autopista Querétaro Celaya 5501. Int. del Centro Comercial Plaza Esfera. Col. el Jacal. Cp. 76187,Querétaro,Santiago de Querétaro,20.574076,-100.408704
Limón,1 Kg. Granel. Agrio Sin Semilla o Persa,S/M,Frutas Frescas,Frutas y Legumbres,19.9,2025/12/23,Wal-mart,Supermercado / Tienda de Autoservicio,Walmart Sucursal Balbuena,Fray Servando Teresa de Mier 881. Entre Fernando Iglesia Calderon y Genaro Garcia. Col. Jardín Balbuena. Cp. 15900,Ciudad de México,Venustiano Carranza,19.418067,-99.105639
Limón,1 Kg. Granel. Agrio Sin Semilla o Persa,S/M,Frutas Frescas,Frutas y Legumbres,19.9,2025/12/23,Wal-mart,Supermercado / Tienda de Autoservicio,Walmart Sucursal Unidad Plaza de Toros,Autopista Querétaro Celaya 5501. Int. del Centro Comercial Plaza Esfera. Col. el Jacal. Cp. 76187,Querétaro,Santiago de Querétaro,20.574076,-100.408704
Limón,1 Kg. Granel. Agrio Sin Semilla o Persa,S/M,Frutas Frescas,Frutas y Legumbres,21.8,2025/12/31,Hipermercado Soriana,Supermercado / Tienda de Autoservicio,Soriana Hiper Sucursal Cimatario,Ctra. a Huimilpan 1001. Int. del Centro Comercial Plaza del Sol. Col. Plazas del Sol. Iii Sección. Cp. 76099,Querétaro,Santiago de Querétaro,20.563227,-100.375284
Limón,1 Kg. Granel. Agrio Sin Semilla o Persa,S/M,Frutas Frescas,Frutas y Legumbres,22.5,2025/12/22,Hipermercado Soriana,Supermercado / Tienda de Autoservicio,Soriana Hiper Sucursal Cimatario,Ctra. a Huimilpan 1001. Int. del Centro Comercial Plaza del Sol. Col. Plazas del Sol. Iii Sección. Cp. 76099,Querétaro,Santiago de Querétaro,20.563227,-100.375284
Limón,1 Kg. Granel. Agrio Sin Semilla o Persa,S/M,Frutas Frescas,Frutas y Legumbres,24.9,2025/12/24,La Comer,Supermercado / Tienda de Autoservicio,Lacomer Sucursal Queretaro Estadio,Luis M. Vega y Monroy 1300. Esq.cimataRío . Col. CimataRío. Cp. 76090,Querétaro,Santiago de Querétaro,20.577804,-100.373626
Limón,1 Kg. Granel. Agrio Sin Semilla o Persa,S/M,Frutas Frescas,Frutas y Legumbres,25.9,2025/12/18,La Comer,Supermercado / Tienda de Autoservicio,Lacomer Sucursal Queretaro Estadio,Luis M. Vega y Monroy 1300. Esq.cimataRío . Col. CimataRío. Cp. 76090,Querétaro,Santiago de Querétaro,20.577804,-100.373626
Limón,1 Kg. Granel. Agrio Sin Semilla o Persa,S/M,Frutas Frescas,Frutas y Legumbres,30,2025/12/22,Mercado Publico,Mercados,Mercado Lomas de Casablanca,Avenida 10. Esq. Calle 23. Col. Lomas de Casa Blanca. Cp. 76080,Querétaro,Santiago de Querétaro,20.603024,-100.396263
Limón,1 Kg. Granel. Agrio Sin Semilla o Persa,S/M,Frutas Frescas,Frutas y Legumbres,37.9,2025/12/18,Bodega Aurrera,Supermercado / Tienda de Autoservicio,Bodega Aurrera Sucursal la Viga,Calz. de la Viga 136 Esq. del Taller. Col. Lorenzo Boturini. Cp. 15820,Ciudad de México,Venustiano Carranza,19.414749,-99.127874
Limón,1 Kg. Granel. Agrio Sin Semilla o Persa,S/M,Frutas Frescas,Frutas y Legumbres,37.9,2025/12/19,Bodega Aurrera,Supermercado / Tienda de Autoservicio,Bodega Aurrera Sucursal Centro Constituyentes,Constituyentes Oriente 334. Entre Pasteur y Manuel Ponce. Col. MercuRío. Cp. 76040,Querétaro,Santiago de Querétaro,20.586349,-100.382801
Limón,1 Kg. Granel. Agrio Sin Semilla o Persa,S/M,Frutas Frescas,Frutas y Legumbres,39.9,2025/12/18,Wal-mart,Supermercado / Tienda de Autoservicio,Walmart Sucursal Balbuena,Fray Servando Teresa de Mier 881. Entre Fernando Iglesia Calderon y Genaro Garcia. Col. Jardín Balbuena. Cp. 15900,Ciudad de México,Venustiano Carranza,19.418067,-99.105639
Limón,1 Kg. Granel. Agrio Sin Semilla o Persa,S/M,Frutas Frescas,Pacic,16,2025/12/18,Chedraui,Supermercado / Tienda de Autoservicio,Chedraui Sucursal Anfora,Anfora 71. Esq. Eje 1 Norte. Col. Madero. Cp. 15320,Ciudad de México,Venustiano Carranza,19.437353,-99.110088
Limón,1 Kg. Granel. Agrio Sin Semilla o Persa,S/M,Frutas Frescas,Pacic,16,2025/12/22,Chedraui,Supermercado / Tienda de Autoservicio,Chedraui Sucursal Centro Sur,Blvd. Bernardo Quintana 502. Carr. con Direccion a Centro Civico. Col. Centro Sur. Cp. 76087,Querétaro,Santiago de Querétaro,20.569354,-100.358831
Limón,1 Kg. Granel. Agrio Sin Semilla o Persa,S/M,Frutas Frescas,Pacic,19.9,2025/12/17,Wal-mart,Supermercado / Tienda de Autoservicio,Walmart Sucursal Unidad Plaza de Toros,Autopista Querétaro Celaya 5501. Int. del Centro Comercial Plaza Esfera. Col. el Jacal. Cp. 76187,Querétaro,Santiago de Querétaro,20.574076,-100.408704
Limón,1 Kg. Granel. Agrio Sin Semilla o Persa,S/M,Frutas Frescas,Pacic,19.9,2025/12/23,Wal-mart,Supermercado / Tienda de Autoservicio,Walmart Sucursal Balbuena,Fray Servando Teresa de Mier 881. Entre Fernando Iglesia Calderon y Genaro Garcia. Col. Jardín Balbuena. Cp. 15900,Ciudad de México,Venustiano Carranza,19.418067,-99.105639
Limón,1 Kg. Granel. Agrio Sin Semilla o Persa,S/M,Frutas Frescas,Pacic,19.9,2025/12/23,Wal-mart,Supermercado / Tienda de Autoservicio,Walmart Sucursal Unidad Plaza de Toros,Autopista Querétaro Celaya 5501. Int. del Centro Comercial Plaza Esfera. Col. el Jacal. Cp. 76187,Querétaro,Santiago de Querétaro,20.574076,-100.408704
Limón,1 Kg. Granel. Agrio Sin Semilla o Persa,S/M,Frutas Frescas,Pacic,21.8,2025/12/31,Hipermercado Soriana,Supermercado / Tienda de Autoservicio,Soriana Hiper Sucursal Cimatario,Ctra. a Huimilpan 1001. Int. del Centro Comercial Plaza del Sol. Col. Plazas del Sol. Iii Sección. Cp. 76099,Querétaro,Santiago de Querétaro,20.563227,-100.375284
Limón,1 Kg. Granel. Agrio Sin Semilla o Persa,S/M,Frutas Frescas,Pacic,22.5,2025/12/22,Hipermercado Soriana,Supermercado / Tienda de Autoservicio,Soriana Hiper Sucursal Cimatario,Ctra. a Huimilpan 1001. Int. del Centro Comercial Plaza del Sol. Col. Plazas del Sol. Iii Sección. Cp. 76099,Querétaro,Santiago de Querétaro,20.563227,-100.375284
Limón,1 Kg. Granel. Agrio Sin Semilla o Persa,S/M,Frutas Frescas,Pacic,23.9,2025/12/18,La Comer,Supermercado / Tienda de Autoservicio,Lacomer Sucursal Queretaro Estadio,Luis M. Vega y Monroy 1300. Esq.cimataRío . Col. CimataRío. Cp. 76090,Querétaro,Santiago de Querétaro,20.577804,-100.373626
Limón,1 Kg. Granel. Agrio Sin Semilla o Persa,S/M,Frutas Frescas,Pacic,24.9,2025/12/24,La Comer,Supermercado / Tienda de Autoservicio,Lacomer Sucursal Queretaro Estadio,Luis M. Vega y Monroy 1300. Esq.cimataRío . Col. CimataRío. Cp. 76090,Querétaro,Santiago de Querétaro,20.577804,-100.373626
Limón,1 Kg. Granel. Agrio Sin Semilla o Persa,S/M,Frutas Frescas,Pacic,37.9,2025/12/18,Bodega Aurrera,Supermercado / Tienda de Autoservicio,Bodega Aurrera Sucursal la Viga,Calz. de la Viga 136 Esq. del Taller. Col. Lorenzo Boturini. Cp. 15820,Ciudad de México,Venustiano Carranza,19.414749,-99.127874
Limón,1 Kg. Granel. Agrio Sin Semilla o Persa,S/M,Frutas Frescas,Pacic,37.9,2025/12/19,Bodega Aurrera,Supermercado / Tienda de Autoservicio,Bodega Aurrera Sucursal Centro Constituyentes,Constituyentes Oriente 334. Entre Pasteur y Manuel Ponce. Col. MercuRío. Cp. 76040,Querétaro,Santiago de Querétaro,20.586349,-100.382801
Limón,1 Kg. Granel. Agrio Sin Semilla o Persa,S/M,Frutas Frescas,Pacic,37.9,2025/12/23,Bodega Aurrera,Supermercado / Tienda de Autoservicio,Bodega Aurrera Sucursal Centro Constituyentes,Constituyentes Oriente 334. Entre Pasteur y Manuel Ponce. Col. MercuRío. Cp. 76040,Querétaro,Santiago de Querétaro,20.586349,-100.382801
Limón,1 Kg. Granel. Agrio Sin Semilla o Persa,S/M,Frutas Frescas,Pacic,39.9,2025/12/18,Wal-mart,Supermercado / Tienda de Autoservicio,Walmart Sucursal Balbuena,Fray Servando Teresa de Mier 881. Entre Fernando Iglesia Calderon y Genaro Garcia. Col. Jardín Balbuena. Cp. 15900,Ciudad de México,Venustiano Carranza,19.418067,-99.105639
Limón,1 Kg. Granel. Agrio con Semilla o Colima,S/M,Frutas Frescas,Frutas y Legumbres,19.8,2025/12/31,Hipermercado Soriana,Supermercado / Tienda de Autoservicio,Soriana Hiper Sucursal Cimatario,Ctra. a Huimilpan 1001. Int. del Centro Comercial Plaza del Sol. Col. Plazas del Sol. Iii Sección. Cp. 76099,Querétaro,Santiago de Querétaro,20.563227,-100.375284
Limón,1 Kg. Granel. Agrio con Semilla o Colima,S/M,Frutas Frescas,Frutas y Legumbres,19.9,2025/12/19,Superissste,Supermercado / Tienda de Autoservicio,Superissste Sucursal 011,Calle Peluqueros No. 310 Esquina Calle Tizayuca. Col. Michoacána. Cp. 15240,Ciudad de México,Venustiano Carranza,19.446139,-99.113372
Limón,1 Kg. Granel. Agrio con Semilla o Colima,S/M,Frutas Frescas,Frutas y Legumbres,19.9,2025/12/19,Superissste,Supermercado / Tienda de Autoservicio,Superissste Sucursal 022,Av. del Taller y Retorno No. 38 Dentro del Retorno 38. Col. Jardín Balbuena. Cp. 15900,Ciudad de México,Venustiano Carranza,19.412842,-99.105666
Limón,1 Kg. Granel. Agrio con Semilla o Colima,S/M,Frutas Frescas,Frutas y Legumbres,19.9,2025/12/23,Wal-mart,Supermercado / Tienda de Autoservicio,Walmart Sucursal Unidad Plaza de Toros,Autopista Querétaro Celaya 5501. Int. del Centro Comercial Plaza Esfera. Col. el Jacal. Cp. 76187,Querétaro,Santiago de Querétaro,20.574076,-100.408704
Limón,1 Kg. Granel. Agrio con Semilla o Colima,S/M,Frutas Frescas,Frutas y Legumbres,19.9,2025/12/26,Superissste,Supermercado / Tienda de Autoservicio,Superissste Sucursal 011,Calle Peluqueros No. 310 Esquina Calle Tizayuca. Col. Michoacána. Cp. 15240,Ciudad de México,Venustiano Carranza,19.446139,-99.113372
Limón,1 Kg. Granel. Agrio con Semilla o Colima,S/M,Frutas Frescas,Frutas y Legumbres,19.9,2025/12/26,Superissste,Supermercado / Tienda de Autoservicio,Superissste Sucursal 022,Av. del Taller y Retorno No. 38 Dentro del Retorno 38. Col. Jardín Balbuena. Cp. 15900,Ciudad de México,Venustiano Carranza,19.412842,-99.105666
Limón,1 Kg. Granel. Agrio con Semilla o Colima,S/M,Frutas Frescas,Frutas y Legumbres,20,2025/12/19,Bodega Aurrera,Supermercado / Tienda de Autoservicio,Bodega Aurrera Sucursal Centro Constituyentes,Constituyentes Oriente 334. Entre Pasteur y Manuel Ponce. Col. MercuRío. Cp. 76040,Querétaro,Santiago de Querétaro,20.586349,-100.382801
Limón,1 Kg. Granel. Agrio con Semilla o Colima,S/M,Frutas Frescas,Frutas y Legumbres,20,2025/12/23,Bodega Aurrera,Supermercado / Tienda de Autoservicio,Bodega Aurrera Sucursal Centro Constituyentes,Constituyentes Oriente 334. Entre Pasteur y Manuel Ponce. Col. MercuRío. Cp. 76040,Querétaro,Santiago de Querétaro,20.586349,-100.382801
Limón,1 Kg. Granel. Agrio con Semilla o Colima,S/M,Frutas Frescas,Frutas y Legumbres,24.9,2025/12/22,Hipermercado Soriana,Supermercado / Tienda de Autoservicio,Soriana Hiper Sucursal Cimatario,Ctra. a Huimilpan 1001. Int. del Centro Comercial Plaza del Sol. Col. Plazas del Sol. Iii Sección. Cp. 76099,Querétaro,Santiago de Querétaro,20.563227,-100.375284
Limón,1 Kg. Granel. Agrio con Semilla o Colima,S/M,Frutas Frescas,Frutas y Legumbres,25,2025/12/18,Bodega Aurrera,Supermercado / Tienda de Autoservicio,Bodega Aurrera Sucursal la Viga,Calz. de la Viga 136 Esq. del Taller. Col. Lorenzo Boturini. Cp. 15820,Ciudad de México,Venustiano Carranza,19.414749,-99.127874
Limón,1 Kg. Granel. Agrio con Semilla o Colima,S/M,Frutas Frescas,Frutas y Legumbres,25,2025/12/22,Mercado Publico,Mercados,Mercado Lomas de Casablanca,Avenida 10. Esq. Calle 23. Col. Lomas de Casa Blanca. Cp. 76080,Querétaro,Santiago de Querétaro,20.603024,-100.396263
Limón,1 Kg. Granel. Agrio con Semilla o Colima,S/M,Frutas Frescas,Frutas y Legumbres,29.5,2025/12/22,Chedraui,Supermercado / Tienda de Autoservicio,Chedraui Sucursal Centro Sur,Blvd. Bernardo Quintana 502. Carr. con Direccion a Centro Civico. Col. Centro Sur. Cp. 76087,Querétaro,Santiago de Querétaro,20.569354,-100.358831
Limón,1 Kg. Granel. Agrio con Semilla o Colima,S/M,Frutas Frescas,Frutas y Legumbres,29.9,2025/12/18,Chedraui,Supermercado / Tienda de Autoservicio,Chedraui Sucursal Anfora,Anfora 71. Esq. Eje 1 Norte. Col. Madero. Cp. 15320,Ciudad de México,Venustiano Carranza,19.437353,-99.110088
Limón,1 Kg. Granel. Agrio con Semilla o Colima,S/M,Frutas Frescas,Frutas y Legumbres,32.5,2025/12/17,Chedraui,Supermercado / Tienda de Autoservicio,Chedraui Sucursal Centro Sur,Blvd. Bernardo Quintana 502. Carr. con Direccion a Centro Civico. Col. Centro Sur. Cp. 76087,Querétaro,Santiago de Querétaro,20.569354,-100.358831
Limón,1 Kg. Granel. Agrio con Semilla o Colima,S/M,Frutas Frescas,Frutas y Legumbres,34.9,2025/12/18,Wal-mart,Supermercado / Tienda de Autoservicio,Walmart Sucursal Aeropuerto,Calz. Ignacio Zaragoza 58. Esq. Blvd. Puerto Aereo. Col. Federal. Cp. 15700,Ciudad de México,Venustiano Carranza,19.41926,-99.094521
Limón,1 Kg. Granel. Agrio con Semilla o Colima,S/M,Frutas Frescas,Frutas y Legumbres,34.9,2025/12/18,Wal-mart,Supermercado / Tienda de Autoservicio,Walmart Sucursal Balbuena,Fray Servando Teresa de Mier 881. Entre Fernando Iglesia Calderon y Genaro Garcia. Col. Jardín Balbuena. Cp. 15900,Ciudad de México,Venustiano Carranza,19.418067,-99.105639
Limón,1 Kg. Granel. Agrio con Semilla o Colima,S/M,Frutas Frescas,Frutas y Legumbres,34.9,2025/12/23,Wal-mart,Supermercado / Tienda de Autoservicio,Walmart Sucursal Balbuena,Fray Servando Teresa de Mier 881. Entre Fernando Iglesia Calderon y Genaro Garcia. Col. Jardín Balbuena. Cp. 15900,Ciudad de México,Venustiano Carranza,19.418067,-99.105639
Limón,1 Kg. Granel. Agrio con Semilla o Colima,S/M,Frutas Frescas,Frutas y Legumbres,39.9,2025/12/18,La Comer,Supermercado / Tienda de Autoservicio,Lacomer Sucursal Queretaro Estadio,Luis M. Vega y Monroy 1300. Esq.cimataRío . Col. CimataRío. Cp. 76090,Querétaro,Santiago de Querétaro,20.577804,-100.373626
Limón,1 Kg. Granel. Agrio con Semilla o Colima,S/M,Frutas Frescas,Pacic,19.8,2025/12/31,Hipermercado Soriana,Supermercado / Tienda de Autoservicio,Soriana Hiper Sucursal Cimatario,Ctra. a Huimilpan 1001. Int. del Centro Comercial Plaza del Sol. Col. Plazas del Sol. Iii Sección. Cp. 76099,Querétaro,Santiago de Querétaro,20.563227,-100.375284
Limón,1 Kg. Granel. Agrio con Semilla o Colima,S/M,Frutas Frescas,Pacic,19.9,2025/12/17,Wal-mart,Supermercado / Tienda de Autoservicio,Walmart Sucursal Unidad Plaza de Toros,Autopista Querétaro Celaya 5501. Int. del Centro Comercial Plaza Esfera. Col. el Jacal. Cp. 76187,Querétaro,Santiago de Querétaro,20.574076,-100.408704
Limón,1 Kg. Granel. Agrio con Semilla o Colima,S/M,Frutas Frescas,Pacic,19.9,2025/12/23,Wal-mart,Supermercado / Tienda de Autoservicio,Walmart Sucursal Unidad Plaza de Toros,Autopista Querétaro Celaya 5501. Int. del Centro Comercial Plaza Esfera. Col. el Jacal. Cp. 76187,Querétaro,Santiago de Querétaro,20.574076,-100.408704
Limón,1 Kg. Granel. Agrio con Semilla o Colima,S/M,Frutas Frescas,Pacic,20,2025/12/19,Bodega Aurrera,Supermercado / Tienda de Autoservicio,Bodega Aurrera Sucursal Centro Constituyentes,Constituyentes Oriente 334. Entre Pasteur y Manuel Ponce. Col. MercuRío. Cp. 76040,Querétaro,Santiago de Querétaro,20.586349,-100.382801
Limón,1 Kg. Granel. Agrio con Semilla o Colima,S/M,Frutas Frescas,Pacic,20,2025/12/23,Bodega Aurrera,Supermercado / Tienda de Autoservicio,Bodega Aurrera Sucursal Centro Constituyentes,Constituyentes Oriente 334. Entre Pasteur y Manuel Ponce. Col. MercuRío. Cp. 76040,Querétaro,Santiago de Querétaro,20.586349,-100.382801
Limón,1 Kg. Granel. Agrio con Semilla o Colima,S/M,Frutas Frescas,Pacic,24.9,2025/12/22,Hipermercado Soriana,Supermercado / Tienda de Autoservicio,Soriana Hiper Sucursal Cimatario,Ctra. a Huimilpan 1001. Int. del Centro Comercial Plaza del Sol. Col. Plazas del Sol. Iii Sección. Cp. 76099,Querétaro,Santiago de Querétaro,20.563227,-100.375284
Limón,1 Kg. Granel. Agrio con Semilla o Colima,S/M,Frutas Frescas,Pacic,25,2025/12/18,Bodega Aurrera,Supermercado / Tienda de Autoservicio,Bodega Aurrera Sucursal la Viga,Calz. de la Viga 136 Esq. del Taller. Col. Lorenzo Boturini. Cp. 15820,Ciudad de México,Venustiano Carranza,19.414749,-99.127874
Limón,1 Kg. Granel. Agrio con Semilla o Colima,S/M,Frutas Frescas,Pacic,34.9,2025/12/18,Wal-mart,Supermercado / Tienda de Autoservicio,Walmart Sucursal Aeropuerto,Calz. Ignacio Zaragoza 58. Esq. Blvd. Puerto Aereo. Col. Federal. Cp. 15700,Ciudad de México,Venustiano Carranza,19.41926,-99.094521
Limón,1 Kg. Granel. Agrio con Semilla o Colima,S/M,Frutas Frescas,Pacic,34.9,2025/12/18,Wal-mart,Supermercado / Tienda de Autoservicio,Walmart Sucursal Balbuena,Fray Servando Teresa de Mier 881. Entre Fernando Iglesia Calderon y Genaro Garcia. Col. Jardín Balbuena. Cp. 15900,Ciudad de México,Venustiano Carranza,19.418067,-99.105639
Limón,1 Kg. Granel. Agrio con Semilla o Colima,S/M,Frutas Frescas,Pacic,34.9,2025/12/23,Wal-mart,Supermercado / Tienda de Autoservicio,Walmart Sucursal Balbuena,Fray Servando Teresa de Mier 881. Entre Fernando Iglesia Calderon y Genaro Garcia. Col. Jardín Balbuena. Cp. 15900,Ciudad de México,Venustiano Carranza,19.418067,-99.105639
Lincomicina,Caja con 6 Ampolletas de 2 Ml. Solución Inyectable de 600 Mg./2 Ml.,S/M,Medicamentos,Medicamentos,119,2025/12/23,Farmacias del Ahorro,Farmacias,Farmacias del Ahorro Sucursal Queretaro,Constituyentes Pte. 46. Entre Fernando de Tapia y Melchor Ocampo. Col. Centro. Cp. 76000,Querétaro,Santiago de Querétaro,20.584013,-100.394346
Lipitor,2 Cajas con 30 Tabletas de 10 Mg. C/u,S/M,Medicamentos,Medicamentos,1810,2025/12/23,Hipermercado Soriana,Supermercado / Tienda de Autoservicio,Soriana Hiper Sucursal Cimatario,Ctra. a Huimilpan 1001. Int. del Centro Comercial Plaza del Sol. Col. Plazas del Sol. Iii Sección. Cp. 76099,Querétaro,Santiago de Querétaro,20.563227,-100.375284
Lisinopril,Frasco con 28 Tabletas de 10 Mg.,S/M,Medicamentos,Medicamentos,125,2025/12/24,Benavides,Farmacias,Farmacia Benavides Sucursal Isla de Montecristo,Av. del Parque 401. Esq. Calle Isla de Montecristo. Col. Lindavista. Cp. 76070,Querétaro,Santiago de Querétaro,20.568451,-100.380021
Lopid,Caja con 14 Tabletas de 600 Mg.,S/M,Medicamentos,Medicamentos,979,2025/12/23,Hipermercado Soriana,Supermercado / Tienda de Autoservicio,Soriana Hiper Sucursal Cimatario,Ctra. a Huimilpan 1001. Int. del Centro Comercial Plaza del Sol. Col. Plazas del Sol. Iii Sección. Cp. 76099,Querétaro,Santiago de Querétaro,20.563227,-100.375284
Mantequilla,Barra 90 Gr. Sin Sal,Lala,Derivados de Leche,Basicos,22,2025/12/17,Chedraui,Supermercado / Tienda de Autoservicio,Chedraui Sucursal Centro Sur,Blvd. Bernardo Quintana 502. Carr. con Direccion a Centro Civico. Col. Centro Sur. Cp. 76087,Querétaro,Santiago de Querétaro,20.569354,-100.358831
Manzana,1 Kg. Granel. Royal Gala,S/M,Frutas Frescas,Frutas y Legumbres,39.8,2025/12/22,Hipermercado Soriana,Supermercado / Tienda de Autoservicio,Soriana Hiper Sucursal Cimatario,Ctra. a Huimilpan 1001. Int. del Centro Comercial Plaza del Sol. Col. Plazas del Sol. Iii Sección. Cp. 76099,Querétaro,Santiago de Querétaro,20.563227,-100.375284
Mayonesa,Frasco 390 Gr. con Jugo de Limones,Mc Cormick,Condimentos,Basicos,49,2025/12/19,Superissste,Supermercado / Tienda de Autoservicio,Superissste Sucursal 011,Calle Peluqueros No. 310 Esquina Calle Tizayuca. Col. Michoacána. Cp. 15240,Ciudad de México,Venustiano Carranza,19.446139,-99.113372
Mermelada,Frasco 470 Gr. Fresa,Clemente Jacques,Frutas y Legumbres Procesadas,Basicos,35.9,2025/12/26,Superissste,Supermercado / Tienda de Autoservicio,Superissste Sucursal 011,Calle Peluqueros No. 310 Esquina Calle Tizayuca. Col. Michoacána. Cp. 15240,Ciudad de México,Venustiano Carranza,19.446139,-99.113372
Metformina,Caja o Frasco con 30 Tabletas de 850 Mg.,S/M,Medicamentos,Medicamentos,52,2025/12/23,Hipermercado Soriana,Supermercado / Tienda de Autoservicio,Soriana Hiper Sucursal Cimatario,Ctra. a Huimilpan 1001. Int. del Centro Comercial Plaza del Sol. Col. Plazas del Sol. Iii Sección. Cp. 76099,Querétaro,Santiago de Querétaro,20.563227,-100.375284
Metformina-glibenclamida,Caja con 60 Tabletas de 500 Mg./5 Mg.,S/M,Medicamentos,Medicamentos,67,2025/12/24,Sanborn S Hnos.,Farmacias,Sanborns Sucursal los Arquitos,Constituyentes Oriente 172. Esq. de los Arquitos. Col. los Arquitos. Cp. 76050,Querétaro,Santiago de Querétaro,20.588117,-100.36869
Micardis,Caja con 14 Tabletas de 40 Mg.,S/M,Medicamentos,Medicamentos,837,2025/12/23,Hipermercado Soriana,Supermercado / Tienda de Autoservicio,Soriana Hiper Sucursal Cimatario,Ctra. a Huimilpan 1001. Int. del Centro Comercial Plaza del Sol. Col. Plazas del Sol. Iii Sección. Cp. 76099,Querétaro,Santiago de Querétaro,20.563227,-100.375284
Mole Rojo en Pasta,Vaso 235 Gr.,Doña María,Condimentos,Mercados,46.5,2025/12/19,Superissste,Supermercado / Tienda de Autoservicio,Superissste Sucursal 011,Calle Peluqueros No. 310 Esquina Calle Tizayuca. Col. Michoacána. Cp. 15240,Ciudad de México,Venustiano Carranza,19.446139,-99.113372
Motos y Carros Eléctricos,#6044955. Monster Jam. Grave Digger R/c (escala 1:24),Spin Master,Arts. de Esparcimiento (juguetes),Juguetes,519,2025/12/18,Wal-mart,Supermercado / Tienda de Autoservicio,Walmart Sucursal Aeropuerto,Calz. Ignacio Zaragoza 58. Esq. Blvd. Puerto Aereo. Col. Federal. Cp. 15700,Ciudad de México,Venustiano Carranza,19.41926,-99.094521
Motos y Carros Eléctricos,#6054190. Paw Patrol. Chase Rc Police Crusier o Marshall Rc Firetruck,Spin Master,Arts. de Esparcimiento (juguetes),Juguetes,749.9,2025/12/19,Del Sol,Uniformes,Del Sol,Madero Pte. 18. Entre Juárez y Allende. Col. Centro. Cp. 76000,Querétaro,Santiago de Querétaro,20.592269,-100.392821
Motos y Carros Eléctricos,Hkt79. Barbie Ambulancia,Mattel,Arts. de Esparcimiento (juguetes),Juguetes,1699,2025/12/17,Chedraui,Supermercado / Tienda de Autoservicio,Chedraui Sucursal Centro Sur,Blvd. Bernardo Quintana 502. Carr. con Direccion a Centro Civico. Col. Centro Sur. Cp. 76087,Querétaro,Santiago de Querétaro,20.569354,-100.358831
Motrin,Caja con Frasco con 120 Ml. con Vaso Dosificador con Pipeta Dosificadora. Infantil (sabor Frutas),S/M,Medicamentos,Medicamentos,231,2025/12/22,Chedraui,Supermercado / Tienda de Autoservicio,Chedraui Sucursal Centro Sur,Blvd. Bernardo Quintana 502. Carr. con Direccion a Centro Civico. Col. Centro Sur. Cp. 76087,Querétaro,Santiago de Querétaro,20.569354,-100.358831
Muñecos Eléctricos,#6073986. Tech Deck. Shred N´ Blast Sk8board,Spin Master,Arts. de Esparcimiento (juguetes),Juguetes,949,2025/12/18,Wal-mart,Supermercado / Tienda de Autoservicio,Walmart Sucursal Aeropuerto,Calz. Ignacio Zaragoza 58. Esq. Blvd. Puerto Aereo. Col. Federal. Cp. 15700,Ciudad de México,Venustiano Carranza,19.41926,-99.094521
Nebulizador,De Compresor. Modelo P-103. Caja 1 Pieza,Nebucor,Arts. para el Cuidado Personal,Medicamentos,847,2025/12/24,Bodega Aurrera,Supermercado / Tienda de Autoservicio,Bodega Aurrera Sucursal Centro Constituyentes,Constituyentes Oriente 334. Entre Pasteur y Manuel Ponce. Col. MercuRío. Cp. 76040,Querétaro,Santiago de Querétaro,20.586349,-100.382801
Neo Melubrina,Caja con 10 Tabletas de 500 Mg.,S/M,Medicamentos,Medicamentos,90,2025/12/24,La Comer,Supermercado / Tienda de Autoservicio,Lacomer Sucursal Queretaro Estadio,Luis M. Vega y Monroy 1300. Esq.cimataRío . Col. CimataRío. Cp. 76090,Querétaro,Santiago de Querétaro,20.577804,-100.373626
Neuralin,Caja con Una Ampolleta No. 1 y Una Ampolleta No. 2,S/M,Medicamentos,Medicamentos,163,2025/12/24,La Comer,Supermercado / Tienda de Autoservicio,Lacomer Sucursal Queretaro Estadio,Luis M. Vega y Monroy 1300. Esq.cimataRío . Col. CimataRío. Cp. 76090,Querétaro,Santiago de Querétaro,20.577804,-100.373626
Nitazoxanida,Caja con 6 Tabletas o Cápsulas de 500 Mg.,S/M,Medicamentos,Medicamentos,50,2025/12/23,Farmacias del Ahorro,Farmacias,Farmacias del Ahorro Sucursal Queretaro,Constituyentes Pte. 46. Entre Fernando de Tapia y Melchor Ocampo. Col. Centro. Cp. 76000,Querétaro,Santiago de Querétaro,20.584013,-100.394346
Novotiral,Caja con 50 Tabletas de 100 Mcg./20 Mcg.,S/M,Medicamentos,Medicamentos,800,2025/12/23,Wal-mart,Supermercado / Tienda de Autoservicio,Walmart Sucursal Unidad Plaza de Toros,Autopista Querétaro Celaya 5501. Int. del Centro Comercial Plaza Esfera. Col. el Jacal. Cp. 76187,Querétaro,Santiago de Querétaro,20.574076,-100.408704
Oxímetro,Caja con 1 Pieza. Inh01,Inhala Care o Home Care,Arts. para el Cuidado Personal,Medicamentos,240,2025/12/31,Hipermercado Soriana,Supermercado / Tienda de Autoservicio,Soriana Hiper Sucursal Cimatario,Ctra. a Huimilpan 1001. Int. del Centro Comercial Plaza del Sol. Col. Plazas del Sol. Iii Sección. Cp. 76099,Querétaro,Santiago de Querétaro,20.563227,-100.375284
Pan Dulce,Concha. Pieza de 68 a 90 Gr. (12 Cm. de Diámetro Aprox.),S/M,Pan,Basicos,12.9,2025/12/22,Hipermercado Soriana,Supermercado / Tienda de Autoservicio,Soriana Hiper Sucursal Cimatario,Ctra. a Huimilpan 1001. Int. del Centro Comercial Plaza del Sol. Col. Plazas del Sol. Iii Sección. Cp. 76099,Querétaro,Santiago de Querétaro,20.563227,-100.375284
Pan de Caja,Paquete 210 Gr. Tostado. Clásico,Bimbo,Pan,Basicos,34.9,2025/12/16,Oxxo,Tienda de Conveniencia,Oxxo Sucursal Corregidora 50 Cr,Circuito Moises Solana No. 128. Esq. Gertrudis Bocanegra. Col. Burocratas. Cp. 76070,Querétaro,Santiago de Querétaro,20.57462,-100.384232
Pan de Caja,Paquete Chico 350 Gr. Rebanado Integral,Bimbo,Pan,Basicos,30,2025/12/19,Superissste,Supermercado / Tienda de Autoservicio,Superissste Sucursal 022,Av. del Taller y Retorno No. 38 Dentro del Retorno 38. Col. Jardín Balbuena. Cp. 15900,Ciudad de México,Venustiano Carranza,19.412842,-99.105666
Pan de Caja,Paquete Chico 350 Gr. Rebanado Integral,Bimbo,Pan,Basicos,30,2025/12/26,Superissste,Supermercado / Tienda de Autoservicio,Superissste Sucursal 022,Av. del Taller y Retorno No. 38 Dentro del Retorno 38. Col. Jardín Balbuena. Cp. 15900,Ciudad de México,Venustiano Carranza,19.412842,-99.105666
Pan de Caja,Paquete Chico 350 Gr. Rebanado Integral,Bimbo,Pan,Basicos,33,2025/12/18,Wal-mart,Supermercado / Tienda de Autoservicio,Walmart Sucursal Balbuena,Fray Servando Teresa de Mier 881. Entre Fernando Iglesia Calderon y Genaro Garcia. Col. Jardín Balbuena. Cp. 15900,Ciudad de México,Venustiano Carranza,19.418067,-99.105639
Pantoprazol,Caja con 14 Tabletas o Grageas de 40 Mg.,S/M,Medicamentos,Medicamentos,139,2025/12/24,Farmacias Similares,Farmacias,Farmacias Similares Sucursal 7462,Canada 268 . Int. Plaza las Americas. Col. Centro. Cp. 76050,Querétaro,Santiago de Querétaro,20.588396,-100.373612
Papa,1 Kg. Granel. Alfa/blanca,S/M,Hortalizas Frescas,Frutas y Legumbres,19.8,2025/12/31,Hipermercado Soriana,Supermercado / Tienda de Autoservicio,Soriana Hiper Sucursal Cimatario,Ctra. a Huimilpan 1001. Int. del Centro Comercial Plaza del Sol. Col. Plazas del Sol. Iii Sección. Cp. 76099,Querétaro,Santiago de Querétaro,20.563227,-100.375284
Papa,1 Kg. Granel. Alfa/blanca,S/M,Hortalizas Frescas,Frutas y Legumbres,20,2025/12/22,Mercado Publico,Mercados,Mercado Lomas de Casablanca,Avenida 10. Esq. Calle 23. Col. Lomas de Casa Blanca. Cp. 76080,Querétaro,Santiago de Querétaro,20.603024,-100.396263
Papa,1 Kg. Granel. Alfa/blanca,S/M,Hortalizas Frescas,Frutas y Legumbres,21.9,2025/12/19,Superissste,Supermercado / Tienda de Autoservicio,Superissste Sucursal 011,Calle Peluqueros No. 310 Esquina Calle Tizayuca. Col. Michoacána. Cp. 15240,Ciudad de México,Venustiano Carranza,19.446139,-99.113372
Papa,1 Kg. Granel. Alfa/blanca,S/M,Hortalizas Frescas,Frutas y Legumbres,21.9,2025/12/19,Superissste,Supermercado / Tienda de Autoservicio,Superissste Sucursal 022,Av. del Taller y Retorno No. 38 Dentro del Retorno 38. Col. Jardín Balbuena. Cp. 15900,Ciudad de México,Venustiano Carranza,19.412842,-99.105666
Papa,1 Kg. Granel. Alfa/blanca,S/M,Hortalizas Frescas,Frutas y Legumbres,21.9,2025/12/26,Superissste,Supermercado / Tienda de Autoservicio,Superissste Sucursal 011,Calle Peluqueros No. 310 Esquina Calle Tizayuca. Col. Michoacána. Cp. 15240,Ciudad de México,Venustiano Carranza,19.446139,-99.113372
Papa,1 Kg. Granel. Alfa/blanca,S/M,Hortalizas Frescas,Frutas y Legumbres,21.9,2025/12/26,Superissste,Supermercado / Tienda de Autoservicio,Superissste Sucursal 022,Av. del Taller y Retorno No. 38 Dentro del Retorno 38. Col. Jardín Balbuena. Cp. 15900,Ciudad de México,Venustiano Carranza,19.412842,-99.105666
Papa,1 Kg. Granel. Alfa/blanca,S/M,Hortalizas Frescas,Frutas y Legumbres,24,2025/12/17,Chedraui,Supermercado / Tienda de Autoservicio,Chedraui Sucursal Centro Sur,Blvd. Bernardo Quintana 502. Carr. con Direccion a Centro Civico. Col. Centro Sur. Cp. 76087,Querétaro,Santiago de Querétaro,20.569354,-100.358831
Papa,1 Kg. Granel. Alfa/blanca,S/M,Hortalizas Frescas,Frutas y Legumbres,24,2025/12/18,Chedraui,Supermercado / Tienda de Autoservicio,Chedraui Sucursal Anfora,Anfora 71. Esq. Eje 1 Norte. Col. Madero. Cp. 15320,Ciudad de México,Venustiano Carranza,19.437353,-99.110088
Papa,1 Kg. Granel. Alfa/blanca,S/M,Hortalizas Frescas,Frutas y Legumbres,26,2025/12/22,Chedraui,Supermercado / Tienda de Autoservicio,Chedraui Sucursal Centro Sur,Blvd. Bernardo Quintana 502. Carr. con Direccion a Centro Civico. Col. Centro Sur. Cp. 76087,Querétaro,Santiago de Querétaro,20.569354,-100.358831
Papa,1 Kg. Granel. Alfa/blanca,S/M,Hortalizas Frescas,Frutas y Legumbres,27.8,2025/12/22,Hipermercado Soriana,Supermercado / Tienda de Autoservicio,Soriana Hiper Sucursal Cimatario,Ctra. a Huimilpan 1001. Int. del Centro Comercial Plaza del Sol. Col. Plazas del Sol. Iii Sección. Cp. 76099,Querétaro,Santiago de Querétaro,20.563227,-100.375284
Papa,1 Kg. Granel. Alfa/blanca,S/M,Hortalizas Frescas,Frutas y Legumbres,29.5,2025/12/19,Bodega Aurrera,Supermercado / Tienda de Autoservicio,Bodega Aurrera Sucursal Centro Constituyentes,Constituyentes Oriente 334. Entre Pasteur y Manuel Ponce. Col. MercuRío. Cp. 76040,Querétaro,Santiago de Querétaro,20.586349,-100.382801
Papa,1 Kg. Granel. Alfa/blanca,S/M,Hortalizas Frescas,Frutas y Legumbres,29.5,2025/12/23,Bodega Aurrera,Supermercado / Tienda de Autoservicio,Bodega Aurrera Sucursal Centro Constituyentes,Constituyentes Oriente 334. Entre Pasteur y Manuel Ponce. Col. MercuRío. Cp. 76040,Querétaro,Santiago de Querétaro,20.586349,-100.382801
Papa,1 Kg. Granel. Alfa/blanca,S/M,Hortalizas Frescas,Frutas y Legumbres,29.9,2025/12/18,Wal-mart,Supermercado / Tienda de Autoservicio,Walmart Sucursal Aeropuerto,Calz. Ignacio Zaragoza 58. Esq. Blvd. Puerto Aereo. Col. Federal. Cp. 15700,Ciudad de México,Venustiano Carranza,19.41926,-99.094521
Papa,1 Kg. Granel. Alfa/blanca,S/M,Hortalizas Frescas,Frutas y Legumbres,29.9,2025/12/18,Wal-mart,Supermercado / Tienda de Autoservicio,Walmart Sucursal Balbuena,Fray Servando Teresa de Mier 881. Entre Fernando Iglesia Calderon y Genaro Garcia. Col. Jardín Balbuena. Cp. 15900,Ciudad de México,Venustiano Carranza,19.418067,-99.105639
Papa,1 Kg. Granel. Alfa/blanca,S/M,Hortalizas Frescas,Frutas y Legumbres,29.9,2025/12/23,Wal-mart,Supermercado / Tienda de Autoservicio,Walmart Sucursal Balbuena,Fray Servando Teresa de Mier 881. Entre Fernando Iglesia Calderon y Genaro Garcia. Col. Jardín Balbuena. Cp. 15900,Ciudad de México,Venustiano Carranza,19.418067,-99.105639
Papa,1 Kg. Granel. Alfa/blanca,S/M,Hortalizas Frescas,Frutas y Legumbres,29.9,2025/12/23,Wal-mart,Supermercado / Tienda de Autoservicio,Walmart Sucursal Unidad Plaza de Toros,Autopista Querétaro Celaya 5501. Int. del Centro Comercial Plaza Esfera. Col. el Jacal. Cp. 76187,Querétaro,Santiago de Querétaro,20.574076,-100.408704
Papa,1 Kg. Granel. Alfa/blanca,S/M,Hortalizas Frescas,Frutas y Legumbres,31.9,2025/12/18,La Comer,Supermercado / Tienda de Autoservicio,Lacomer Sucursal Queretaro Estadio,Luis M. Vega y Monroy 1300. Esq.cimataRío . Col. CimataRío. Cp. 76090,Querétaro,Santiago de Querétaro,20.577804,-100.373626
Papa,1 Kg. Granel. Alfa/blanca,S/M,Hortalizas Frescas,Frutas y Legumbres,32.9,2025/12/18,Bodega Aurrera,Supermercado / Tienda de Autoservicio,Bodega Aurrera Sucursal la Viga,Calz. de la Viga 136 Esq. del Taller. Col. Lorenzo Boturini. Cp. 15820,Ciudad de México,Venustiano Carranza,19.414749,-99.127874
Papa,1 Kg. Granel. Alfa/blanca,S/M,Hortalizas Frescas,Pacic,19.8,2025/12/31,Hipermercado Soriana,Supermercado / Tienda de Autoservicio,Soriana Hiper Sucursal Cimatario,Ctra. a Huimilpan 1001. Int. del Centro Comercial Plaza del Sol. Col. Plazas del Sol. Iii Sección. Cp. 76099,Querétaro,Santiago de Querétaro,20.563227,-100.375284
Papa,1 Kg. Granel. Alfa/blanca,S/M,Hortalizas Frescas,Pacic,19.9,2025/12/24,La Comer,Supermercado / Tienda de Autoservicio,Lacomer Sucursal Queretaro Estadio,Luis M. Vega y Monroy 1300. Esq.cimataRío . Col. CimataRío. Cp. 76090,Querétaro,Santiago de Querétaro,20.577804,-100.373626
Papa,1 Kg. Granel. Alfa/blanca,S/M,Hortalizas Frescas,Pacic,24,2025/12/17,Chedraui,Supermercado / Tienda de Autoservicio,Chedraui Sucursal Centro Sur,Blvd. Bernardo Quintana 502. Carr. con Direccion a Centro Civico. Col. Centro Sur. Cp. 76087,Querétaro,Santiago de Querétaro,20.569354,-100.358831
Papa,1 Kg. Granel. Alfa/blanca,S/M,Hortalizas Frescas,Pacic,24,2025/12/18,Chedraui,Supermercado / Tienda de Autoservicio,Chedraui Sucursal Anfora,Anfora 71. Esq. Eje 1 Norte. Col. Madero. Cp. 15320,Ciudad de México,Venustiano Carranza,19.437353,-99.110088
Papa,1 Kg. Granel. Alfa/blanca,S/M,Hortalizas Frescas,Pacic,26,2025/12/22,Chedraui,Supermercado / Tienda de Autoservicio,Chedraui Sucursal Centro Sur,Blvd. Bernardo Quintana 502. Carr. con Direccion a Centro Civico. Col. Centro Sur. Cp. 76087,Querétaro,Santiago de Querétaro,20.569354,-100.358831
Papa,1 Kg. Granel. Alfa/blanca,S/M,Hortalizas Frescas,Pacic,27.8,2025/12/22,Hipermercado Soriana,Supermercado / Tienda de Autoservicio,Soriana Hiper Sucursal Cimatario,Ctra. a Huimilpan 1001. Int. del Centro Comercial Plaza del Sol. Col. Plazas del Sol. Iii Sección. Cp. 76099,Querétaro,Santiago de Querétaro,20.563227,-100.375284
Papa,1 Kg. Granel. Alfa/blanca,S/M,Hortalizas Frescas,Pacic,29.5,2025/12/19,Bodega Aurrera,Supermercado / Tienda de Autoservicio,Bodega Aurrera Sucursal Centro Constituyentes,Constituyentes Oriente 334. Entre Pasteur y Manuel Ponce. Col. MercuRío. Cp. 76040,Querétaro,Santiago de Querétaro,20.586349,-100.382801
Papa,1 Kg. Granel. Alfa/blanca,S/M,Hortalizas Frescas,Pacic,29.5,2025/12/23,Bodega Aurrera,Supermercado / Tienda de Autoservicio,Bodega Aurrera Sucursal Centro Constituyentes,Constituyentes Oriente 334. Entre Pasteur y Manuel Ponce. Col. MercuRío. Cp. 76040,Querétaro,Santiago de Querétaro,20.586349,-100.382801
Papa,1 Kg. Granel. Alfa/blanca,S/M,Hortalizas Frescas,Pacic,29.9,2025/12/17,Wal-mart,Supermercado / Tienda de Autoservicio,Walmart Sucursal Unidad Plaza de Toros,Autopista Querétaro Celaya 5501. Int. del Centro Comercial Plaza Esfera. Col. el Jacal. Cp. 76187,Querétaro,Santiago de Querétaro,20.574076,-100.408704
Papa,1 Kg. Granel. Alfa/blanca,S/M,Hortalizas Frescas,Pacic,29.9,2025/12/18,Wal-mart,Supermercado / Tienda de Autoservicio,Walmart Sucursal Aeropuerto,Calz. Ignacio Zaragoza 58. Esq. Blvd. Puerto Aereo. Col. Federal. Cp. 15700,Ciudad de México,Venustiano Carranza,19.41926,-99.094521
Papa,1 Kg. Granel. Alfa/blanca,S/M,Hortalizas Frescas,Pacic,29.9,2025/12/18,Wal-mart,Supermercado / Tienda de Autoservicio,Walmart Sucursal Balbuena,Fray Servando Teresa de Mier 881. Entre Fernando Iglesia Calderon y Genaro Garcia. Col. Jardín Balbuena. Cp. 15900,Ciudad de México,Venustiano Carranza,19.418067,-99.105639
Papa,1 Kg. Granel. Alfa/blanca,S/M,Hortalizas Frescas,Pacic,29.9,2025/12/23,Wal-mart,Supermercado / Tienda de Autoservicio,Walmart Sucursal Balbuena,Fray Servando Teresa de Mier 881. Entre Fernando Iglesia Calderon y Genaro Garcia. Col. Jardín Balbuena. Cp. 15900,Ciudad de México,Venustiano Carranza,19.418067,-99.105639
Papa,1 Kg. Granel. Alfa/blanca,S/M,Hortalizas Frescas,Pacic,29.9,2025/12/23,Wal-mart,Supermercado / Tienda de Autoservicio,Walmart Sucursal Unidad Plaza de Toros,Autopista Querétaro Celaya 5501. Int. del Centro Comercial Plaza Esfera. Col. el Jacal. Cp. 76187,Querétaro,Santiago de Querétaro,20.574076,-100.408704
Papa,1 Kg. Granel. Alfa/blanca,S/M,Hortalizas Frescas,Pacic,31.9,2025/12/18,La Comer,Supermercado / Tienda de Autoservicio,Lacomer Sucursal Queretaro Estadio,Luis M. Vega y Monroy 1300. Esq.cimataRío . Col. CimataRío. Cp. 76090,Querétaro,Santiago de Querétaro,20.577804,-100.373626
Papa,1 Kg. Granel. Alfa/blanca,S/M,Hortalizas Frescas,Pacic,32.9,2025/12/18,Bodega Aurrera,Supermercado / Tienda de Autoservicio,Bodega Aurrera Sucursal la Viga,Calz. de la Viga 136 Esq. del Taller. Col. Lorenzo Boturini. Cp. 15820,Ciudad de México,Venustiano Carranza,19.414749,-99.127874
Papa,1 Kg. Granel. Alfa/blanca. en Malla,S/M,Hortalizas Frescas,Pacic,26.5,2025/12/19,Bodega Aurrera,Supermercado / Tienda de Autoservicio,Bodega Aurrera Sucursal Centro Constituyentes,Constituyentes Oriente 334. Entre Pasteur y Manuel Ponce. Col. MercuRío. Cp. 76040,Querétaro,Santiago de Querétaro,20.586349,-100.382801
Papa,1 Kg. Granel. Alfa/blanca. en Malla,S/M,Hortalizas Frescas,Pacic,26.5,2025/12/23,Bodega Aurrera,Supermercado / Tienda de Autoservicio,Bodega Aurrera Sucursal Centro Constituyentes,Constituyentes Oriente 334. Entre Pasteur y Manuel Ponce. Col. MercuRío. Cp. 76040,Querétaro,Santiago de Querétaro,20.586349,-100.382801
Papa,1 Kg. Granel. Alfa/blanca. en Malla,S/M,Hortalizas Frescas,Pacic,26.9,2025/12/17,Wal-mart,Supermercado / Tienda de Autoservicio,Walmart Sucursal Unidad Plaza de Toros,Autopista Querétaro Celaya 5501. Int. del Centro Comercial Plaza Esfera. Col. el Jacal. Cp. 76187,Querétaro,Santiago de Querétaro,20.574076,-100.408704
Papa,1 Kg. Granel. Alfa/blanca. en Malla,S/M,Hortalizas Frescas,Pacic,26.9,2025/12/18,Wal-mart,Supermercado / Tienda de Autoservicio,Walmart Sucursal Balbuena,Fray Servando Teresa de Mier 881. Entre Fernando Iglesia Calderon y Genaro Garcia. Col. Jardín Balbuena. Cp. 15900,Ciudad de México,Venustiano Carranza,19.418067,-99.105639
Papa,1 Kg. Granel. Alfa/blanca. en Malla,S/M,Hortalizas Frescas,Pacic,26.9,2025/12/23,Wal-mart,Supermercado / Tienda de Autoservicio,Walmart Sucursal Balbuena,Fray Servando Teresa de Mier 881. Entre Fernando Iglesia Calderon y Genaro Garcia. Col. Jardín Balbuena. Cp. 15900,Ciudad de México,Venustiano Carranza,19.418067,-99.105639
Papa,1 Kg. Granel. Alfa/blanca. en Malla,S/M,Hortalizas Frescas,Pacic,26.9,2025/12/23,Wal-mart,Supermercado / Tienda de Autoservicio,Walmart Sucursal Unidad Plaza de Toros,Autopista Querétaro Celaya 5501. Int. del Centro Comercial Plaza Esfera. Col. el Jacal. Cp. 76187,Querétaro,Santiago de Querétaro,20.574076,-100.408704
Papas Fritas y Similares,Bolsa 170 Gr. Fritos. Sal y Limón,Sabritas,Chocolates y Golosinas,Basicos,38.5,2025/12/26,Superissste,Supermercado / Tienda de Autoservicio,Superissste Sucursal 022,Av. del Taller y Retorno No. 38 Dentro del Retorno 38. Col. Jardín Balbuena. Cp. 15900,Ciudad de México,Venustiano Carranza,19.412842,-99.105666
Papel Higiénico,Paquete 12 Rollos. 320 Hojas Dobles,Elite. Ultra Suave,Arts. de Papel P/higiene Personal,Basicos,115,2025/12/18,La Comer,Supermercado / Tienda de Autoservicio,Lacomer Sucursal Queretaro Estadio,Luis M. Vega y Monroy 1300. Esq.cimataRío . Col. CimataRío. Cp. 76090,Querétaro,Santiago de Querétaro,20.577804,-100.373626
Papel Higiénico,Paquete 12 Rollos. 320 Hojas Dobles,Elite. Ultra Suave,Arts. de Papel P/higiene Personal,Basicos,115,2025/12/24,La Comer,Supermercado / Tienda de Autoservicio,Lacomer Sucursal Queretaro Estadio,Luis M. Vega y Monroy 1300. Esq.cimataRío . Col. CimataRío. Cp. 76090,Querétaro,Santiago de Querétaro,20.577804,-100.373626
Papel Higiénico,Paquete 12 Rollos. 320 Hojas Dobles,Pétalo. Rendimax,Arts. de Papel P/higiene Personal,Basicos,111,2025/12/24,La Comer,Supermercado / Tienda de Autoservicio,Lacomer Sucursal Queretaro Estadio,Luis M. Vega y Monroy 1300. Esq.cimataRío . Col. CimataRío. Cp. 76090,Querétaro,Santiago de Querétaro,20.577804,-100.373626
Papel Higiénico,Paquete 12 Rollos. 320 Hojas Dobles,Pétalo. Rendimax,Arts. de Papel P/higiene Personal,Basicos,68,2025/12/19,Superissste,Supermercado / Tienda de Autoservicio,Superissste Sucursal 011,Calle Peluqueros No. 310 Esquina Calle Tizayuca. Col. Michoacána. Cp. 15240,Ciudad de México,Venustiano Carranza,19.446139,-99.113372
Papel Higiénico,Paquete 12 Rollos. 320 Hojas Dobles,Pétalo. Rendimax,Arts. de Papel P/higiene Personal,Basicos,68,2025/12/19,Superissste,Supermercado / Tienda de Autoservicio,Superissste Sucursal 022,Av. del Taller y Retorno No. 38 Dentro del Retorno 38. Col. Jardín Balbuena. Cp. 15900,Ciudad de México,Venustiano Carranza,19.412842,-99.105666
Papel Higiénico,Paquete 12 Rollos. 320 Hojas Dobles,Pétalo. Rendimax,Arts. de Papel P/higiene Personal,Basicos,68,2025/12/26,Superissste,Supermercado / Tienda de Autoservicio,Superissste Sucursal 011,Calle Peluqueros No. 310 Esquina Calle Tizayuca. Col. Michoacána. Cp. 15240,Ciudad de México,Venustiano Carranza,19.446139,-99.113372
Papel Higiénico,Paquete 12 Rollos. 320 Hojas Dobles,Pétalo. Rendimax,Arts. de Papel P/higiene Personal,Basicos,68,2025/12/26,Superissste,Supermercado / Tienda de Autoservicio,Superissste Sucursal 022,Av. del Taller y Retorno No. 38 Dentro del Retorno 38. Col. Jardín Balbuena. Cp. 15900,Ciudad de México,Venustiano Carranza,19.412842,-99.105666
Papel Higiénico,Paquete 16 Rollos. 200 Hojas Dobles,Suavel,Arts. de Papel P/higiene Personal,Basicos,59.9,2025/12/17,Chedraui,Supermercado / Tienda de Autoservicio,Chedraui Sucursal Centro Sur,Blvd. Bernardo Quintana 502. Carr. con Direccion a Centro Civico. Col. Centro Sur. Cp. 76087,Querétaro,Santiago de Querétaro,20.569354,-100.358831
Papel Higiénico,Paquete 16 Rollos. 200 Hojas Dobles,Suavel,Arts. de Papel P/higiene Personal,Basicos,66.9,2025/12/22,Chedraui,Supermercado / Tienda de Autoservicio,Chedraui Sucursal Centro Sur,Blvd. Bernardo Quintana 502. Carr. con Direccion a Centro Civico. Col. Centro Sur. Cp. 76087,Querétaro,Santiago de Querétaro,20.569354,-100.358831
Papel Higiénico,Paquete 16 Rollos. 200 Hojas Dobles,Suavel,Arts. de Papel P/higiene Personal,Basicos,73,2025/12/18,Chedraui,Supermercado / Tienda de Autoservicio,Chedraui Sucursal Anfora,Anfora 71. Esq. Eje 1 Norte. Col. Madero. Cp. 15320,Ciudad de México,Venustiano Carranza,19.437353,-99.110088
Papel Higiénico,Paquete 18 Rollos. Hoja Doble,Elite. Premium Soft Xl,Arts. de Papel P/higiene Personal,Basicos,129,2025/12/22,Chedraui,Supermercado / Tienda de Autoservicio,Chedraui Sucursal Centro Sur,Blvd. Bernardo Quintana 502. Carr. con Direccion a Centro Civico. Col. Centro Sur. Cp. 76087,Querétaro,Santiago de Querétaro,20.569354,-100.358831
Papel Higiénico,Paquete 24 Rollos. 200 Hojas Dobles,Kleenex. Cottonelle. Soft,Arts. de Papel P/higiene Personal,Basicos,197.5,2025/12/18,La Comer,Supermercado / Tienda de Autoservicio,Lacomer Sucursal Queretaro Estadio,Luis M. Vega y Monroy 1300. Esq.cimataRío . Col. CimataRío. Cp. 76090,Querétaro,Santiago de Querétaro,20.577804,-100.373626
Papel Higiénico,Paquete 24 Rollos. 200 Hojas Dobles,Kleenex. Cottonelle. Soft,Arts. de Papel P/higiene Personal,Basicos,197.5,2025/12/24,La Comer,Supermercado / Tienda de Autoservicio,Lacomer Sucursal Queretaro Estadio,Luis M. Vega y Monroy 1300. Esq.cimataRío . Col. CimataRío. Cp. 76090,Querétaro,Santiago de Querétaro,20.577804,-100.373626
Papel Higiénico,Paquete 24 Rollos. 200 Hojas Dobles,Kleenex. Cottonelle. Soft,Arts. de Papel P/higiene Personal,Basicos,199,2025/12/18,Chedraui,Supermercado / Tienda de Autoservicio,Chedraui Sucursal Anfora,Anfora 71. Esq. Eje 1 Norte. Col. Madero. Cp. 15320,Ciudad de México,Venustiano Carranza,19.437353,-99.110088
Papel Higiénico,Paquete 24 Rollos. 200 Hojas Dobles,Kleenex. Cottonelle. Soft,Arts. de Papel P/higiene Personal,Basicos,199,2025/12/18,Wal-mart,Supermercado / Tienda de Autoservicio,Walmart Sucursal Aeropuerto,Calz. Ignacio Zaragoza 58. Esq. Blvd. Puerto Aereo. Col. Federal. Cp. 15700,Ciudad de México,Venustiano Carranza,19.41926,-99.094521
Papel Higiénico,Paquete 24 Rollos. 200 Hojas Dobles,Kleenex. Cottonelle. Soft,Arts. de Papel P/higiene Personal,Basicos,199,2025/12/23,Wal-mart,Supermercado / Tienda de Autoservicio,Walmart Sucursal Unidad Plaza de Toros,Autopista Querétaro Celaya 5501. Int. del Centro Comercial Plaza Esfera. Col. el Jacal. Cp. 76187,Querétaro,Santiago de Querétaro,20.574076,-100.408704
Papel Higiénico,Paquete 24 Rollos. 200 Hojas Dobles,Kleenex. Cottonelle. Soft,Arts. de Papel P/higiene Personal,Basicos,205,2025/12/31,Hipermercado Soriana,Supermercado / Tienda de Autoservicio,Soriana Hiper Sucursal Cimatario,Ctra. a Huimilpan 1001. Int. del Centro Comercial Plaza del Sol. Col. Plazas del Sol. Iii Sección. Cp. 76099,Querétaro,Santiago de Querétaro,20.563227,-100.375284
Papel Higiénico,Paquete 32 Rollos. 200 Hojas Dobles,Suavel,Arts. de Papel P/higiene Personal,Basicos,125,2025/12/19,Superissste,Supermercado / Tienda de Autoservicio,Superissste Sucursal 011,Calle Peluqueros No. 310 Esquina Calle Tizayuca. Col. Michoacána. Cp. 15240,Ciudad de México,Venustiano Carranza,19.446139,-99.113372
Papel Higiénico,Paquete 32 Rollos. 200 Hojas Dobles,Suavel,Arts. de Papel P/higiene Personal,Basicos,125,2025/12/19,Superissste,Supermercado / Tienda de Autoservicio,Superissste Sucursal 022,Av. del Taller y Retorno No. 38 Dentro del Retorno 38. Col. Jardín Balbuena. Cp. 15900,Ciudad de México,Venustiano Carranza,19.412842,-99.105666
Papel Higiénico,Paquete 32 Rollos. 200 Hojas Dobles,Suavel,Arts. de Papel P/higiene Personal,Basicos,125,2025/12/26,Superissste,Supermercado / Tienda de Autoservicio,Superissste Sucursal 011,Calle Peluqueros No. 310 Esquina Calle Tizayuca. Col. Michoacána. Cp. 15240,Ciudad de México,Venustiano Carranza,19.446139,-99.113372
Papel Higiénico,Paquete 32 Rollos. 200 Hojas Dobles,Suavel,Arts. de Papel P/higiene Personal,Basicos,125,2025/12/26,Superissste,Supermercado / Tienda de Autoservicio,Superissste Sucursal 022,Av. del Taller y Retorno No. 38 Dentro del Retorno 38. Col. Jardín Balbuena. Cp. 15900,Ciudad de México,Venustiano Carranza,19.412842,-99.105666
Papel Higiénico,Paquete 32 Rollos. 200 Hojas Dobles,Suavel,Arts. de Papel P/higiene Personal,Basicos,139,2025/12/16,Wal-mart,Supermercado / Tienda de Autoservicio,Walmart Sucursal Unidad Plaza de Toros,Autopista Querétaro Celaya 5501. Int. del Centro Comercial Plaza Esfera. Col. el Jacal. Cp. 76187,Querétaro,Santiago de Querétaro,20.574076,-100.408704
Papel Higiénico,Paquete 32 Rollos. 200 Hojas Dobles,Suavel,Arts. de Papel P/higiene Personal,Basicos,139,2025/12/18,Bodega Aurrera,Supermercado / Tienda de Autoservicio,Bodega Aurrera Sucursal la Viga,Calz. de la Viga 136 Esq. del Taller. Col. Lorenzo Boturini. Cp. 15820,Ciudad de México,Venustiano Carranza,19.414749,-99.127874
Papel Higiénico,Paquete 32 Rollos. 200 Hojas Dobles,Suavel,Arts. de Papel P/higiene Personal,Basicos,139,2025/12/18,Wal-mart,Supermercado / Tienda de Autoservicio,Walmart Sucursal Aeropuerto,Calz. Ignacio Zaragoza 58. Esq. Blvd. Puerto Aereo. Col. Federal. Cp. 15700,Ciudad de México,Venustiano Carranza,19.41926,-99.094521
Papel Higiénico,Paquete 32 Rollos. 200 Hojas Dobles,Suavel,Arts. de Papel P/higiene Personal,Basicos,139,2025/12/18,Wal-mart,Supermercado / Tienda de Autoservicio,Walmart Sucursal Balbuena,Fray Servando Teresa de Mier 881. Entre Fernando Iglesia Calderon y Genaro Garcia. Col. Jardín Balbuena. Cp. 15900,Ciudad de México,Venustiano Carranza,19.418067,-99.105639
Papel Higiénico,Paquete 32 Rollos. 200 Hojas Dobles,Suavel,Arts. de Papel P/higiene Personal,Basicos,139,2025/12/19,Bodega Aurrera,Supermercado / Tienda de Autoservicio,Bodega Aurrera Sucursal Centro Constituyentes,Constituyentes Oriente 334. Entre Pasteur y Manuel Ponce. Col. MercuRío. Cp. 76040,Querétaro,Santiago de Querétaro,20.586349,-100.382801
Papel Higiénico,Paquete 32 Rollos. 200 Hojas Dobles,Suavel,Arts. de Papel P/higiene Personal,Basicos,139,2025/12/23,Bodega Aurrera,Supermercado / Tienda de Autoservicio,Bodega Aurrera Sucursal Centro Constituyentes,Constituyentes Oriente 334. Entre Pasteur y Manuel Ponce. Col. MercuRío. Cp. 76040,Querétaro,Santiago de Querétaro,20.586349,-100.382801
Papel Higiénico,Paquete 32 Rollos. 200 Hojas Dobles,Suavel,Arts. de Papel P/higiene Personal,Basicos,139,2025/12/23,Wal-mart,Supermercado / Tienda de Autoservicio,Walmart Sucursal Unidad Plaza de Toros,Autopista Querétaro Celaya 5501. Int. del Centro Comercial Plaza Esfera. Col. el Jacal. Cp. 76187,Querétaro,Santiago de Querétaro,20.574076,-100.408704
Papel Higiénico,Paquete 4 Rollos. 180 Hojas Triples,Kleenex. Cottonelle. Beauty,Arts. de Papel P/higiene Personal,Basicos,41,2025/12/18,La Comer,Supermercado / Tienda de Autoservicio,Lacomer Sucursal Queretaro Estadio,Luis M. Vega y Monroy 1300. Esq.cimataRío . Col. CimataRío. Cp. 76090,Querétaro,Santiago de Querétaro,20.577804,-100.373626
Papel Higiénico,Paquete 4 Rollos. 180 Hojas Triples,Kleenex. Cottonelle. Beauty,Arts. de Papel P/higiene Personal,Basicos,41,2025/12/24,La Comer,Supermercado / Tienda de Autoservicio,Lacomer Sucursal Queretaro Estadio,Luis M. Vega y Monroy 1300. Esq.cimataRío . Col. CimataRío. Cp. 76090,Querétaro,Santiago de Querétaro,20.577804,-100.373626
Papel Higiénico,Paquete 4 Rollos. 180 Hojas Triples,Kleenex. Cottonelle. Beauty,Arts. de Papel P/higiene Personal,Basicos,42.5,2025/12/31,Hipermercado Soriana,Supermercado / Tienda de Autoservicio,Soriana Hiper Sucursal Cimatario,Ctra. a Huimilpan 1001. Int. del Centro Comercial Plaza del Sol. Col. Plazas del Sol. Iii Sección. Cp. 76099,Querétaro,Santiago de Querétaro,20.563227,-100.375284
Papel Higiénico,Paquete 4 Rollos. 185 Hojas Dobles,Precíssimo. Eco,Arts. de Papel P/higiene Personal,Pacic,8.9,2025/12/31,Hipermercado Soriana,Supermercado / Tienda de Autoservicio,Soriana Hiper Sucursal Cimatario,Ctra. a Huimilpan 1001. Int. del Centro Comercial Plaza del Sol. Col. Plazas del Sol. Iii Sección. Cp. 76099,Querétaro,Santiago de Querétaro,20.563227,-100.375284
Papel Higiénico,Paquete 4 Rollos. 195 Hojas Dobles,Delsey. Max,Arts. de Papel P/higiene Personal,Pacic,9,2025/12/17,Chedraui,Supermercado / Tienda de Autoservicio,Chedraui Sucursal Centro Sur,Blvd. Bernardo Quintana 502. Carr. con Direccion a Centro Civico. Col. Centro Sur. Cp. 76087,Querétaro,Santiago de Querétaro,20.569354,-100.358831
Papel Higiénico,Paquete 4 Rollos. 195 Hojas Dobles,Delsey. Max,Arts. de Papel P/higiene Personal,Pacic,9,2025/12/18,Chedraui,Supermercado / Tienda de Autoservicio,Chedraui Sucursal Anfora,Anfora 71. Esq. Eje 1 Norte. Col. Madero. Cp. 15320,Ciudad de México,Venustiano Carranza,19.437353,-99.110088
Papel Higiénico,Paquete 4 Rollos. 195 Hojas Dobles,Delsey. Max,Arts. de Papel P/higiene Personal,Pacic,9,2025/12/22,Chedraui,Supermercado / Tienda de Autoservicio,Chedraui Sucursal Centro Sur,Blvd. Bernardo Quintana 502. Carr. con Direccion a Centro Civico. Col. Centro Sur. Cp. 76087,Querétaro,Santiago de Querétaro,20.569354,-100.358831
Papel Higiénico,Paquete 4 Rollos. 195 Hojas Dobles,Lys,Arts. de Papel P/higiene Personal,Pacic,14.5,2025/12/17,Wal-mart,Supermercado / Tienda de Autoservicio,Walmart Sucursal Unidad Plaza de Toros,Autopista Querétaro Celaya 5501. Int. del Centro Comercial Plaza Esfera. Col. el Jacal. Cp. 76187,Querétaro,Santiago de Querétaro,20.574076,-100.408704
Papel Higiénico,Paquete 4 Rollos. 195 Hojas Dobles,Lys,Arts. de Papel P/higiene Personal,Pacic,14.5,2025/12/23,Wal-mart,Supermercado / Tienda de Autoservicio,Walmart Sucursal Unidad Plaza de Toros,Autopista Querétaro Celaya 5501. Int. del Centro Comercial Plaza Esfera. Col. el Jacal. Cp. 76187,Querétaro,Santiago de Querétaro,20.574076,-100.408704
Papel Higiénico,Paquete 4 Rollos. 195 Hojas Dobles,Lys,Arts. de Papel P/higiene Personal,Pacic,7,2025/12/18,Bodega Aurrera,Supermercado / Tienda de Autoservicio,Bodega Aurrera Sucursal la Viga,Calz. de la Viga 136 Esq. del Taller. Col. Lorenzo Boturini. Cp. 15820,Ciudad de México,Venustiano Carranza,19.414749,-99.127874
Papel Higiénico,Paquete 4 Rollos. 195 Hojas Dobles,Lys,Arts. de Papel P/higiene Personal,Pacic,7,2025/12/19,Bodega Aurrera,Supermercado / Tienda de Autoservicio,Bodega Aurrera Sucursal Centro Constituyentes,Constituyentes Oriente 334. Entre Pasteur y Manuel Ponce. Col. MercuRío. Cp. 76040,Querétaro,Santiago de Querétaro,20.586349,-100.382801
Papel Higiénico,Paquete 4 Rollos. 195 Hojas Dobles,Lys,Arts. de Papel P/higiene Personal,Pacic,7,2025/12/23,Bodega Aurrera,Supermercado / Tienda de Autoservicio,Bodega Aurrera Sucursal Centro Constituyentes,Constituyentes Oriente 334. Entre Pasteur y Manuel Ponce. Col. MercuRío. Cp. 76040,Querétaro,Santiago de Querétaro,20.586349,-100.382801
Papel Higiénico,Paquete 4 Rollos. 195 Hojas Dobles,Lys,Arts. de Papel P/higiene Personal,Pacic,7,2025/12/23,Wal-mart,Supermercado / Tienda de Autoservicio,Walmart Sucursal Balbuena,Fray Servando Teresa de Mier 881. Entre Fernando Iglesia Calderon y Genaro Garcia. Col. Jardín Balbuena. Cp. 15900,Ciudad de México,Venustiano Carranza,19.418067,-99.105639
Papel Higiénico,Paquete 4 Rollos. 200 Hojas Dobles,Elite. Cuidado Clásico,Arts. de Papel P/higiene Personal,Basicos,29.5,2025/12/18,Chedraui,Supermercado / Tienda de Autoservicio,Chedraui Sucursal Anfora,Anfora 71. Esq. Eje 1 Norte. Col. Madero. Cp. 15320,Ciudad de México,Venustiano Carranza,19.437353,-99.110088
Papel Higiénico,Paquete 4 Rollos. 200 Hojas Dobles,Elite. Cuidado Clásico,Arts. de Papel P/higiene Personal,Pacic,29.5,2025/12/18,Chedraui,Supermercado / Tienda de Autoservicio,Chedraui Sucursal Anfora,Anfora 71. Esq. Eje 1 Norte. Col. Madero. Cp. 15320,Ciudad de México,Venustiano Carranza,19.437353,-99.110088
Papel Higiénico,Paquete 4 Rollos. 200 Hojas Dobles,Suavel. con Aroma,Arts. de Papel P/higiene Personal,Basicos,12.9,2025/12/19,Superissste,Supermercado / Tienda de Autoservicio,Superissste Sucursal 011,Calle Peluqueros No. 310 Esquina Calle Tizayuca. Col. Michoacána. Cp. 15240,Ciudad de México,Venustiano Carranza,19.446139,-99.113372
Papel Higiénico,Paquete 4 Rollos. 200 Hojas Dobles,Suavel. con Aroma,Arts. de Papel P/higiene Personal,Basicos,12.9,2025/12/19,Superissste,Supermercado / Tienda de Autoservicio,Superissste Sucursal 022,Av. del Taller y Retorno No. 38 Dentro del Retorno 38. Col. Jardín Balbuena. Cp. 15900,Ciudad de México,Venustiano Carranza,19.412842,-99.105666
Papel Higiénico,Paquete 4 Rollos. 200 Hojas Dobles,Suavel. con Aroma,Arts. de Papel P/higiene Personal,Basicos,12.9,2025/12/26,Superissste,Supermercado / Tienda de Autoservicio,Superissste Sucursal 011,Calle Peluqueros No. 310 Esquina Calle Tizayuca. Col. Michoacána. Cp. 15240,Ciudad de México,Venustiano Carranza,19.446139,-99.113372
Papel Higiénico,Paquete 4 Rollos. 200 Hojas Dobles,Suavel. con Aroma,Arts. de Papel P/higiene Personal,Basicos,12.9,2025/12/26,Superissste,Supermercado / Tienda de Autoservicio,Superissste Sucursal 022,Av. del Taller y Retorno No. 38 Dentro del Retorno 38. Col. Jardín Balbuena. Cp. 15900,Ciudad de México,Venustiano Carranza,19.412842,-99.105666
Papel Higiénico,Paquete 4 Rollos. 300 Hojas Dobles. Rendidor,Great Value. Original,Arts. de Papel P/higiene Personal,Pacic,25,2025/12/18,Bodega Aurrera,Supermercado / Tienda de Autoservicio,Bodega Aurrera Sucursal la Viga,Calz. de la Viga 136 Esq. del Taller. Col. Lorenzo Boturini. Cp. 15820,Ciudad de México,Venustiano Carranza,19.414749,-99.127874
Papel Higiénico,Paquete 4 Rollos. 300 Hojas Dobles. Rendidor,Great Value. Original,Arts. de Papel P/higiene Personal,Pacic,25,2025/12/19,Bodega Aurrera,Supermercado / Tienda de Autoservicio,Bodega Aurrera Sucursal Centro Constituyentes,Constituyentes Oriente 334. Entre Pasteur y Manuel Ponce. Col. MercuRío. Cp. 76040,Querétaro,Santiago de Querétaro,20.586349,-100.382801
Papel Higiénico,Paquete 4 Rollos. 300 Hojas Dobles. Rendidor,Great Value. Original,Arts. de Papel P/higiene Personal,Pacic,25,2025/12/23,Bodega Aurrera,Supermercado / Tienda de Autoservicio,Bodega Aurrera Sucursal Centro Constituyentes,Constituyentes Oriente 334. Entre Pasteur y Manuel Ponce. Col. MercuRío. Cp. 76040,Querétaro,Santiago de Querétaro,20.586349,-100.382801
Papel Higiénico,Paquete 4 Rollos. 300 Hojas Dobles. Rendidor,Great Value. Original,Arts. de Papel P/higiene Personal,Pacic,26,2025/12/17,Wal-mart,Supermercado / Tienda de Autoservicio,Walmart Sucursal Unidad Plaza de Toros,Autopista Querétaro Celaya 5501. Int. del Centro Comercial Plaza Esfera. Col. el Jacal. Cp. 76187,Querétaro,Santiago de Querétaro,20.574076,-100.408704
Papel Higiénico,Paquete 4 Rollos. 300 Hojas Dobles. Rendidor,Great Value. Original,Arts. de Papel P/higiene Personal,Pacic,26,2025/12/18,Wal-mart,Supermercado / Tienda de Autoservicio,Walmart Sucursal Aeropuerto,Calz. Ignacio Zaragoza 58. Esq. Blvd. Puerto Aereo. Col. Federal. Cp. 15700,Ciudad de México,Venustiano Carranza,19.41926,-99.094521
Papel Higiénico,Paquete 4 Rollos. 300 Hojas Dobles. Rendidor,Great Value. Original,Arts. de Papel P/higiene Personal,Pacic,26,2025/12/23,Wal-mart,Supermercado / Tienda de Autoservicio,Walmart Sucursal Balbuena,Fray Servando Teresa de Mier 881. Entre Fernando Iglesia Calderon y Genaro Garcia. Col. Jardín Balbuena. Cp. 15900,Ciudad de México,Venustiano Carranza,19.418067,-99.105639
Papel Higiénico,Paquete 4 Rollos. 300 Hojas Dobles. Rendidor,Great Value. Original,Arts. de Papel P/higiene Personal,Pacic,26,2025/12/23,Wal-mart,Supermercado / Tienda de Autoservicio,Walmart Sucursal Unidad Plaza de Toros,Autopista Querétaro Celaya 5501. Int. del Centro Comercial Plaza Esfera. Col. el Jacal. Cp. 76187,Querétaro,Santiago de Querétaro,20.574076,-100.408704
Papel Higiénico,Paquete 4 Rollos. Xxl Hojas Dobles,Regio. Luxury,Arts. de Papel P/higiene Personal,Basicos,35,2025/12/19,Superissste,Supermercado / Tienda de Autoservicio,Superissste Sucursal 011,Calle Peluqueros No. 310 Esquina Calle Tizayuca. Col. Michoacána. Cp. 15240,Ciudad de México,Venustiano Carranza,19.446139,-99.113372
Papel Higiénico,Paquete 4 Rollos. Xxl Hojas Dobles,Regio. Luxury,Arts. de Papel P/higiene Personal,Basicos,35,2025/12/19,Superissste,Supermercado / Tienda de Autoservicio,Superissste Sucursal 022,Av. del Taller y Retorno No. 38 Dentro del Retorno 38. Col. Jardín Balbuena. Cp. 15900,Ciudad de México,Venustiano Carranza,19.412842,-99.105666
Papel Higiénico,Paquete 4 Rollos. Xxl Hojas Dobles,Regio. Luxury,Arts. de Papel P/higiene Personal,Basicos,35,2025/12/26,Superissste,Supermercado / Tienda de Autoservicio,Superissste Sucursal 011,Calle Peluqueros No. 310 Esquina Calle Tizayuca. Col. Michoacána. Cp. 15240,Ciudad de México,Venustiano Carranza,19.446139,-99.113372
Papel Higiénico,Paquete 4 Rollos. Xxl Hojas Dobles,Regio. Luxury,Arts. de Papel P/higiene Personal,Basicos,35,2025/12/26,Superissste,Supermercado / Tienda de Autoservicio,Superissste Sucursal 022,Av. del Taller y Retorno No. 38 Dentro del Retorno 38. Col. Jardín Balbuena. Cp. 15900,Ciudad de México,Venustiano Carranza,19.412842,-99.105666
Papel Higiénico,Paquete 4 Rollos. Xxl Hojas Dobles,Regio. Luxury,Arts. de Papel P/higiene Personal,Basicos,37.5,2025/12/18,Bodega Aurrera,Supermercado / Tienda de Autoservicio,Bodega Aurrera Sucursal la Viga,Calz. de la Viga 136 Esq. del Taller. Col. Lorenzo Boturini. Cp. 15820,Ciudad de México,Venustiano Carranza,19.414749,-99.127874
Papel Higiénico,Paquete 4 Rollos. Xxl Hojas Dobles,Regio. Luxury,Arts. de Papel P/higiene Personal,Basicos,37.5,2025/12/18,Chedraui,Supermercado / Tienda de Autoservicio,Chedraui Sucursal Anfora,Anfora 71. Esq. Eje 1 Norte. Col. Madero. Cp. 15320,Ciudad de México,Venustiano Carranza,19.437353,-99.110088
Papel Higiénico,Paquete 4 Rollos. Xxl Hojas Dobles,Regio. Luxury,Arts. de Papel P/higiene Personal,Basicos,37.5,2025/12/19,Bodega Aurrera,Supermercado / Tienda de Autoservicio,Bodega Aurrera Sucursal Centro Constituyentes,Constituyentes Oriente 334. Entre Pasteur y Manuel Ponce. Col. MercuRío. Cp. 76040,Querétaro,Santiago de Querétaro,20.586349,-100.382801
Papel Higiénico,Paquete 4 Rollos. Xxl Hojas Dobles,Regio. Luxury,Arts. de Papel P/higiene Personal,Basicos,37.5,2025/12/23,Bodega Aurrera,Supermercado / Tienda de Autoservicio,Bodega Aurrera Sucursal Centro Constituyentes,Constituyentes Oriente 334. Entre Pasteur y Manuel Ponce. Col. MercuRío. Cp. 76040,Querétaro,Santiago de Querétaro,20.586349,-100.382801
Papel Higiénico,Paquete 4 Rollos. Xxl Hojas Dobles,Regio. Luxury,Arts. de Papel P/higiene Personal,Basicos,37.6,2025/12/24,La Comer,Supermercado / Tienda de Autoservicio,Lacomer Sucursal Queretaro Estadio,Luis M. Vega y Monroy 1300. Esq.cimataRío . Col. CimataRío. Cp. 76090,Querétaro,Santiago de Querétaro,20.577804,-100.373626
Papel Higiénico,Paquete 4 Rollos. Xxl Hojas Dobles,Regio. Luxury,Arts. de Papel P/higiene Personal,Basicos,38,2025/12/16,Wal-mart,Supermercado / Tienda de Autoservicio,Walmart Sucursal Unidad Plaza de Toros,Autopista Querétaro Celaya 5501. Int. del Centro Comercial Plaza Esfera. Col. el Jacal. Cp. 76187,Querétaro,Santiago de Querétaro,20.574076,-100.408704
Papel Higiénico,Paquete 4 Rollos. Xxl Hojas Dobles,Regio. Luxury,Arts. de Papel P/higiene Personal,Basicos,38,2025/12/17,Chedraui,Supermercado / Tienda de Autoservicio,Chedraui Sucursal Centro Sur,Blvd. Bernardo Quintana 502. Carr. con Direccion a Centro Civico. Col. Centro Sur. Cp. 76087,Querétaro,Santiago de Querétaro,20.569354,-100.358831
Papel Higiénico,Paquete 4 Rollos. Xxl Hojas Dobles,Regio. Luxury,Arts. de Papel P/higiene Personal,Basicos,38,2025/12/18,La Comer,Supermercado / Tienda de Autoservicio,Lacomer Sucursal Queretaro Estadio,Luis M. Vega y Monroy 1300. Esq.cimataRío . Col. CimataRío. Cp. 76090,Querétaro,Santiago de Querétaro,20.577804,-100.373626
Papel Higiénico,Paquete 4 Rollos. Xxl Hojas Dobles,Regio. Luxury,Arts. de Papel P/higiene Personal,Basicos,38,2025/12/18,Wal-mart,Supermercado / Tienda de Autoservicio,Walmart Sucursal Aeropuerto,Calz. Ignacio Zaragoza 58. Esq. Blvd. Puerto Aereo. Col. Federal. Cp. 15700,Ciudad de México,Venustiano Carranza,19.41926,-99.094521
Papel Higiénico,Paquete 4 Rollos. Xxl Hojas Dobles,Regio. Luxury,Arts. de Papel P/higiene Personal,Basicos,38,2025/12/18,Wal-mart,Supermercado / Tienda de Autoservicio,Walmart Sucursal Balbuena,Fray Servando Teresa de Mier 881. Entre Fernando Iglesia Calderon y Genaro Garcia. Col. Jardín Balbuena. Cp. 15900,Ciudad de México,Venustiano Carranza,19.418067,-99.105639
Papel Higiénico,Paquete 4 Rollos. Xxl Hojas Dobles,Regio. Luxury,Arts. de Papel P/higiene Personal,Basicos,38,2025/12/22,Chedraui,Supermercado / Tienda de Autoservicio,Chedraui Sucursal Centro Sur,Blvd. Bernardo Quintana 502. Carr. con Direccion a Centro Civico. Col. Centro Sur. Cp. 76087,Querétaro,Santiago de Querétaro,20.569354,-100.358831
Papel Higiénico,Paquete 4 Rollos. Xxl Hojas Dobles,Regio. Luxury,Arts. de Papel P/higiene Personal,Basicos,38,2025/12/23,Wal-mart,Supermercado / Tienda de Autoservicio,Walmart Sucursal Unidad Plaza de Toros,Autopista Querétaro Celaya 5501. Int. del Centro Comercial Plaza Esfera. Col. el Jacal. Cp. 76187,Querétaro,Santiago de Querétaro,20.574076,-100.408704
Papel Higiénico,Paquete 4 Rollos. Xxl Hojas Dobles,Regio. Luxury,Arts. de Papel P/higiene Personal,Basicos,40.5,2025/12/31,Hipermercado Soriana,Supermercado / Tienda de Autoservicio,Soriana Hiper Sucursal Cimatario,Ctra. a Huimilpan 1001. Int. del Centro Comercial Plaza del Sol. Col. Plazas del Sol. Iii Sección. Cp. 76099,Querétaro,Santiago de Querétaro,20.563227,-100.375284
Papel Higiénico,Paquete 8 Rollos. 280 Hojas Dobles,Kleenex. Cottonelle. Soft,Arts. de Papel P/higiene Personal,Basicos,105,2025/12/31,Hipermercado Soriana,Supermercado / Tienda de Autoservicio,Soriana Hiper Sucursal Cimatario,Ctra. a Huimilpan 1001. Int. del Centro Comercial Plaza del Sol. Col. Plazas del Sol. Iii Sección. Cp. 76099,Querétaro,Santiago de Querétaro,20.563227,-100.375284
Papel Higiénico,Paquete 8 Rollos. 280 Hojas Dobles,Kleenex. Cottonelle. Soft,Arts. de Papel P/higiene Personal,Basicos,96,2025/12/18,La Comer,Supermercado / Tienda de Autoservicio,Lacomer Sucursal Queretaro Estadio,Luis M. Vega y Monroy 1300. Esq.cimataRío . Col. CimataRío. Cp. 76090,Querétaro,Santiago de Querétaro,20.577804,-100.373626
Pasta para Sopa,Paquete 180 Gr. Spaghetti,Chedraui,Galletas Pastas y Harinas de Trigo,Basicos,5,2025/12/17,Chedraui,Supermercado / Tienda de Autoservicio,Chedraui Sucursal Centro Sur,Blvd. Bernardo Quintana 502. Carr. con Direccion a Centro Civico. Col. Centro Sur. Cp. 76087,Querétaro,Santiago de Querétaro,20.569354,-100.358831
Pasta para Sopa,Paquete 180 Gr. Spaghetti,Chedraui,Galletas Pastas y Harinas de Trigo,Basicos,5,2025/12/18,Chedraui,Supermercado / Tienda de Autoservicio,Chedraui Sucursal Anfora,Anfora 71. Esq. Eje 1 Norte. Col. Madero. Cp. 15320,Ciudad de México,Venustiano Carranza,19.437353,-99.110088
Pasta para Sopa,Paquete 180 Gr. Spaghetti,Chedraui,Galletas Pastas y Harinas de Trigo,Basicos,5,2025/12/22,Chedraui,Supermercado / Tienda de Autoservicio,Chedraui Sucursal Centro Sur,Blvd. Bernardo Quintana 502. Carr. con Direccion a Centro Civico. Col. Centro Sur. Cp. 76087,Querétaro,Santiago de Querétaro,20.569354,-100.358831
Pasta para Sopa,Paquete 200 Gr. Codo,Precíssimo,Galletas Pastas y Harinas de Trigo,Pacic,4.5,2025/12/22,Hipermercado Soriana,Supermercado / Tienda de Autoservicio,Soriana Hiper Sucursal Cimatario,Ctra. a Huimilpan 1001. Int. del Centro Comercial Plaza del Sol. Col. Plazas del Sol. Iii Sección. Cp. 76099,Querétaro,Santiago de Querétaro,20.563227,-100.375284
Pasta para Sopa,Paquete 200 Gr. Codo,Precíssimo,Galletas Pastas y Harinas de Trigo,Pacic,4.5,2025/12/31,Hipermercado Soriana,Supermercado / Tienda de Autoservicio,Soriana Hiper Sucursal Cimatario,Ctra. a Huimilpan 1001. Int. del Centro Comercial Plaza del Sol. Col. Plazas del Sol. Iii Sección. Cp. 76099,Querétaro,Santiago de Querétaro,20.563227,-100.375284
Pasta para Sopa,Paquete 200 Gr. Codo 2,La Perla,Galletas Pastas y Harinas de Trigo,Pacic,6,2025/12/17,Chedraui,Supermercado / Tienda de Autoservicio,Chedraui Sucursal Centro Sur,Blvd. Bernardo Quintana 502. Carr. con Direccion a Centro Civico. Col. Centro Sur. Cp. 76087,Querétaro,Santiago de Querétaro,20.569354,-100.358831
Pasta para Sopa,Paquete 200 Gr. Codo 2,La Perla,Galletas Pastas y Harinas de Trigo,Pacic,6,2025/12/18,Chedraui,Supermercado / Tienda de Autoservicio,Chedraui Sucursal Anfora,Anfora 71. Esq. Eje 1 Norte. Col. Madero. Cp. 15320,Ciudad de México,Venustiano Carranza,19.437353,-99.110088
Pasta para Sopa,Paquete 200 Gr. Codo 2,La Perla,Galletas Pastas y Harinas de Trigo,Pacic,6,2025/12/22,Chedraui,Supermercado / Tienda de Autoservicio,Chedraui Sucursal Centro Sur,Blvd. Bernardo Quintana 502. Carr. con Direccion a Centro Civico. Col. Centro Sur. Cp. 76087,Querétaro,Santiago de Querétaro,20.569354,-100.358831
Pasta para Sopa,Paquete 200 Gr. Codo 2,La Perla,Galletas Pastas y Harinas de Trigo,Pacic,7.4,2025/12/22,Hipermercado Soriana,Supermercado / Tienda de Autoservicio,Soriana Hiper Sucursal Cimatario,Ctra. a Huimilpan 1001. Int. del Centro Comercial Plaza del Sol. Col. Plazas del Sol. Iii Sección. Cp. 76099,Querétaro,Santiago de Querétaro,20.563227,-100.375284
Pasta para Sopa,Paquete 200 Gr. Codo 2,La Perla,Galletas Pastas y Harinas de Trigo,Pacic,7.4,2025/12/31,Hipermercado Soriana,Supermercado / Tienda de Autoservicio,Soriana Hiper Sucursal Cimatario,Ctra. a Huimilpan 1001. Int. del Centro Comercial Plaza del Sol. Col. Plazas del Sol. Iii Sección. Cp. 76099,Querétaro,Santiago de Querétaro,20.563227,-100.375284
Pasta para Sopa,Paquete 200 Gr. Codo Mediano,Precíssimo,Galletas Pastas y Harinas de Trigo,Pacic,4.5,2025/12/22,Hipermercado Soriana,Supermercado / Tienda de Autoservicio,Soriana Hiper Sucursal Cimatario,Ctra. a Huimilpan 1001. Int. del Centro Comercial Plaza del Sol. Col. Plazas del Sol. Iii Sección. Cp. 76099,Querétaro,Santiago de Querétaro,20.563227,-100.375284
Pasta para Sopa,Paquete 200 Gr. Codo Mediano,Precíssimo,Galletas Pastas y Harinas de Trigo,Pacic,4.5,2025/12/31,Hipermercado Soriana,Supermercado / Tienda de Autoservicio,Soriana Hiper Sucursal Cimatario,Ctra. a Huimilpan 1001. Int. del Centro Comercial Plaza del Sol. Col. Plazas del Sol. Iii Sección. Cp. 76099,Querétaro,Santiago de Querétaro,20.563227,-100.375284
Pasta para Sopa,Paquete 200 Gr. Estrella,Precíssimo,Galletas Pastas y Harinas de Trigo,Pacic,4.5,2025/12/22,Hipermercado Soriana,Supermercado / Tienda de Autoservicio,Soriana Hiper Sucursal Cimatario,Ctra. a Huimilpan 1001. Int. del Centro Comercial Plaza del Sol. Col. Plazas del Sol. Iii Sección. Cp. 76099,Querétaro,Santiago de Querétaro,20.563227,-100.375284
Pasta para Sopa,Paquete 200 Gr. Estrella,Precíssimo,Galletas Pastas y Harinas de Trigo,Pacic,4.5,2025/12/31,Hipermercado Soriana,Supermercado / Tienda de Autoservicio,Soriana Hiper Sucursal Cimatario,Ctra. a Huimilpan 1001. Int. del Centro Comercial Plaza del Sol. Col. Plazas del Sol. Iii Sección. Cp. 76099,Querétaro,Santiago de Querétaro,20.563227,-100.375284
Pasta para Sopa,Paquete 200 Gr. Fideo,Ke Precio,Galletas Pastas y Harinas de Trigo,Pacic,5.9,2025/12/18,La Comer,Supermercado / Tienda de Autoservicio,Lacomer Sucursal Queretaro Estadio,Luis M. Vega y Monroy 1300. Esq.cimataRío . Col. CimataRío. Cp. 76090,Querétaro,Santiago de Querétaro,20.577804,-100.373626
Pasta para Sopa,Paquete 200 Gr. Fideo,Ke Precio,Galletas Pastas y Harinas de Trigo,Pacic,5.9,2025/12/24,La Comer,Supermercado / Tienda de Autoservicio,Lacomer Sucursal Queretaro Estadio,Luis M. Vega y Monroy 1300. Esq.cimataRío . Col. CimataRío. Cp. 76090,Querétaro,Santiago de Querétaro,20.577804,-100.373626
Pasta para Sopa,Paquete 200 Gr. Fideo,Precíssimo,Galletas Pastas y Harinas de Trigo,Pacic,4.5,2025/12/22,Hipermercado Soriana,Supermercado / Tienda de Autoservicio,Soriana Hiper Sucursal Cimatario,Ctra. a Huimilpan 1001. Int. del Centro Comercial Plaza del Sol. Col. Plazas del Sol. Iii Sección. Cp. 76099,Querétaro,Santiago de Querétaro,20.563227,-100.375284
Pasta para Sopa,Paquete 200 Gr. Fideo,Precíssimo,Galletas Pastas y Harinas de Trigo,Pacic,4.5,2025/12/31,Hipermercado Soriana,Supermercado / Tienda de Autoservicio,Soriana Hiper Sucursal Cimatario,Ctra. a Huimilpan 1001. Int. del Centro Comercial Plaza del Sol. Col. Plazas del Sol. Iii Sección. Cp. 76099,Querétaro,Santiago de Querétaro,20.563227,-100.375284
Pasta para Sopa,Paquete 200 Gr. Fideo 2,La Moderna,Galletas Pastas y Harinas de Trigo,Basicos,13,2025/12/18,Bodega Aurrera,Supermercado / Tienda de Autoservicio,Bodega Aurrera Sucursal la Viga,Calz. de la Viga 136 Esq. del Taller. Col. Lorenzo Boturini. Cp. 15820,Ciudad de México,Venustiano Carranza,19.414749,-99.127874
Pasta para Sopa,Paquete 200 Gr. Fideo 2,La Moderna,Galletas Pastas y Harinas de Trigo,Basicos,14,2025/12/18,Wal-mart,Supermercado / Tienda de Autoservicio,Walmart Sucursal Balbuena,Fray Servando Teresa de Mier 881. Entre Fernando Iglesia Calderon y Genaro Garcia. Col. Jardín Balbuena. Cp. 15900,Ciudad de México,Venustiano Carranza,19.418067,-99.105639
Pasta para Sopa,Paquete 200 Gr. Fideo Cortado No. 1,Italpasta,Galletas Pastas y Harinas de Trigo,Pacic,10,2025/12/17,Wal-mart,Supermercado / Tienda de Autoservicio,Walmart Sucursal Unidad Plaza de Toros,Autopista Querétaro Celaya 5501. Int. del Centro Comercial Plaza Esfera. Col. el Jacal. Cp. 76187,Querétaro,Santiago de Querétaro,20.574076,-100.408704
Pasta para Sopa,Paquete 200 Gr. Fideo Cortado No. 1,Italpasta,Galletas Pastas y Harinas de Trigo,Pacic,10,2025/12/18,Wal-mart,Supermercado / Tienda de Autoservicio,Walmart Sucursal Aeropuerto,Calz. Ignacio Zaragoza 58. Esq. Blvd. Puerto Aereo. Col. Federal. Cp. 15700,Ciudad de México,Venustiano Carranza,19.41926,-99.094521
Pasta para Sopa,Paquete 200 Gr. Fideo Cortado No. 1,Italpasta,Galletas Pastas y Harinas de Trigo,Pacic,10,2025/12/18,Wal-mart,Supermercado / Tienda de Autoservicio,Walmart Sucursal Balbuena,Fray Servando Teresa de Mier 881. Entre Fernando Iglesia Calderon y Genaro Garcia. Col. Jardín Balbuena. Cp. 15900,Ciudad de México,Venustiano Carranza,19.418067,-99.105639
Pasta para Sopa,Paquete 200 Gr. Fideo Cortado No. 1,Italpasta,Galletas Pastas y Harinas de Trigo,Pacic,10,2025/12/23,Wal-mart,Supermercado / Tienda de Autoservicio,Walmart Sucursal Balbuena,Fray Servando Teresa de Mier 881. Entre Fernando Iglesia Calderon y Genaro Garcia. Col. Jardín Balbuena. Cp. 15900,Ciudad de México,Venustiano Carranza,19.418067,-99.105639
Pasta para Sopa,Paquete 200 Gr. Fideo Cortado No. 1,Italpasta,Galletas Pastas y Harinas de Trigo,Pacic,10,2025/12/23,Wal-mart,Supermercado / Tienda de Autoservicio,Walmart Sucursal Unidad Plaza de Toros,Autopista Querétaro Celaya 5501. Int. del Centro Comercial Plaza Esfera. Col. el Jacal. Cp. 76187,Querétaro,Santiago de Querétaro,20.574076,-100.408704
Pasta para Sopa,Paquete 200 Gr. Fideo Cortado No. 1,Italpasta,Galletas Pastas y Harinas de Trigo,Pacic,7,2025/12/19,Bodega Aurrera,Supermercado / Tienda de Autoservicio,Bodega Aurrera Sucursal Centro Constituyentes,Constituyentes Oriente 334. Entre Pasteur y Manuel Ponce. Col. MercuRío. Cp. 76040,Querétaro,Santiago de Querétaro,20.586349,-100.382801
Pasta para Sopa,Paquete 200 Gr. Fideo Cortado No. 1,Italpasta,Galletas Pastas y Harinas de Trigo,Pacic,7,2025/12/23,Bodega Aurrera,Supermercado / Tienda de Autoservicio,Bodega Aurrera Sucursal Centro Constituyentes,Constituyentes Oriente 334. Entre Pasteur y Manuel Ponce. Col. MercuRío. Cp. 76040,Querétaro,Santiago de Querétaro,20.586349,-100.382801
Pasta para Sopa,Paquete 200 Gr. Fideo Cortado No. 1,Italpasta,Galletas Pastas y Harinas de Trigo,Pacic,9.5,2025/12/18,Bodega Aurrera,Supermercado / Tienda de Autoservicio,Bodega Aurrera Sucursal la Viga,Calz. de la Viga 136 Esq. del Taller. Col. Lorenzo Boturini. Cp. 15820,Ciudad de México,Venustiano Carranza,19.414749,-99.127874
Pasta para Sopa,Paquete 200 Gr. Fideo Mediano,Aurrera,Galletas Pastas y Harinas de Trigo,Pacic,5,2025/12/23,Wal-mart,Supermercado / Tienda de Autoservicio,Walmart Sucursal Balbuena,Fray Servando Teresa de Mier 881. Entre Fernando Iglesia Calderon y Genaro Garcia. Col. Jardín Balbuena. Cp. 15900,Ciudad de México,Venustiano Carranza,19.418067,-99.105639
Pasta para Sopa,Paquete 200 Gr. Fideo Mediano,Aurrera,Galletas Pastas y Harinas de Trigo,Pacic,6.5,2025/12/17,Wal-mart,Supermercado / Tienda de Autoservicio,Walmart Sucursal Unidad Plaza de Toros,Autopista Querétaro Celaya 5501. Int. del Centro Comercial Plaza Esfera. Col. el Jacal. Cp. 76187,Querétaro,Santiago de Querétaro,20.574076,-100.408704
Pasta para Sopa,Paquete 200 Gr. Fideo Mediano,Aurrera,Galletas Pastas y Harinas de Trigo,Pacic,6.5,2025/12/19,Bodega Aurrera,Supermercado / Tienda de Autoservicio,Bodega Aurrera Sucursal Centro Constituyentes,Constituyentes Oriente 334. Entre Pasteur y Manuel Ponce. Col. MercuRío. Cp. 76040,Querétaro,Santiago de Querétaro,20.586349,-100.382801
Pasta para Sopa,Paquete 200 Gr. Fideo Mediano,Aurrera,Galletas Pastas y Harinas de Trigo,Pacic,6.5,2025/12/23,Bodega Aurrera,Supermercado / Tienda de Autoservicio,Bodega Aurrera Sucursal Centro Constituyentes,Constituyentes Oriente 334. Entre Pasteur y Manuel Ponce. Col. MercuRío. Cp. 76040,Querétaro,Santiago de Querétaro,20.586349,-100.382801
Pasta para Sopa,Paquete 200 Gr. Fideo Mediano,Aurrera,Galletas Pastas y Harinas de Trigo,Pacic,6.5,2025/12/23,Wal-mart,Supermercado / Tienda de Autoservicio,Walmart Sucursal Unidad Plaza de Toros,Autopista Querétaro Celaya 5501. Int. del Centro Comercial Plaza Esfera. Col. el Jacal. Cp. 76187,Querétaro,Santiago de Querétaro,20.574076,-100.408704
Pasta para Sopa,Paquete 200 Gr. Fideo Mediano,Precíssimo,Galletas Pastas y Harinas de Trigo,Pacic,4.5,2025/12/22,Hipermercado Soriana,Supermercado / Tienda de Autoservicio,Soriana Hiper Sucursal Cimatario,Ctra. a Huimilpan 1001. Int. del Centro Comercial Plaza del Sol. Col. Plazas del Sol. Iii Sección. Cp. 76099,Querétaro,Santiago de Querétaro,20.563227,-100.375284
Pasta para Sopa,Paquete 200 Gr. Fideo Mediano,Precíssimo,Galletas Pastas y Harinas de Trigo,Pacic,4.5,2025/12/31,Hipermercado Soriana,Supermercado / Tienda de Autoservicio,Soriana Hiper Sucursal Cimatario,Ctra. a Huimilpan 1001. Int. del Centro Comercial Plaza del Sol. Col. Plazas del Sol. Iii Sección. Cp. 76099,Querétaro,Santiago de Querétaro,20.563227,-100.375284
Pasta para Sopa,Paquete 200 Gr. Fideo No. 2,Barilla,Galletas Pastas y Harinas de Trigo,Basicos,12.5,2025/12/19,Superissste,Supermercado / Tienda de Autoservicio,Superissste Sucursal 011,Calle Peluqueros No. 310 Esquina Calle Tizayuca. Col. Michoacána. Cp. 15240,Ciudad de México,Venustiano Carranza,19.446139,-99.113372
Pasta para Sopa,Paquete 200 Gr. Fideo No. 2,Barilla,Galletas Pastas y Harinas de Trigo,Basicos,12.5,2025/12/19,Superissste,Supermercado / Tienda de Autoservicio,Superissste Sucursal 022,Av. del Taller y Retorno No. 38 Dentro del Retorno 38. Col. Jardín Balbuena. Cp. 15900,Ciudad de México,Venustiano Carranza,19.412842,-99.105666
Pasta para Sopa,Paquete 200 Gr. Fideo No. 2,Barilla,Galletas Pastas y Harinas de Trigo,Basicos,12.5,2025/12/26,Superissste,Supermercado / Tienda de Autoservicio,Superissste Sucursal 011,Calle Peluqueros No. 310 Esquina Calle Tizayuca. Col. Michoacána. Cp. 15240,Ciudad de México,Venustiano Carranza,19.446139,-99.113372
Pasta para Sopa,Paquete 200 Gr. Fideo No. 2,Barilla,Galletas Pastas y Harinas de Trigo,Basicos,12.5,2025/12/26,Superissste,Supermercado / Tienda de Autoservicio,Superissste Sucursal 022,Av. del Taller y Retorno No. 38 Dentro del Retorno 38. Col. Jardín Balbuena. Cp. 15900,Ciudad de México,Venustiano Carranza,19.412842,-99.105666
Pasta para Sopa,Paquete 200 Gr. Fideo No. 2,Barilla,Galletas Pastas y Harinas de Trigo,Basicos,13,2025/12/18,Bodega Aurrera,Supermercado / Tienda de Autoservicio,Bodega Aurrera Sucursal la Viga,Calz. de la Viga 136 Esq. del Taller. Col. Lorenzo Boturini. Cp. 15820,Ciudad de México,Venustiano Carranza,19.414749,-99.127874
Pasta para Sopa,Paquete 200 Gr. Fideo No. 2,Barilla,Galletas Pastas y Harinas de Trigo,Basicos,13,2025/12/18,Chedraui,Supermercado / Tienda de Autoservicio,Chedraui Sucursal Anfora,Anfora 71. Esq. Eje 1 Norte. Col. Madero. Cp. 15320,Ciudad de México,Venustiano Carranza,19.437353,-99.110088
Pasta para Sopa,Paquete 200 Gr. Fideo No. 2,Barilla,Galletas Pastas y Harinas de Trigo,Basicos,13,2025/12/19,Bodega Aurrera,Supermercado / Tienda de Autoservicio,Bodega Aurrera Sucursal Centro Constituyentes,Constituyentes Oriente 334. Entre Pasteur y Manuel Ponce. Col. MercuRío. Cp. 76040,Querétaro,Santiago de Querétaro,20.586349,-100.382801
Pasta para Sopa,Paquete 200 Gr. Fideo No. 2,Barilla,Galletas Pastas y Harinas de Trigo,Basicos,13,2025/12/22,Hipermercado Soriana,Supermercado / Tienda de Autoservicio,Soriana Hiper Sucursal Cimatario,Ctra. a Huimilpan 1001. Int. del Centro Comercial Plaza del Sol. Col. Plazas del Sol. Iii Sección. Cp. 76099,Querétaro,Santiago de Querétaro,20.563227,-100.375284
Pasta para Sopa,Paquete 200 Gr. Fideo No. 2,Barilla,Galletas Pastas y Harinas de Trigo,Basicos,13,2025/12/31,Hipermercado Soriana,Supermercado / Tienda de Autoservicio,Soriana Hiper Sucursal Cimatario,Ctra. a Huimilpan 1001. Int. del Centro Comercial Plaza del Sol. Col. Plazas del Sol. Iii Sección. Cp. 76099,Querétaro,Santiago de Querétaro,20.563227,-100.375284
Pasta para Sopa,Paquete 200 Gr. Fideo No. 2,Barilla,Galletas Pastas y Harinas de Trigo,Basicos,13.5,2025/12/17,Chedraui,Supermercado / Tienda de Autoservicio,Chedraui Sucursal Centro Sur,Blvd. Bernardo Quintana 502. Carr. con Direccion a Centro Civico. Col. Centro Sur. Cp. 76087,Querétaro,Santiago de Querétaro,20.569354,-100.358831
Pasta para Sopa,Paquete 200 Gr. Fideo No. 2,Barilla,Galletas Pastas y Harinas de Trigo,Basicos,13.5,2025/12/18,La Comer,Supermercado / Tienda de Autoservicio,Lacomer Sucursal Queretaro Estadio,Luis M. Vega y Monroy 1300. Esq.cimataRío . Col. CimataRío. Cp. 76090,Querétaro,Santiago de Querétaro,20.577804,-100.373626
Pasta para Sopa,Paquete 200 Gr. Fideo No. 2,Barilla,Galletas Pastas y Harinas de Trigo,Basicos,13.5,2025/12/18,Wal-mart,Supermercado / Tienda de Autoservicio,Walmart Sucursal Balbuena,Fray Servando Teresa de Mier 881. Entre Fernando Iglesia Calderon y Genaro Garcia. Col. Jardín Balbuena. Cp. 15900,Ciudad de México,Venustiano Carranza,19.418067,-99.105639
Pasta para Sopa,Paquete 200 Gr. Fideo No. 2,Barilla,Galletas Pastas y Harinas de Trigo,Basicos,14,2025/12/22,Chedraui,Supermercado / Tienda de Autoservicio,Chedraui Sucursal Centro Sur,Blvd. Bernardo Quintana 502. Carr. con Direccion a Centro Civico. Col. Centro Sur. Cp. 76087,Querétaro,Santiago de Querétaro,20.569354,-100.358831
Pasta para Sopa,Paquete 200 Gr. Lengua,Precíssimo,Galletas Pastas y Harinas de Trigo,Pacic,4.5,2025/12/31,Hipermercado Soriana,Supermercado / Tienda de Autoservicio,Soriana Hiper Sucursal Cimatario,Ctra. a Huimilpan 1001. Int. del Centro Comercial Plaza del Sol. Col. Plazas del Sol. Iii Sección. Cp. 76099,Querétaro,Santiago de Querétaro,20.563227,-100.375284
Pasta para Sopa,Paquete 200 Gr. Lengüita,Barilla,Galletas Pastas y Harinas de Trigo,Basicos,13,2025/12/18,Bodega Aurrera,Supermercado / Tienda de Autoservicio,Bodega Aurrera Sucursal la Viga,Calz. de la Viga 136 Esq. del Taller. Col. Lorenzo Boturini. Cp. 15820,Ciudad de México,Venustiano Carranza,19.414749,-99.127874
Pasta para Sopa,Paquete 200 Gr. Lengüita,Barilla,Galletas Pastas y Harinas de Trigo,Basicos,13,2025/12/18,Chedraui,Supermercado / Tienda de Autoservicio,Chedraui Sucursal Anfora,Anfora 71. Esq. Eje 1 Norte. Col. Madero. Cp. 15320,Ciudad de México,Venustiano Carranza,19.437353,-99.110088
Pasta para Sopa,Paquete 200 Gr. Lengüita,Barilla,Galletas Pastas y Harinas de Trigo,Basicos,13,2025/12/19,Bodega Aurrera,Supermercado / Tienda de Autoservicio,Bodega Aurrera Sucursal Centro Constituyentes,Constituyentes Oriente 334. Entre Pasteur y Manuel Ponce. Col. MercuRío. Cp. 76040,Querétaro,Santiago de Querétaro,20.586349,-100.382801
Pasta para Sopa,Paquete 200 Gr. Lengüita,Barilla,Galletas Pastas y Harinas de Trigo,Basicos,13,2025/12/23,Bodega Aurrera,Supermercado / Tienda de Autoservicio,Bodega Aurrera Sucursal Centro Constituyentes,Constituyentes Oriente 334. Entre Pasteur y Manuel Ponce. Col. MercuRío. Cp. 76040,Querétaro,Santiago de Querétaro,20.586349,-100.382801
Pasta para Sopa,Paquete 200 Gr. Lengüita,Barilla,Galletas Pastas y Harinas de Trigo,Basicos,13.5,2025/12/18,Wal-mart,Supermercado / Tienda de Autoservicio,Walmart Sucursal Balbuena,Fray Servando Teresa de Mier 881. Entre Fernando Iglesia Calderon y Genaro Garcia. Col. Jardín Balbuena. Cp. 15900,Ciudad de México,Venustiano Carranza,19.418067,-99.105639
Pasta para Sopa,Paquete 200 Gr. Letra,Barilla,Galletas Pastas y Harinas de Trigo,Basicos,13,2025/12/18,Chedraui,Supermercado / Tienda de Autoservicio,Chedraui Sucursal Anfora,Anfora 71. Esq. Eje 1 Norte. Col. Madero. Cp. 15320,Ciudad de México,Venustiano Carranza,19.437353,-99.110088
Pasta para Sopa,Paquete 200 Gr. Letra,Barilla,Galletas Pastas y Harinas de Trigo,Basicos,13,2025/12/22,Hipermercado Soriana,Supermercado / Tienda de Autoservicio,Soriana Hiper Sucursal Cimatario,Ctra. a Huimilpan 1001. Int. del Centro Comercial Plaza del Sol. Col. Plazas del Sol. Iii Sección. Cp. 76099,Querétaro,Santiago de Querétaro,20.563227,-100.375284
Pasta para Sopa,Paquete 200 Gr. Letra,Barilla,Galletas Pastas y Harinas de Trigo,Basicos,13.5,2025/12/17,Chedraui,Supermercado / Tienda de Autoservicio,Chedraui Sucursal Centro Sur,Blvd. Bernardo Quintana 502. Carr. con Direccion a Centro Civico. Col. Centro Sur. Cp. 76087,Querétaro,Santiago de Querétaro,20.569354,-100.358831
Pasta para Sopa,Paquete 200 Gr. Letras,Precíssimo,Galletas Pastas y Harinas de Trigo,Pacic,4.5,2025/12/31,Hipermercado Soriana,Supermercado / Tienda de Autoservicio,Soriana Hiper Sucursal Cimatario,Ctra. a Huimilpan 1001. Int. del Centro Comercial Plaza del Sol. Col. Plazas del Sol. Iii Sección. Cp. 76099,Querétaro,Santiago de Querétaro,20.563227,-100.375284
Pasta para Sopa,Paquete 200 Gr. Pluma,Precíssimo,Galletas Pastas y Harinas de Trigo,Pacic,4.5,2025/12/22,Hipermercado Soriana,Supermercado / Tienda de Autoservicio,Soriana Hiper Sucursal Cimatario,Ctra. a Huimilpan 1001. Int. del Centro Comercial Plaza del Sol. Col. Plazas del Sol. Iii Sección. Cp. 76099,Querétaro,Santiago de Querétaro,20.563227,-100.375284
Pasta para Sopa,Paquete 200 Gr. Pluma,Precíssimo,Galletas Pastas y Harinas de Trigo,Pacic,4.5,2025/12/31,Hipermercado Soriana,Supermercado / Tienda de Autoservicio,Soriana Hiper Sucursal Cimatario,Ctra. a Huimilpan 1001. Int. del Centro Comercial Plaza del Sol. Col. Plazas del Sol. Iii Sección. Cp. 76099,Querétaro,Santiago de Querétaro,20.563227,-100.375284
Pasta para Sopa,Paquete 200 Gr. Spaghetti,La Moderna,Galletas Pastas y Harinas de Trigo,Basicos,10,2025/12/19,Superissste,Supermercado / Tienda de Autoservicio,Superissste Sucursal 011,Calle Peluqueros No. 310 Esquina Calle Tizayuca. Col. Michoacána. Cp. 15240,Ciudad de México,Venustiano Carranza,19.446139,-99.113372
Pasta para Sopa,Paquete 200 Gr. Spaghetti,La Moderna,Galletas Pastas y Harinas de Trigo,Basicos,10,2025/12/19,Superissste,Supermercado / Tienda de Autoservicio,Superissste Sucursal 022,Av. del Taller y Retorno No. 38 Dentro del Retorno 38. Col. Jardín Balbuena. Cp. 15900,Ciudad de México,Venustiano Carranza,19.412842,-99.105666
Pasta para Sopa,Paquete 200 Gr. Spaghetti,La Moderna,Galletas Pastas y Harinas de Trigo,Basicos,10,2025/12/26,Superissste,Supermercado / Tienda de Autoservicio,Superissste Sucursal 011,Calle Peluqueros No. 310 Esquina Calle Tizayuca. Col. Michoacána. Cp. 15240,Ciudad de México,Venustiano Carranza,19.446139,-99.113372
Pasta para Sopa,Paquete 200 Gr. Spaghetti,La Moderna,Galletas Pastas y Harinas de Trigo,Basicos,10,2025/12/26,Superissste,Supermercado / Tienda de Autoservicio,Superissste Sucursal 022,Av. del Taller y Retorno No. 38 Dentro del Retorno 38. Col. Jardín Balbuena. Cp. 15900,Ciudad de México,Venustiano Carranza,19.412842,-99.105666
Pasta para Sopa,Paquete 200 Gr. Spaghetti,La Moderna,Galletas Pastas y Harinas de Trigo,Basicos,13,2025/12/18,Bodega Aurrera,Supermercado / Tienda de Autoservicio,Bodega Aurrera Sucursal la Viga,Calz. de la Viga 136 Esq. del Taller. Col. Lorenzo Boturini. Cp. 15820,Ciudad de México,Venustiano Carranza,19.414749,-99.127874
Pasta para Sopa,Paquete 200 Gr. Spaghetti,La Moderna,Galletas Pastas y Harinas de Trigo,Basicos,14,2025/12/18,Wal-mart,Supermercado / Tienda de Autoservicio,Walmart Sucursal Balbuena,Fray Servando Teresa de Mier 881. Entre Fernando Iglesia Calderon y Genaro Garcia. Col. Jardín Balbuena. Cp. 15900,Ciudad de México,Venustiano Carranza,19.418067,-99.105639
Pasta para Sopa,Paquete 200 Gr. Spaghetti,La Perla,Galletas Pastas y Harinas de Trigo,Basicos,6,2025/12/17,Chedraui,Supermercado / Tienda de Autoservicio,Chedraui Sucursal Centro Sur,Blvd. Bernardo Quintana 502. Carr. con Direccion a Centro Civico. Col. Centro Sur. Cp. 76087,Querétaro,Santiago de Querétaro,20.569354,-100.358831
Pasta para Sopa,Paquete 200 Gr. Spaghetti,La Perla,Galletas Pastas y Harinas de Trigo,Basicos,6,2025/12/18,Chedraui,Supermercado / Tienda de Autoservicio,Chedraui Sucursal Anfora,Anfora 71. Esq. Eje 1 Norte. Col. Madero. Cp. 15320,Ciudad de México,Venustiano Carranza,19.437353,-99.110088
Pasta para Sopa,Paquete 200 Gr. Spaghetti,La Perla,Galletas Pastas y Harinas de Trigo,Basicos,6,2025/12/22,Chedraui,Supermercado / Tienda de Autoservicio,Chedraui Sucursal Centro Sur,Blvd. Bernardo Quintana 502. Carr. con Direccion a Centro Civico. Col. Centro Sur. Cp. 76087,Querétaro,Santiago de Querétaro,20.569354,-100.358831
Pasta para Sopa,Paquete 200 Gr. Spaghetti,La Perla,Galletas Pastas y Harinas de Trigo,Basicos,7.4,2025/12/22,Hipermercado Soriana,Supermercado / Tienda de Autoservicio,Soriana Hiper Sucursal Cimatario,Ctra. a Huimilpan 1001. Int. del Centro Comercial Plaza del Sol. Col. Plazas del Sol. Iii Sección. Cp. 76099,Querétaro,Santiago de Querétaro,20.563227,-100.375284
Pasta para Sopa,Paquete 200 Gr. Spaghetti,La Perla,Galletas Pastas y Harinas de Trigo,Pacic,6,2025/12/17,Chedraui,Supermercado / Tienda de Autoservicio,Chedraui Sucursal Centro Sur,Blvd. Bernardo Quintana 502. Carr. con Direccion a Centro Civico. Col. Centro Sur. Cp. 76087,Querétaro,Santiago de Querétaro,20.569354,-100.358831
Pasta para Sopa,Paquete 200 Gr. Spaghetti,La Perla,Galletas Pastas y Harinas de Trigo,Pacic,6,2025/12/18,Chedraui,Supermercado / Tienda de Autoservicio,Chedraui Sucursal Anfora,Anfora 71. Esq. Eje 1 Norte. Col. Madero. Cp. 15320,Ciudad de México,Venustiano Carranza,19.437353,-99.110088
Pasta para Sopa,Paquete 200 Gr. Spaghetti,La Perla,Galletas Pastas y Harinas de Trigo,Pacic,6,2025/12/22,Chedraui,Supermercado / Tienda de Autoservicio,Chedraui Sucursal Centro Sur,Blvd. Bernardo Quintana 502. Carr. con Direccion a Centro Civico. Col. Centro Sur. Cp. 76087,Querétaro,Santiago de Querétaro,20.569354,-100.358831
Pasta para Sopa,Paquete 200 Gr. Spaghetti,La Perla,Galletas Pastas y Harinas de Trigo,Pacic,7.4,2025/12/22,Hipermercado Soriana,Supermercado / Tienda de Autoservicio,Soriana Hiper Sucursal Cimatario,Ctra. a Huimilpan 1001. Int. del Centro Comercial Plaza del Sol. Col. Plazas del Sol. Iii Sección. Cp. 76099,Querétaro,Santiago de Querétaro,20.563227,-100.375284
Pasta para Sopa,Paquete 200 Gr. Spaghetti,Precíssimo,Galletas Pastas y Harinas de Trigo,Basicos,4.5,2025/12/31,Hipermercado Soriana,Supermercado / Tienda de Autoservicio,Soriana Hiper Sucursal Cimatario,Ctra. a Huimilpan 1001. Int. del Centro Comercial Plaza del Sol. Col. Plazas del Sol. Iii Sección. Cp. 76099,Querétaro,Santiago de Querétaro,20.563227,-100.375284
Pasta para Sopa,Paquete 200 Gr. Spaghetti,Precíssimo,Galletas Pastas y Harinas de Trigo,Pacic,4.5,2025/12/22,Hipermercado Soriana,Supermercado / Tienda de Autoservicio,Soriana Hiper Sucursal Cimatario,Ctra. a Huimilpan 1001. Int. del Centro Comercial Plaza del Sol. Col. Plazas del Sol. Iii Sección. Cp. 76099,Querétaro,Santiago de Querétaro,20.563227,-100.375284
Pasta para Sopa,Paquete 200 Gr. Spaghetti,Precíssimo,Galletas Pastas y Harinas de Trigo,Pacic,4.5,2025/12/31,Hipermercado Soriana,Supermercado / Tienda de Autoservicio,Soriana Hiper Sucursal Cimatario,Ctra. a Huimilpan 1001. Int. del Centro Comercial Plaza del Sol. Col. Plazas del Sol. Iii Sección. Cp. 76099,Querétaro,Santiago de Querétaro,20.563227,-100.375284
Pasta para Sopa,Paquete 200 Gr. Spaghetti No. 5,Barilla,Galletas Pastas y Harinas de Trigo,Basicos,10.5,2025/12/19,Bodega Aurrera,Supermercado / Tienda de Autoservicio,Bodega Aurrera Sucursal Centro Constituyentes,Constituyentes Oriente 334. Entre Pasteur y Manuel Ponce. Col. MercuRío. Cp. 76040,Querétaro,Santiago de Querétaro,20.586349,-100.382801
Pasta para Sopa,Paquete 200 Gr. Spaghetti No. 5,Barilla,Galletas Pastas y Harinas de Trigo,Basicos,10.5,2025/12/23,Bodega Aurrera,Supermercado / Tienda de Autoservicio,Bodega Aurrera Sucursal Centro Constituyentes,Constituyentes Oriente 334. Entre Pasteur y Manuel Ponce. Col. MercuRío. Cp. 76040,Querétaro,Santiago de Querétaro,20.586349,-100.382801
Pasta para Sopa,Paquete 200 Gr. Spaghetti No. 5,Barilla,Galletas Pastas y Harinas de Trigo,Basicos,12.5,2025/12/19,Superissste,Supermercado / Tienda de Autoservicio,Superissste Sucursal 011,Calle Peluqueros No. 310 Esquina Calle Tizayuca. Col. Michoacána. Cp. 15240,Ciudad de México,Venustiano Carranza,19.446139,-99.113372
Pasta para Sopa,Paquete 200 Gr. Spaghetti No. 5,Barilla,Galletas Pastas y Harinas de Trigo,Basicos,12.5,2025/12/19,Superissste,Supermercado / Tienda de Autoservicio,Superissste Sucursal 022,Av. del Taller y Retorno No. 38 Dentro del Retorno 38. Col. Jardín Balbuena. Cp. 15900,Ciudad de México,Venustiano Carranza,19.412842,-99.105666
Pasta para Sopa,Paquete 200 Gr. Spaghetti No. 5,Barilla,Galletas Pastas y Harinas de Trigo,Basicos,12.5,2025/12/26,Superissste,Supermercado / Tienda de Autoservicio,Superissste Sucursal 011,Calle Peluqueros No. 310 Esquina Calle Tizayuca. Col. Michoacána. Cp. 15240,Ciudad de México,Venustiano Carranza,19.446139,-99.113372
Pasta para Sopa,Paquete 200 Gr. Spaghetti No. 5,Barilla,Galletas Pastas y Harinas de Trigo,Basicos,12.5,2025/12/26,Superissste,Supermercado / Tienda de Autoservicio,Superissste Sucursal 022,Av. del Taller y Retorno No. 38 Dentro del Retorno 38. Col. Jardín Balbuena. Cp. 15900,Ciudad de México,Venustiano Carranza,19.412842,-99.105666
Pasta para Sopa,Paquete 200 Gr. Spaghetti No. 5,Barilla,Galletas Pastas y Harinas de Trigo,Basicos,13,2025/12/18,Bodega Aurrera,Supermercado / Tienda de Autoservicio,Bodega Aurrera Sucursal la Viga,Calz. de la Viga 136 Esq. del Taller. Col. Lorenzo Boturini. Cp. 15820,Ciudad de México,Venustiano Carranza,19.414749,-99.127874
Pasta para Sopa,Paquete 200 Gr. Spaghetti No. 5,Barilla,Galletas Pastas y Harinas de Trigo,Basicos,13,2025/12/18,Chedraui,Supermercado / Tienda de Autoservicio,Chedraui Sucursal Anfora,Anfora 71. Esq. Eje 1 Norte. Col. Madero. Cp. 15320,Ciudad de México,Venustiano Carranza,19.437353,-99.110088
Pasta para Sopa,Paquete 200 Gr. Spaghetti No. 5,Barilla,Galletas Pastas y Harinas de Trigo,Basicos,13.5,2025/12/17,Chedraui,Supermercado / Tienda de Autoservicio,Chedraui Sucursal Centro Sur,Blvd. Bernardo Quintana 502. Carr. con Direccion a Centro Civico. Col. Centro Sur. Cp. 76087,Querétaro,Santiago de Querétaro,20.569354,-100.358831
Pasta para Sopa,Paquete 200 Gr. Spaghetti No. 5,Barilla,Galletas Pastas y Harinas de Trigo,Basicos,13.5,2025/12/18,La Comer,Supermercado / Tienda de Autoservicio,Lacomer Sucursal Queretaro Estadio,Luis M. Vega y Monroy 1300. Esq.cimataRío . Col. CimataRío. Cp. 76090,Querétaro,Santiago de Querétaro,20.577804,-100.373626
Pasta para Sopa,Paquete 200 Gr. Spaghetti No. 5,Barilla,Galletas Pastas y Harinas de Trigo,Basicos,13.5,2025/12/18,Wal-mart,Supermercado / Tienda de Autoservicio,Walmart Sucursal Aeropuerto,Calz. Ignacio Zaragoza 58. Esq. Blvd. Puerto Aereo. Col. Federal. Cp. 15700,Ciudad de México,Venustiano Carranza,19.41926,-99.094521
Pasta para Sopa,Paquete 200 Gr. Spaghetti No. 5,Barilla,Galletas Pastas y Harinas de Trigo,Basicos,13.5,2025/12/18,Wal-mart,Supermercado / Tienda de Autoservicio,Walmart Sucursal Balbuena,Fray Servando Teresa de Mier 881. Entre Fernando Iglesia Calderon y Genaro Garcia. Col. Jardín Balbuena. Cp. 15900,Ciudad de México,Venustiano Carranza,19.418067,-99.105639
Pasta para Sopa,Paquete 200 Gr. Spaghetti No. 5,Barilla,Galletas Pastas y Harinas de Trigo,Basicos,13.5,2025/12/22,Chedraui,Supermercado / Tienda de Autoservicio,Chedraui Sucursal Centro Sur,Blvd. Bernardo Quintana 502. Carr. con Direccion a Centro Civico. Col. Centro Sur. Cp. 76087,Querétaro,Santiago de Querétaro,20.569354,-100.358831
Pasta para Sopa,Paquete 200 Gr. Spaghetti No. 5,Barilla,Galletas Pastas y Harinas de Trigo,Basicos,13.5,2025/12/22,Hipermercado Soriana,Supermercado / Tienda de Autoservicio,Soriana Hiper Sucursal Cimatario,Ctra. a Huimilpan 1001. Int. del Centro Comercial Plaza del Sol. Col. Plazas del Sol. Iii Sección. Cp. 76099,Querétaro,Santiago de Querétaro,20.563227,-100.375284
Pasta para Sopa,Paquete 200 Gr. Spaghetti No. 5,Barilla,Galletas Pastas y Harinas de Trigo,Basicos,13.5,2025/12/23,Wal-mart,Supermercado / Tienda de Autoservicio,Walmart Sucursal Unidad Plaza de Toros,Autopista Querétaro Celaya 5501. Int. del Centro Comercial Plaza Esfera. Col. el Jacal. Cp. 76187,Querétaro,Santiago de Querétaro,20.574076,-100.408704
Pasta para Sopa,Paquete 220 Gr. Fideo 2,La Moderna,Galletas Pastas y Harinas de Trigo,Basicos,10,2025/12/22,Chedraui,Supermercado / Tienda de Autoservicio,Chedraui Sucursal Centro Sur,Blvd. Bernardo Quintana 502. Carr. con Direccion a Centro Civico. Col. Centro Sur. Cp. 76087,Querétaro,Santiago de Querétaro,20.569354,-100.358831
Pasta para Sopa,Paquete 220 Gr. Fideo 2,La Moderna,Galletas Pastas y Harinas de Trigo,Basicos,11,2025/12/17,Chedraui,Supermercado / Tienda de Autoservicio,Chedraui Sucursal Centro Sur,Blvd. Bernardo Quintana 502. Carr. con Direccion a Centro Civico. Col. Centro Sur. Cp. 76087,Querétaro,Santiago de Querétaro,20.569354,-100.358831
Pasta para Sopa,Paquete 220 Gr. Fideo 2,La Moderna,Galletas Pastas y Harinas de Trigo,Basicos,12.5,2025/12/18,Chedraui,Supermercado / Tienda de Autoservicio,Chedraui Sucursal Anfora,Anfora 71. Esq. Eje 1 Norte. Col. Madero. Cp. 15320,Ciudad de México,Venustiano Carranza,19.437353,-99.110088
Pasta para Sopa,Paquete 220 Gr. Fideo 2,La Moderna,Galletas Pastas y Harinas de Trigo,Basicos,12.5,2025/12/18,La Comer,Supermercado / Tienda de Autoservicio,Lacomer Sucursal Queretaro Estadio,Luis M. Vega y Monroy 1300. Esq.cimataRío . Col. CimataRío. Cp. 76090,Querétaro,Santiago de Querétaro,20.577804,-100.373626
Pasta para Sopa,Paquete 220 Gr. Fideo 2,La Moderna,Galletas Pastas y Harinas de Trigo,Basicos,12.5,2025/12/22,Hipermercado Soriana,Supermercado / Tienda de Autoservicio,Soriana Hiper Sucursal Cimatario,Ctra. a Huimilpan 1001. Int. del Centro Comercial Plaza del Sol. Col. Plazas del Sol. Iii Sección. Cp. 76099,Querétaro,Santiago de Querétaro,20.563227,-100.375284
Pasta para Sopa,Paquete 220 Gr. Fideo 2,La Moderna,Galletas Pastas y Harinas de Trigo,Basicos,12.5,2025/12/31,Hipermercado Soriana,Supermercado / Tienda de Autoservicio,Soriana Hiper Sucursal Cimatario,Ctra. a Huimilpan 1001. Int. del Centro Comercial Plaza del Sol. Col. Plazas del Sol. Iii Sección. Cp. 76099,Querétaro,Santiago de Querétaro,20.563227,-100.375284
Pasta para Sopa,Paquete 220 Gr. Moñito,La Moderna,Galletas Pastas y Harinas de Trigo,Basicos,10,2025/12/22,Chedraui,Supermercado / Tienda de Autoservicio,Chedraui Sucursal Centro Sur,Blvd. Bernardo Quintana 502. Carr. con Direccion a Centro Civico. Col. Centro Sur. Cp. 76087,Querétaro,Santiago de Querétaro,20.569354,-100.358831
Pasta para Sopa,Paquete 220 Gr. Moñito,La Moderna,Galletas Pastas y Harinas de Trigo,Basicos,11,2025/12/17,Chedraui,Supermercado / Tienda de Autoservicio,Chedraui Sucursal Centro Sur,Blvd. Bernardo Quintana 502. Carr. con Direccion a Centro Civico. Col. Centro Sur. Cp. 76087,Querétaro,Santiago de Querétaro,20.569354,-100.358831
Pasta para Sopa,Paquete 220 Gr. Moñito,La Moderna,Galletas Pastas y Harinas de Trigo,Basicos,12.5,2025/12/18,Chedraui,Supermercado / Tienda de Autoservicio,Chedraui Sucursal Anfora,Anfora 71. Esq. Eje 1 Norte. Col. Madero. Cp. 15320,Ciudad de México,Venustiano Carranza,19.437353,-99.110088
Pasta para Sopa,Paquete 220 Gr. Moñito,La Moderna,Galletas Pastas y Harinas de Trigo,Basicos,12.5,2025/12/18,La Comer,Supermercado / Tienda de Autoservicio,Lacomer Sucursal Queretaro Estadio,Luis M. Vega y Monroy 1300. Esq.cimataRío . Col. CimataRío. Cp. 76090,Querétaro,Santiago de Querétaro,20.577804,-100.373626
Pasta para Sopa,Paquete 220 Gr. Moñito,La Moderna,Galletas Pastas y Harinas de Trigo,Basicos,12.5,2025/12/22,Hipermercado Soriana,Supermercado / Tienda de Autoservicio,Soriana Hiper Sucursal Cimatario,Ctra. a Huimilpan 1001. Int. del Centro Comercial Plaza del Sol. Col. Plazas del Sol. Iii Sección. Cp. 76099,Querétaro,Santiago de Querétaro,20.563227,-100.375284
Pasta para Sopa,Paquete 220 Gr. Moñito,La Moderna,Galletas Pastas y Harinas de Trigo,Basicos,12.5,2025/12/31,Hipermercado Soriana,Supermercado / Tienda de Autoservicio,Soriana Hiper Sucursal Cimatario,Ctra. a Huimilpan 1001. Int. del Centro Comercial Plaza del Sol. Col. Plazas del Sol. Iii Sección. Cp. 76099,Querétaro,Santiago de Querétaro,20.563227,-100.375284
Pasta para Sopa,Paquete 220 Gr. Spaghetti,La Moderna,Galletas Pastas y Harinas de Trigo,Basicos,10,2025/12/22,Chedraui,Supermercado / Tienda de Autoservicio,Chedraui Sucursal Centro Sur,Blvd. Bernardo Quintana 502. Carr. con Direccion a Centro Civico. Col. Centro Sur. Cp. 76087,Querétaro,Santiago de Querétaro,20.569354,-100.358831
Pasta para Sopa,Paquete 220 Gr. Spaghetti,La Moderna,Galletas Pastas y Harinas de Trigo,Basicos,11,2025/12/17,Chedraui,Supermercado / Tienda de Autoservicio,Chedraui Sucursal Centro Sur,Blvd. Bernardo Quintana 502. Carr. con Direccion a Centro Civico. Col. Centro Sur. Cp. 76087,Querétaro,Santiago de Querétaro,20.569354,-100.358831
Pasta para Sopa,Paquete 220 Gr. Spaghetti,La Moderna,Galletas Pastas y Harinas de Trigo,Basicos,12.5,2025/12/18,Chedraui,Supermercado / Tienda de Autoservicio,Chedraui Sucursal Anfora,Anfora 71. Esq. Eje 1 Norte. Col. Madero. Cp. 15320,Ciudad de México,Venustiano Carranza,19.437353,-99.110088
Pasta para Sopa,Paquete 220 Gr. Spaghetti,La Moderna,Galletas Pastas y Harinas de Trigo,Basicos,12.5,2025/12/18,La Comer,Supermercado / Tienda de Autoservicio,Lacomer Sucursal Queretaro Estadio,Luis M. Vega y Monroy 1300. Esq.cimataRío . Col. CimataRío. Cp. 76090,Querétaro,Santiago de Querétaro,20.577804,-100.373626
Pasta para Sopa,Paquete 220 Gr. Spaghetti,La Moderna,Galletas Pastas y Harinas de Trigo,Basicos,12.5,2025/12/22,Hipermercado Soriana,Supermercado / Tienda de Autoservicio,Soriana Hiper Sucursal Cimatario,Ctra. a Huimilpan 1001. Int. del Centro Comercial Plaza del Sol. Col. Plazas del Sol. Iii Sección. Cp. 76099,Querétaro,Santiago de Querétaro,20.563227,-100.375284
Pasta para Sopa,Paquete 220 Gr. Spaghetti,La Moderna,Galletas Pastas y Harinas de Trigo,Basicos,12.5,2025/12/31,Hipermercado Soriana,Supermercado / Tienda de Autoservicio,Soriana Hiper Sucursal Cimatario,Ctra. a Huimilpan 1001. Int. del Centro Comercial Plaza del Sol. Col. Plazas del Sol. Iii Sección. Cp. 76099,Querétaro,Santiago de Querétaro,20.563227,-100.375284
Pastelillos y Pan Dulce Empaquetado,Paquete 280 Gr. Panqué Nuez,Bimbo,Pan,Basicos,55.9,2025/12/31,Hipermercado Soriana,Supermercado / Tienda de Autoservicio,Soriana Hiper Sucursal Cimatario,Ctra. a Huimilpan 1001. Int. del Centro Comercial Plaza del Sol. Col. Plazas del Sol. Iii Sección. Cp. 76099,Querétaro,Santiago de Querétaro,20.563227,-100.375284
Pastelillos y Pan Dulce Empaquetado,Paquete con 1 Gansito (50 Gr.),Marinela,Pan,Mercados,18,2025/12/26,Superissste,Supermercado / Tienda de Autoservicio,Superissste Sucursal 011,Calle Peluqueros No. 310 Esquina Calle Tizayuca. Col. Michoacána. Cp. 15240,Ciudad de México,Venustiano Carranza,19.446139,-99.113372
Pastelillos y Pan Dulce Empaquetado,Paquete con 6 Mantecadas. Vainilla (188 Gr.),Bimbo,Pan,Basicos,32,2025/12/26,Superissste,Supermercado / Tienda de Autoservicio,Superissste Sucursal 022,Av. del Taller y Retorno No. 38 Dentro del Retorno 38. Col. Jardín Balbuena. Cp. 15900,Ciudad de México,Venustiano Carranza,19.412842,-99.105666
Pavo,Kg. Ahumado. Marinado,Pilgrims,Productos de Temporada (navideños),Navideños,160,2025/12/18,La Comer,Supermercado / Tienda de Autoservicio,Lacomer Sucursal Queretaro Estadio,Luis M. Vega y Monroy 1300. Esq.cimataRío . Col. CimataRío. Cp. 76090,Querétaro,Santiago de Querétaro,20.577804,-100.373626
Pepino,1 Kg. Granel,S/M,Hortalizas Frescas,Frutas y Legumbres,29.9,2025/12/18,Wal-mart,Supermercado / Tienda de Autoservicio,Walmart Sucursal Aeropuerto,Calz. Ignacio Zaragoza 58. Esq. Blvd. Puerto Aereo. Col. Federal. Cp. 15700,Ciudad de México,Venustiano Carranza,19.41926,-99.094521
Pera,1 Kg. Granel. D´anjou,S/M,Frutas Frescas,Frutas y Legumbres,59.9,2025/12/17,Chedraui,Supermercado / Tienda de Autoservicio,Chedraui Sucursal Centro Sur,Blvd. Bernardo Quintana 502. Carr. con Direccion a Centro Civico. Col. Centro Sur. Cp. 76087,Querétaro,Santiago de Querétaro,20.569354,-100.358831
Pharmaton. con Gingeng G115,Caja con 2 Frascos con 30 Cápsulas C/u,S/M,Medicamentos,Medicamentos,110,2025/12/24,La Comer,Supermercado / Tienda de Autoservicio,Lacomer Sucursal Queretaro Estadio,Luis M. Vega y Monroy 1300. Esq.cimataRío . Col. CimataRío. Cp. 76090,Querétaro,Santiago de Querétaro,20.577804,-100.373626
Piña,1 Kg. Granel. Miel,S/M,Frutas Frescas,Frutas y Legumbres,26.9,2025/12/18,Chedraui,Supermercado / Tienda de Autoservicio,Chedraui Sucursal Anfora,Anfora 71. Esq. Eje 1 Norte. Col. Madero. Cp. 15320,Ciudad de México,Venustiano Carranza,19.437353,-99.110088
Plaquenil,Caja con 20 Tabletas de 200 Mg.,S/M,Medicamentos,Medicamentos,1013,2025/12/24,Benavides,Farmacias,Farmacia Benavides Sucursal Isla de Montecristo,Av. del Parque 401. Esq. Calle Isla de Montecristo. Col. Lindavista. Cp. 76070,Querétaro,Santiago de Querétaro,20.568451,-100.380021
Plátano,1 Kg. Granel. Macho,S/M,Frutas Frescas,Frutas y Legumbres,29.9,2025/12/22,Chedraui,Supermercado / Tienda de Autoservicio,Chedraui Sucursal Centro Sur,Blvd. Bernardo Quintana 502. Carr. con Direccion a Centro Civico. Col. Centro Sur. Cp. 76087,Querétaro,Santiago de Querétaro,20.569354,-100.358831
Plátano,1 Kg. Granel. Macho,S/M,Frutas Frescas,Frutas y Legumbres,34.9,2025/12/17,Chedraui,Supermercado / Tienda de Autoservicio,Chedraui Sucursal Centro Sur,Blvd. Bernardo Quintana 502. Carr. con Direccion a Centro Civico. Col. Centro Sur. Cp. 76087,Querétaro,Santiago de Querétaro,20.569354,-100.358831
Plátano,1 Kg. Granel. Macho,S/M,Frutas Frescas,Frutas y Legumbres,34.9,2025/12/18,Chedraui,Supermercado / Tienda de Autoservicio,Chedraui Sucursal Anfora,Anfora 71. Esq. Eje 1 Norte. Col. Madero. Cp. 15320,Ciudad de México,Venustiano Carranza,19.437353,-99.110088
Plátano,1 Kg. Granel. Macho,S/M,Frutas Frescas,Frutas y Legumbres,35,2025/12/22,Mercado Publico,Mercados,Mercado Lomas de Casablanca,Avenida 10. Esq. Calle 23. Col. Lomas de Casa Blanca. Cp. 76080,Querétaro,Santiago de Querétaro,20.603024,-100.396263
Plátano,1 Kg. Granel. Macho,S/M,Frutas Frescas,Frutas y Legumbres,35.9,2025/12/31,Hipermercado Soriana,Supermercado / Tienda de Autoservicio,Soriana Hiper Sucursal Cimatario,Ctra. a Huimilpan 1001. Int. del Centro Comercial Plaza del Sol. Col. Plazas del Sol. Iii Sección. Cp. 76099,Querétaro,Santiago de Querétaro,20.563227,-100.375284
Plátano,1 Kg. Granel. Macho,S/M,Frutas Frescas,Frutas y Legumbres,36.5,2025/12/22,Hipermercado Soriana,Supermercado / Tienda de Autoservicio,Soriana Hiper Sucursal Cimatario,Ctra. a Huimilpan 1001. Int. del Centro Comercial Plaza del Sol. Col. Plazas del Sol. Iii Sección. Cp. 76099,Querétaro,Santiago de Querétaro,20.563227,-100.375284
Plátano,1 Kg. Granel. Macho,S/M,Frutas Frescas,Frutas y Legumbres,38.9,2025/12/18,Bodega Aurrera,Supermercado / Tienda de Autoservicio,Bodega Aurrera Sucursal la Viga,Calz. de la Viga 136 Esq. del Taller. Col. Lorenzo Boturini. Cp. 15820,Ciudad de México,Venustiano Carranza,19.414749,-99.127874
Plátano,1 Kg. Granel. Macho,S/M,Frutas Frescas,Frutas y Legumbres,38.9,2025/12/19,Bodega Aurrera,Supermercado / Tienda de Autoservicio,Bodega Aurrera Sucursal Centro Constituyentes,Constituyentes Oriente 334. Entre Pasteur y Manuel Ponce. Col. MercuRío. Cp. 76040,Querétaro,Santiago de Querétaro,20.586349,-100.382801
Plátano,1 Kg. Granel. Macho,S/M,Frutas Frescas,Frutas y Legumbres,38.9,2025/12/23,Bodega Aurrera,Supermercado / Tienda de Autoservicio,Bodega Aurrera Sucursal Centro Constituyentes,Constituyentes Oriente 334. Entre Pasteur y Manuel Ponce. Col. MercuRío. Cp. 76040,Querétaro,Santiago de Querétaro,20.586349,-100.382801
Plátano,1 Kg. Granel. Macho,S/M,Frutas Frescas,Frutas y Legumbres,45.9,2025/12/24,La Comer,Supermercado / Tienda de Autoservicio,Lacomer Sucursal Queretaro Estadio,Luis M. Vega y Monroy 1300. Esq.cimataRío . Col. CimataRío. Cp. 76090,Querétaro,Santiago de Querétaro,20.577804,-100.373626
Plátano,1 Kg. Granel. Tabasco/chiapas/roatán/portalimón,S/M,Frutas Frescas,Frutas y Legumbres,13.9,2025/12/22,Chedraui,Supermercado / Tienda de Autoservicio,Chedraui Sucursal Centro Sur,Blvd. Bernardo Quintana 502. Carr. con Direccion a Centro Civico. Col. Centro Sur. Cp. 76087,Querétaro,Santiago de Querétaro,20.569354,-100.358831
Plátano,1 Kg. Granel. Tabasco/chiapas/roatán/portalimón,S/M,Frutas Frescas,Frutas y Legumbres,18,2025/12/18,Bodega Aurrera,Supermercado / Tienda de Autoservicio,Bodega Aurrera Sucursal la Viga,Calz. de la Viga 136 Esq. del Taller. Col. Lorenzo Boturini. Cp. 15820,Ciudad de México,Venustiano Carranza,19.414749,-99.127874
Plátano,1 Kg. Granel. Tabasco/chiapas/roatán/portalimón,S/M,Frutas Frescas,Frutas y Legumbres,18.9,2025/12/19,Bodega Aurrera,Supermercado / Tienda de Autoservicio,Bodega Aurrera Sucursal Centro Constituyentes,Constituyentes Oriente 334. Entre Pasteur y Manuel Ponce. Col. MercuRío. Cp. 76040,Querétaro,Santiago de Querétaro,20.586349,-100.382801
Plátano,1 Kg. Granel. Tabasco/chiapas/roatán/portalimón,S/M,Frutas Frescas,Frutas y Legumbres,18.9,2025/12/23,Bodega Aurrera,Supermercado / Tienda de Autoservicio,Bodega Aurrera Sucursal Centro Constituyentes,Constituyentes Oriente 334. Entre Pasteur y Manuel Ponce. Col. MercuRío. Cp. 76040,Querétaro,Santiago de Querétaro,20.586349,-100.382801
Plátano,1 Kg. Granel. Tabasco/chiapas/roatán/portalimón,S/M,Frutas Frescas,Frutas y Legumbres,19,2025/12/17,Chedraui,Supermercado / Tienda de Autoservicio,Chedraui Sucursal Centro Sur,Blvd. Bernardo Quintana 502. Carr. con Direccion a Centro Civico. Col. Centro Sur. Cp. 76087,Querétaro,Santiago de Querétaro,20.569354,-100.358831
Plátano,1 Kg. Granel. Tabasco/chiapas/roatán/portalimón,S/M,Frutas Frescas,Frutas y Legumbres,19,2025/12/18,Chedraui,Supermercado / Tienda de Autoservicio,Chedraui Sucursal Anfora,Anfora 71. Esq. Eje 1 Norte. Col. Madero. Cp. 15320,Ciudad de México,Venustiano Carranza,19.437353,-99.110088
Plátano,1 Kg. Granel. Tabasco/chiapas/roatán/portalimón,S/M,Frutas Frescas,Frutas y Legumbres,19.5,2025/12/22,Hipermercado Soriana,Supermercado / Tienda de Autoservicio,Soriana Hiper Sucursal Cimatario,Ctra. a Huimilpan 1001. Int. del Centro Comercial Plaza del Sol. Col. Plazas del Sol. Iii Sección. Cp. 76099,Querétaro,Santiago de Querétaro,20.563227,-100.375284
Plátano,1 Kg. Granel. Tabasco/chiapas/roatán/portalimón,S/M,Frutas Frescas,Frutas y Legumbres,19.9,2025/12/18,Wal-mart,Supermercado / Tienda de Autoservicio,Walmart Sucursal Aeropuerto,Calz. Ignacio Zaragoza 58. Esq. Blvd. Puerto Aereo. Col. Federal. Cp. 15700,Ciudad de México,Venustiano Carranza,19.41926,-99.094521
Plátano,1 Kg. Granel. Tabasco/chiapas/roatán/portalimón,S/M,Frutas Frescas,Frutas y Legumbres,19.9,2025/12/18,Wal-mart,Supermercado / Tienda de Autoservicio,Walmart Sucursal Balbuena,Fray Servando Teresa de Mier 881. Entre Fernando Iglesia Calderon y Genaro Garcia. Col. Jardín Balbuena. Cp. 15900,Ciudad de México,Venustiano Carranza,19.418067,-99.105639
Plátano,1 Kg. Granel. Tabasco/chiapas/roatán/portalimón,S/M,Frutas Frescas,Frutas y Legumbres,19.9,2025/12/23,Wal-mart,Supermercado / Tienda de Autoservicio,Walmart Sucursal Balbuena,Fray Servando Teresa de Mier 881. Entre Fernando Iglesia Calderon y Genaro Garcia. Col. Jardín Balbuena. Cp. 15900,Ciudad de México,Venustiano Carranza,19.418067,-99.105639
Plátano,1 Kg. Granel. Tabasco/chiapas/roatán/portalimón,S/M,Frutas Frescas,Frutas y Legumbres,19.9,2025/12/23,Wal-mart,Supermercado / Tienda de Autoservicio,Walmart Sucursal Unidad Plaza de Toros,Autopista Querétaro Celaya 5501. Int. del Centro Comercial Plaza Esfera. Col. el Jacal. Cp. 76187,Querétaro,Santiago de Querétaro,20.574076,-100.408704
Plátano,1 Kg. Granel. Tabasco/chiapas/roatán/portalimón,S/M,Frutas Frescas,Frutas y Legumbres,19.9,2025/12/31,Hipermercado Soriana,Supermercado / Tienda de Autoservicio,Soriana Hiper Sucursal Cimatario,Ctra. a Huimilpan 1001. Int. del Centro Comercial Plaza del Sol. Col. Plazas del Sol. Iii Sección. Cp. 76099,Querétaro,Santiago de Querétaro,20.563227,-100.375284
Plátano,1 Kg. Granel. Tabasco/chiapas/roatán/portalimón,S/M,Frutas Frescas,Frutas y Legumbres,20,2025/12/22,Mercado Publico,Mercados,Mercado Lomas de Casablanca,Avenida 10. Esq. Calle 23. Col. Lomas de Casa Blanca. Cp. 76080,Querétaro,Santiago de Querétaro,20.603024,-100.396263
Plátano,1 Kg. Granel. Tabasco/chiapas/roatán/portalimón,S/M,Frutas Frescas,Frutas y Legumbres,22.9,2025/12/24,La Comer,Supermercado / Tienda de Autoservicio,Lacomer Sucursal Queretaro Estadio,Luis M. Vega y Monroy 1300. Esq.cimataRío . Col. CimataRío. Cp. 76090,Querétaro,Santiago de Querétaro,20.577804,-100.373626
Plátano,1 Kg. Granel. Tabasco/chiapas/roatán/portalimón,S/M,Frutas Frescas,Frutas y Legumbres,23,2025/12/19,Superissste,Supermercado / Tienda de Autoservicio,Superissste Sucursal 011,Calle Peluqueros No. 310 Esquina Calle Tizayuca. Col. Michoacána. Cp. 15240,Ciudad de México,Venustiano Carranza,19.446139,-99.113372
Plátano,1 Kg. Granel. Tabasco/chiapas/roatán/portalimón,S/M,Frutas Frescas,Frutas y Legumbres,23,2025/12/19,Superissste,Supermercado / Tienda de Autoservicio,Superissste Sucursal 022,Av. del Taller y Retorno No. 38 Dentro del Retorno 38. Col. Jardín Balbuena. Cp. 15900,Ciudad de México,Venustiano Carranza,19.412842,-99.105666
Plátano,1 Kg. Granel. Tabasco/chiapas/roatán/portalimón,S/M,Frutas Frescas,Frutas y Legumbres,23,2025/12/26,Superissste,Supermercado / Tienda de Autoservicio,Superissste Sucursal 011,Calle Peluqueros No. 310 Esquina Calle Tizayuca. Col. Michoacána. Cp. 15240,Ciudad de México,Venustiano Carranza,19.446139,-99.113372
Plátano,1 Kg. Granel. Tabasco/chiapas/roatán/portalimón,S/M,Frutas Frescas,Frutas y Legumbres,23,2025/12/26,Superissste,Supermercado / Tienda de Autoservicio,Superissste Sucursal 022,Av. del Taller y Retorno No. 38 Dentro del Retorno 38. Col. Jardín Balbuena. Cp. 15900,Ciudad de México,Venustiano Carranza,19.412842,-99.105666
Plátano,1 Kg. Granel. Tabasco/chiapas/roatán/portalimón,S/M,Frutas Frescas,Frutas y Legumbres,23.9,2025/12/18,La Comer,Supermercado / Tienda de Autoservicio,Lacomer Sucursal Queretaro Estadio,Luis M. Vega y Monroy 1300. Esq.cimataRío . Col. CimataRío. Cp. 76090,Querétaro,Santiago de Querétaro,20.577804,-100.373626
Plátano,1 Kg. Granel. Tabasco/chiapas/roatán/portalimón,S/M,Frutas Frescas,Frutas y Legumbres,29.5,2025/12/16,Wal-mart,Supermercado / Tienda de Autoservicio,Walmart Sucursal Unidad Plaza de Toros,Autopista Querétaro Celaya 5501. Int. del Centro Comercial Plaza Esfera. Col. el Jacal. Cp. 76187,Querétaro,Santiago de Querétaro,20.574076,-100.408704
Plátano,1 Kg. Granel. Tabasco/chiapas/roatán/portalimón,S/M,Frutas Frescas,Pacic,13.9,2025/12/22,Chedraui,Supermercado / Tienda de Autoservicio,Chedraui Sucursal Centro Sur,Blvd. Bernardo Quintana 502. Carr. con Direccion a Centro Civico. Col. Centro Sur. Cp. 76087,Querétaro,Santiago de Querétaro,20.569354,-100.358831
Plátano,1 Kg. Granel. Tabasco/chiapas/roatán/portalimón,S/M,Frutas Frescas,Pacic,18,2025/12/18,Bodega Aurrera,Supermercado / Tienda de Autoservicio,Bodega Aurrera Sucursal la Viga,Calz. de la Viga 136 Esq. del Taller. Col. Lorenzo Boturini. Cp. 15820,Ciudad de México,Venustiano Carranza,19.414749,-99.127874
Plátano,1 Kg. Granel. Tabasco/chiapas/roatán/portalimón,S/M,Frutas Frescas,Pacic,18.9,2025/12/18,Chedraui,Supermercado / Tienda de Autoservicio,Chedraui Sucursal Anfora,Anfora 71. Esq. Eje 1 Norte. Col. Madero. Cp. 15320,Ciudad de México,Venustiano Carranza,19.437353,-99.110088
Plátano,1 Kg. Granel. Tabasco/chiapas/roatán/portalimón,S/M,Frutas Frescas,Pacic,18.9,2025/12/19,Bodega Aurrera,Supermercado / Tienda de Autoservicio,Bodega Aurrera Sucursal Centro Constituyentes,Constituyentes Oriente 334. Entre Pasteur y Manuel Ponce. Col. MercuRío. Cp. 76040,Querétaro,Santiago de Querétaro,20.586349,-100.382801
Plátano,1 Kg. Granel. Tabasco/chiapas/roatán/portalimón,S/M,Frutas Frescas,Pacic,18.9,2025/12/23,Bodega Aurrera,Supermercado / Tienda de Autoservicio,Bodega Aurrera Sucursal Centro Constituyentes,Constituyentes Oriente 334. Entre Pasteur y Manuel Ponce. Col. MercuRío. Cp. 76040,Querétaro,Santiago de Querétaro,20.586349,-100.382801
Plátano,1 Kg. Granel. Tabasco/chiapas/roatán/portalimón,S/M,Frutas Frescas,Pacic,19,2025/12/17,Chedraui,Supermercado / Tienda de Autoservicio,Chedraui Sucursal Centro Sur,Blvd. Bernardo Quintana 502. Carr. con Direccion a Centro Civico. Col. Centro Sur. Cp. 76087,Querétaro,Santiago de Querétaro,20.569354,-100.358831
Plátano,1 Kg. Granel. Tabasco/chiapas/roatán/portalimón,S/M,Frutas Frescas,Pacic,19.5,2025/12/22,Hipermercado Soriana,Supermercado / Tienda de Autoservicio,Soriana Hiper Sucursal Cimatario,Ctra. a Huimilpan 1001. Int. del Centro Comercial Plaza del Sol. Col. Plazas del Sol. Iii Sección. Cp. 76099,Querétaro,Santiago de Querétaro,20.563227,-100.375284
Plátano,1 Kg. Granel. Tabasco/chiapas/roatán/portalimón,S/M,Frutas Frescas,Pacic,19.9,2025/12/18,Wal-mart,Supermercado / Tienda de Autoservicio,Walmart Sucursal Aeropuerto,Calz. Ignacio Zaragoza 58. Esq. Blvd. Puerto Aereo. Col. Federal. Cp. 15700,Ciudad de México,Venustiano Carranza,19.41926,-99.094521
Plátano,1 Kg. Granel. Tabasco/chiapas/roatán/portalimón,S/M,Frutas Frescas,Pacic,19.9,2025/12/18,Wal-mart,Supermercado / Tienda de Autoservicio,Walmart Sucursal Balbuena,Fray Servando Teresa de Mier 881. Entre Fernando Iglesia Calderon y Genaro Garcia. Col. Jardín Balbuena. Cp. 15900,Ciudad de México,Venustiano Carranza,19.418067,-99.105639
Plátano,1 Kg. Granel. Tabasco/chiapas/roatán/portalimón,S/M,Frutas Frescas,Pacic,19.9,2025/12/23,Wal-mart,Supermercado / Tienda de Autoservicio,Walmart Sucursal Balbuena,Fray Servando Teresa de Mier 881. Entre Fernando Iglesia Calderon y Genaro Garcia. Col. Jardín Balbuena. Cp. 15900,Ciudad de México,Venustiano Carranza,19.418067,-99.105639
Plátano,1 Kg. Granel. Tabasco/chiapas/roatán/portalimón,S/M,Frutas Frescas,Pacic,19.9,2025/12/23,Wal-mart,Supermercado / Tienda de Autoservicio,Walmart Sucursal Unidad Plaza de Toros,Autopista Querétaro Celaya 5501. Int. del Centro Comercial Plaza Esfera. Col. el Jacal. Cp. 76187,Querétaro,Santiago de Querétaro,20.574076,-100.408704
Plátano,1 Kg. Granel. Tabasco/chiapas/roatán/portalimón,S/M,Frutas Frescas,Pacic,19.9,2025/12/31,Hipermercado Soriana,Supermercado / Tienda de Autoservicio,Soriana Hiper Sucursal Cimatario,Ctra. a Huimilpan 1001. Int. del Centro Comercial Plaza del Sol. Col. Plazas del Sol. Iii Sección. Cp. 76099,Querétaro,Santiago de Querétaro,20.563227,-100.375284
Plátano,1 Kg. Granel. Tabasco/chiapas/roatán/portalimón,S/M,Frutas Frescas,Pacic,23.9,2025/12/18,La Comer,Supermercado / Tienda de Autoservicio,Lacomer Sucursal Queretaro Estadio,Luis M. Vega y Monroy 1300. Esq.cimataRío . Col. CimataRío. Cp. 76090,Querétaro,Santiago de Querétaro,20.577804,-100.373626
Plátano,1 Kg. Granel. Tabasco/chiapas/roatán/portalimón,S/M,Frutas Frescas,Pacic,29.5,2025/12/17,Wal-mart,Supermercado / Tienda de Autoservicio,Walmart Sucursal Unidad Plaza de Toros,Autopista Querétaro Celaya 5501. Int. del Centro Comercial Plaza Esfera. Col. el Jacal. Cp. 76187,Querétaro,Santiago de Querétaro,20.574076,-100.408704
Plátano,500 Gr. Penca. Tabasco/chiapas/roatán/portalimón,S/M,Frutas Frescas,Pacic,19.9,2025/12/31,Hipermercado Soriana,Supermercado / Tienda de Autoservicio,Soriana Hiper Sucursal Cimatario,Ctra. a Huimilpan 1001. Int. del Centro Comercial Plaza del Sol. Col. Plazas del Sol. Iii Sección. Cp. 76099,Querétaro,Santiago de Querétaro,20.563227,-100.375284
Pollo Rostizado. Tradicional,"Pieza (charola o Bolsa, No Incluye Complementos)",S/M,Alimentos Cocinados F/casa,Basicos,95,2025/12/19,Panaderias Tradicionales,Panaderías,Panadería Lecaroz Sucursal Constituyentes,Av. Constituyentes Oriente No. 07. Entre San Luis Potosí y Guanajuato. Col. San Francisquito. Cp. 76058,Querétaro,Santiago de Querétaro,20.587392,-100.384989
Polvo P/preparar Bebidas Sabor Chocolate,Bolsa 357 Gr.,Morelia. Presidencial,Chocolates y Golosinas,Basicos,43.9,2025/12/19,Superissste,Supermercado / Tienda de Autoservicio,Superissste Sucursal 011,Calle Peluqueros No. 310 Esquina Calle Tizayuca. Col. Michoacána. Cp. 15240,Ciudad de México,Venustiano Carranza,19.446139,-99.113372
Pristiq,Caja con 28 Tabletas de 50 Mg. Liberación Prolongada,S/M,Medicamentos,Medicamentos,1759,2025/12/22,Chedraui,Supermercado / Tienda de Autoservicio,Chedraui Sucursal Centro Sur,Blvd. Bernardo Quintana 502. Carr. con Direccion a Centro Civico. Col. Centro Sur. Cp. 76087,Querétaro,Santiago de Querétaro,20.569354,-100.358831
Producto Lácteo,"Caja 1 Lt. Ultrapasteurizada. Adicionado con Vitaminas a, B6, D, Ácido Fólico, Niacina y Hierro",Forti Plus,Leche Procesada,Basicos,22.1,2025/12/18,La Comer,Supermercado / Tienda de Autoservicio,Lacomer Sucursal Queretaro Estadio,Luis M. Vega y Monroy 1300. Esq.cimataRío . Col. CimataRío. Cp. 76090,Querétaro,Santiago de Querétaro,20.577804,-100.373626
Queso Americano,Paquete 144 Gr. Queso Procesado,Zwan,Derivados de Leche,Basicos,34.9,2025/12/16,Oxxo,Tienda de Conveniencia,Oxxo Sucursal Corregidora 50 Cr,Circuito Moises Solana No. 128. Esq. Gertrudis Bocanegra. Col. Burocratas. Cp. 76070,Querétaro,Santiago de Querétaro,20.57462,-100.384232
Queso Chihuahua,Paquete 400 Gr.,Lala,Derivados de Leche,Basicos,107.5,2025/12/19,Superissste,Supermercado / Tienda de Autoservicio,Superissste Sucursal 011,Calle Peluqueros No. 310 Esquina Calle Tizayuca. Col. Michoacána. Cp. 15240,Ciudad de México,Venustiano Carranza,19.446139,-99.113372
Queso Manchego,Paquete 400 Gr. Rebanado,Noche Buena,Derivados de Leche,Basicos,128.5,2025/12/19,Superissste,Supermercado / Tienda de Autoservicio,Superissste Sucursal 011,Calle Peluqueros No. 310 Esquina Calle Tizayuca. Col. Michoacána. Cp. 15240,Ciudad de México,Venustiano Carranza,19.446139,-99.113372
Queso Oaxaca,Paquete 400 Gr.,Lala,Derivados de Leche,Basicos,99,2025/12/19,Superissste,Supermercado / Tienda de Autoservicio,Superissste Sucursal 022,Av. del Taller y Retorno No. 38 Dentro del Retorno 38. Col. Jardín Balbuena. Cp. 15900,Ciudad de México,Venustiano Carranza,19.412842,-99.105666
Queso Panela,Paquete 400 Gr.,Lala,Derivados de Leche,Basicos,82,2025/12/19,Superissste,Supermercado / Tienda de Autoservicio,Superissste Sucursal 011,Calle Peluqueros No. 310 Esquina Calle Tizayuca. Col. Michoacána. Cp. 15240,Ciudad de México,Venustiano Carranza,19.446139,-99.113372
Redoxon,Caja con Tubo con 10 Tabletas de 1 Gr. Efervescentes (naranja),S/M,Medicamentos,Medicamentos,131.5,2025/12/24,La Comer,Supermercado / Tienda de Autoservicio,Lacomer Sucursal Queretaro Estadio,Luis M. Vega y Monroy 1300. Esq.cimataRío . Col. CimataRío. Cp. 76090,Querétaro,Santiago de Querétaro,20.577804,-100.373626
Refresco,Botella 2 Lt. No Retornable,Orange Crush,Refrescos Envasados,Basicos,33,2025/12/18,La Comer,Supermercado / Tienda de Autoservicio,Lacomer Sucursal Queretaro Estadio,Luis M. Vega y Monroy 1300. Esq.cimataRío . Col. CimataRío. Cp. 76090,Querétaro,Santiago de Querétaro,20.577804,-100.373626
Refresco,Botella 2 Lt. No Retornable.,Sidral Mundet,Refrescos Envasados,Basicos,29,2025/12/19,Superissste,Supermercado / Tienda de Autoservicio,Superissste Sucursal 011,Calle Peluqueros No. 310 Esquina Calle Tizayuca. Col. Michoacána. Cp. 15240,Ciudad de México,Venustiano Carranza,19.446139,-99.113372
Refresco,Botella 2 Lt. No Retornable.,Squirt,Refrescos Envasados,Basicos,26,2025/12/19,Superissste,Supermercado / Tienda de Autoservicio,Superissste Sucursal 022,Av. del Taller y Retorno No. 38 Dentro del Retorno 38. Col. Jardín Balbuena. Cp. 15900,Ciudad de México,Venustiano Carranza,19.412842,-99.105666
Refresco,Botella 2.5 Lt. No Retornable,Pepsi,Refrescos Envasados,Basicos,34.5,2025/12/19,Superissste,Supermercado / Tienda de Autoservicio,Superissste Sucursal 011,Calle Peluqueros No. 310 Esquina Calle Tizayuca. Col. Michoacána. Cp. 15240,Ciudad de México,Venustiano Carranza,19.446139,-99.113372
Refresco,Botella 2.5 Lt. No Retornable,Sprite,Refrescos Envasados,Basicos,12.9,2025/12/19,Superissste,Supermercado / Tienda de Autoservicio,Superissste Sucursal 022,Av. del Taller y Retorno No. 38 Dentro del Retorno 38. Col. Jardín Balbuena. Cp. 15900,Ciudad de México,Venustiano Carranza,19.412842,-99.105666
Refresco,Botella 600 Ml. Naranja,Fanta,Refrescos Envasados,Basicos,17.5,2025/12/19,Superissste,Supermercado / Tienda de Autoservicio,Superissste Sucursal 011,Calle Peluqueros No. 310 Esquina Calle Tizayuca. Col. Michoacána. Cp. 15240,Ciudad de México,Venustiano Carranza,19.446139,-99.113372
Refresh Tears,Caja con Frasco Gotero de 15 Ml.,S/M,Medicamentos,Medicamentos,689,2025/12/23,Farmacias del Ahorro,Farmacias,Farmacias del Ahorro Sucursal Queretaro,Constituyentes Pte. 46. Entre Fernando de Tapia y Melchor Ocampo. Col. Centro. Cp. 76000,Querétaro,Santiago de Querétaro,20.584013,-100.394346
Rinelon,Caja con 1 Frasco Nebulizador con 18 Gr. y Válvula Dosificadora. 0.05 % Spray Nasal,S/M,Medicamentos,Medicamentos,1248,2025/12/23,Hipermercado Soriana,Supermercado / Tienda de Autoservicio,Soriana Hiper Sucursal Cimatario,Ctra. a Huimilpan 1001. Int. del Centro Comercial Plaza del Sol. Col. Plazas del Sol. Iii Sección. Cp. 76099,Querétaro,Santiago de Querétaro,20.563227,-100.375284
Ropa Interior Desechable y Similares,Paquete 10 Piezas. Pants Discret Beige. Ch/m. Pañal para Adulto,Tena,Arts. de Papel P/higiene Personal,Basicos,160,2025/12/26,Superissste,Supermercado / Tienda de Autoservicio,Superissste Sucursal 011,Calle Peluqueros No. 310 Esquina Calle Tizayuca. Col. Michoacána. Cp. 15240,Ciudad de México,Venustiano Carranza,19.446139,-99.113372
Sal Molida de Mesa,Bolsa 1 Kg.,La Fina,Condimentos,Basicos,21.9,2025/12/26,Superissste,Supermercado / Tienda de Autoservicio,Superissste Sucursal 022,Av. del Taller y Retorno No. 38 Dentro del Retorno 38. Col. Jardín Balbuena. Cp. 15900,Ciudad de México,Venustiano Carranza,19.412842,-99.105666
Salsa Catsup,Botella 320 Gr. Plástico,La Costeña,Condimentos,Basicos,18,2025/12/26,Superissste,Supermercado / Tienda de Autoservicio,Superissste Sucursal 011,Calle Peluqueros No. 310 Esquina Calle Tizayuca. Col. Michoacána. Cp. 15240,Ciudad de México,Venustiano Carranza,19.446139,-99.113372
Salsa Inglesa,Botella 290 Ml.,Worcestershire Crosse & Blackwell,Condimentos,Basicos,68,2025/12/19,Superissste,Supermercado / Tienda de Autoservicio,Superissste Sucursal 011,Calle Peluqueros No. 310 Esquina Calle Tizayuca. Col. Michoacána. Cp. 15240,Ciudad de México,Venustiano Carranza,19.446139,-99.113372
Salsa Picante y Similares,Botella 370 Ml. Etiqueta Amarilla,Valentina,Condimentos,Basicos,16.5,2025/12/26,Superissste,Supermercado / Tienda de Autoservicio,Superissste Sucursal 011,Calle Peluqueros No. 310 Esquina Calle Tizayuca. Col. Michoacána. Cp. 15240,Ciudad de México,Venustiano Carranza,19.446139,-99.113372
Salsa de Soya,Botella 140 Ml. Tradicional,Maggi,Condimentos,Basicos,20.5,2025/12/26,Superissste,Supermercado / Tienda de Autoservicio,Superissste Sucursal 022,Av. del Taller y Retorno No. 38 Dentro del Retorno 38. Col. Jardín Balbuena. Cp. 15900,Ciudad de México,Venustiano Carranza,19.412842,-99.105666
Sardina,Lata 425 Gr. en Tomate,Aurrera,Pescados y Mariscos en Conserva,Pacic,18,2025/12/18,Bodega Aurrera,Supermercado / Tienda de Autoservicio,Bodega Aurrera Sucursal la Viga,Calz. de la Viga 136 Esq. del Taller. Col. Lorenzo Boturini. Cp. 15820,Ciudad de México,Venustiano Carranza,19.414749,-99.127874
Sardina,Lata 425 Gr. en Tomate,Dolores,Pescados y Mariscos en Conserva,Basicos,48,2025/12/23,Wal-mart,Supermercado / Tienda de Autoservicio,Walmart Sucursal Unidad Plaza de Toros,Autopista Querétaro Celaya 5501. Int. del Centro Comercial Plaza Esfera. Col. el Jacal. Cp. 76187,Querétaro,Santiago de Querétaro,20.574076,-100.408704
Sardina,Lata 425 Gr. en Tomate,Fresh Label,Pescados y Mariscos en Conserva,Pacic,22,2025/12/22,Chedraui,Supermercado / Tienda de Autoservicio,Chedraui Sucursal Centro Sur,Blvd. Bernardo Quintana 502. Carr. con Direccion a Centro Civico. Col. Centro Sur. Cp. 76087,Querétaro,Santiago de Querétaro,20.569354,-100.358831
Sardina,Lata 425 Gr. en Tomate,Valley Foods,Pescados y Mariscos en Conserva,Pacic,18.5,2025/12/31,Hipermercado Soriana,Supermercado / Tienda de Autoservicio,Soriana Hiper Sucursal Cimatario,Ctra. a Huimilpan 1001. Int. del Centro Comercial Plaza del Sol. Col. Plazas del Sol. Iii Sección. Cp. 76099,Querétaro,Santiago de Querétaro,20.563227,-100.375284
Sedalmerck,Caja con 20 Tabletas,S/M,Medicamentos,Medicamentos,115,2025/12/23,Farmacias del Ahorro,Farmacias,Farmacias del Ahorro Sucursal Queretaro,Constituyentes Pte. 46. Entre Fernando de Tapia y Melchor Ocampo. Col. Centro. Cp. 76000,Querétaro,Santiago de Querétaro,20.584013,-100.394346
Servilletas de Papel Blanco,Paquete 180 Hojas,Suavel,Arts. de Papel P/higiene Personal,Basicos,21,2025/12/26,Superissste,Supermercado / Tienda de Autoservicio,Superissste Sucursal 022,Av. del Taller y Retorno No. 38 Dentro del Retorno 38. Col. Jardín Balbuena. Cp. 15900,Ciudad de México,Venustiano Carranza,19.412842,-99.105666
Shampoo,Botella 400 Ml. Control Caída,Pantene,Arts. para el Cuidado Personal,Basicos,99,2025/12/17,Chedraui,Supermercado / Tienda de Autoservicio,Chedraui Sucursal Centro Sur,Blvd. Bernardo Quintana 502. Carr. con Direccion a Centro Civico. Col. Centro Sur. Cp. 76087,Querétaro,Santiago de Querétaro,20.569354,-100.358831
Sinuberase,Caja con 48 Comprimidos,S/M,Medicamentos,Medicamentos,239,2025/12/24,Benavides,Farmacias,Farmacia Benavides Sucursal Isla de Montecristo,Av. del Parque 401. Esq. Calle Isla de Montecristo. Col. Lindavista. Cp. 76070,Querétaro,Santiago de Querétaro,20.568451,-100.380021
Sirdalud,Caja con 20 Tabletas de 2 Mg.,S/M,Medicamentos,Medicamentos,684,2025/12/23,Farmacias del Ahorro,Farmacias,Farmacias del Ahorro Sucursal Queretaro,Constituyentes Pte. 46. Entre Fernando de Tapia y Melchor Ocampo. Col. Centro. Cp. 76000,Querétaro,Santiago de Querétaro,20.584013,-100.394346
Sterimar,Caja con Envase de 100 Ml.,S/M,Medicamentos,Medicamentos,313,2025/12/24,Sanborn S Hnos.,Farmacias,Sanborns Sucursal los Arquitos,Constituyentes Oriente 172. Esq. de los Arquitos. Col. los Arquitos. Cp. 76050,Querétaro,Santiago de Querétaro,20.588117,-100.36869
Suavizante P/ropa,Botella 1.4 Lt. Acondicionador de Telas. Intense Floral,Downy,Detergentes y Productos Similares,Basicos,60.9,2025/12/26,Superissste,Supermercado / Tienda de Autoservicio,Superissste Sucursal 011,Calle Peluqueros No. 310 Esquina Calle Tizayuca. Col. Michoacána. Cp. 15240,Ciudad de México,Venustiano Carranza,19.446139,-99.113372
Sueros Orales,Botella 625 Ml. Sabor Uva,Electrolit,Medicamentos,Basicos,21.9,2025/12/19,Superissste,Supermercado / Tienda de Autoservicio,Superissste Sucursal 011,Calle Peluqueros No. 310 Esquina Calle Tizayuca. Col. Michoacána. Cp. 15240,Ciudad de México,Venustiano Carranza,19.446139,-99.113372
Sueros Orales,Botella 625 Ml. Sabor Uva,Electrolit,Medicamentos,Basicos,22.9,2025/12/31,Hipermercado Soriana,Supermercado / Tienda de Autoservicio,Soriana Hiper Sucursal Cimatario,Ctra. a Huimilpan 1001. Int. del Centro Comercial Plaza del Sol. Col. Plazas del Sol. Iii Sección. Cp. 76099,Querétaro,Santiago de Querétaro,20.563227,-100.375284
Suerox. 0 Azúcar,Botella de 630 Ml. Sabor Mora Azul con Yerbabuena,S/M,Medicamentos,Medicamentos,27,2025/12/24,Benavides,Farmacias,Farmacia Benavides Sucursal Isla de Montecristo,Av. del Parque 401. Esq. Calle Isla de Montecristo. Col. Lindavista. Cp. 76070,Querétaro,Santiago de Querétaro,20.568451,-100.380021
Suplemento Alimenticio,Botella 237 Ml. Sabor Chocolate,Glucerna,Medicamentos,Medicamentos,69,2025/12/23,Farmacias del Ahorro,Farmacias,Farmacias del Ahorro Sucursal Queretaro,Constituyentes Pte. 46. Entre Fernando de Tapia y Melchor Ocampo. Col. Centro. Cp. 76000,Querétaro,Santiago de Querétaro,20.584013,-100.394346
Suplemento Alimenticio,Botella 237 Ml. Sabor Fresa,Ensure,Medicamentos,Medicamentos,53.5,2025/12/23,Hipermercado Soriana,Supermercado / Tienda de Autoservicio,Soriana Hiper Sucursal Cimatario,Ctra. a Huimilpan 1001. Int. del Centro Comercial Plaza del Sol. Col. Plazas del Sol. Iii Sección. Cp. 76099,Querétaro,Santiago de Querétaro,20.563227,-100.375284
Supradol,Caja con 4 Tabletas de 30 Mg. Sublinguales,S/M,Medicamentos,Medicamentos,114,2025/12/24,Sanborn S Hnos.,Farmacias,Sanborns Sucursal los Arquitos,Constituyentes Oriente 172. Esq. de los Arquitos. Col. los Arquitos. Cp. 76050,Querétaro,Santiago de Querétaro,20.588117,-100.36869
Tabcin 500,Caja con 12 Tabletas. Efervescente,S/M,Medicamentos,Medicamentos,64,2025/12/17,Sanborn S Hnos.,Farmacias,Sanborns Sucursal los Arquitos,Constituyentes Oriente 172. Esq. de los Arquitos. Col. los Arquitos. Cp. 76050,Querétaro,Santiago de Querétaro,20.588117,-100.36869
Talco para Bebé,Botella 200 Gr. Rosa,Baby Magic. Mennen,Arts. para el Cuidado Personal,Basicos,79,2025/12/19,Superissste,Supermercado / Tienda de Autoservicio,Superissste Sucursal 011,Calle Peluqueros No. 310 Esquina Calle Tizayuca. Col. Michoacána. Cp. 15240,Ciudad de México,Venustiano Carranza,19.446139,-99.113372
Tampones,Caja 12 Piezas. Unika. Regular. Flujo Moderado,Kotex,Arts. de Papel P/higiene Personal,Basicos,28.5,2025/12/26,Superissste,Supermercado / Tienda de Autoservicio,Superissste Sucursal 011,Calle Peluqueros No. 310 Esquina Calle Tizayuca. Col. Michoacána. Cp. 15240,Ciudad de México,Venustiano Carranza,19.446139,-99.113372
Tecta,Caja con 14 Tabletas de 40 Mg. con Capa Entérica,S/M,Medicamentos,Medicamentos,1051,2025/12/24,La Comer,Supermercado / Tienda de Autoservicio,Lacomer Sucursal Queretaro Estadio,Luis M. Vega y Monroy 1300. Esq.cimataRío . Col. CimataRío. Cp. 76090,Querétaro,Santiago de Querétaro,20.577804,-100.373626
Tecta,Caja con 14 Tabletas de 40 Mg. con Capa Entérica,S/M,Medicamentos,Medicamentos,845,2025/12/23,Farmacias del Ahorro,Farmacias,Farmacias del Ahorro Sucursal Queretaro,Constituyentes Pte. 46. Entre Fernando de Tapia y Melchor Ocampo. Col. Centro. Cp. 76000,Querétaro,Santiago de Querétaro,20.584013,-100.394346
Tempra,Caja con 12 Tabletas. 24 Hrs.,S/M,Medicamentos,Medicamentos,59.5,2025/12/22,Chedraui,Supermercado / Tienda de Autoservicio,Chedraui Sucursal Centro Sur,Blvd. Bernardo Quintana 502. Carr. con Direccion a Centro Civico. Col. Centro Sur. Cp. 76087,Querétaro,Santiago de Querétaro,20.569354,-100.358831
Tempra,Caja con Frasco con 30 Ml. y Gotero Integrado. Solución Pediátrica Gotas 100 Mg./ml. Recién Nacidos Hasta 36 Meses. Sabor Uva,S/M,Medicamentos,Medicamentos,194,2025/12/24,Sanborn S Hnos.,Farmacias,Sanborns Sucursal los Arquitos,Constituyentes Oriente 172. Esq. de los Arquitos. Col. los Arquitos. Cp. 76050,Querétaro,Santiago de Querétaro,20.588117,-100.36869
Tequila,Botella 990 Ml. Reposado,José Cuervo. Especial,Vinos y Licores,Basicos,225,2025/12/18,La Comer,Supermercado / Tienda de Autoservicio,Lacomer Sucursal Queretaro Estadio,Luis M. Vega y Monroy 1300. Esq.cimataRío . Col. CimataRío. Cp. 76090,Querétaro,Santiago de Querétaro,20.577804,-100.373626
Terbinafina,Caja con 28 Tabletas o Comprimidos de 250 Mg.,S/M,Medicamentos,Medicamentos,219,2025/12/24,Farmacias Similares,Farmacias,Farmacias Similares Sucursal 7462,Canada 268 . Int. Plaza las Americas. Col. Centro. Cp. 76050,Querétaro,Santiago de Querétaro,20.588396,-100.373612
Termómetro,De Frente. Nc 100. Caja 1 Pieza,Microlife,Arts. para el Cuidado Personal,Medicamentos,1120,2025/12/16,Farmacias del Ahorro,Farmacias,Farmacias del Ahorro Sucursal Queretaro,Constituyentes Pte. 46. Entre Fernando de Tapia y Melchor Ocampo. Col. Centro. Cp. 76000,Querétaro,Santiago de Querétaro,20.584013,-100.394346
Termómetro,Digital. Tipo Pluma. Caja o Blister 1 Pieza,S/M,Arts. para el Cuidado Personal,Medicamentos,89,2025/12/24,Benavides,Farmacias,Farmacia Benavides Sucursal Isla de Montecristo,Av. del Parque 401. Esq. Calle Isla de Montecristo. Col. Lindavista. Cp. 76070,Querétaro,Santiago de Querétaro,20.568451,-100.380021
Toalla Femenina,Bolsa 14 Piezas. Invisible. Delgada con Alas. Flujo Abundante,Saba,Arts. de Papel P/higiene Personal,Basicos,33,2025/12/19,Superissste,Supermercado / Tienda de Autoservicio,Superissste Sucursal 011,Calle Peluqueros No. 310 Esquina Calle Tizayuca. Col. Michoacána. Cp. 15240,Ciudad de México,Venustiano Carranza,19.446139,-99.113372
Toalla Femenina,Bolsa 14 Piezas. Invisible. Delgada con Alas. Flujo Abundante,Saba,Arts. de Papel P/higiene Personal,Basicos,33,2025/12/26,Superissste,Supermercado / Tienda de Autoservicio,Superissste Sucursal 022,Av. del Taller y Retorno No. 38 Dentro del Retorno 38. Col. Jardín Balbuena. Cp. 15900,Ciudad de México,Venustiano Carranza,19.412842,-99.105666
Toalla Femenina,Bolsa 28 Piezas. Nocturna. Extra Larga. con Alas. Flujo Súper Abundante,Saba,Arts. de Papel P/higiene Personal,Basicos,79.9,2025/12/19,Superissste,Supermercado / Tienda de Autoservicio,Superissste Sucursal 011,Calle Peluqueros No. 310 Esquina Calle Tizayuca. Col. Michoacána. Cp. 15240,Ciudad de México,Venustiano Carranza,19.446139,-99.113372
Topiramato,Caja con Frasco con 20 Tabletas de 25 Mg.,S/M,Medicamentos,Medicamentos,151,2025/12/24,Benavides,Farmacias,Farmacia Benavides Sucursal Isla de Montecristo,Av. del Parque 401. Esq. Calle Isla de Montecristo. Col. Lindavista. Cp. 76070,Querétaro,Santiago de Querétaro,20.568451,-100.380021
Tortilla de Maíz,1 Kg. Granel,S/M,Tortillas y Derivados del Maíz,Basicos,13,2025/12/17,Chedraui,Supermercado / Tienda de Autoservicio,Chedraui Sucursal Centro Sur,Blvd. Bernardo Quintana 502. Carr. con Direccion a Centro Civico. Col. Centro Sur. Cp. 76087,Querétaro,Santiago de Querétaro,20.569354,-100.358831
Tortilla de Maíz,1 Kg. Granel,S/M,Tortillas y Derivados del Maíz,Basicos,13,2025/12/18,Bodega Aurrera,Supermercado / Tienda de Autoservicio,Bodega Aurrera Sucursal la Viga,Calz. de la Viga 136 Esq. del Taller. Col. Lorenzo Boturini. Cp. 15820,Ciudad de México,Venustiano Carranza,19.414749,-99.127874
Tortilla de Maíz,1 Kg. Granel,S/M,Tortillas y Derivados del Maíz,Basicos,13,2025/12/18,Chedraui,Supermercado / Tienda de Autoservicio,Chedraui Sucursal Anfora,Anfora 71. Esq. Eje 1 Norte. Col. Madero. Cp. 15320,Ciudad de México,Venustiano Carranza,19.437353,-99.110088
Tortilla de Maíz,1 Kg. Granel,S/M,Tortillas y Derivados del Maíz,Basicos,13,2025/12/19,Bodega Aurrera,Supermercado / Tienda de Autoservicio,Bodega Aurrera Sucursal Centro Constituyentes,Constituyentes Oriente 334. Entre Pasteur y Manuel Ponce. Col. MercuRío. Cp. 76040,Querétaro,Santiago de Querétaro,20.586349,-100.382801
Tortilla de Maíz,1 Kg. Granel,S/M,Tortillas y Derivados del Maíz,Basicos,13,2025/12/22,Chedraui,Supermercado / Tienda de Autoservicio,Chedraui Sucursal Centro Sur,Blvd. Bernardo Quintana 502. Carr. con Direccion a Centro Civico. Col. Centro Sur. Cp. 76087,Querétaro,Santiago de Querétaro,20.569354,-100.358831
Tortilla de Maíz,1 Kg. Granel,S/M,Tortillas y Derivados del Maíz,Basicos,13,2025/12/23,Bodega Aurrera,Supermercado / Tienda de Autoservicio,Bodega Aurrera Sucursal Centro Constituyentes,Constituyentes Oriente 334. Entre Pasteur y Manuel Ponce. Col. MercuRío. Cp. 76040,Querétaro,Santiago de Querétaro,20.586349,-100.382801
Tortilla de Maíz,1 Kg. Granel,S/M,Tortillas y Derivados del Maíz,Basicos,13.4,2025/12/16,Wal-mart,Supermercado / Tienda de Autoservicio,Walmart Sucursal Unidad Plaza de Toros,Autopista Querétaro Celaya 5501. Int. del Centro Comercial Plaza Esfera. Col. el Jacal. Cp. 76187,Querétaro,Santiago de Querétaro,20.574076,-100.408704
Tortilla de Maíz,1 Kg. Granel,S/M,Tortillas y Derivados del Maíz,Basicos,13.4,2025/12/23,Wal-mart,Supermercado / Tienda de Autoservicio,Walmart Sucursal Unidad Plaza de Toros,Autopista Querétaro Celaya 5501. Int. del Centro Comercial Plaza Esfera. Col. el Jacal. Cp. 76187,Querétaro,Santiago de Querétaro,20.574076,-100.408704
Tortilla de Maíz,1 Kg. Granel,S/M,Tortillas y Derivados del Maíz,Basicos,13.9,2025/12/18,Wal-mart,Supermercado / Tienda de Autoservicio,Walmart Sucursal Aeropuerto,Calz. Ignacio Zaragoza 58. Esq. Blvd. Puerto Aereo. Col. Federal. Cp. 15700,Ciudad de México,Venustiano Carranza,19.41926,-99.094521
Tortilla de Maíz,1 Kg. Granel,S/M,Tortillas y Derivados del Maíz,Basicos,13.9,2025/12/18,Wal-mart,Supermercado / Tienda de Autoservicio,Walmart Sucursal Balbuena,Fray Servando Teresa de Mier 881. Entre Fernando Iglesia Calderon y Genaro Garcia. Col. Jardín Balbuena. Cp. 15900,Ciudad de México,Venustiano Carranza,19.418067,-99.105639
Tortilla de Maíz,1 Kg. Granel,S/M,Tortillas y Derivados del Maíz,Basicos,13.9,2025/12/23,Wal-mart,Supermercado / Tienda de Autoservicio,Walmart Sucursal Balbuena,Fray Servando Teresa de Mier 881. Entre Fernando Iglesia Calderon y Genaro Garcia. Col. Jardín Balbuena. Cp. 15900,Ciudad de México,Venustiano Carranza,19.418067,-99.105639
Tortilla de Maíz,1 Kg. Granel,S/M,Tortillas y Derivados del Maíz,Basicos,13.9,2025/12/31,Hipermercado Soriana,Supermercado / Tienda de Autoservicio,Soriana Hiper Sucursal Cimatario,Ctra. a Huimilpan 1001. Int. del Centro Comercial Plaza del Sol. Col. Plazas del Sol. Iii Sección. Cp. 76099,Querétaro,Santiago de Querétaro,20.563227,-100.375284
Tortilla de Maíz,1 Kg. Granel,S/M,Tortillas y Derivados del Maíz,Basicos,14.5,2025/12/18,La Comer,Supermercado / Tienda de Autoservicio,Lacomer Sucursal Queretaro Estadio,Luis M. Vega y Monroy 1300. Esq.cimataRío . Col. CimataRío. Cp. 76090,Querétaro,Santiago de Querétaro,20.577804,-100.373626
Tortilla de Maíz,1 Kg. Granel,S/M,Tortillas y Derivados del Maíz,Basicos,14.5,2025/12/24,La Comer,Supermercado / Tienda de Autoservicio,Lacomer Sucursal Queretaro Estadio,Luis M. Vega y Monroy 1300. Esq.cimataRío . Col. CimataRío. Cp. 76090,Querétaro,Santiago de Querétaro,20.577804,-100.373626
Tortilla de Maíz,1 Kg. Granel,S/M,Tortillas y Derivados del Maíz,Basicos,16,2025/12/22,Tortillerias Tradicionales,Tortillerías,Tortillería la Azteca Sucursal Lomas de Casa Blanca,Av. 10 No. 1201 C. Esq. Calle 21. Col. Lomas de Casa Blanca. Cp. 76080,Querétaro,Santiago de Querétaro,20.570646,-100.391756
Tortilla de Maíz,1 Kg. Granel,S/M,Tortillas y Derivados del Maíz,Basicos,16,2025/12/31,Tortillerias Tradicionales,Tortillerías,Tortillería la Azteca Sucursal Lomas de Casa Blanca,Av. 10 No. 1201 C. Esq. Calle 21. Col. Lomas de Casa Blanca. Cp. 76080,Querétaro,Santiago de Querétaro,20.570646,-100.391756
Tortilla de Maíz,1 Kg. Granel,S/M,Tortillas y Derivados del Maíz,Basicos,20,2025/12/22,Tortillerias Tradicionales,Tortillerías,Tortillería Alondra Sucursal Lomas de Casa Blanca,Calle 25 No. 420. Esq. Av. 10. Col. Lomas de Casa Blanca. Cp. 76080,Querétaro,Santiago de Querétaro,20.570564,-100.392829
Tortilla de Maíz,1 Kg. Granel,S/M,Tortillas y Derivados del Maíz,Basicos,20,2025/12/22,Tortillerias Tradicionales,Tortillerías,Tortillería la 10 Sucursal Lomas de Casa Blanca,Av. 10 S/n. Entre Av. 25 y Av. 27. Col. Lomas de Casa Blanca. Cp. 76080,Querétaro,Santiago de Querétaro,20.570415,-100.392998
Tortilla de Maíz,1 Kg. Granel,S/M,Tortillas y Derivados del Maíz,Basicos,20,2025/12/31,Tortillerias Tradicionales,Tortillerías,Tortillería Alondra Sucursal Lomas de Casa Blanca,Calle 25 No. 420. Esq. Av. 10. Col. Lomas de Casa Blanca. Cp. 76080,Querétaro,Santiago de Querétaro,20.570564,-100.392829
Tortilla de Maíz,1 Kg. Granel,S/M,Tortillas y Derivados del Maíz,Basicos,20,2025/12/31,Tortillerias Tradicionales,Tortillerías,Tortillería la 10 Sucursal Lomas de Casa Blanca,Av. 10 S/n. Entre Av. 25 y Av. 27. Col. Lomas de Casa Blanca. Cp. 76080,Querétaro,Santiago de Querétaro,20.570415,-100.392998
Tortilla de Maíz,1 Kg. Granel,S/M,Tortillas y Derivados del Maíz,Basicos,22,2025/12/18,Tortillerias Tradicionales,Tortillerías,Tortillería Estrella,Persia No. 48. Entre Asia y Cantón. Col. Romero Rubio. Cp. 15400,Ciudad de México,Venustiano Carranza,19.44467,-99.09939
Tortilla de Maíz,1 Kg. Granel,S/M,Tortillas y Derivados del Maíz,Basicos,22,2025/12/18,Tortillerias Tradicionales,Tortillerías,Tortillería Hortelanos,Hortelanos No. 220. Casi Esq. Avicultura. Col. 20 de Noviembre. Cp. 15340,Ciudad de México,Venustiano Carranza,-19.440087,-99.107246
Tortilla de Maíz,1 Kg. Granel,S/M,Tortillas y Derivados del Maíz,Basicos,22,2025/12/18,Tortillerias Tradicionales,Tortillerías,Tortillería Odette,Av. del Taller No. 502. Esq. Doctor Nicólas León. Col. Jardín Balbuena. Cp. 15900,Ciudad de México,Venustiano Carranza,19.413593,-99.110927
Tortilla de Maíz,1 Kg. Granel,S/M,Tortillas y Derivados del Maíz,Basicos,22,2025/12/18,Tortillerias Tradicionales,Tortillerías,Tortillería Persia,Persia No. 48a. Entre Cairo y Asia. Col. Romero Rubio. Cp. 15400,Ciudad de México,Venustiano Carranza,19.44466,-99.099385
Tortilla de Maíz,1 Kg. Granel,S/M,Tortillas y Derivados del Maíz,Basicos,22,2025/12/18,Tortillerias Tradicionales,Tortillerías,Tortillería Pollito Campesino,Retorno 18 de Av. del Taller. Esq. Av. del Taller. Col. Jardín Balbuena. Cp. 15900,Ciudad de México,Venustiano Carranza,19.413395,-99.109274
Tortilla de Maíz,1 Kg. Granel,S/M,Tortillas y Derivados del Maíz,Basicos,22,2025/12/22,Tortillerias Tradicionales,Tortillerías,Tortillería Fatima Sucursal Fatima Ii,Av. 6 No.1403. Entre Calle 25 y Calle 27. Col. Lomas de Casa Blanca. Cp. 76080,Querétaro,Santiago de Querétaro,20.572338,-100.393718
Tortilla de Maíz,1 Kg. Granel,S/M,Tortillas y Derivados del Maíz,Basicos,22,2025/12/23,Tortillerias Tradicionales,Tortillerías,Tortillería Estrella,Persia No. 48. Entre Asia y Cantón. Col. Romero Rubio. Cp. 15400,Ciudad de México,Venustiano Carranza,19.44467,-99.09939
Tortilla de Maíz,1 Kg. Granel,S/M,Tortillas y Derivados del Maíz,Basicos,22,2025/12/23,Tortillerias Tradicionales,Tortillerías,Tortillería Hortelanos,Hortelanos No. 220. Casi Esq. Avicultura. Col. 20 de Noviembre. Cp. 15340,Ciudad de México,Venustiano Carranza,-19.440087,-99.107246
Tortilla de Maíz,1 Kg. Granel,S/M,Tortillas y Derivados del Maíz,Basicos,22,2025/12/23,Tortillerias Tradicionales,Tortillerías,Tortillería Odette,Av. del Taller No. 502. Esq. Doctor Nicólas León. Col. Jardín Balbuena. Cp. 15900,Ciudad de México,Venustiano Carranza,19.413593,-99.110927
Tortilla de Maíz,1 Kg. Granel,S/M,Tortillas y Derivados del Maíz,Basicos,22,2025/12/23,Tortillerias Tradicionales,Tortillerías,Tortillería Persia,Persia No. 48a. Entre Cairo y Asia. Col. Romero Rubio. Cp. 15400,Ciudad de México,Venustiano Carranza,19.44466,-99.099385
Tortilla de Maíz,1 Kg. Granel,S/M,Tortillas y Derivados del Maíz,Basicos,22,2025/12/23,Tortillerias Tradicionales,Tortillerías,Tortillería Pollito Campesino,Retorno 18 de Av. del Taller. Esq. Av. del Taller. Col. Jardín Balbuena. Cp. 15900,Ciudad de México,Venustiano Carranza,19.413395,-99.109274
Tortilla de Maíz,1 Kg. Granel,S/M,Tortillas y Derivados del Maíz,Basicos,22,2025/12/31,Tortillerias Tradicionales,Tortillerías,Tortillería Fatima Sucursal Fatima Ii,Av. 6 No.1403. Entre Calle 25 y Calle 27. Col. Lomas de Casa Blanca. Cp. 76080,Querétaro,Santiago de Querétaro,20.572338,-100.393718
Tortilla de Maíz,1 Kg. Granel,S/M,Tortillas y Derivados del Maíz,Basicos,24,2025/12/22,Tortillerias Tradicionales,Tortillerías,Tortillería Loliño Sucursal Casa Blanca,Avenida 6 No. 402. Esq. Calle 5. Col. Lomas de Casa Blanca. Cp. 76080,Querétaro,Santiago de Querétaro,20.573752,-100.388436
Tortilla de Maíz,1 Kg. Granel,S/M,Tortillas y Derivados del Maíz,Basicos,24,2025/12/31,Tortillerias Tradicionales,Tortillerías,Tortillería Loliño Sucursal Casa Blanca,Avenida 6 No. 402. Esq. Calle 5. Col. Lomas de Casa Blanca. Cp. 76080,Querétaro,Santiago de Querétaro,20.573752,-100.388436
Tortilla de Maíz,1 Kg. Granel,S/M,Tortillas y Derivados del Maíz,Basicos,25,2025/12/17,Tortillerias Tradicionales,Tortillerías,Tortillería la Candelaria,CimataRío 401. Esq. Arquitectos. Col. Marques. Cp. 76047,Querétaro,Santiago de Querétaro,20.580895,-100.374219
Tortilla de Maíz,1 Kg. Granel,S/M,Tortillas y Derivados del Maíz,Basicos,25,2025/12/17,Tortillerias Tradicionales,Tortillerías,Tortillería las Palmas,Nevado de Toluca 202. Popocatepet e Iztaccihuatl. Col. Fraccionamiento las Palmas. Cp. 76040,Querétaro,Santiago de Querétaro,20.582819,-100.375184
Tortilla de Maíz,1 Kg. Granel,S/M,Tortillas y Derivados del Maíz,Basicos,25,2025/12/18,Tortillerias Tradicionales,Tortillerías,Tortillería la T Sucursal Querétaro,Carlos Pellicer No. 101. Esq. Calle Pasteur. Col. Prados del Mirador. Cp. 76070,Querétaro,Santiago de Querétaro,20.574543,-100.382572
Tortilla de Maíz,1 Kg. Granel,S/M,Tortillas y Derivados del Maíz,Basicos,25,2025/12/19,Tortillerias Tradicionales,Tortillerías,Tortillería Super Tortillerama,Severa Lara 6. Entre Ignacio Zaragoza y Priv. Guerrero. Col. Centro. Cp. 76000,Querétaro,Santiago de Querétaro,20.587122,-100.392745
Tortilla de Maíz,1 Kg. Granel,S/M,Tortillas y Derivados del Maíz,Basicos,25,2025/12/19,Tortillerias Tradicionales,Tortillerías,Tortillería la Esperanza,Lucas Alaman 8. Entre Ignacio Zaragoza y Privada Guerrero. Col. Centro. Cp. 76000,Querétaro,Santiago de Querétaro,20.587479,-100.392635
Tortilla de Maíz,1 Kg. Granel,S/M,Tortillas y Derivados del Maíz,Basicos,25,2025/12/22,Tortillerias Tradicionales,Tortillerías,Tortillarama Sucursal Lomas de Casa Blanca,Av. 10 S/n Loc. 207. Int. Mercado Lomas de Casa Blanca. Col. Lomas de Casa Blanca. Cp. 76080,Querétaro,Santiago de Querétaro,20.571521,-100.392274
Tortilla de Maíz,1 Kg. Granel,S/M,Tortillas y Derivados del Maíz,Basicos,25,2025/12/22,Tortillerias Tradicionales,Tortillerías,Tortillería la T Sucursal Querétaro,Carlos Pellicer No. 101. Esq. Calle Pasteur. Col. Prados del Mirador. Cp. 76070,Querétaro,Santiago de Querétaro,20.574543,-100.382572
Tortilla de Maíz,1 Kg. Granel,S/M,Tortillas y Derivados del Maíz,Basicos,25,2025/12/23,Tortillerias Tradicionales,Tortillerías,Tortillería Super Tortillerama,Severa Lara 6. Entre Ignacio Zaragoza y Priv. Guerrero. Col. Centro. Cp. 76000,Querétaro,Santiago de Querétaro,20.587122,-100.392745
Tortilla de Maíz,1 Kg. Granel,S/M,Tortillas y Derivados del Maíz,Basicos,25,2025/12/23,Tortillerias Tradicionales,Tortillerías,Tortillería la Esperanza,Lucas Alaman 8. Entre Ignacio Zaragoza y Privada Guerrero. Col. Centro. Cp. 76000,Querétaro,Santiago de Querétaro,20.587479,-100.392635
Tortilla de Maíz,1 Kg. Granel,S/M,Tortillas y Derivados del Maíz,Basicos,25,2025/12/24,Tortillerias Tradicionales,Tortillerías,Tortillería la Candelaria,CimataRío 401. Esq. Arquitectos. Col. Marques. Cp. 76047,Querétaro,Santiago de Querétaro,20.580895,-100.374219
Tortilla de Maíz,1 Kg. Granel,S/M,Tortillas y Derivados del Maíz,Basicos,25,2025/12/24,Tortillerias Tradicionales,Tortillerías,Tortillería las Palmas,Nevado de Toluca 202. Popocatepet e Iztaccihuatl. Col. Fraccionamiento las Palmas. Cp. 76040,Querétaro,Santiago de Querétaro,20.582819,-100.375184
Tortilla de Maíz,1 Kg. Granel,S/M,Tortillas y Derivados del Maíz,Basicos,25,2025/12/31,Tortillerias Tradicionales,Tortillerías,Tortillarama Sucursal Lomas de Casa Blanca,Av. 10 S/n Loc. 207. Int. Mercado Lomas de Casa Blanca. Col. Lomas de Casa Blanca. Cp. 76080,Querétaro,Santiago de Querétaro,20.571521,-100.392274
Tortilla de Maíz,1 Kg. Granel,S/M,Tortillas y Derivados del Maíz,Basicos,25,2025/12/31,Tortillerias Tradicionales,Tortillerías,Tortillería la Candelaria,CimataRío 401. Esq. Arquitectos. Col. Marques. Cp. 76047,Querétaro,Santiago de Querétaro,20.580895,-100.374219
Tortilla de Maíz,1 Kg. Granel,S/M,Tortillas y Derivados del Maíz,Basicos,26,2025/12/17,Tortillerias Tradicionales,Tortillerías,Tortillería la Guadalupana Sucursal Palmas,Nevado de Colima 234 Esq. Calle Chimborazo. Col. Palmas. Cp. 76040,Querétaro,Santiago de Querétaro,20.584546,-100.376116
Tortilla de Maíz,1 Kg. Granel,S/M,Tortillas y Derivados del Maíz,Basicos,26,2025/12/17,Tortillerias Tradicionales,Tortillerías,Tortillería la Oriental Sucursal Palmas,Del CimataRío 508. Andador Agapito Pozo y Nevado de Toluca. Col. Palmas. Cp. 76040,Querétaro,Santiago de Querétaro,20.582477,-100.374414
Tortilla de Maíz,1 Kg. Granel,S/M,Tortillas y Derivados del Maíz,Basicos,26,2025/12/24,Tortillerias Tradicionales,Tortillerías,Tortillería la Guadalupana Sucursal Palmas,Nevado de Colima 234 Esq. Calle Chimborazo. Col. Palmas. Cp. 76040,Querétaro,Santiago de Querétaro,20.584546,-100.376116
Tortilla de Maíz,1 Kg. Granel,S/M,Tortillas y Derivados del Maíz,Basicos,26,2025/12/24,Tortillerias Tradicionales,Tortillerías,Tortillería la Oriental Sucursal Palmas,Del CimataRío 508. Andador Agapito Pozo y Nevado de Toluca. Col. Palmas. Cp. 76040,Querétaro,Santiago de Querétaro,20.582477,-100.374414
Tortilla de Maíz,1 Kg. Granel,S/M,Tortillas y Derivados del Maíz,Basicos,26,2025/12/31,Tortillerias Tradicionales,Tortillerías,Tortillería la Guadalupana Sucursal Palmas,Nevado de Colima 234 Esq. Calle Chimborazo. Col. Palmas. Cp. 76040,Querétaro,Santiago de Querétaro,20.584546,-100.376116
Tortilla de Maíz,1 Kg. Granel,S/M,Tortillas y Derivados del Maíz,Basicos,26,2025/12/31,Tortillerias Tradicionales,Tortillerías,Tortillería la Oriental Sucursal Palmas,Del CimataRío 508. Andador Agapito Pozo y Nevado de Toluca. Col. Palmas. Cp. 76040,Querétaro,Santiago de Querétaro,20.582477,-100.374414
Tortilla de Maíz,1 Kg. Granel,S/M,Tortillas y Derivados del Maíz,Basicos,27,2025/12/22,Tortillerias Tradicionales,Tortillerías,Tortillería la Oriental Sucursal Casa Blanca,Calle 25 No. 404. Entre Av. 8 y Calle 10. Col. Lomas de Casa Blanca. Cp. 76080,Querétaro,Santiago de Querétaro,20.571283,-100.393128
Tortilla de Maíz,1 Kg. Granel,S/M,Tortillas y Derivados del Maíz,Basicos,27,2025/12/31,Tortillerias Tradicionales,Tortillerías,Tortillería la Oriental Sucursal Casa Blanca,Calle 25 No. 404. Entre Av. 8 y Calle 10. Col. Lomas de Casa Blanca. Cp. 76080,Querétaro,Santiago de Querétaro,20.571283,-100.393128
Tortilla de Maíz,1 Kg. Granel,S/M,Tortillas y Derivados del Maíz,Pacic,13,2025/12/17,Chedraui,Supermercado / Tienda de Autoservicio,Chedraui Sucursal Centro Sur,Blvd. Bernardo Quintana 502. Carr. con Direccion a Centro Civico. Col. Centro Sur. Cp. 76087,Querétaro,Santiago de Querétaro,20.569354,-100.358831
Tortilla de Maíz,1 Kg. Granel,S/M,Tortillas y Derivados del Maíz,Pacic,13,2025/12/18,Bodega Aurrera,Supermercado / Tienda de Autoservicio,Bodega Aurrera Sucursal la Viga,Calz. de la Viga 136 Esq. del Taller. Col. Lorenzo Boturini. Cp. 15820,Ciudad de México,Venustiano Carranza,19.414749,-99.127874
Tortilla de Maíz,1 Kg. Granel,S/M,Tortillas y Derivados del Maíz,Pacic,13,2025/12/18,Chedraui,Supermercado / Tienda de Autoservicio,Chedraui Sucursal Anfora,Anfora 71. Esq. Eje 1 Norte. Col. Madero. Cp. 15320,Ciudad de México,Venustiano Carranza,19.437353,-99.110088
Tortilla de Maíz,1 Kg. Granel,S/M,Tortillas y Derivados del Maíz,Pacic,13,2025/12/19,Bodega Aurrera,Supermercado / Tienda de Autoservicio,Bodega Aurrera Sucursal Centro Constituyentes,Constituyentes Oriente 334. Entre Pasteur y Manuel Ponce. Col. MercuRío. Cp. 76040,Querétaro,Santiago de Querétaro,20.586349,-100.382801
Tortilla de Maíz,1 Kg. Granel,S/M,Tortillas y Derivados del Maíz,Pacic,13,2025/12/22,Chedraui,Supermercado / Tienda de Autoservicio,Chedraui Sucursal Centro Sur,Blvd. Bernardo Quintana 502. Carr. con Direccion a Centro Civico. Col. Centro Sur. Cp. 76087,Querétaro,Santiago de Querétaro,20.569354,-100.358831
Tortilla de Maíz,1 Kg. Granel,S/M,Tortillas y Derivados del Maíz,Pacic,13,2025/12/23,Bodega Aurrera,Supermercado / Tienda de Autoservicio,Bodega Aurrera Sucursal Centro Constituyentes,Constituyentes Oriente 334. Entre Pasteur y Manuel Ponce. Col. MercuRío. Cp. 76040,Querétaro,Santiago de Querétaro,20.586349,-100.382801
Tortilla de Maíz,1 Kg. Granel,S/M,Tortillas y Derivados del Maíz,Pacic,13.4,2025/12/17,Wal-mart,Supermercado / Tienda de Autoservicio,Walmart Sucursal Unidad Plaza de Toros,Autopista Querétaro Celaya 5501. Int. del Centro Comercial Plaza Esfera. Col. el Jacal. Cp. 76187,Querétaro,Santiago de Querétaro,20.574076,-100.408704
Tortilla de Maíz,1 Kg. Granel,S/M,Tortillas y Derivados del Maíz,Pacic,13.4,2025/12/23,Wal-mart,Supermercado / Tienda de Autoservicio,Walmart Sucursal Unidad Plaza de Toros,Autopista Querétaro Celaya 5501. Int. del Centro Comercial Plaza Esfera. Col. el Jacal. Cp. 76187,Querétaro,Santiago de Querétaro,20.574076,-100.408704
Tortilla de Maíz,1 Kg. Granel,S/M,Tortillas y Derivados del Maíz,Pacic,13.9,2025/12/18,Wal-mart,Supermercado / Tienda de Autoservicio,Walmart Sucursal Aeropuerto,Calz. Ignacio Zaragoza 58. Esq. Blvd. Puerto Aereo. Col. Federal. Cp. 15700,Ciudad de México,Venustiano Carranza,19.41926,-99.094521
Tortilla de Maíz,1 Kg. Granel,S/M,Tortillas y Derivados del Maíz,Pacic,13.9,2025/12/18,Wal-mart,Supermercado / Tienda de Autoservicio,Walmart Sucursal Balbuena,Fray Servando Teresa de Mier 881. Entre Fernando Iglesia Calderon y Genaro Garcia. Col. Jardín Balbuena. Cp. 15900,Ciudad de México,Venustiano Carranza,19.418067,-99.105639
Tortilla de Maíz,1 Kg. Granel,S/M,Tortillas y Derivados del Maíz,Pacic,13.9,2025/12/22,Hipermercado Soriana,Supermercado / Tienda de Autoservicio,Soriana Hiper Sucursal Cimatario,Ctra. a Huimilpan 1001. Int. del Centro Comercial Plaza del Sol. Col. Plazas del Sol. Iii Sección. Cp. 76099,Querétaro,Santiago de Querétaro,20.563227,-100.375284
Tortilla de Maíz,1 Kg. Granel,S/M,Tortillas y Derivados del Maíz,Pacic,13.9,2025/12/23,Wal-mart,Supermercado / Tienda de Autoservicio,Walmart Sucursal Balbuena,Fray Servando Teresa de Mier 881. Entre Fernando Iglesia Calderon y Genaro Garcia. Col. Jardín Balbuena. Cp. 15900,Ciudad de México,Venustiano Carranza,19.418067,-99.105639
Tortilla de Maíz,1 Kg. Granel,S/M,Tortillas y Derivados del Maíz,Pacic,13.9,2025/12/31,Hipermercado Soriana,Supermercado / Tienda de Autoservicio,Soriana Hiper Sucursal Cimatario,Ctra. a Huimilpan 1001. Int. del Centro Comercial Plaza del Sol. Col. Plazas del Sol. Iii Sección. Cp. 76099,Querétaro,Santiago de Querétaro,20.563227,-100.375284
Tortilla de Maíz,1 Kg. Granel,S/M,Tortillas y Derivados del Maíz,Pacic,14.5,2025/12/18,La Comer,Supermercado / Tienda de Autoservicio,Lacomer Sucursal Queretaro Estadio,Luis M. Vega y Monroy 1300. Esq.cimataRío . Col. CimataRío. Cp. 76090,Querétaro,Santiago de Querétaro,20.577804,-100.373626
Tortilla de Maíz,1 Kg. Granel,S/M,Tortillas y Derivados del Maíz,Pacic,14.5,2025/12/24,La Comer,Supermercado / Tienda de Autoservicio,Lacomer Sucursal Queretaro Estadio,Luis M. Vega y Monroy 1300. Esq.cimataRío . Col. CimataRío. Cp. 76090,Querétaro,Santiago de Querétaro,20.577804,-100.373626
Tortilla de Maíz,1 Kg. Granel. Amarilla,S/M,Tortillas y Derivados del Maíz,Pacic,13,2025/12/17,Chedraui,Supermercado / Tienda de Autoservicio,Chedraui Sucursal Centro Sur,Blvd. Bernardo Quintana 502. Carr. con Direccion a Centro Civico. Col. Centro Sur. Cp. 76087,Querétaro,Santiago de Querétaro,20.569354,-100.358831
Tortilla de Maíz,1 Kg. Granel. Amarilla,S/M,Tortillas y Derivados del Maíz,Pacic,13,2025/12/18,Chedraui,Supermercado / Tienda de Autoservicio,Chedraui Sucursal Anfora,Anfora 71. Esq. Eje 1 Norte. Col. Madero. Cp. 15320,Ciudad de México,Venustiano Carranza,19.437353,-99.110088
Tortilla de Maíz,1 Kg. Granel. Amarilla,S/M,Tortillas y Derivados del Maíz,Pacic,13,2025/12/22,Chedraui,Supermercado / Tienda de Autoservicio,Chedraui Sucursal Centro Sur,Blvd. Bernardo Quintana 502. Carr. con Direccion a Centro Civico. Col. Centro Sur. Cp. 76087,Querétaro,Santiago de Querétaro,20.569354,-100.358831
Tortilla de Maíz,1 Kg. Granel. Amarilla,S/M,Tortillas y Derivados del Maíz,Pacic,13.9,2025/12/22,Hipermercado Soriana,Supermercado / Tienda de Autoservicio,Soriana Hiper Sucursal Cimatario,Ctra. a Huimilpan 1001. Int. del Centro Comercial Plaza del Sol. Col. Plazas del Sol. Iii Sección. Cp. 76099,Querétaro,Santiago de Querétaro,20.563227,-100.375284
Tortilla de Maíz,1 Kg. Granel. Amarilla,S/M,Tortillas y Derivados del Maíz,Pacic,13.9,2025/12/31,Hipermercado Soriana,Supermercado / Tienda de Autoservicio,Soriana Hiper Sucursal Cimatario,Ctra. a Huimilpan 1001. Int. del Centro Comercial Plaza del Sol. Col. Plazas del Sol. Iii Sección. Cp. 76099,Querétaro,Santiago de Querétaro,20.563227,-100.375284
Tortilla de Maíz,1 Kg. Granel. Amarilla. Chica,S/M,Tortillas y Derivados del Maíz,Pacic,14.1,2025/12/22,Hipermercado Soriana,Supermercado / Tienda de Autoservicio,Soriana Hiper Sucursal Cimatario,Ctra. a Huimilpan 1001. Int. del Centro Comercial Plaza del Sol. Col. Plazas del Sol. Iii Sección. Cp. 76099,Querétaro,Santiago de Querétaro,20.563227,-100.375284
Tortilla de Maíz,1 Kg. Granel. Amarilla. Chica,S/M,Tortillas y Derivados del Maíz,Pacic,14.1,2025/12/31,Hipermercado Soriana,Supermercado / Tienda de Autoservicio,Soriana Hiper Sucursal Cimatario,Ctra. a Huimilpan 1001. Int. del Centro Comercial Plaza del Sol. Col. Plazas del Sol. Iii Sección. Cp. 76099,Querétaro,Santiago de Querétaro,20.563227,-100.375284
Tortilla de Maíz,1 Kg. Granel. Blanca. Chica,S/M,Tortillas y Derivados del Maíz,Pacic,14.1,2025/12/22,Hipermercado Soriana,Supermercado / Tienda de Autoservicio,Soriana Hiper Sucursal Cimatario,Ctra. a Huimilpan 1001. Int. del Centro Comercial Plaza del Sol. Col. Plazas del Sol. Iii Sección. Cp. 76099,Querétaro,Santiago de Querétaro,20.563227,-100.375284
Tortilla de Maíz,1 Kg. Granel. Blanca. Chica,S/M,Tortillas y Derivados del Maíz,Pacic,14.1,2025/12/31,Hipermercado Soriana,Supermercado / Tienda de Autoservicio,Soriana Hiper Sucursal Cimatario,Ctra. a Huimilpan 1001. Int. del Centro Comercial Plaza del Sol. Col. Plazas del Sol. Iii Sección. Cp. 76099,Querétaro,Santiago de Querétaro,20.563227,-100.375284
Tramadol,Caja con 10 Cápsulas de 50 Mg.,S/M,Medicamentos,Medicamentos,89,2025/12/22,Chedraui,Supermercado / Tienda de Autoservicio,Chedraui Sucursal Centro Sur,Blvd. Bernardo Quintana 502. Carr. con Direccion a Centro Civico. Col. Centro Sur. Cp. 76087,Querétaro,Santiago de Querétaro,20.569354,-100.358831
Travatan,Caja con Frasco Gotero con 2.5 Ml. Solución 0.004%,S/M,Medicamentos,Medicamentos,1191,2025/12/24,Bodega Aurrera,Supermercado / Tienda de Autoservicio,Bodega Aurrera Sucursal Centro Constituyentes,Constituyentes Oriente 334. Entre Pasteur y Manuel Ponce. Col. MercuRío. Cp. 76040,Querétaro,Santiago de Querétaro,20.586349,-100.382801
Tuna,1 Kg. Granel. o Tuna Blanca,S/M,Frutas Frescas,Frutas y Legumbres,35,2025/12/22,Mercado Publico,Mercados,Mercado Lomas de Casablanca,Avenida 10. Esq. Calle 23. Col. Lomas de Casa Blanca. Cp. 76080,Querétaro,Santiago de Querétaro,20.603024,-100.396263
Té,Caja con 25 Sobres (1.2 Gr. C/u). Limón,Mc Cormick,Té,Basicos,21.5,2025/12/19,Superissste,Supermercado / Tienda de Autoservicio,Superissste Sucursal 011,Calle Peluqueros No. 310 Esquina Calle Tizayuca. Col. Michoacána. Cp. 15240,Ciudad de México,Venustiano Carranza,19.446139,-99.113372
Té,Caja con 25 Sobres (1.2 Gr. C/u). Limón,Mc Cormick,Té,Basicos,21.5,2025/12/26,Superissste,Supermercado / Tienda de Autoservicio,Superissste Sucursal 022,Av. del Taller y Retorno No. 38 Dentro del Retorno 38. Col. Jardín Balbuena. Cp. 15900,Ciudad de México,Venustiano Carranza,19.412842,-99.105666
Unival,Caja con 40 Tabletas de 1 Gr.,S/M,Medicamentos,Medicamentos,479,2025/12/24,Sanborn S Hnos.,Farmacias,Sanborns Sucursal los Arquitos,Constituyentes Oriente 172. Esq. de los Arquitos. Col. los Arquitos. Cp. 76050,Querétaro,Santiago de Querétaro,20.588117,-100.36869
Uva,1 Kg. Granel. Thompson. Blanca Sin Semilla,S/M,Frutas Frescas,Frutas y Legumbres,139,2025/12/18,La Comer,Supermercado / Tienda de Autoservicio,Lacomer Sucursal Queretaro Estadio,Luis M. Vega y Monroy 1300. Esq.cimataRío . Col. CimataRío. Cp. 76090,Querétaro,Santiago de Querétaro,20.577804,-100.373626
Varios,#83. Fábrica de Chocolates,Mi Alegría,Arts. de Esparcimiento (juguetes),Juguetes,699,2025/12/17,Sanborn S Hnos.,Farmacias,Sanborns Sucursal los Arquitos,Constituyentes Oriente 172. Esq. de los Arquitos. Col. los Arquitos. Cp. 76050,Querétaro,Santiago de Querétaro,20.588117,-100.36869
Varios,Art. Pny 89000 Toy 41066. Pinypon. Tale Mansión,Famosa,Arts. de Esparcimiento (juguetes),Juguetes,769,2025/12/18,Chedraui,Supermercado / Tienda de Autoservicio,Chedraui Sucursal Anfora,Anfora 71. Esq. Eje 1 Norte. Col. Madero. Cp. 15320,Ciudad de México,Venustiano Carranza,19.437353,-99.110088
Varios,Gvy82. Matchbox. Action Drivers. Auto Shop o Fuel Station o Ferry Port,Mattel,Arts. de Esparcimiento (juguetes),Juguetes,335,2025/12/18,Wal-mart,Supermercado / Tienda de Autoservicio,Walmart Sucursal Aeropuerto,Calz. Ignacio Zaragoza 58. Esq. Blvd. Puerto Aereo. Col. Federal. Cp. 15700,Ciudad de México,Venustiano Carranza,19.41926,-99.094521
Varios,Jbt54. Disney Moana 2. Aventura en la Canoa de Moana,Mattel,Arts. de Esparcimiento (juguetes),Juguetes,999,2025/12/18,Wal-mart,Supermercado / Tienda de Autoservicio,Walmart Sucursal Aeropuerto,Calz. Ignacio Zaragoza 58. Esq. Blvd. Puerto Aereo. Col. Federal. Cp. 15700,Ciudad de México,Venustiano Carranza,19.41926,-99.094521
Varios,Jbw20. Thomas & Friends. Conjunto de Carga y Descarga de Diesel,Fisher-price,Arts. de Esparcimiento (juguetes),Juguetes,629,2025/12/18,Chedraui,Supermercado / Tienda de Autoservicio,Chedraui Sucursal Anfora,Anfora 71. Esq. Eje 1 Norte. Col. Madero. Cp. 15320,Ciudad de México,Venustiano Carranza,19.437353,-99.110088
Venda Elástica,Paquete 1 Pieza (15 Cm. X 5 M.). Premium,Le Roy,Medicamentos,Medicamentos,55,2025/12/18,Benavides,Farmacias,Farmacia Benavides Sucursal Isla de Montecristo,Av. del Parque 401. Esq. Calle Isla de Montecristo. Col. Lindavista. Cp. 76070,Querétaro,Santiago de Querétaro,20.568451,-100.380021
Venlafaxina,Caja con 20 Cápsulas de 75 Mg. Liberación Prolongada,S/M,Medicamentos,Medicamentos,305,2025/12/23,Wal-mart,Supermercado / Tienda de Autoservicio,Walmart Sucursal Unidad Plaza de Toros,Autopista Querétaro Celaya 5501. Int. del Centro Comercial Plaza Esfera. Col. el Jacal. Cp. 76187,Querétaro,Santiago de Querétaro,20.574076,-100.408704
Viagra,Caja con 1 Tableta de 100 Mg.,S/M,Medicamentos,Medicamentos,289,2025/12/22,Chedraui,Supermercado / Tienda de Autoservicio,Chedraui Sucursal Centro Sur,Blvd. Bernardo Quintana 502. Carr. con Direccion a Centro Civico. Col. Centro Sur. Cp. 76087,Querétaro,Santiago de Querétaro,20.569354,-100.358831
Vinagre,Botella 1 Lt. Blanco Alcohol Cana,Clemente Jacques,Condimentos,Basicos,15.5,2025/12/26,Superissste,Supermercado / Tienda de Autoservicio,Superissste Sucursal 011,Calle Peluqueros No. 310 Esquina Calle Tizayuca. Col. Michoacána. Cp. 15240,Ciudad de México,Venustiano Carranza,19.446139,-99.113372
Vino de Mesa,Botella 750 Ml. Blanco,X-a. Domecq,Vinos y Licores,Navideños,159,2025/12/17,Chedraui,Supermercado / Tienda de Autoservicio,Chedraui Sucursal Centro Sur,Blvd. Bernardo Quintana 502. Carr. con Direccion a Centro Civico. Col. Centro Sur. Cp. 76087,Querétaro,Santiago de Querétaro,20.569354,-100.358831
Vino de Mesa,Botella 750 Ml. Tinto. Cabernet Sauvignon,Finca las Moras,Vinos y Licores,Navideños,159,2025/12/18,Chedraui,Supermercado / Tienda de Autoservicio,Chedraui Sucursal Anfora,Anfora 71. Esq. Eje 1 Norte. Col. Madero. Cp. 15320,Ciudad de México,Venustiano Carranza,19.437353,-99.110088
Vino de Mesa,Botella 750 Ml. Tinto. Merlot,Monte Xanic,Vinos y Licores,Navideños,941,2025/12/18,Wal-mart,Supermercado / Tienda de Autoservicio,Walmart Sucursal Aeropuerto,Calz. Ignacio Zaragoza 58. Esq. Blvd. Puerto Aereo. Col. Federal. Cp. 15700,Ciudad de México,Venustiano Carranza,19.41926,-99.094521
Vino de Mesa,Botella 750 Ml. Tinto. Reserva,Sangre de Toro,Vinos y Licores,Navideños,419,2025/12/18,Chedraui,Supermercado / Tienda de Autoservicio,Chedraui Sucursal Anfora,Anfora 71. Esq. Eje 1 Norte. Col. Madero. Cp. 15320,Ciudad de México,Venustiano Carranza,19.437353,-99.110088
Xl-3,Caja con 24 Tabletas. Vr,S/M,Medicamentos,Medicamentos,118,2025/12/23,Hipermercado Soriana,Supermercado / Tienda de Autoservicio,Soriana Hiper Sucursal Cimatario,Ctra. a Huimilpan 1001. Int. del Centro Comercial Plaza del Sol. Col. Plazas del Sol. Iii Sección. Cp. 76099,Querétaro,Santiago de Querétaro,20.563227,-100.375284
Yoghurt,Bote 1 Kg. Fresa,Yoplait,Derivados de Leche,Basicos,49,2025/12/17,Chedraui,Supermercado / Tienda de Autoservicio,Chedraui Sucursal Centro Sur,Blvd. Bernardo Quintana 502. Carr. con Direccion a Centro Civico. Col. Centro Sur. Cp. 76087,Querétaro,Santiago de Querétaro,20.569354,-100.358831
Yoghurt,Vaso 145 Gr. Natural. Bajo en Grasa. 0% Azúcar Añadida. Griego,Yoplait,Derivados de Leche,Basicos,18.9,2025/12/19,Superissste,Supermercado / Tienda de Autoservicio,Superissste Sucursal 011,Calle Peluqueros No. 310 Esquina Calle Tizayuca. Col. Michoacána. Cp. 15240,Ciudad de México,Venustiano Carranza,19.446139,-99.113372
Zanahoria,1 Kg. Granel. Mediana,S/M,Hortalizas Frescas,Frutas y Legumbres,26.9,2025/12/23,Bodega Aurrera,Supermercado / Tienda de Autoservicio,Bodega Aurrera Sucursal Centro Constituyentes,Constituyentes Oriente 334. Entre Pasteur y Manuel Ponce. Col. MercuRío. Cp. 76040,Querétaro,Santiago de Querétaro,20.586349,-100.382801
